FY 2019 IPPS Impact File -  Correction Notice (September 2018)																																																									
Provider Number	Name	Geographic Labor Market Area	Pre-Reclass Labor Market Area	Post Reclass Labor Market Area	Payment Labor Market Area (for purposes of Capital and DSH)	SSA County Code	FIPS County Code	Region	URGEO	URSPA	RECLASS	FY 2019 Wage Index	LUGAR	Section 401 Hospital	Section 401 or LUGAR Hospitals with a MGCRB Wage Index Reclass	Section 505 Eligible	Section 505 Adjustment	Cost of Living Adjustment	Resident to Bed Ratio	RDAY	Beds	Average Daily Census	TCHOP	TCHCP	DSHPCT	DSHOPP	DSHCPP	DSH_LY	UCP_ADJ	UCP Per Claim Amount	UCP_ADJ_LY	UCP Per Claim Amount LY	Operating CCR	Capital CCR	Provider Type	HSP Rate	Bills	CASETA35	CMIV35	TACMIV35	IME_CASETA35	IME_TACMIV35	CASETA36	CMIV36	TACMIV36	IME_CASETA36	IME_TACMIV36	GAF	Capital Cost of Living Adjustment	OUT19F	COUT19F	Medicare Percentage	Low Volume Hospital Adjustment	Proxy Value Based Purchasing Adjustment Factor	Proxy Readmission Adjustment Factor	Proxy Quality Reduction	Proxy EHR Reduction
010001	Southeast Alabama Medical Center	20020	20020	18880	20020	1340	01069	5	ourban	ourban	W	0.7848						1	0	0	400	237	0	0	0.2932	0.03351	0.06117	0.03351	0.000652	651.39	0.000681	547.25	0.189	0.013	0		7997	7849.82	1.8291	1.8141			7864.99	1.8298	1.8153			0.8471	1	0.01322	0.00869	0.474	1	1.00054	0.99	0	0
010005	Marshall Medical Center South	1	1	13820	1	1470	01095	5	rural	rural	W	0.7845						1	0	0	204	100	0	0	0.2881	0.03246	0	0.03246	0.000311	709.31	0.000296	530.05	0.328	0.036	7		3479	3429.37	1.3576	1.3521			3433.81	1.36	1.355			0.8469	1	0.00415	0.00956	0.465	1	0.99937	0.99	0	0
010006	Eliza Coffee Memorial Hospital	22520	22520	25	1	1380	01077	5	ourban	rural	S	0.7197		YES	YES			1	0	0	358	158	0	0	0.2424	0.02303	0	0.02303	0.000269	385.6	0.000276	318.96	0.162	0.01	7		5440	5377.06	1.714	1.7044			5385.51	1.712	1.7024			0.7983	1	0.00719	0.00425	0.516	1	0.99312	0.99	0	0
010007	Mizell Memorial Hospital	1	1	1	1	1190	01039	5	rural	rural	N	0.6704						1	0	0	45	14	0	0	0.1848	0.01191	0	0.01191	0.000034	379.66	0.000031	276.62	0.352	0.043	14	4185.39	676	667.03	1.079	1.0717			667.93	1.07	1.0643			0.7605	1	0	0	0.67	1.18341	0.99592	0.99	0	1
010008	Crenshaw Community Hospital	1	1	1	1	1200	01041	5	rural	rural	N	0.6823				YES	0.0119	1	0	0	29	5	0	0	0.2294	0.02035	0	0.02035	0.000055	2127.11	0.000048	1457.48	0.311	0.034	0		191	187.48	1.0228	0.9991			187.78	1.0262	1.0045			0.7697	1	0	0	0.5	1.25	1	1.00	0	1
010011	St Vincent'S East	13820	13820	13820	13820	1360	01073	5	lurban	lurban	N	0.8036						1	0.0499	0.0626	308	230	0.02689	0.01782	0.2538	0.02538	0.05274	0.02538	0.000446	962.36	0.000429	720.13	0.195	0.008	0		3521	3482.67	1.7248	1.7157	2737.23	1.8208	3486.63	1.7298	1.7216	2738.59	1.82	0.8609	1	0.02165	0.00262	0.278	1	0.99654	1.00	0	0
010012	Dekalb Regional Medical Center	1	1	1	1	1240	01049	5	rural	rural	N	0.715				YES	0.0446	1	0	0	97	27	0	0	0.3491	0.03	0	0.03		0		0	0.128	0.006	16	5344.77	1040	1011.02	1.3168	1.3072			1012.84	1.3222	1.3123			0.7947	1	0.00421	0.00007	0.365	1.04841	0.99962	0.99	0	0
010016	Shelby Baptist Medical Center	13820	13820	13820	13820	1580	01117	5	lurban	lurban	N	0.8036						1	0	0	212	136	0	0	0.2296	0.02039	0.04759	0.02039	0.000347	941.53	0.000352	737.81	0.143	0.009	0		2675	2617.98	1.667	1.6598			2622.64	1.6757	1.6681			0.8609	1	0.03297	0.0216	0.318	1	0.99533	1.00	0	0
010018	Callahan Eye Hospital	13820	13820	13820	13820	1360	01073	5	lurban	lurban	N	0.8036						1	0.6375	1.5	12	1	0.29846	0.52699	0.0855	0	0	0		0		0	1.043	0.018	0		24	24	1.1741	1.1741	8	1.1761	24	1.1585	1.1585	8	1.1248	0.8609	1	0.24425	0	0.454	1	1	1.00	0	0
010019	Helen Keller Memorial Hospital	22520	22520	22520	22520	1160	01033	5	ourban	ourban	N	0.6704						1	0	0	185	63	0	0	0.3315	0.04141	0.06943	0.04141	0.000231	686.11	0.000239	568.26	0.228	0.014	0		2685	2643.39	1.3575	1.3512			2647.97	1.3509	1.3452			0.7605	1	0.00475	0.00244	0.451	1	0.99819	0.99	0	1
010021	Dale Medical Center	1	1	1	1	1220	01045	5	rural	rural	N	0.6704						1	0	0	77	23	0	0	0.4149	0.03	0	0.03	0.000073	921.78	0.000075	743.1	0.382	0.016	0		585	562.61	1.3382	1.3222			565.24	1.3384	1.3215			0.7605	1	0.00513	0.00157	0.397	1.16356	1.00099	1.00	0	0
010022	Cherokee Medical Center	1	1	12060	40660	1090	01019	5	rural	ourban	L	0.9208	LUGAR					1	0	0	45	8	0	0	0.4671	0.03	0	0.03	0.000022	618.25	0.000026	495.42	0.255	0.02	14	4578.83	238	225.94	1.0626	1.0545			227.13	1.0848	1.0761			0.9451	1	0	0	0.453	1.23689	0.99984	1.00	0	0
010023	Baptist Medical Center South	33860	33860	33860	33860	1500	01101	5	ourban	ourban	N	0.7459						1	0.1165	0.1765	329	232	0.06162	0.05107	0.4068	0.05694	0.08587	0.05694	0.000723	1227.44	0.000796	1127.27	0.23	0.012	0		4805	4740.33	1.8427	1.8329	799.28	2.252	4743.33	1.8506	1.84	799.92	2.2624	0.8181	1	0.05957	0.02425	0.293	1	0.99687	0.99	0	0
010024	Jackson Hospital & Clinic Inc	33860	33860	13820	1	1500	01101	5	ourban	rural	S	0.7845		YES	YES			1	0	0	255	174	0	0	0.2573	0.02611	0	0.02611	0.000388	706.79	0.000389	562.27	0.18	0.019	7		4182	4146.88	1.8194	1.8069			4148.29	1.8365	1.8237			0.8469	1	0.01898	0.03549	0.387	1	0.99444	0.99	0	0
010029	East Alabama Medical Center	12220	12220	17980	12220	1400	01081	5	ourban	ourban	W	0.7775						1	0	0	332	202	0	0	0.2681	0.02833	0.05579	0.02833	0.00057	820.98	0.00061	693.92	0.407	0.044	7		5135	5075.53	1.7147	1.7095			5082.66	1.7167	1.7117			0.8417	1	0.02576	0.04653	0.517	1	1.00175	0.98	0	0
010032	Tanner Medical Center-East Alabama	1	1	1	1	1550	01111	5	rural	rural	N	0.7578				YES	0.0874	1	0	0	34	3	0	0	0.1942	0.01343	0	0.01343	0.000023	1384.81	0.000017	642.62	0.429	0.018	0		97	93.06	0.9222	0.9151			93.21	0.9133	0.9068			0.827	1	0	0	0.487	1.25	1	1.00	0	1
010033	University Of Alabama Hospital	13820	13820	13820	13820	1360	01073	5	lurban	lurban	N	0.8036						1	0.2985	0.3968	1018	814	0.15064	0.11849	0.3663	0.04859	0.077	0.04859	0.002904	1936.44	0.003056	1702.9	0.213	0.014	0		12034	11835.8	2.3423	2.3307	4485.59	2.1456	11855.4	2.345	2.3342	4490.94	2.1586	0.8609	1	0.1582	0.10328	0.258	1	1.00976	1.00	0	0
010034	Community Hospital Inc	33860	33860	33860	33860	1250	01051	5	ourban	ourban	N	0.7459						1	0	0	37	14	0	0	0.2264	0.01973	0	0.01973	0.000047	824.32	0.000042	528.51	0.492	0.043	0		429	423.62	1.1163	1.1131			424.17	1.1162	1.1131			0.8181	1	0	0	0.451	1.20045	1.0137	1.00	0	0
010035	Cullman Regional Medical Center	1	1	13820	1	1210	01043	5	rural	rural	W	0.7845						1	0	0	115	74	0	0	0.2205	0.01852	0	0.01852		0		0	0.231	0.023	17	6610.71	3321	3243.51	1.4199	1.4109			3253.46	1.4138	1.4058			0.8469	1	0.00665	0.01135	0.471	1	1.00109	0.98	0	0
010036	Andalusia Health	1	1	1	1	1190	01039	5	rural	rural	N	0.6704						1	0	0	88	26	0	0	0.329	0.03	0	0.03	0.000073	440.76	0.000089	435.16	0.152	0.012	0		1429	1399.8	1.2823	1.2727			1402.09	1.2933	1.2844			0.7605	1	0.0022	0.00258	0.491	1.06545	1.00937	0.99	0	0
010038	Stringfellow Memorial Hospital	11500	11500	11500	11500	1070	01015	5	ourban	ourban	N	0.7542						1	0	0	125	30	0	0	0.2726	0.02926	0.05675	0.02926	0.000076	445.14	0.000077	367.84	0.116	0.014	0		1337	1320.3	1.3078	1.2992			1321.88	1.313	1.3051			0.8243	1	0.01912	0.04827	0.517	1	1.0046	0.99	0	0
010039	Huntsville Hospital	26620	26620	26620	26620	1440	01089	5	ourban	ourban	N	0.8056						1	0.0535	0.1054	866	612	0.0288	0.03019	0.2563	0.0259	0.05327	0.0259	0.001605	847.13	0.001532	664.33	0.171	0.01	0		15266	15131	1.8415	1.8365	2552.6	1.9219	15146.4	1.8406	1.8357	2554.16	1.9238	0.8624	1	0.04736	0.02531	0.365	1	0.99536	0.99	0	0
010040	Gadsden Regional Medical Center	23460	23460	13820	23460	1270	01055	5	ourban	ourban	W	0.7845						1	0	0	231	185	0	0	0.2783	0.03044	0.05797	0.03044	0.00041	695.11	0.00042	555.4	0.083	0.005	0		4454	4400.16	1.7074	1.6962			4403.52	1.7175	1.7059			0.8469	1	0.02406	0.01399	0.431	1	0.99554	0.98	0	0
010044	Marion Regional Medical Center	1	1	13820	1	1460	01093	5	rural	rural	W	0.7845						1	0	0	35	3	0	0	0.1346	0	0	0	0.00004	1104.86		0	0.302	0.022	0		370	362.01	1.1272	1.1233			362.39	1.1317	1.1278			0.8469	1	0	0	0.797	1.25	1.02275	1.00	0	0
010045	Fayette Medical Center	1	1	13820	1	1280	01057	5	rural	rural	W	0.7845						1	0	0	42	10	0	0	0.1639	0.00851	0	0.00851	0.000042	715.05	0.000037	460.94	0.487	0.025	14	5058.64	378	366.13	1.1866	1.1779			367.73	1.1777	1.1699			0.8469	1	0.01623	0.00785	0.698	1.2103	1.01543	0.98	0	0
010046	Riverview Regional Medical Center	23460	23460	23460	23460	1270	01055	5	ourban	ourban	N	0.6778				YES	0.0074	1	0	0	256	92	0	0	0.09954	0	0.02036	0		0	0.000184	411.23	0.16	0.012	0		3033	2964.11	1.6455	1.6306			2969.38	1.6404	1.6255			0.7662	1	0.12082	0.10005	0.508	1	1.0073	0.99	0	0
010047	Georgiana Medical Center	1	1	1	1	1060	01013	5	rural	rural	N	0.688				YES	0.0176	1	0	0	22	4	0	0	0.1723	0.00987	0	0.00987	0.000021	498.01	0.000018	342.99	0.488	0.041	14	3100.96	316	312.51	0.8679	0.8614			312.88	0.868	0.8617			0.7741	1	0	0	0.731	1.2478	1	0.99	0	0
010049	Medical Center Enterprise	1	1	1	1	1150	01031	5	rural	rural	N	0.6704						1	0	0	117	22	0	0	0.3987	0.03	0	0.05527	0.000082	684.03	0.000095	626.49	0.142	0.013	0		977	942.81	1.376	1.3637			947.41	1.3572	1.3481			0.7605	1	0.00562	0.01015	0.297	1.03462	0.99885	1.00	0	0
010051	Greene County Hospital	1	1	1	1	1310	01063	5	rural	rural	N	0.6704						1	0	0	20	3	0	0	0.4116	0.03	0	0.03	0.000032	2323.35	0.000027	1138.12	0.835	0.024	0		76	72.87	0.9638	0.9583			73.18	0.9559	0.9507			0.7605	1	0	0	0.602	1.25	1	1.00	1	1
010052	Lake Martin Community Hospital	1	1	1	1	1610	01123	5	rural	rural	N	0.7009				YES	0.0305	1	0	0	46	5	0	0	0.2501	0.02462	0	0.02462	0.000031	758.7	0.000025	460.54	0.502	0.054	14	3619.31	316	305.35	0.9782	0.9673			305.97	0.9781	0.9673			0.784	1	0	0	0.647	1.24061	1	1.00	0	0
010055	Flowers Hospital	20020	20020	10	1	1340	01069	5	ourban	rural	S	0.7684		YES	YES			1	0	0	235	124	0	0	0.2268	0.01982	0	0.01982	0.000283	485.97	0.000225	323.6	0.124	0.011	7		4875	4809.65	1.7761	1.7701			4818.67	1.7718	1.7658			0.8349	1	0.02744	0.03327	0.49	1	0.9983	0.99	0	0
010056	St Vincent'S Birmingham	13820	13820	13820	13820	1360	01073	5	lurban	lurban	N	0.8036						1	0.0037	0.0063	442	282	0.00202	0.00178	0.1655	0.00877	0.03408	0.00877	0.000381	539.26	0.000347	383.39	0.226	0.014	0		5249	5196.82	1.9282	1.9211	2967.94	1.8671	5202.32	1.9295	1.9223	2970.49	1.876	0.8609	1	0.05535	0.03043	0.297	1	0.99853	0.99	0	0
010058	Bibb Medical Center	13820	13820	13820	13820	1030	01007	5	lurban	lurban	N	0.8036						1	0	0	25	4	0	0	0.3093	0.03	0	0.03	0.000035	1739.31	0.000025	904.32	0.943	0.1	0		133	126.9	0.9997	0.9933			127.23	0.9982	0.9917			0.8609	1	0	0	0.591	1.25	1	1.00	0	0
010059	Lawrence Medical Center	19460	19460	19460	19460	1390	01079	5	ourban	ourban	N	0.6846						1	0	0	43	7	0	0	0.2393	0.02239	0	0.02239	0.000025	588.41	0.000027	452.07	0.465	0.022	0		314	299.01	1.1289	1.1196			299.6	1.1316	1.1223			0.7714	1	0	0	0.705	1.23598	0.99733	1.00	0	0
010061	Highlands Medical Center	1	1	16860	1	1350	01071	5	rural	rural	W	0.8331						1	0	0	170	39	0	0	0.3386	0.03	0	0.04287	0.000124	720.68	0.000124	545.32	0.363	0.018	16	2037.9	1212	1187.08	1.186	1.1759			1189.5	1.1886	1.1799			0.8825	1	0	0	0.463	1	0.99755	1.00	0	0
010062	Wiregrass Medical Center	20020	20020	20020	20020	1300	01061	5	ourban	ourban	N	0.6849						1	0	0	73	12	0	0	0.2167	0.01773	0	0.01773	0.000036	516.27	0.000029	338.68	0.338	0.036	0		531	523.74	1.1131	1.1076			524.33	1.1053	1.1004			0.7717	1	0	0	0.635	1.20621	0.99367	1.00	0	1
010065	Russell Medical Center	1	1	13820	1	1610	01123	5	rural	rural	W	0.7845						1	0	0	75	28	0	0	0.3043	0.0358	0	0.03	0.000088	504.86	0.000094	431.33	0.367	0.035	7		1349	1301.78	1.4898	1.465			1305.92	1.4873	1.4627			0.8469	1	0.02333	0.03102	0.495	1	1.00333	0.97	0	0
010069	Medical Center Barbour	1	1	1	1	1020	01005	5	rural	rural	N	0.6704						1	0	0	30	11	0	0	0.2518	0.02497	0	0.02497		0		0	0.269	0.02	16	5558.48	466	452.3	1.155	1.1374			453.23	1.1572	1.1405			0.7605	1	0.00031	0.00027	0.606	1.20636	1.00908	1.00	0	0
010073	Clay County Hospital	1	1	1	1	1130	01027	5	rural	rural	N	0.6704						1	0	0	46	15	0	0	0.4595	0.06781	0	0.03	0.000043	607.64	0.000055	562.75	0.576	0.021	14	4108.42	507	493.54	1.1379	1.1359			494.81	1.1817	1.1796			0.7605	1	0.00702	0.00063	0.563	1.19515	0.99175	1.00	0	0
010078	Northeast Alabama Regional Medical Center	11500	11500	13820	1	1070	01015	5	ourban	rural	S	0.7845		YES	YES			1	0	0	217	148	0	0	0.3044	0.03582	0	0.03582	0.000382	663.01	0.000325	442.49	0.135	0.011	7		4327	4286.43	1.635	1.6291			4289.92	1.6419	1.6361			0.8469	1	0.01842	0.01852	0.47	1	0.99648	0.98	0	0
010079	Athens Limestone Hospital	26620	26620	26620	26620	1410	01083	5	ourban	ourban	N	0.8056						1	0	0	70	38	0	0	0.2666	0.02802	0	0.02802	0.000134	639.77	0.000079	297.69	0.323	0.02	0		1623	1583.41	1.4794	1.4636			1586.63	1.4767	1.4623			0.8624	1	0.01459	0.00872	0.46	1	0.99473	0.99	0	0
010083	South Baldwin Regional Medical Center	19300	19300	37860	19300	1010	01003	5	ourban	ourban	W	0.803						1	0	0	112	68	0	0	0.1919	0.01306	0.03962	0.01306	0.000168	644.48	0.000166	521.76	0.095	0.008	7		2158	2127.59	1.4281	1.421			2131.2	1.4208	1.4135			0.8605	1	0.00803	0.01017	0.372	1	1.00466	0.99	0	0
010085	Decatur Morgan Hospital-Decatur Campus	19460	19460	26620	19460	1510	01103	5	ourban	ourban	W	0.7902						1	0	0	190	111	0	0	0.2444	0.02345	0.05074	0.02345	0.000296	575.54	0.000331	505.28	0.273	0.015	0		4060	3992.29	1.4834	1.4743			4003.16	1.4925	1.485			0.8511	1	0.01204	0.00392	0.514	1	0.99667	0.99	0	0
010086	Northwest Medical Center	1	1	13820	1	1460	01093	5	rural	rural	W	0.7845						1	0	0	61	13	0	0	0.1762	0.01051	0	0.01051	0.000028	335.24	0.000026	222.68	0.185	0.01	14	4637.72	557	542.37	1.1284	1.1047			543.18	1.1293	1.1057			0.8469	1	0.00044	0	0.63	1.18386	0.9981	1.00	0	0
010087	University Of South Alabama Medical Center	33660	33660	33660	33660	1480	01097	5	ourban	ourban	N	0.7494						1	1.0032	1.1416	138	113	0.43868	0.3801	0.4489	0.06562	0.09516	0.06562	0.000541	3579.73	0.000518	3103.25	0.391	0.013	0		1341	1325.1	2.1585	2.1261	540.87	2.0543	1326.39	2.1869	2.1546	540.98	2.0694	0.8207	1	0.05838	0.00476	0.189	1	1.00112	1.00	0	0
010089	Walker Baptist Medical Center	13820	13820	13820	13820	1630	01127	5	lurban	lurban	N	0.8036						1	0	0	145	67	0	0	0.3645	0.04822	0.0766	0.04822	0.000234	956.55		0	0.203	0.01	16	5756.97	1807	1777.35	1.4443	1.4374			1779.93	1.4436	1.4366			0.8609	1	0.01666	0.00586	0.395	1	0.9994	0.99	0	0
010090	Providence Hospital	33660	33660	33660	33660	1480	01097	5	ourban	ourban	N	0.7494						1	0.0024	0.0061	349	208	0.00131	0.00172	0.2032	0.01495	0.04201	0.01495	0.000311	549.37	0.000331	454.47	0.272	0.02	0		4275	4222.13	1.8319	1.8262	978.12	1.7032	4225.9	1.8395	1.8329	978.61	1.7135	0.8207	1	0.02636	0.02163	0.339	1	0.99365	0.99	0	0
010091	Grove Hill Memorial Hospital	1	1	1	1	1120	01025	5	rural	rural	N	0.6869				YES	0.0165	1	0	0	22	7	0	0	0.4132	0.03	0	0.03	0.000038	1270.44	0.000047	1164.45	0.327	0.039	0		237	226.85	0.9294	0.9168			227.34	0.9245	0.9121			0.7732	1	0	0	0.243	1	1.01563	1.00	0	0
010092	D C H Regional Medical Center	46220	46220	13820	46220	1620	01125	5	ourban	ourban	W	0.7845						1	0.0858	0.1088	547	388	0.04577	0.03118	0.3508	0.04539	0.07362	0.04539	0.000993	693.23	0.001191	665.67	0.222	0.017	16	5699.61	10747	10549.3	1.6843	1.6742	2377.64	1.6958	10574.8	1.6716	1.6622	2379.16	1.6943	0.8469	1	0.01846	0.01652	0.449	1	0.98813	0.98	0	0
010095	Hale County Hospital	46220	46220	46220	46220	1320	01065	5	ourban	ourban	N	0.8285						1	0	0	28	4	0	0	0.2654	0.02778	0	0.02778	0.000024	1026.17	0.000021	697.88	0.679	0.112	0		168	164.68	0.8839	0.8789			164.81	0.8821	0.8767			0.8791	1	0	0	0.539	1.25	1	1.00	0	1
010097	Elmore Community Hospital	33860	33860	33860	33860	1250	01051	5	ourban	ourban	N	0.7459						1	0	0	33	10	0	0	0.4055	0.03	0	0.03	0.000032	764.81	0.000033	616.04	0.563	0.016	0		328	317.25	1.1067	1.0992			318.11	1.153	1.145			0.8181	1	0	0	0.443	1.22447	1.0033	1.00	0	0
010099	D W Mcmillan Memorial Hospital	1	1	1	1	1260	01053	5	rural	rural	N	0.6704						1	0	0	49	17	0	0	0.3801	0.03	0	0.03	0.00006	764.75	0.000066	647.9	0.444	0.049	0		577	564.39	1.0773	1.0672			564.8	1.0822	1.071			0.7605	1	0.002	0.00662	0.462	1.15712	0.99675	1.00	0	0
010100	Thomas Hospital	19300	19300	19300	19300	1010	01003	5	ourban	ourban	N	0.7287				YES	0.0149	1	0	0	129	95	0	0	0.1796	0.01106	0.03704	0.01106	0.000176	457.9	0.000161	340.31	0.308	0.029	7		3074	2999.55	1.8266	1.8106			3009.56	1.8237	1.8071			0.8051	1	0.01046	0.01722	0.377	1	1.00706	0.99	0	0
010101	Citizens Baptist Medical Center	1	1	13820	11500	1600	01121	5	rural	ourban	L	0.7845	LUGAR					1	0	0	81	20	0	0	0.421	0.03	0	0.03	0.00011	1198.01	0.000111	884.04	0.228	0.013	7		641	618.95	1.2199	1.2066			621.57	1.2149	1.2035			0.8469	1	0.00966	0.00524	0.355	1.14955	1.00133	1.00	0	0
010102	J Paul Jones Hospital	1	1	1	1	1650	01131	5	rural	rural	N	0.6704						1	0	0	21	1	0	0	0.3466	0.03	0	0.03	0.000013	1184.52	0.000009	596.87	0.892	0.031	16	2687.15	81	79.68	0.894	0.8904			79.86	0.8886	0.8863			0.7605	1	0	0	0.645	1.25	1	1.00	0	0
010103	Princeton Baptist Medical Center	13820	13820	13820	13820	1360	01073	5	lurban	lurban	N	0.8036						1	0.1939	0.2472	273	194	0.10046	0.07225	0.264	0.02749	0.05491	0.02749	0.000459	911.21	0.000501	781.51	0.144	0.009	0		4042	3969.38	2.2193	2.1988	2828.81	2.0376	3974.23	2.2187	2.1982	2832.82	2.0448	0.8609	1	0.03743	0.02272	0.336	1	0.99324	0.99	0	0
010104	Grandview Medical Center	13820	13820	13820	13820	1360	01073	5	lurban	lurban	N	0.8036						1	0.1044	0.2163	342	189	0.0554	0.06294	0.2349	0.02149	0.04872	0.02149	0.000317	620.55	0.000362	650.46	0.1	0.011	0		4890	4855.77	1.8854	1.882	2420.06	1.8246	4858.68	1.8915	1.8886	2421.95	1.8171	0.8609	1	0.08559	0.14111	0.345	1	1.00306	0.99	0	0
010108	Prattville Baptist Hospital	33860	33860	33860	33860	1000	01001	5	ourban	ourban	N	0.7459						1	0	0	50	35	0	0	0.2062	0.01557	0	0.01557	0.000098	659.92	0.000072	429.41	0.195	0.013	0		1217	1196.35	1.2169	1.212			1198.12	1.2095	1.2047			0.8181	1	0.0075	0.00505	0.421	1	1.00927	1.00	0	0
010109	Pickens County Medical Center	46220	46220	46220	46220	1530	01107	5	ourban	ourban	N	0.8285						1	0	0	40	4	0	0	0.2128	0.01693	0	0.01693		0		0	0.586	0.092	16	7624.64	221	213.25	0.9293	0.9223			213.75	0.9223	0.9152			0.8791	1	0	0	0.559	1.25	1	1.00	0	1
010110	Bullock County Hospital	1	1	1	1	1050	01011	5	rural	rural	N	0.6704						1	0	0	30	9	0	0	0.4145	0.03	0	0.03	0.000046	1348.93	0.000051	1049.8	0.297	0.023	16	2574.02	235	230.83	1.0406	1.0343			231.73	1.0717	1.0681			0.7605	1	0	0	0.464	1.23432	1	1.00	0	1
010112	Bryan W. Whitfield Memorial Hospital	1	1	1	1	1450	01091	5	rural	rural	N	0.6704						1	0	0	89	23	0	0	0.5906	0.03	0	0.03	0.000107	1156.27	0.000126	915.63	0.58	0.043	16	5264.06	521	505.78	1.0923	1.0823			507.2	1.1187	1.1109			0.7605	1	0.00127	0.00165	0.509	1.12098	0.98347	1.00	0	0
010113	Mobile Infirmary Medical Center	33660	33660	33660	33660	1480	01097	5	ourban	ourban	N	0.7494						1	0.0088	0.025	615	379	0.0048	0.00708	0.2896	0.03277	0.0604	0.03277	0.00072	728.61	0.000786	620.56	0.318	0.014	0		7713	7631.53	1.8231	1.8108	5198.96	1.8352	7636.03	1.8329	1.8203	5202.17	1.8415	0.8207	1	0.03498	0.00821	0.389	1	1.00302	0.99	0	0
010114	"Medical West, An Affiliate Of Uab Health System"	13820	13820	13820	13820	1360	01073	5	lurban	lurban	N	0.8036						1	0	0	187	88	0	0	0.2603	0.02672	0.05412	0.02672	0.000262	1334.54	0.000236	974.65	0.169	0.014	0		1526	1509.74	1.5308	1.5296			1510.7	1.5341	1.5328			0.8609	1	0.01727	0.01877	0.287	1	1.00004	1.00	0	0
010118	Vaughan Regional Medical Center Parkway Campus	1	1	13820	1	1230	01047	5	rural	rural	W	0.7845						1	0.0732	0.2501	163	49	0.03918	0.07313	0.5967	0.09611	0	0.09611	0.000171	770.6	0.000241	814.15	0.108	0.017	17	5108.41	1687	1630.92	1.3707	1.3466	268.96	1.4012	1635.56	1.3719	1.3484	270.09	1.3855	0.8469	1	0	0	0.367	1	1.00417	0.99	0	0
010120	Monroe County Hospital	1	1	1	1	1490	01099	5	rural	rural	N	0.6704						1	0	0	49	10	0	0	0.373	0.03	0	0.03	0.000039	672.51	0.000035	469.13	0.372	0.035	16	4502.76	436	414.37	1.0763	1.0674			415.88	1.0725	1.0635			0.7605	1	0.00351	0.00486	0.432	1.19311	1.00682	0.99	0	0
010125	Lakeland Community Hospital	1	1	13820	1	1660	01133	5	rural	rural	W	0.7845						1	0	0	50	14	0	0	0.2768	0.03013	0	0.03	0.000032	317.46	0.000037	309.71	0.222	0.011	14	2363.92	829	817.89	0.9784	0.976			818.69	0.9855	0.9832			0.8469	1	0.00031	0	0.723	1.18394	0.99907	1.00	0	0
010126	Troy Regional Medical Center	1	1	1	1	1540	01109	5	rural	rural	N	0.6786				YES	0.0082	1	0	0	97	19	0	0	0.3254	0.03	0	0.03	0.000051	670.86	0.000043	442.89	0.179	0.012	0		544	530.72	1.3187	1.3069			531.77	1.3314	1.3186			0.7668	1	0.05435	0.03925	0.447	1.14644	1.0034	0.99	0	0
010128	Jackson Medical Center	1	1	1	1	1120	01025	5	rural	rural	N	0.6869				YES	0.0165	1	0	0	35	8	0	0	0.5252	0.03	0	0.03	0.000027	706.74	0.000023	546.22	0.732	0.058	0		353	344.4	0.9785	0.9747			344.68	0.9993	0.9933			0.7732	1	0	0	0.394	1	1.00176	1.00	0	1
010129	North Baldwin Infirmary	19300	19300	19300	19300	1010	01003	5	ourban	ourban	N	0.7287				YES	0.0149	1	0	0	55	14	0	0	0.3071	0.03	0	0.03	0.000069	1181.27	0.000063	876.37	0.321	0.037	0		536	520.93	1.33	1.3186			523.01	1.3266	1.3166			0.8051	1	0	0	0.281	1.15955	1.00766	0.99	0	0
010130	St Vincent'S St Clair	13820	13820	13820	13820	1570	01115	5	lurban	lurban	N	0.8036						1	0	0	40	18	0	0	0.1226	0	0	0		0		0	0.22	0.015	0		658	643.85	1.123	1.1065			645.24	1.1165	1.1025			0.8609	1	0.00388	0.00294	0.398	1.15258	1.01024	0.99	0	0
010131	Crestwood Medical Center	26620	26620	26620	26620	1440	01089	5	ourban	ourban	N	0.8056						1	0	0	151	110	0	0	0.1754	0.01038	0.03616	0.01038	0.000191	381.17	0.000128	204.86	0.096	0.008	0		4039	4006.02	1.7955	1.7942			4008.71	1.79	1.7885			0.8624	1	0.03952	0.0458	0.454	1	0.99694	0.97	0	0
010138	Hill Hospital Of Sumter County	1	1	1	1	1590	01119	5	rural	rural	N	0.6841				YES	0.0137	1	0	0	33	7	0	0	0.6481	0.03	0	0.03	0.000013	642.88	0.000019	648.23	0.252	0.029	0		122	121.77	0.7898	0.7899			121.8	0.8066	0.8067			0.7711	1	0	0	0.524	1	1	1.00	0	0
010139	Brookwood Baptist Medical Center	13820	13820	13820	13820	1360	01073	5	lurban	lurban	N	0.8036						1	0	0	401	229	0	0	0.2165	0.01769	0.04482	0.01769	0.000384	643.8	0.000352	452.53	0.093	0.007	0		4222	4181.11	1.7858	1.7801			4184.32	1.7816	1.7756			0.8609	1	0.06809	0.06497	0.264	1	0.99642	0.98	0	0
010144	Springhill Memorial Hospital	33660	33660	33660	33660	1480	01097	5	ourban	ourban	N	0.7494						1	0	0	185	145	0	0	0.1946	0.0135	0.04019	0.0135	0.000264	698.69	0.000234	467.83	0.294	0.018	0		2816	2787.23	1.8466	1.8348			2791.31	1.8436	1.8333			0.8207	1	0.01678	0.00706	0.357	1	0.99691	0.99	0	0
010146	Rmc Jacksonville	11500	11500	11500	11500	1070	01015	5	ourban	ourban	N	0.7542						1	0	0	38	9	0	0	0.286	0.03	0	0.03	0.000032	783.97	0.000043	740.94	0.182	0.017	0		310	304.58	0.9335	0.9291			304.97	0.9443	0.9404			0.8243	1	0	0	0.392	1	1	1.00	0	0
010148	Evergreen Medical Center	1	1	37860	1	1170	01035	5	rural	rural	W	0.803						1	0	0	44	13	0	0	0.2905	0.03295	0	0.03	0.000036	356.61	0.000042	329.41	0.314	0.025	14	3995.76	814	804.02	0.9562	0.9511			804.26	0.9589	0.9534			0.8605	1	0	0	0.647	1.17326	1.00484	1.00	0	1
010149	Baptist Medical Center East	33860	33860	33860	33860	1500	01101	5	ourban	ourban	N	0.7459						1	0	0	167	126	0	0	0.3952	0.05455	0.08332	0.05455	0.00029	1185.79	0.000387	1268.33	0.194	0.011	0		1834	1805.96	1.4573	1.4472			1807.64	1.4635	1.453			0.8181	1	0.02461	0.0136	0.203	1	1.00134	1.00	0	0
010150	L V Stabler Memorial Hospital	1	1	33860	1	1060	01013	5	rural	rural	W	0.7459						1	0	0	44	9	0	0	0.2187	0.01814	0	0.01814	0.000026	443.78	0.000027	343.54	0.137	0.014	14	3646.53	425	411.91	1.2178	1.2017			412.9	1.2174	1.2004			0.8181	1	0.00363	0.00819	0.624	1.21727	0.9956	1.00	0	0
010157	Shoals Hospital	22520	22520	19460	22520	1160	01033	5	ourban	ourban	W	0.6846						1	0	0	122	18	0	0	0.2184	0.01808	0.04522	0.01808	0.000047	519.88	0.000034	288.33	0.242	0.017	0		707	692.42	1.1979	1.1903			694.35	1.1926	1.187			0.7714	1	0.01037	0.00876	0.57	1	0.99083	0.99	0	0
010158	Russellville Hospital	1	1	25	1	1290	01059	5	rural	rural	W	0.7197						1	0	0	92	17	0	0	0.2973	0.03436	0	0.03	0.000047	411.91	0.000052	365.51	0.184	0.016	14	4408.36	910	896.11	1.1395	1.134			896.89	1.1428	1.1371			0.7983	1	0.00003	0.00043	0.606	1.14348	1.00311	0.99	0	0
010164	Coosa Valley Medical Center	1	1	1	1	1600	01121	5	rural	rural	N	0.7025				YES	0.0321	1	0	0	122	34	0	0	0.3919	0.03	0	0.05387	0.000105	780.59	0.000115	661.8	0.181	0.013	0		1002	979.95	1.3705	1.3527			981.48	1.368	1.3512			0.7852	1	0.00298	0.00256	0.378	1.03871	0.9944	0.99	0	1
010168	Jack Hughston Memorial Hospital	17980	17980	17980	17980	1560	01113	5	ourban	ourban	N	0.7932						1	0.1357	0.2426	47	21	0.0714	0.07086	0.05593	0	0	0		0		0	0.282	0.022	0		959	950.4	2.2261	2.2272	310.96	2.2997	951.84	2.1947	2.1954	311.1	2.258	0.8533	1	0.00196	0.00165	0.465	1	1	1.00	0	0
010169	Atmore Community Hospital	1	1	1	1	1260	01053	5	rural	rural	N	0.6704						1	0	0	49	13	0	0	0.1921	0.01309	0	0.01309	0.000031	467.44	0.000031	317.13	0.295	0.026	0		409	392.3	1.1541	1.1399			393.43	1.1538	1.1403			0.7605	1	0.00161	0.00226	0.56	1.18462	1.01466	1.00	0	0
010173	St Vincent'S Chilton	13820	13820	13820	13820	1100	01021	5	lurban	lurban	N	0.8036						1	0		21	0	0	0.52699	0.0712	0	0	0		0		0	0.38	0.041	0		205	200.27	1.1047	1.0962			200.39	1.101	1.0921			0.8609	1	0	0		1	1	1.00	0	0
020001	Providence Alaska Medical Center	11260	11260	11260	11260	2020	02020	9	ourban	ourban	N	1.213						1.25	0.0566	0.085	389	273	0.03044	0.02428	0.471	0.07018	0.10007	0.07018	0.001224	2327.43	0.000962	1496.19	0.235	0.018	0		4311	4288.52	2.0995	2.0891	78	1.948	4291.46	2.1028	2.0923	78	1.955	1.1414	1.0788	0.12716	0.10844	0.26	1	1.00072	1.00	0	0
020006	Mat-Su Regional Medical Center	11260	11260	2	2	2170	02170	9	ourban	rural	S	1.213		YES				1.25	0	0	74	45	0	0	0.3227	0.03	0	0.03		0		0	0.185	0.02	16	10441.67	1615	1598.84	1.6425	1.6309			1599.54	1.6395	1.6279			1.1414	1.0788	0.03695	0.06135	0.402	1	1.01364	1.00	0	0
020008	Bartlett Regional Hospital	2	2	2	2	2110	02110	9	rural	rural	N	1.213						1.25	0	0	45	15	0	0	0.31675	0.03	0	0.03		0		0	0.646	0.059	16	11881.95	574	569.03	1.2888	1.2885			569.41	1.2761	1.2758			1.1414	1.0788	0.33311	0.36355	0.392	1.15833	1.01168	1.00	0	1
020012	Fairbanks Memorial Hospital	21820	21820	21820	21820	2090	02090	9	ourban	ourban	N	1.213						1.25	0	0	122	47	0	0	0.4704	0.07006	0.09994	0.07006		0		0	0.372	0.059	17	13516.79	1141	1134.2	1.578	1.5734			1134.69	1.5806	1.576			1.1414	1.0788	0.06256	0.1846	0.267	1	1.01765	1.00	0	0
020017	Alaska Regional Hospital	11260	11260	11260	11260	2020	02020	9	ourban	ourban	N	1.213						1.25	0	0	131	66	0	0	0.3508	0.04539	0.07362	0.04539	0.000269	1113.12	0.000157	584.73	0.191	0.018	0		2187	2172.36	2.1409	2.1284			2173.73	2.1454	2.1322			1.1414	1.0788	0.07902	0.10221	0.385	1	1.00563	1.00	0	0
020018	Yukon Kuskokwim Delta Reg Hospital	2	98	98	98	2290	02290	9	rural	rural	N	1.9343						1.25	0	0	34	14	0	0	0.8868	0.03	0	0.03	0.000138	4758.31	0.000126	3864.68	0.563	0.028	8		271	266.16	0.9866	0.9831			266.45	0.984	0.9801			1.5711	1.0788			0.159	1.15114	1	1.00	1	1
020024	Central Peninsula General Hospital	2	2	2	2	2122	02122	9	rural	rural	N	1.213						1.25	0	0	46	25	0	0	0.22327	0.01909	0	0.01909		0		0	0.51	0.061	16	13051.78	896	887.23	1.5625	1.5605			887.45	1.5654	1.5628			1.1414	1.0788	0.18497	0.3435	0.438	1.0928	1.00128	0.97	0	0
020026	Alaska Native Medical Center	11260	98	98	98	2020	02020	9	ourban	rural	N	1.9343						1.25	0	0	152	94	0	0	0.6529	0.03	0	0.1077	0.000437	2444.43	0.000431	2137.37	0.233	0.028	8		1609	1601.99	1.7845	1.7845			1602.65	1.7856	1.7864			1.5711	1.0788			0.243	1	1.00099	1.00	0	0
030001	Abrazo Maryvale Campus	38060	38060	38060	38060	3060	04013	8	lurban	lurban	N	1.0528						1	0	0	232	44	0	0	0.6316	0.10331	0.13644	0.10331		0	0.000206	3029.54	0.212	0.011	0		245	240.71	1.358	1.3473			240.89	1.373	1.3629			1.0359	1	0.07626	0.02644	0.131	1	1.00215	1.00	0	0
030002	Banner - University Medical Center Phoenix	38060	38060	39140	3	3060	04013	8	ourban	rural	S	1.0528		YES	YES			1	0.2198	0.3617	643	429	0.11312	0.10746	0.5076	0.07773	0	0.07773	0.00094	1424.48	0.001263	1568.69	0.18	0.015	0		5334	5242.58	2.5258	2.5047	3253.51	2.3445	5253.55	2.516	2.4964	3259.47	2.3479	1.0359	1	0.04364	0.04763	0.19	1	0.99989	1.00	0	0
030006	Tucson Medical Center	46060	46060	38060	3	3090	04019	8	ourban	rural	S	1.0528		YES	YES			1	0.0955	0.1316	498	344	0.0508	0.03784	0.4173	0.05911	0	0.05911	0.000623	744.86	0.000954	1002.53	0.254	0.022	7		7427	7305.89	1.9419	1.9369	4880.06	1.7953	7316.61	1.9392	1.9344	4884.38	1.7996	1.0359	1	0.02427	0.02976	0.224	1	0.99203	1.00	0	0
030007	Verde Valley Medical Center	39140	39140	3	3	3120	04025	8	ourban	rural	S	1.0528		YES				1	0.1315	0.2435	94	44	0.06927	0.07113	0.2711	0.02895	0	0.02895		0		0	0.209	0.016	16	9420.75	1500	1475.52	1.6519	1.6424	528.32	1.5839	1476.24	1.6566	1.6464	529.01	1.5774	1.0359	1	0.0469	0.03895	0.441	1	1.00012	1.00	0	0
030010	St. Mary'S Hospital	46060	46060	38060	3	3090	04019	8	ourban	rural	S	1.0528		YES	YES			1	0	0	349	131	0	0	0.3637	0.04805	0	0.04805	0.000181	592.29	0.000225	577.27	0.195	0.014	7		2480	2451.36	1.7187	1.7155			2453.98	1.7262	1.7233			1.0359	1	0.05726	0.04361	0.218	1	0.9943	1.00	0	0
030011	St Joseph'S Hospital	46060	46060	38060	3	3090	04019	8	ourban	rural	S	1.0528		YES	YES			1	0	0	421	172	0	0	0.2801	0.03081	0	0.03081	0.00023	498.1	0.000314	554.01	0.195	0.012	7		3805	3737.65	1.806	1.7943			3742.05	1.8174	1.8053			1.0359	1	0.03591	0.01678	0.238	1	0.99468	1.00	0	0
030012	Yavapai Regional Medical Center	39140	39140	39140	3	3120	04025	8	ourban	rural	S	1.0528		YES				1	0	0	134	63	0	0	0.2539	0.0254	0	0.0254		0		0	0.262	0.026	16	7180.98	4698	4578.57	1.6815	1.6693			4589.15	1.685	1.6734			1.0359	1	0.02748	0.04396	0.525	1	0.9925	0.99	0	0
030013	Yuma Regional Medical Center	49740	49740	49740	49740	3130	04027	8	ourban	ourban	N	1.0528						1	0.0474	0.0625	406	195	0.02556	0.01779	0.3698	0.04931	0.07776	0.04931	0.001411	1886.42		0	0.258	0.027	17	7116.49	5867	5754.4	1.8364	1.8256	1137.38	1.7146	5764.9	1.8355	1.8246	1138.63	1.727	1.0359	1	0.01989	0.04059	0.387	1	0.99582	0.99	0	0
030014	John C. Lincoln North Mountain Hospital	38060	38060	39140	3	3060	04013	8	ourban	rural	S	1.0528		YES	YES			1	0.0152	0.0036	229	170	0.00827	0.00102	0.3938	0.05426	0	0.05426	0.000551	1200	0.000512	919.02	0.153	0.017	7		3778	3691.26	1.8034	1.7616	2182.55	1.9169	3698.66	1.7962	1.7556	2187.15	1.9027	1.0359	1	0.04501	0.08402	0.283	1	0.99324	1.00	0	0
030016	Banner Casa Grande Medical Center	38060	38060	38060	38060	3100	04021	8	lurban	lurban	N	1.0528						1	0	0	164	58	0	0	0.3947	0.05444	0.08321	0.05444	0.0002	980.32	0.000236	868.11	0.215	0.032	0		1590	1542.92	1.7549	1.7382			1546.06	1.7604	1.7438			1.0359	1	0.01518	0.05667	0.321	1	1.00235	1.00	0	0
030022	Maricopa Medical Center	38060	38060	38060	38060	3060	04013	8	lurban	lurban	N	1.0528						1	0.6287	0.9455	290	184	0.29486	0.30581	0.9334	0.16555	0.20806	0.16555	0.001476	18173.33	0.001478	14746.9	0.188	0.015	0		675	659.26	2.0982	2.1029	554.31	2.2541	660.68	2.1315	2.1374	556.21	2.2763	1.0359	1	0.10904	0.12439	0.068	1	0.98908	1.00	0	0
030023	Flagstaff Medical Center	22380	22380	22380	22380	3020	04005	8	ourban	ourban	N	1.1117						1	0	0	218	149	0	0	0.5122	0.07868	0.10929	0.07868		0		0	0.31	0.017	17	10947.88	3788	3746.34	2.1915	2.176			3749.66	2.1867	2.1712			1.0752	1	0.07379	0.03092	0.33	1	1.00561	1.00	0	0
030024	St. Joseph'S Hospital And Medical Center	38060	38060	3	3	3060	04013	8	ourban	rural	S	1.0528		YES				1	0.2678	0.3708	542	380	0.13617	0.11031	0.4684	0.06965	0	0.06965	0.001003	1645.3	0.001485	2004.52	0.197	0.011	7		5233	5123.95	2.535	2.4984	2835.15	2.0515	5138.32	2.5458	2.5122	2840.8	2.0625	1.0359	1	0.05856	0.02154	0.172	1	0.99686	1.00	0	0
030030	Abrazo Central Campus	38060	38060	38060	38060	3060	04013	8	lurban	lurban	N	1.0528						1	0.102	0.111	168	91	0.05416	0.03182	0.5694	0.09048	0.12221	0.09048	0.000416	2411.63	0.000392	1535.9	0.206	0.018	0		1120	1096.65	1.8358	1.8126	1201.82	1.6693	1098.53	1.858	1.8363	1203.75	1.6824	1.0359	1	0.01379	0.0176	0.171	1	0.99733	1.00	0	0
030033	Banner Payson Medical Center	3	3	3	3	3030	04007	8	rural	rural	N	1.0528						1	0	0	39	12	0	0	0.3	0.03	0	0.03		0		0	0.188	0.037	16	5990.02	695	662.89	1.4913	1.4752			664.81	1.4892	1.4742			1.0359	1	0.01222	0.04734	0.467	1.2372	1.01317	0.99	0	0
030036	Chandler Regional Medical Center	38060	38060	3	3	3060	04013	8	ourban	rural	S	1.0528		YES				1	0	0	338	280	0	0	0.3034	0.03561	0	0.03561	0.000522	738.39	0.000568	738.09	0.14	0.008	7		6315	6131.65	1.9422	1.9091			6151.08	1.9475	1.9158			1.0359	1	0.02816	0.01271	0.232	1	0.99556	1.00	0	0
030037	St Luke'S Medical Center	38060	38060	38060	38060	3060	04013	8	lurban	lurban	N	1.0528						1	0	0	185	70	0	0	0.4853	0.07313	0.10326	0.07313	0.000165	969.48	0.000202	1028.67	0.167	0.016	0		1499	1483.94	2.1671	2.1615			1486.19	2.1539	2.1481			1.0359	1	0.02102	0.02789	0.201	1	0.99172	1.00	0	0
030038	Scottsdale Osborn Medical Center	38060	38060	39140	3	3060	04013	8	ourban	rural	S	1.0528		YES	YES			1	0.0672	0.1187	326	169	0.03603	0.03406	0.2711	0.02895	0	0.02895	0.000345	652.99	0.000431	668.61	0.162	0.016	7		4572	4489.91	1.7448	1.738	1679.55	1.8328	4498.61	1.7432	1.7371	1685.05	1.8362	1.0359	1	0.02946	0.04449	0.318	1	0.99142	1.00	0	0
030043	Canyon Vista Medical Center	43420	43420	3	3	3010	04003	8	ourban	rural	S	1.0528		YES				1	0.2449	0.4926	75	41	0.12524	0.14914	0.2821	0.03	0	0.03		0		0	0.252	0.03	16	8032.38	1692	1648.14	1.4359	1.4233	366.9	1.2967	1650.18	1.4345	1.4211	368.09	1.3026	1.0359	1	0.00883	0.01892	0.367	1	0.99583	0.98	0	1
030055	Kingman Regional Medical Center	29420	29420	39140	29420	3070	04015	8	ourban	ourban	W	1.0528						1	0.0898	0.1651	197	110	0.04785	0.04769	0.2818	0.03116	0.05872	0.03116		0		0	0.185	0.004	17	7313.01	2892	2854.25	1.7869	1.7752	1267.8	1.7764	2857.32	1.7932	1.7814	1268.71	1.7916	1.0359	1	0.05849	0.00049	0.382	1	0.99835	0.98	0	0
030061	Banner Boswell Medical Center	38060	38060	38060	38060	3060	04013	8	lurban	lurban	N	1.0528						1	0.0076	0.0097	386	171	0.00415	0.00274	0.1234	0	0.0253	0		0		0	0.169	0.019	0		5126	5027.26	1.9886	1.975	3989.98	1.8884	5036	1.992	1.9778	3996.44	1.8914	1.0359	1	0.01388	0.02378	0.4	1	1.00542	1.00	0	0
030062	Summit Healthcare Regional Medical Center	3	3	3	3	3080	04017	8	rural	rural	N	1.0528						1	0	0	89	35	0	0	0.3842	0.03	0	0.03		0		0	0.279	0.042	16	8471.42	1420	1377.73	1.6009	1.5831			1379.93	1.5905	1.5736			1.0359	1	0.00485	0.02396	0.328	1	1.00821	1.00	0	0
030064	Banner - University Medical Center Tucson Campus	46060	46060	38060	3	3090	04019	8	ourban	rural	S	1.0528		YES	YES			1	0.6206	0.7184	479	324	0.29154	0.22474	0.5229	0.08089	0	0.08089	0.001127	2107.13	0.001417	2169	0.203	0.015	7		4434	4387.63	2.2387	2.2294	2670.07	2.1319	4391.59	2.249	2.2399	2673.78	2.1425	1.0359	1	0.05886	0.05235	0.222	1	0.9977	1.00	0	0
030065	Banner Desert Medical Center	38060	38060	38060	38060	3060	04013	8	lurban	lurban	N	1.0528						1	0	0	644	375	0	0	0.4369	0.06315	0.0925	0.06315	0.000999	1619.91	0.001349	1805.46	0.185	0.026	0		5298	5226.65	1.916	1.906			5231.83	1.9205	1.9108			1.0359	1	0.0397	0.10936	0.155	1	1.00032	0.99	0	0
030068	Mt. Graham Regional Medical Center	3	3	3	3	3040	04009	8	rural	rural	N	1.0528						1	0	0	49	12	0	0	0.3851	0.03	0	0.03		0		0	0.396	0.041	16	9137.51	294	289.96	1.5003	1.4949			290.22	1.4921	1.485			1.0359	1	0.01817	0.03259	0.193	1.12735	1.01223	1.00	0	0
030069	Havasu Regional Medical Center	29420	29420	40140	3	3070	04015	8	ourban	rural	S	1.1765		YES	YES			1	0	0	154	70	0	0	0.2009	0.01452	0	0.01452	0.000099	274.66	0.000111	235.73	0.136	0.018	17	6203.26	2799	2756.3	1.879	1.8718			2761.59	1.8688	1.8626			1.1177	1	0.00633	0.01898	0.534	1	1.00367	0.99	0	0
030071	Fort Defiance Indian Hospital	3	99	99	99	3000	04001	8	rural	rural	N	1.4448						1	0	0	50	24	0	0	0.7365	0.03	0	0.03	0.000198	2848.6	0.000194	2346.42	0.268	0.019	8		658	652.42	0.9588	0.9568			652.62	0.9538	0.9519			1.2866	1			0.189	1.1372	1.01601	0.99	0	0
030073	Tuba City Regional Health Care Corporation	22380	99	99	99	3020	04005	8	ourban	rural	N	1.4448						1	0	0	73	25	0	0	0.8764	0.03	0	0.03	0.000148	2189.07	0.000154	1954.21	0.196	0.019	8		650	643.09	1.3727	1.3619			643.21	1.3734	1.3626			1.2866	1			0.302	1.13167	1.01401	0.99	0	1
030074	Sells Hospital	46060	99	99	99	3090	04019	8	ourban	rural	N	1.4448						1	0	0	14	4	0	0	0.5053	0.03	0	0.03	0.000019	3645.12	0.000019	2808.46	0.196	0.019	8		39	38.01	0.9199	0.9095			38.03	0.9275	0.9169			1.2866	1			0.128	1.25	1	1.00	1	1
030077	San Carlos Apache Healthcare	3	99	99	99	3030	04007	8	rural	rural	N	1.4448						1	0		8	0	0	0.52699	0.6048	0.03	0	0.03	0.000003	270.16	0.000002	444.85	0.268	0.019	8		123	121.3	0.8735	0.8684			121.33	0.8679	0.8629			1.2866	1			97	1.25	1	1.00	0	1
030078	Phoenix Indian Medical Center	38060	99	99	99	3060	04013	8	ourban	rural	N	1.4448						1	0	0	115	22	0	0	0.653	0.03	0	0.10772	0.000093	4615.17	0.000107	4189.69	0.196	0.019	8		191	188.25	1.3825	1.3824			188.35	1.3885	1.3888			1.2866	1			0.081	1.11144	1.02166	1.00	0	1
030083	Abrazo Scottsdale Campus	38060	38060	38060	38060	3060	04013	8	lurban	lurban	N	1.0528						1	0	0	127	47	0	0	0.3723	0.04982	0.07831	0.04982	0.000167	1385.93	0.000133	974.09	0.196	0.027	0		1072	1043.95	1.5058	1.4861			1044.76	1.5199	1.4981			1.0359	1	0.0092	0.02436	0.19	1	0.9988	1.00	0	0
030084	Chinle Comprehensive Health Care Facility	3	99	99	99	3000	04001	8	rural	rural	N	1.4448						1	0	0	60	14	0	0	0.9655	0.03	0	0.03	0.000115	2916.09	0.000109	2373.31	0.268	0.019	8		328	323.49	1.0673	1.0593			322.57	1.0561	1.0476			1.2866	1			0.271	1.15682	1.01768	1.00	0	0
030085	Northwest Medical Center	46060	46060	38060	3	3090	04019	8	ourban	rural	S	1.0528		YES	YES			1	0	0	281	157	0	0	0.2771	0.03	0	0.03019	0.000212	395.18	0.000312	470.54	0.121	0.01	0		4362	4270.01	1.8771	1.8731			4280.35	1.8753	1.8715			1.0359	1	0.00822	0.00958	0.276	1	0.99115	0.97	0	0
030087	Scottsdale Shea Medical Center	38060	38060	39140	3	3060	04013	8	ourban	rural	S	1.0528		YES	YES			1	0.0107	0.0121	408	219	0.00583	0.00342	0.1321	0	0	0		0		0	0.174	0.02	7		6268	6168.6	1.8734	1.8689	1715.06	1.98	6177.29	1.8709	1.8663	1719.22	1.9799	1.0359	1	0.03674	0.07772	0.315	1	0.99757	0.99	0	0
030088	Banner Baywood Medical Center	38060	38060	38060	38060	3060	04013	8	lurban	lurban	N	1.0528						1	0	0	318	210	0	0	0.2087	0.01608	0.04317	0.01608	0.000236	316.9	0.000291	306.37	0.163	0.016	0		5899	5779.44	1.6678	1.6482			5793.01	1.6726	1.6536			1.0359	1	0.01152	0.01567	0.38	1	1.0029	0.99	0	0
030089	Banner Thunderbird Medical Center	38060	38060	38060	38060	3060	04013	8	lurban	lurban	N	1.0528						1	0	0	499	266	0	0	0.4237	0.06043	0.08959	0.06043	0.000779	1717.06	0.001068	1774.01	0.175	0.026	0		3442	3373.23	2.0677	2.0477			3379.14	2.0496	2.0289			1.0359	1	0.03953	0.11803	0.175	1	1.00017	1.00	0	0
030092	Honorhealth Deer Valley Medical Center	38060	38060	39140	3	3060	04013	8	ourban	rural	S	1.0528		YES	YES			1	0	0	184	129	0	0	0.2729	0.02932	0	0.02932	0.000413	1076.01	0.000332	740.98	0.155	0.019	7		3310	3242.88	1.7932	1.7818			3250	1.79	1.7795			1.0359	1	0.02543	0.05958	0.292	1	0.99151	0.99	0	0
030093	Banner Del E. Webb Medical Center	38060	38060	38060	38060	3060	04013	8	lurban	lurban	N	1.0528						1	0	0	286	140	0	0	0.1945	0.01348	0.04017	0.01348	0.000219	363.27	0.000286	388.02	0.157	0.02	0		5049	4963.99	1.7677	1.7606			4971.59	1.7559	1.7487			1.0359	1	0.00529	0.01243	0.363	1	0.9996	1.00	0	0
030094	Abrazo Arrowhead Campus	38060	38060	38060	38060	3060	04013	8	lurban	lurban	N	1.0528						1	0	0	232	131	0	0	0.376	0.05059	0.07911	0.05059	0.000257	645.53	0.000327	820.52	0.198	0.01	0		3858	3783.37	2.2656	2.2477			3791.24	2.2621	2.2466			1.0359	1	0.05363	0.0126	0.224	1	0.99554	1.00	0	0
030101	Western Arizona Regional Medical Center	29420	29420	29420	29420	3070	04015	8	ourban	ourban	N	1.0528						1	0	0	139	60	0	0	0.2007	0.01449	0.04148	0.01449	0.000073	283.33	0.000098	268.88	0.078	0.007	7		1772	1749.26	1.5574	1.5526			1750.57	1.5538	1.5479			1.0359	1	0.01634	0.02025	0.455	1	1.00455	0.99	0	0
030103	Mayo Clinic Hospital	38060	38060	3	3	3060	04013	8	ourban	rural	S	1.0528		YES				1	0.232	0.3184	261	177	0.11903	0.09401	0.0607	0	0	0		0		0	0.362	0.022	7		7744	7573.09	2.2134	2.204	239	2.0612	7591.5	2.2061	2.1978	239.52	2.0467	1.0359	1	0.08919	0.04447	0.484	1	1.01982	1.00	0	0
030105	Banner Heart Hospital	38060	38060	38060	38060	3060	04013	8	lurban	lurban	N	1.0528						1	0	0	111	57	0	0	0.1111	0	0.02275	0		0		0	0.14	0.011	0		1845	1828.4	2.7897	2.7745			1831	2.7979	2.7834			1.0359	1	0.0125	0.00805	0.421	1	1.00686	1.00	0	0
030107	Arizona Spine And Joint Hospital	38060	38060	38060	38060	3060	04013	8	lurban	lurban	N	1.0528						1	0	0	23	5	0	0	0.00412	0	0	0		0		0	0.181	0.015	0		517	514.14	2.5049	2.5017			514.59	2.4522	2.4486			1.0359	1	0.00245	0.00224	0.455	1	1	1.00	0	0
030108	"Core Institute Specialty Hospital, The"	38060	38060	38060	38060	3060	04013	8	lurban	lurban	N	1.0528						1	0	0	33	4	0	0	0.02034	0	0	0		0		0	0.391	0.092	0		377	373.89	2.8021	2.7959			375.03	2.7557	2.7476			1.0359	1	0	0.00444	0.346	1	1	1.00	0	0
030110	Abrazo West Campus	38060	38060	38060	38060	3060	04013	8	lurban	lurban	N	1.0528						1	0	0	179	111	0	0	0.4073	0.05704	0.08598	0.05704	0.000457	1738.84	0.000237	792.03	0.174	0.014	0		2341	2303.1	1.5246	1.5046			2305.8	1.5382	1.5196			1.0359	1	0.00895	0.00834	0.21	1	1.00556	0.99	0	0
030111	Banner-University Medical Center South Campus	46060	46060	46060	46060	3090	04019	8	ourban	ourban	N	1.0528						1	0.6202	0.9168	149	90	0.29138	0.29527	0.6878	0.1149	0.14945	0.1149	0.000308	2054.23	0.00033	1767.73	0.2	0.01	0		1217	1182.59	1.5394	1.5184	988.19	1.4241	1186.03	1.5395	1.52	989.97	1.4243	1.0359	1	0.00329	0.00167	0.189	1	1.00441	1.00	0	0
030112	Arizona Specialty Hospital	38060	38060	38060	38060	3060	04013	8	lurban	lurban	N	1.0528						1	0	0	24	5	0	0	0.0154	0	0	0		0		0	0.196	0.028	0		389	383.77	2.3033	2.3024			385.27	2.2524	2.2508			1.0359	1	0.00395	0.02195	0.346	1	1	0.97	0	0
030113	Whiteriver Phs Indian Hospital	3	99	99	99	3080	04017	8	rural	rural	N	1.4448						1	0	0	40	9	0	0	0.8893	0.03	0	0.03	0.000079	4365.56	0.000081	3711.2	0.268	0.019	8		151	146.64	0.9405	0.932			146.76	0.9363	0.9274			1.2866	1			0.255	1.22705	1	1.00	0	1
030114	Oro Valley Hospital	46060	46060	38060	46060	3090	04019	8	ourban	ourban	W	1.0528						1	0	0	111	47	0	0	0.0678	0	0.01382	0		0		0	0.128	0.013	0		2419	2366.22	1.5676	1.5648			2370.67	1.5556	1.5526			1.0359	1	0.00317	0.00477	0.463	1	1.00012	1.00	0	0
030115	Banner Estrella Medical Center	38060	38060	38060	38060	3060	04013	8	lurban	lurban	N	1.0528						1	0	0	305	152	0	0	0.5295	0.08225	0.11318	0.08225	0.000505	1925.49	0.000639	1937.24	0.145	0.027	0		2210	2177.47	1.7495	1.7458			2179.07	1.7437	1.7395			1.0359	1	0.01134	0.05744	0.15	1	1.00552	1.00	0	0
030117	Valley View Medical Center	29420	29420	29420	29420	3070	04015	8	ourban	ourban	N	1.0528						1	0	0	72	22	0	0	0.3099	0.03	0	0.03	0.000062	625.79	0.000076	555.85	0.119	0.009	0		717	706.69	1.5195	1.5114			708.2	1.4913	1.4855			1.0359	1	0.01486	0.01409	0.407	1	1.01404	1.00	0	0
030119	Mercy Gilbert Medical Center	38060	38060	3	3	3060	04013	8	ourban	rural	S	1.0528		YES				1	0	0	198	148	0	0	0.2721	0.02916	0	0.02916	0.000264	650.6	0.000303	635.62	0.152	0.01	7		3473	3398.89	1.7068	1.6978			3402.37	1.709	1.7			1.0359	1	0.04682	0.0345	0.236	1	1.0012	1.00	0	0
030120	Gilbert Hospital	38060	38060	38060	38060	3060	04013	8	lurban	lurban	N	1.0528						1	0	0	19	7	0	0	0.4139	0.03	0	0.03	0.000049	2492.91	0.000044	1779.09	0.32	0.068	0		114	112.74	1.4165	1.3691			112.95	1.412	1.3643			1.0359	1	0.06104	0.28491	0.266	1	1	1.00	0	0
030121	"Mountain Vista Medical Center, Lp"	38060	38060	38060	38060	3060	04013	8	lurban	lurban	N	1.0528						1	0.2518	0.2853	142	79	0.12855	0.08384	0.3256	0.04019	0.06816	0.04019	0.000139	522.78	0.000185	537.09	0.144	0.024	0		2097	2060.29	2.0451	2.0368	1193.64	1.9471	2062.88	2.0517	2.0427	1195.52	1.9601	1.0359	1	0.0107	0.05283	0.316	1	0.99554	0.99	0	0
030122	Banner Gateway Medical Center	38060	38060	38060	38060	3060	04013	8	lurban	lurban	N	1.0528						1	0	0	165	112	0	0	0.2763	0.03002	0.05755	0.03002	0.000289	1101.08	0.000351	1054.61	0.2	0.034	0		1990	1953.18	1.7449	1.7309			1954.48	1.7587	1.7439			1.0359	1	0.10102	0.3252	0.19	1	1.00109	0.99	0	0
030123	Scottsdale Thompson Peak Medical Center	38060	38060	38060	38060	3060	04013	8	lurban	lurban	N	1.0528						1	0.037	0	92	46	0.02001	0	0.06231	0	0	0		0		0	0.16	0.026	0		2977	2885	1.726	1.7134	93.23	2.2229	2907.26	1.7044	1.6956	93.94	2.1988	1.0359	1	0.01737	0.06529	0.47	1	1.00677	1.00	0	0
030130	Banner Ironwood Medical Center	38060	38060	38060	38060	3100	04021	8	lurban	lurban	N	1.0528						1	0	0	53	19	0	0	0.4025	0.03	0	0.03	0.000095	1681.01	0.000105	1694.66	0.226	0.063	0		495	477.04	1.6024	1.5859			477.52	1.611	1.5895			1.0359	1	0.02668	0.27137	0.176	1	1.01199	0.99	0	0
030131	O.A.S.I.S. Hospital	38060	38060	38060	38060	3060	04013	8	lurban	lurban	N	1.0528						1	0	0	64	22	0	0	0.002	0	0	0		0		0	0.243	0.032	0		1601	1587.36	2.3946	2.3896			1590.6	2.3478	2.3424			1.0359	1	0.00423	0.0132	0.433	1	1	0.97	0	0
030132	"Florence Hospital At Anthem, Llc"	38060	38060	38060	38060	3100	04021	8	lurban	lurban	N	1.0528						1	0	0	36	5	0	0	0.2611	0.02689	0	0.02689	0.000021	1058.49	0.00003	1190.25	0.177	0.04	0		146	144.55	1.2199	1.1927			144.22	1.2255	1.194			1.0359	1	0	0	0.288	1	1	1.00	0	0
030134	Banner Goldfield Medical Center	38060	38060	38060	38060	3100	04021	8	lurban	lurban	N	1.0528						1	0	0	30	7	0	0	0.2005	0.01446	0	0.01446	0.000033	1143.35	0.000026	714.37	0.274	0.049	0		185	174.43	1.2989	1.2787			174.95	1.3024	1.2824			1.0359	1	0.00104	0.01895	0.381	1	1	1.00	0	0
030136	Dignity Health - Arizona General Hospital	38060	38060	38060	38060	3060	04013	8	lurban	lurban	N	1.0528						1	0	0	16	2	0	0	0.4138	0.03	0	0.03	0.00008	21454.44		0	0.35	0.132	0		32	29.78	1.4536	1.4297			29.89	1.439	1.4196			1.0359	1	0	0	0.125	1	1	1.00	0	1
030137	Green Valley Hospital	46060	46060	46060	46060	3090	04019	8	ourban	ourban	N	1.0528						1	0	0	49	13	0	0	0.07568	0	0	0		0		0	0.442	0.022	0		700	678.12	1.1763	1.1621			679.74	1.1756	1.1611			1.0359	1	0.00951	0.00181	0.488	1.22947	1	1.00	1	1
040001	Siloam Springs Regional Hospital	22220	22220	22220	22220	4030	05007	7	ourban	ourban	N	0.8108						1	0	0	44	12	0	0	0.4926	0.03	0	0.03	0.000056	1122.49	0.000052	734.78	0.209	0.029	0		357	344.64	1.2871	1.2735			345.69	1.282	1.2666			0.8662	1	0.0016	0.01478	0.288	1.15917	0.99873	0.99	0	0
040002	Johnson Regional Medical Center	4	4	4	4	4350	05071	7	rural	rural	N	0.7098						1	0	0	58	16	0	0	0.4141	0.03	0	0.03	0.000082	948.42	0.000062	596.65	0.456	0.085	0		665	648.55	1.2878	1.2786			649.76	1.2915	1.2825			0.7908	1	0.0034	0.0274	0.447	1.15144	1.00499	0.99	0	0
040004	Washington Regional Medical Center	22220	22220	22220	22220	4710	05143	7	ourban	ourban	N	0.8108						1	0.0569	0.1051	271	168	0.0306	0.0301	0.2568	0.026	0.05338	0.026	0.000175	255.97	0.000224	284.79	0.185	0.013	0		5904	5786.12	1.88	1.8697	1310.81	2.0915	5794.08	1.8875	1.8769	1313.41	2.102	0.8662	1	0.01348	0.00753	0.393	1	0.99266	1.00	0	0
040007	Chi-St Vincent Infirmary	30780	30780	30780	30780	4590	05119	7	ourban	ourban	N	0.8114						1	0.0105	0.0158	436	301	0.00572	0.00447	0.4237	0.06043	0.08959	0.06043	0.000523	521.06	0.000657	539.1	0.226	0.023	0		8192	8087.23	2.248	2.2278	1472.34	1.9247	8098.81	2.252	2.2343	1473.14	1.9363	0.8667	1	0.04629	0.07566	0.423	1	0.98953	1.00	0	0
040010	Mercy Hospital Northwest Arkansas	22220	22220	22220	22220	4030	05007	7	ourban	ourban	N	0.8108						1	0	0	179	108	0	0	0.2304	0.02056	0.04776	0.02056	0.000389	924.58	0.000257	520.4	0.219	0.012	0		3595	3477.62	1.8684	1.8478			3485.76	1.871	1.8496			0.8662	1	0.03083	0.01093	0.332	1	1.00074	0.99	0	0
040011	Chambers Memorial Hospital	4	4	4	4	4740	05149	7	rural	rural	N	0.7098						1	0	0	40	13	0	0	0.3084	0.03	0	0.03	0.000018	169.91	0.000025	181.64	0.497	0.072	16	3135.73	826	809.38	1.0547	1.0467			811.27	1.0505	1.043			0.7908	1	0	0	0.565	1.15318	1.02134	0.97	0	0
040014	White County Medical Center	4	4	30780	4	4720	05145	7	rural	rural	W	0.8114						1	0.2005	0.0227	286	130	0.1037	0.00643	0.4322	0.06218	0	0.06218	0.000376	600.59	0.000379	508.93	0.226	0.015	17	4794.63	5202	5110.28	1.4154	1.4081	825.42	1.3302	5118.33	1.4196	1.4123	826.01	1.3299	0.8667	1	0.00134	0.00093	0.468	1	1.00202	1.00	0	0
040015	Mena Regional Health System	4	4	4	4	4560	05113	7	rural	rural	N	0.7098						1	0	0	41	9	0	0	0.3838	0.03	0	0.03	0.000047	795.04	0.000056	738.7	0.44	0.039	16	5121.13	485	474.55	1.128	1.1214			475.06	1.1254	1.1181			0.7908	1	0.00009	0.00085	0.425	1.2	1.00297	1.00	0	0
040016	Uams Medical Center	30780	30780	30780	30780	4590	05119	7	ourban	ourban	N	0.8114						1	0.4305	0.5693	512	422	0.21065	0.17428	0.4898	0.07406	0.10427	0.07406	0.001093	1327.14	0.001604	1689.81	0.326	0.026	0		7135	7037.33	2.0027	1.986	1478.43	1.9485	7040.35	2.014	1.9972	1478.37	1.9728	0.8667	1	0.11729	0.12171	0.257	1	0.9999	1.00	0	0
040017	North Arkansas Regional Medical Center	4	4	22220	4	4040	05009	7	rural	rural	W	0.8						1	0	0	120	25	0	0	0.3662	0.04857	0	0.04857		0	0.000109	512.32	0.338	0.033	17	5451.27	1218	1178.32	1.5032	1.4937			1181.83	1.5003	1.4912			0.8583	1	0.00373	0.00554	0.47	1	1.00766	1.00	0	0
040018	Sparks Medical Center - Van Buren	22900	22900	22900	22900	4160	05033	7	ourban	ourban	N	0.7648						1	0	0	103	7	0	0	0.6345	0.1039	0.13711	0.1039	0.000033	1288.82	0.000038	851.57	0.208	0.038	0		236	227.22	1.2002	1.1681			229.03	1.1731	1.1519			0.8322	1	0.01367	0.05661	0.247	1	1	1.00	0	0
040019	Forrest City Medical Center	4	4	4	4	4610	05123	7	rural	rural	N	0.7098						1	0	0	48	16	0	0	0.7596	0.03	0	0.03	0.000061	1303.33	0.00008	1309.78	0.197	0.016	16	4126.4	356	346.01	1.0897	1.0728			346.53	1.093	1.0752			0.7908	1	0.0034	0.00521	0.192	1.12023	1.00686	0.99	0	0
040020	St Bernards Medical Center	27860	27860	32820	27860	4150	05031	7	ourban	ourban	W	0.8421						1	0.0335	0.0751	314	203	0.01814	0.02142	0.3336	0.04184	0.06989	0.04184	0.000525	667.14	0.000573	578.97	0.395	0.025	7		6361	6251.92	1.8267	1.8169	1537.77	1.76	6262.44	1.8282	1.8179	1538.69	1.7621	0.889	1	0.02486	0.0131	0.431	1	0.99492	0.98	0	0
040022	Northwest Medical Center-Springdale	22220	22220	22220	22220	4710	05143	7	ourban	ourban	N	0.8108						1	0.0211	0.0578	273	141	0.01146	0.01644	0.4671	0.06938	0.09921	0.06938	0.00042	933.16	0.000513	904.67	0.107	0.012	0		3429	3340.84	1.8408	1.8295	927.33	1.7479	3348.45	1.8455	1.8342	929.41	1.7581	0.8662	1	0.01146	0.02583	0.254	1	0.99485	0.99	0	0
040026	Chi St. Vincent Hospital Hot Springs	26300	26300	26300	26300	4250	05051	7	ourban	ourban	N	0.8908						1	0	0	203	150	0	0	0.2539	0.0254	0.05276	0.0254	0.000257	374.37	0.000217	259.31	0.256	0.007	7		5705	5610.57	1.7513	1.7315			5618.65	1.7558	1.7364			0.9239	1	0.01444	0.00076	0.506	1	0.99157	0.99	0	0
040027	Baxter Regional Medical Center	4	4	44180	4	4020	05005	7	rural	rural	W	0.7943						1	0	0	146	75	0	0	0.2268	0.01982	0	0.01982	0.000135	288.71	0.000126	222.54	0.304	0.03	17	4870.07	3974	3858.38	1.6895	1.6766			3874.14	1.6786	1.668			0.8541	1	0.01579	0.0254	0.523	1	0.99321	0.99	0	0
040029	Conway Regional Medical Center	30780	30780	30780	30780	4220	05045	7	ourban	ourban	N	0.8114						1	0	0	143	81	0	0	0.2829	0.03139	0.05896	0.03139	0.000143	370.03	0.00016	335.13	0.364	0.025	0		3052	2989.02	1.5667	1.5577			2992.73	1.5744	1.5647			0.8667	1	0.02008	0.01332	0.453	1	1.0021	0.98	0	0
040036	Baptist Health Medical Center North Little Rock	30780	30780	30780	30780	4590	05119	7	ourban	ourban	N	0.8114						1	0	0	174	117	0	0	0.2433	0.02322	0.0505	0.02322	0.00021	359.19	0.000205	273.44	0.252	0.014	0		4606	4477.64	1.7223	1.7092			4487.57	1.7231	1.7097			0.8667	1	0.01176	0.00235	0.473	1	0.99287	0.98	0	0
040039	Arkansas Methodist Medical Center	4	4	4	4	4270	05055	7	rural	rural	N	0.7209				YES	0.0111	1	0	0	114	34	0	0	0.3555	0.04636	0	0.04636	0.000089	494.12	0.000096	428.6	0.344	0.016	7		1435	1401.86	1.4454	1.4302			1404.49	1.4395	1.4258			0.7992	1	0.00699	0.001	0.437	1	0.9963	0.98	0	0
040041	St Marys Regional Medical Center	4	4	30780	4	4570	05115	7	rural	rural	W	0.8114						1	0	0	137	59	0	0	0.5023	0.07664	0	0.07664	0.000122	573.39	0.000176	647.73	0.125	0.011	7		1768	1736.4	1.6488	1.6413			1739	1.6509	1.6438			0.8667	1	0.00693	0.00778	0.347	1	0.99964	0.99	0	0
040047	Five Rivers Medical Center	4	4	27860	4	4600	05121	7	rural	rural	W	0.7579						1	0	0	32	6	0	0	0.1558	0.00719	0	0.00719	0.000011	281.34	0.000011	229.61	0.541	0.062	16	4649.73	345	336.74	1.0415	1.0381			337.35	1.0365	1.0333			0.8271	1	0.0053	0.00961	0.61	1.25	1	1.00	0	0
040050	Ouachita County Medical Center	4	4	4	4	4510	05103	7	rural	rural	N	0.7098						1	0	0	87	16	0	0	0.3139	0.03	0	0.03	0.000048	686.18	0.00005	570.27	0.401	0.039	16	4900.61	614	603.68	1.1964	1.1931			604.43	1.1881	1.1848			0.7908	1	0.02032	0.0319	0.382	1.15106	1.00282	1.00	0	0
040051	Drew Memorial Hospital	4	4	4	4	4210	05043	7	rural	rural	N	0.7098						1	0	0	49	21	0	0	0.4176	0.03	0	0.03	0.00006	584.05	0.000057	427.44	0.44	0.028	16	4770.86	776	740.3	1.1889	1.1676			742.69	1.1842	1.1632			0.7908	1	0	0	0.349	1.09485	1.01255	0.99	0	0
040055	Sparks Regional Medical Center	22900	22900	22900	22900	4650	05131	7	ourban	ourban	N	0.7648						1	0.0541	0.0652	249	198	0.02912	0.01857	0.3316	0.04143	0.06945	0.04143	0.000384	491.91	0.0005	516.17	0.154	0.012	7		6192	6083.35	1.6912	1.6781	1119.98	1.6141	6097.6	1.6836	1.6714	1121.17	1.6053	0.8322	1	0.01831	0.01596	0.438	1	0.99173	0.98	0	0
040062	Mercy Hospital Fort Smith	22900	22900	22220	4	4650	05131	7	ourban	rural	S	0.8		YES	YES			1	0	0	343	174	0	0	0.3067	0.03629	0	0.03629	0.000497	771.81	0.00041	534.76	0.318	0.021	7		5287	5156.21	1.7938	1.7658			5166.87	1.7959	1.7669			0.8583	1	0.03373	0.02354	0.378	1	0.99619	0.99	0	0
040067	Magnolia Hospital	4	4	4	4	4130	05027	7	rural	rural	N	0.7446				YES	0.0348	1	0.1527	1.0916	43	14	0.07998	0.36077	0.4043	0.03	0	0.03	0.000043	565.93	0.000038	410.62	0.511	0.02	16	5105.9	557	540.55	1.1439	1.1192	55.73	1.0156	541.53	1.1314	1.1088	55.74	1.0314	0.8171	1	0.01401	0.00234	0.484	1.15606	0.99882	0.99	0	0
040069	Great River Medical Center	4	4	27860	4	4460	05093	7	rural	rural	W	0.7579						1	0	0	148	11	0	0	0.488	0.07369	0	0.07369	0.000077	1106.67	0.000092	1040.78	0.361	0.023	17	4623.77	531	507.83	1.0954	1.0663			509.81	1.0884	1.063			0.8271	1	0.00521	0.00423	0.422	1.12727	1.00205	0.99	0	0
040071	Jefferson Regional Medical Center	38220	38220	30780	4	4340	05069	7	ourban	rural	S	0.8114		YES	YES			1	0.0879	0.2462	265	100	0.04686	0.07195	0.3843	0.03	0	0.0523		0		0	0.196	0.01	16	6646.84	3331	3278.18	1.5747	1.5706	636.1	1.634	3282.33	1.5738	1.5697	636.34	1.6366	0.8667	1	0.02896	0.00902	0.447	1	0.99196	0.99	0	0
040072	Baptist Health Medical Center-Stuttgart	4	4	4	4	4000	05001	7	rural	rural	N	0.7098						1	0	0	49	10	0	0	0.4203	0.05972	0	0.03	0.000036	575.92	0.000037	447.69	0.54	0.045	14	6080.92	487	471.19	1.1593	1.149			473.31	1.1249	1.1173			0.7908	1	0.00232	0.00294	0.477	1.19939	1.01606	1.00	0	0
040074	North Metro Medical Center	30780	30780	30780	30780	4590	05119	7	ourban	ourban	N	0.8114						1	0	0	47	13	0	0	0.2652	0.02774	0	0.02774	0.000039	573.62	0.000013	171.18	0.393	0.017	0		550	540.91	1.2678	1.2412			541.3	1.2707	1.2417			0.8667	1	0.01386	0.00306	0.485	1	1	1.00	1	0
040076	Baptist Health Medical Center-Hot Springs County	4	4	26300	26300	4290	05059	7	rural	ourban	L	0.8716	LUGAR					1	0	0	72	24	0	0	0.6942	0.03	0	0.03	0.000065	709.24	0.00007	556.21	0.55	0.029	14	4599.72	687	666.31	1.1293	1.12			668.04	1.1324	1.1246			0.9102	1	0.00053	0.00005	0.397	1.11894	1.00773	0.98	0	0
040078	National Park Medical Center	26300	26300	26300	26300	4250	05051	7	ourban	ourban	N	0.8908						1	0	0	128	63	0	0	0.3091	0.03679	0.06459	0.03679	0.000095	319.93	0.000139	378.76	0.085	0.006	7		2425	2391.54	1.702	1.693			2394.11	1.7084	1.6993			0.9239	1	0.02576	0.0208	0.507	1	0.9957	0.98	0	0
040084	Saline Memorial Hospital	30780	30780	30780	30780	4620	05125	7	ourban	ourban	N	0.8114						1	0	0	117	52	0	0	0.2984	0.03458	0.06229	0.03458	0.000112	398.01	0.00011	328.05	0.317	0.027	0		2404	2360.77	1.4407	1.4352			2365.89	1.4353	1.4302			0.8667	1	0.00502	0.0061	0.501	1	0.99087	0.98	0	0
040085	Helena Regional Medical Center	4	4	32820	4	4530	05107	7	rural	rural	W	0.8421						1	0	0	127	13	0	0	0.5596	0.03	0	0.08846	0.000039	565.88	0.000043	493	0.156	0.014	16	3751.63	558	550.73	1.0481	1.0412			551.35	1.045	1.0387			0.889	1	0.00909	0.01102	0.387	1.15773	1.01856	0.99	0	0
040088	Medical Center Of South Arkansas	4	4	33740	4	4690	05139	7	rural	rural	W	0.7842						1	0	0	98	33	0	0	0.2558	0.0258	0	0.0258		0		0	0.125	0.01	17	6145.5	1373	1329.47	1.6627	1.6471			1333.37	1.6566	1.6409			0.8466	1	0.01485	0.01754	0.469	1	0.9995	1.00	0	0
040114	Baptist Health Medical Center-Little Rock	30780	30780	30780	30780	4590	05119	7	ourban	ourban	N	0.8114						1	0.0086	0.0152	751	402	0.00469	0.0043	0.3565	0.04657	0.07486	0.04657	0.000659	538.56	0.000756	501.19	0.229	0.01	0		10221	10064.8	2.0793	2.0563	2055.38	2.0984	10077.5	2.0868	2.0641	2057.81	2.0994	0.8667	1	0.03034	0.00541	0.355	1	0.98966	1.00	0	0
040118	Nea Baptist Memorial Hospital	27860	27860	27860	27860	4150	05031	7	ourban	ourban	N	0.7797						1	0.0056	0.0099	184	111	0.00306	0.0028	0.2473	0.02404	0.05135	0.02404	0.000131	231.23	0.000137	209.26	0.191	0.03	0		4603	4533.83	1.6569	1.6503	757.13	1.7233	4542.39	1.6557	1.6493	757.4	1.7389	0.8433	1	0.02023	0.0646	0.521	1	1.00234	0.98	0	0
040119	White River Medical Center	4	4	27860	4	4310	05063	7	rural	rural	W	0.7579						1	0.0668	0	150	87	0.03582	0	0.496	0.07534	0	0.07534	0.000178	424.33	0.000259	506.01	0.249	0.02	17	5236.12	3668	3589.9	1.6232	1.6131			3596.67	1.6193	1.6096			0.8271	1	0.00983	0.01226	0.516	1	1.00144	0.99	0	0
040132	Levi Hospital	26300	26300	26300	26300	4250	05051	7	ourban	ourban	N	0.8908						1	0		1	0	0	0.52699	1	0.03	0	0.03		0		0	0.261	0.07	0		5	5	1.1735	1.1735			5	1.1961	1.1961			0.9239	1	0	0	0.333	1	1	1.00	1	1
040134	"Arkansas Heart Hospital, Llc"	30780	30780	30780	30780	4590	05119	7	ourban	ourban	N	0.8114						1	0	0	112	50	0	0	0.0585	0	0.01192	0		0		0	0.283	0.028	0		3492	3445.72	2.3317	2.3233			3449.45	2.3285	2.3205			0.8667	1	0.01385	0.02307	0.643	1	1.01587	0.98	0	0
040137	St Vincent Medical Center/North	30780	30780	30780	30780	4590	05119	7	ourban	ourban	N	0.8114						1	0	0	58	16	0	0	0.2532	0.02526	0	0.02526	0.000031	339.59	0.000022	218.81	0.252	0.017	0		851	826.21	1.4413	1.4132			828.12	1.4381	1.4116			0.8667	1	0.00696	0.00528	0.514	1	0.99353	0.99	0	0
040147	Arkansas Surgical Hospital	30780	30780	30780	30780	4590	05119	7	ourban	ourban	N	0.8114						1	0	0	49	18	0	0	0.03802	0	0	0		0		0	0.236	0.03	0		1640	1632.27	2.2867	2.2826			1632.73	2.2508	2.2461			0.8667	1	0.00119	0.00355	0.483	1	1	1.00	0	0
040152	Northwest Health Physicians Specialty Hospital	22220	22220	22220	22220	4710	05143	7	ourban	ourban	N	0.8108						1	0	0	20	5	0	0	0.03853	0	0	0		0		0	0.277	0.042	0		327	324.21	2.3467	2.3401			324.6	2.3067	2.3004			0.8662	1	0.08876	0.24075	0.437	1	1	0.97	0	0
040153	Wadley Regional Medical Center At Hope	4	4	4	4	4280	05057	7	rural	rural	N	0.7098						1	0	0	67	9	0	0	0.2577	0.02619	0	0.02619	0.000026	419.4	0.000017	217.45	0.235	0.019	0		474	466.2	1.2187	1.2149			466.65	1.2093	1.2054			0.7908	1	0	0	0.745	1.22061	0.99637	0.99	0	0
040154	Baptist Health Medical Center-Conway	30780	30780	30780	30780	4220	05045	7	ourban	ourban	N	0.8114						1	0		107	0	0	0.52699	0	0	0	0		0		0	0.2	0.107	0		752	715.84	1.5509	1.5253			719	1.5421	1.5181			0.8667	1	0.00708	0.17176		1	1	1.00	0	0
050002	St Rose Hospital	36084	36084	36084	36084	5000	06001	9	lurban	lurban	N	1.6923				YES	0.0023	1	0	0	195	71	0	0	0.6755	0.11236	0.14659	0.11236	0.000177	787.4	0.000291	1053.91	0.184	0.024	0		1792	1762.31	1.5982	1.5856			1765.27	1.6015	1.5885			1.4337	1	0.05988	0.13912	0.381	1	0.99882	0.98	0	0
050006	St Joseph Hospital	5	5	39820	5	5110	06023	9	rural	rural	W	1.3647						1	0	0	133	80	0	0	0.4245	0.06059	0	0.06059	0.000198	567.75	0.000183	442.57	0.195	0.019	7		3046	3010.18	1.8329	1.8202			3012.43	1.8457	1.8334			1.2373	1	0.06332	0.09849	0.492	1	0.99809	1.00	0	0
050007	Mills-Peninsula Medical Center	41884	41884	41884	41884	5510	06081	9	lurban	lurban	N	1.7301				YES	0.005	1	0	0	241	125	0	0	0.1754	0.01038	0.03616	0.01038	0.000184	435.43	0.000173	321.74	0.259	0.032	0		3479	3385.18	1.9893	1.9678			3394.09	1.9819	1.9588			1.4556	1	0.08087	0.1571	0.317	1	1.00913	1.00	0	0
050008	California Pacific Medical Ctr-Davies Campus Hosp	41884	41884	42034	41884	5480	06075	9	lurban	lurban	W	1.7282						1	0.007	0.0225	146	48	0.00382	0.00637	0.3775	0.0509	0.07944	0.0509	0.000111	879.11	0.000094	638.64	0.236	0.014	0		1043	1018.5	1.9271	1.9108	325.27	1.7725	1020.82	1.9406	1.9274	326.39	1.7916	1.4545	1	0.12654	0.06126	0.339	1	0.9982	1.00	0	0
050009	Queen Of The Valley Medical Center	34900	34900	42034	5	5380	06055	9	ourban	rural	S	1.7282		YES	YES			1	0	0	198	77	0	0	0.3185	0.03873	0	0.03873	0.000179	516.61	0.000189	465.29	0.189	0.015	7		3120	3063.23	1.8033	1.7969			3068.55	1.804	1.798			1.4545	1	0.07113	0.08239	0.483	1	0.99977	1.00	0	0
050013	Adventist Health St Helena	34900	34900	34900	34900	5380	06055	9	ourban	ourban	N	1.5649				YES	0.0472	1	0	0	151	59	0	0	0.4234	0.06036	0.08952	0.06036	0.000124	407.35	0.000179	506.67	0.146	0.012	0		2735	2707.76	2.1624	2.1567			2710.71	2.1563	2.1508			1.3589	1	0.04592	0.04179	0.433	1	1.0008	1.00	0	0
050014	Sutter Amador Hospital	5	5	40900	5	5020	06005	9	rural	rural	W	1.5862						1	0	0	52	25	0	0	0.3124	0.03	0	0.03	0.000072	507.67	0.000056	327.9	0.267	0.02	16	8269.02	1189	1155.07	1.4502	1.4375			1158.12	1.4534	1.4409			1.3715	1	0.02229	0.01963	0.571	1.09886	1.00022	1.00	0	0
050017	Mercy General Hospital	40900	40900	40900	40900	5440	06067	9	lurban	lurban	N	1.5862						1	0.0179	0.0399	377	167	0.00974	0.01132	0.4388	0.06354	0.09292	0.06354	0.000374	782.85	0.000505	847.72	0.172	0.008	0		3699	3631.19	2.2332	2.2288	2035.19	2.5131	3637.76	2.2315	2.2267	2040.14	2.5146	1.3715	1	0.08584	0.02084	0.291	1	1.00315	0.99	0	0
050018	Pacific Alliance Medical Center	31084	31084	31084	31084	5200	06037	9	lurban	lurban	N	1.2827						1	0	0	135	78	0	0	1.2018	0.22091	0.27553	0.22091	0.000255	2665.76	0.000443	3061.34	0.252	0.005	0		455	448.81	1.3999	1.3856			449.56	1.3777	1.3643			1.1859	1	0.07847	0.00396	0.173	1	0.99907	1.00	0	0
050022	Riverside Community Hospital	40140	40140	11244	40140	5430	06065	9	lurban	lurban	W	1.25						1	0.0574	0	373	296	0.03086	0	0.5187	0.08002	0.11075	0.08002	0.000696	1496.06	0.000772	1362.53	0.099	0.007	0		4065	3983.51	1.8983	1.8786	3491.88	1.9039	3990.18	1.9009	1.8815	3500.58	1.9122	1.1651	1	0.04779	0.03963	0.203	1	0.99422	0.99	0	0
050024	Paradise Valley Hospital	41740	41740	41740	41740	5470	06073	9	lurban	lurban	N	1.25						1	0	0	230	140	0	0	0.816	0.14134	0.17968	0.14134	0.000315	1270.05	0.000533	1474.75	0.22	0.018	0		1899	1876	1.5745	1.5661			1877.39	1.5862	1.5781			1.1651	1	0.01188	0.01139	0.234	1	1	1.00	0	0
050025	Uc San Diego Health Hillcrest - Hillcrest Med Ctr	41740	41740	5	41740	5470	06073	9	lurban	lurban	W	1.25						1	0.515	0.7522	510	441	0.24735	0.23648	0.5309	0.08254	0.1135	0.08254	0.001259	1649.77	0.001909	2087.94	0.287	0.029	0		6633	6504.03	2.3212	2.3145	1725.61	2.0395	6520.57	2.3237	2.3168	1727.82	2.0502	1.1651	1	0.24112	0.35797	0.237	1	0.99937	1.00	0	0
050026	Grossmont Hospital	41740	41740	41740	41740	5470	06073	9	lurban	lurban	N	1.25						1	0	0	458	283	0	0	0.5255	0.08142	0.11228	0.08142	0.00084	908.43	0.001081	942.07	0.163	0.008	0		7353	7198.02	1.733	1.7257			7205.84	1.7441	1.7357			1.1651	1	0.06721	0.02356	0.297	1	0.99481	1.00	0	0
050028	Mad River Community Hospital	5	5	5	5	5110	06023	9	rural	rural	N	1.25						1	0	0	78	23	0	0	0.4597	0.03	0	0.03	0.000055	770.88	0.000067	746.48	0.335	0.014	0		557	552.35	1.41	1.3979			553.17	1.4133	1.4024			1.1651	1	0.09109	0.02281	0.337	1	1	1.00	1	0
050030	Oroville Hospital	17020	17020	17020	17020	5030	06007	9	ourban	ourban	N	1.25						1	0	0	133	113	0	0	0.5479	0.08604	0.11734	0.08604	0.00024	347.22	0.000276	344.25	0.251	0.015	0		5885	5828.98	1.5322	1.5271			5831.24	1.5464	1.5413			1.1651	1	0.00324	0.00132	0.524	1	1.01905	0.97	0	0
050036	Bakersfield Memorial Hospital	12540	12540	12540	12540	5140	06029	9	ourban	ourban	N	1.25						1	0	0	321	168	0	0	0.6178	0.10046	0.13327	0.10046	0.000375	978.35	0.000676	1497.12	0.207	0.008	0		3271	3211.6	1.8092	1.8008			3215.84	1.8155	1.8071			1.1651	1	0.09016	0.01792	0.232	1	0.99109	0.99	0	1
050038	Santa Clara Valley Medical Center	41940	41940	41940	41940	5530	06085	9	lurban	lurban	N	1.7827						1	0.323	0.539	436	281	0.16205	0.16428	0.8227	0.14272	0.18128	0.14272	0.002091	8032.55	0.002218	6584.09	0.275	0.021	0		2107	2064.03	1.9151	1.8931	775.2	1.5278	2065.92	1.9287	1.9068	776.21	1.5331	1.4857	1	0.31613	0.32104	0.117	1	0.99563	1.00	0	0
050039	Enloe Medical Center	17020	17020	17020	17020	5030	06007	9	ourban	ourban	N	1.25						1	0	0	258	183	0	0	0.3403	0.04322	0.07134	0.04322	0.000289	297.35	0.000357	317.49	0.159	0.01	0		8590	8435.16	1.687	1.6713			8455.59	1.6764	1.6611			1.1651	1	0.0622	0.0362	0.535	1	0.99838	0.99	0	0
050040	Lac/Olive View-Ucla Medical Center	31084	31084	31084	31084	5200	06037	9	lurban	lurban	N	1.2827						1	0.6155	1.0448	249	143	0.28945	0.34291	0.9991	0.1791	0.22424	0.1791	0.001193	13071.59	0.0011	11245.16	0.198	0.015	0		865	855.31	1.443	1.4363	141.4	1.3143	855.99	1.454	1.4472	141.51	1.3305	1.1859	1	0.11597	0.13511	0.058	1	1.00933	1.00	0	0
050042	St Elizabeth Community Hospital	5	5	39820	5	5620	06103	9	rural	rural	W	1.3647						1	0	0	76	23	0	0	0.4842	0.03	0	0.03		0		0	0.212	0.02	16	8162.28	1180	1132.68	1.5213	1.499			1135.74	1.5238	1.503			1.2373	1	0.00843	0.01164	0.426	1.07023	0.9995	1.00	0	0
050043	Alta Bates Summit Medical Center	36084	36084	36084	36084	5000	06001	9	lurban	lurban	N	1.6923				YES	0.0023	1	0	0	268	150	0	0	0.4945	0.07503	0.10532	0.07503	0.00029	504.57	0.000331	503.03	0.239	0.02	0		5122	4972.38	1.8747	1.8611			4987.07	1.8705	1.8573			1.4337	1	0.06289	0.06689	0.43	1	0.99781	1.00	0	0
050045	El Centro Regional Medical Center	20940	20940	20940	20940	5120	06025	9	ourban	ourban	N	1.25						1	0	0	161	53	0	0	0.6479	0.10667	0.1402	0.10667	0.000234	1048.85	0.000249	912.79	0.208	0.016	0		1822	1745.83	1.4379	1.4253			1752.01	1.4334	1.4212			1.1651	1	0.00985	0.00838	0.445	1	1.00552	1.00	0	0
050047	California Pacific Medical Ctr-Pacific Campus Hosp	41884	41884	42034	41884	5480	06075	9	lurban	lurban	W	1.7282						1	0.1928	0.3447	464	246	0.09992	0.10216	0.385	0.05244	0.08108	0.05244	0.00041	636.13	0.000556	714.53	0.25	0.017	0		5256	5158.72	2.0092	2.0019	1593.43	1.7546	5172.1	2.0052	1.9983	1595.82	1.7538	1.4545	1	0.14118	0.0993	0.281	1	1.00601	1.00	0	0
050054	San Gorgonio Memorial Hospital	40140	40140	11244	40140	5430	06065	9	lurban	lurban	W	1.25						1	0	0	61	44	0	0	0.4069	0.03	0	0.03	0.000087	988.78	0.000111	1045.93	0.309	0.058	0		793	769.38	1.3385	1.3227			771.9	1.3398	1.3255			1.1651	1	0.02422	0.11193	0.221	1	0.99396	1.00	0	1
050055	California Pacific Medical Ctr - St. Luke'S Campus	41884	41884	42034	41884	5480	06075	9	lurban	lurban	W	1.7282						1	0.0114	0.0391	120	44	0.00621	0.0111	0.614	0.09968	0.1324	0.09968	0.000159	1436.63	0.000173	1304.97	0.304	0.017	0		900	878.21	1.4389	1.4239	370.79	1.3541	879.45	1.4297	1.4133	369.84	1.3571	1.4545	1	0.13238	0.0732	0.323	1	1.00528	1.00	0	0
050056	Antelope Valley Hospital	31084	31084	31084	31084	5200	06037	9	lurban	lurban	N	1.2827						1	0	0	393	228	0	0	0.4771	0.07144	0.10143	0.07144	0.000557	1469.97	0.000882	1898.53	0.204	0.015	0		3220	3190.72	1.8097	1.7959			3191.92	1.8253	1.812			1.1859	1	0.09239	0.08101	0.2	1	0.99031	0.99	0	0
050057	Kaweah Delta Medical Center	47300	47300	47300	47300	5640	06107	9	ourban	ourban	N	1.25						1	0.1573	0.0885	403	263	0.08228	0.02529	0.5191	0.0801	0.11084	0.0801	0.000476	565.96	0.00073	743.73	0.266	0.011	0		7194	7089.2	1.7372	1.73	990.63	1.8418	7101.05	1.7359	1.7294	992.15	1.8444	1.1651	1	0.03834	0.00661	0.398	1	0.99473	1.00	0	0
050058	Glendale Mem Hospital & Hlth Center	31084	31084	37100	5	5200	06037	9	ourban	rural	S	1.4349		YES	YES			1	0	0	301	137	0	0	0.9056	0.15982	0	0.15982	0.000305	946.72	0.000562	1325.12	0.181	0.015	7		2578	2527.79	1.7635	1.7531			2532.15	1.7501	1.7393			1.2805	1	0.0626	0.0813	0.304	1	1.00103	0.99	0	0
050060	Community Regional Medical Center	23420	23420	23420	23420	5090	06019	9	ourban	ourban	N	1.25						1	0.1854	0.2535	767	613	0.09627	0.07416	0.7848	0.1349	0.17225	0.1349	0.001541	1720.4	0.002293	2130.36	0.183	0.015	0		7436	7348.4	2.0548	2.0472	1536	1.9941	7352.78	2.0726	2.065	1537.39	2.0216	1.1651	1	0.13658	0.14661	0.207	1	0.99252	0.99	0	0
050063	Hollywood Presbyterian Medical Center	31084	31084	31084	31084	5200	06037	9	lurban	lurban	N	1.2827						1	0	0	317	155	0	0	1.0463	0.18884	0.23599	0.18884	0.000503	1605.21	0.000843	2109.47	0.191	0.005	0		2557	2519.31	1.8335	1.8055			2522.5	1.8359	1.8082			1.1859	1	0.03557	0.00152	0.249	1	1.00037	1.00	0	0
050067	Oak Valley Hospital District	33700	33700	33700	33700	5600	06099	9	ourban	ourban	N	1.2891				YES	0.0391	1	0	0	35	9	0	0	0.3606	0.03	0	0.03	0.000071	1974.6	0.000074	1529.92	0.326	0.052	0		271	268.06	1.15	1.1437			268.39	1.1563	1.1507			1.1899	1	0.05399	0.16116	0.396	1	1.00022	0.99	0	0
050069	St Joseph Hospital	11244	11244	31084	11244	5400	06059	9	lurban	lurban	W	1.2603						1	0	0	426	187	0	0	0.3862	0.05269	0.08134	0.05269	0.000396	841.05	0.000462	820.6	0.192	0.019	0		3946	3824.78	2.1954	2.1974			3837.27	2.1878	2.1888			1.1717	1	0.05158	0.07474	0.226	1	0.99556	1.00	0	0
050070	Kaiser Foundation Hospital - South San Francisco	41884	41884	41884	41884	5510	06081	9	lurban	lurban	N	1.7301				YES	0.005	1	0	0	120	55	0	0	0.0313	0	0.00636	0		0		0	0.391	0.018	0		251	241.64	1.5488	1.5287			242.93	1.5464	1.5282			1.4556	1	0.11842	0.05149	0.048	1	1.0137	1.00	0	0
050071	Kaiser Foundation Hospital-Santa Clara	41940	41940	41940	41940	5530	06085	9	lurban	lurban	N	1.7827						1	0.2695	0.3641	327	204	0.13698	0.10821	0.0815	0	0.01664	0		0		0	0.375	0.008	0		484	460.78	2.0383	2.0363	5107.6	1.992	462.77	2.0485	2.0462	5161.6	2.004	1.4857	1	0.10197	0.00286	0.028	1	1.00905	1.00	0	0
050072	Kaiser Foundation Hospital - Walnut Creek	36084	36084	36084	36084	5060	06013	9	lurban	lurban	N	1.69						1	0.0184	0.0335	233	150	0.01001	0.0095	0.0792	0	0.01617	0		0		0	0.413	0.009	0		266	254.75	1.7173	1.7265	3607.51	1.6678	255.3	1.7376	1.7479	3616.61	1.685	1.4324	1	0.36589	0.03794	0.027	1	1.0096	1.00	0	0
050073	Kaiser Foundation Hospital And Rehab Center	46700	46700	46700	46700	5580	06095	9	ourban	ourban	N	1.703				YES	0.007	1	0.0187	0.0868	200	98	0.01017	0.0248	0.1398	0	0.02871	0	0.000097	1181.04	0.000108	1089.12	0.372	0.018	0		670	651.91	1.6608	1.6546	2920.35	1.6751	653.73	1.6725	1.6659	2935.19	1.6819	1.4399	1	0.09975	0.0351	0.072	1	1.01332	1.00	0	0
050075	Kaiser Foundation Hospital - Oakland/Richmond	36084	36084	36084	36084	5000	06001	9	lurban	lurban	N	1.6923				YES	0.0023	1	0.2464	0.4008	340	219	0.12596	0.11975	0.1479	0	0.0304	0		0		0	0.439	0.038	0		1361	1320.93	1.6524	1.6441	4999.91	1.7887	1322.81	1.6659	1.6577	5006.22	1.7982	1.4337	1	0.46079	0.49932	0.057	1	0.99966	1.00	0	0
050076	Kaiser Foundation Hospital - San Francisco	41884	41884	42034	41884	5480	06075	9	lurban	lurban	W	1.7282						1	0.3422	0.5076	238	147	0.1709	0.15401	0.1047	0	0.02143	0		0		0	0.404	0.014	0		290	284.8	1.9834	1.9752	3205.14	2.2373	285.51	1.9921	1.9839	3222.98	2.2421	1.4545	1	0.08269	0.00504	0.024	1	1.00792	1.00	0	0
050077	Scripps Mercy Hospital	41740	41740	41740	5	5470	06073	9	ourban	rural	S	1.25		YES				1	0.1589	0.2301	521	336	0.08309	0.06709	0.5788	0.09242	0	0.09242	0.001015	1473.04	0.001362	1535.34	0.159	0.011	7		5624	5528.47	1.7348	1.7192	4343.86	1.6049	5540.03	1.7315	1.7168	4355.98	1.5948	1.1651	1	0.08736	0.06347	0.22	1	0.99962	0.99	0	0
050078	Providence Little Co Of Mary Med Ctr San Pedro	31084	31084	31084	31084	5200	06037	9	lurban	lurban	N	1.2827						1	0	0	186	67	0	0	0.4605	0.06802	0.09774	0.06802	0.000138	865.6	0.000137	670.47	0.203	0.012	0		1225	1194.43	1.4689	1.4506			1195.66	1.485	1.4665			1.1859	1	0.04977	0.02269	0.321	1	1.00138	1.00	0	0
050082	St Johns Regional Medical Center	37100	37100	37100	37100	5660	06111	9	ourban	ourban	N	1.4349						1	0	0	242	127	0	0	0.4996	0.07608	0.10646	0.07608	0.000303	685.27	0.000421	832.98	0.174	0.021	0		3758	3681.31	1.822	1.8008			3688.48	1.821	1.7998			1.2805	1	0.02261	0.05509	0.378	1	1.00136	1.00	0	0
050084	St Joseph'S Medical Center Of Stockton	44700	44700	36084	5	5490	06077	9	ourban	rural	S	1.6738		YES	YES			1	0	0	351	208	0	0	0.5234	0.08099	0	0.08099	0.0004	646.56	0.000608	808.41	0.156	0.006	7		4907	4797.85	1.9797	1.9665			4808.77	1.9859	1.9722			1.423	1	0.03728	0.00849	0.327	1	1.00182	1.00	0	0
050089	Community Hospital Of San Bernardino	40140	40140	31084	40140	5460	06071	9	lurban	lurban	W	1.2603						1	0	0	185	76	0	0	0.9762	0.17438	0.21857	0.17438	0.000281	3395.47	0.000463	4541.35	0.211	0.016	0		698	683.45	1.5742	1.5521			684.87	1.5697	1.5493			1.1717	1	0.09682	0.08409	0.123	1	0.99324	1.00	0	0
050090	Sonoma Valley Hospital	42220	42220	36084	42220	5590	06097	9	ourban	ourban	W	1.6738						1	0	0	48	12	0	0	0.2633	0.02734	0	0.02734	0.000019	269.07	0.000024	276.02	0.231	0.027	0		566	547.71	1.6423	1.633			549.81	1.6448	1.635			1.423	1	0.003	0.00944	0.507	1	1.00224	1.00	0	0
050091	Community Hospital Of Huntington Park	31084	31084	31084	31084	5200	06037	9	lurban	lurban	N	1.2827						1	0	0	81	38	0	0	0.9797	0.03	0	0.03	0.000172	2327.15	0.000207	2011.55	0.128	0.009	0		579	569.75	1.5445	1.5268			570.43	1.5467	1.5295			1.1859	1	0.00222	0.00174	0.236	1	1.00022	0.99	0	0
050093	Saint Agnes Medical Center	23420	23420	23420	23420	5090	06019	9	ourban	ourban	N	1.25						1	0	0	436	250	0	0	0.4532	0.06651	0.09612	0.06651	0.000442	437.41	0.000632	515.51	0.236	0.015	0		8570	8422.74	1.7983	1.791			8435.45	1.7954	1.7881			1.1651	1	0.04385	0.02643	0.438	1	0.99034	0.99	0	0
050096	"West Covina Medical Center, Inc"	31084	31084	31084	31084	5200	06037	9	lurban	lurban	N	1.2827						1	0.1838	1.5	13	6	0.09548	0.52699	0.2297	0.02041	0	0.02041	0.000003	66.11	0.000002	63.3	0.43	0.034	0		504	495.75	0.9876	0.9817			497.25	0.9628	0.9583			1.1859	1	0	0	0.769	1	1	1.00	0	0
050099	San Antonio Regional Hospital	40140	40140	31084	40140	5460	06071	9	lurban	lurban	W	1.2603						1	0	0	275	164	0	0	0.2903	0.03291	0.06055	0.03291	0.00029	687.05	0.000292	568.93	0.165	0.009	0		3553	3472.91	1.8094	1.7938			3479.97	1.8136	1.7977			1.1717	1	0.02556	0.0101	0.236	1	0.99889	1.00	0	0
050100	Sharp Memorial Hospital	41740	41740	41740	41740	5470	06073	9	lurban	lurban	N	1.25						1	0	0	832	398	0	0	0.3676	0.04886	0.07728	0.04886	0.000808	1336.11	0.001092	1488.24	0.168	0.01	0		5165	5074.58	1.9747	1.9673			5083.86	1.9802	1.9732			1.1651	1	0.11501	0.0645	0.161	1	0.99728	1.00	0	0
050101	Sutter Solano Medical Center	46700	46700	46700	46700	5580	06095	9	ourban	ourban	N	1.703				YES	0.007	1	0	0	102	47	0	0	0.5643	0.08942	0.12106	0.08942	0.000207	1013.64	0.000175	813.24	0.241	0.016	0		1864	1816.62	1.6634	1.6476			1821.13	1.6649	1.6494			1.4399	1	0.03028	0.01745	0.431	1	0.99459	0.97	0	0
050102	Parkview Community Hospital Medical Center	40140	40140	11244	40140	5430	06065	9	lurban	lurban	W	1.25						1	0	0	193	115	0	0	0.601	0.09699	0.12942	0.09699	0.000272	1555.73	0.000415	1833.74	0.204	0.007	0		1321	1298.6	1.6677	1.6444			1300.16	1.6614	1.6378			1.1651	1	0.19342	0.04935	0.191	1	0.99473	0.99	0	0
050103	White Memorial Medical Center	31084	31084	31084	31084	5200	06037	9	lurban	lurban	N	1.2827						1	0.184	0.3005	310	207	0.09558	0.0885	0.9717	0.17345	0.21746	0.17345	0.000665	2272.82	0.001219	3155.94	0.129	0.009	0		2427	2384.57	1.6789	1.6659	1517.9	1.7765	2387.16	1.6889	1.6755	1520.62	1.7804	1.1859	1	0.03225	0.02627	0.16	1	1.00078	1.00	0	0
050104	Saint Francis Medical Center	31084	31084	31084	31084	5200	06037	9	lurban	lurban	N	1.2827						1	0	0	339	229	0	0	1.0052	0.18036	0.22575	0.18036	0.001052	3819.95	0.001437	4591.86	0.226	0.011	0		2567	2532.89	1.6451	1.6246			2536.79	1.6519	1.6312			1.1859	1	0.09536	0.02279	0.113	1	1.00097	1.00	0	0
050107	Marian Regional Medical Center	42200	42200	42200	42200	5520	06083	9	ourban	ourban	N	1.3666						1	0.0474	0.0377	238	149	0.02556	0.0107	0.5015	0.07647	0.10689	0.07647	0.000374	634.14	0.000471	674.03	0.167	0.02	0		4980	4814.29	1.6725	1.6624	549.74	1.6527	4834.95	1.664	1.655	552.2	1.65	1.2385	1	0.01699	0.03734	0.335	1	1.00698	1.00	0	0
050108	"Sutter Medical Center, Sacramento"	40900	40900	40900	40900	5440	06067	9	lurban	lurban	N	1.5862						1	0.0215	0.0454	523	344	0.01168	0.01289	0.5701	0.09062	0.12237	0.09062	0.001124	1424.4	0.001241	1287.4	0.244	0.029	0		6876	6715.56	2.345	2.3464	1629.64	2.0649	6732.7	2.3449	2.346	1633.78	2.0652	1.3715	1	0.08259	0.17845	0.244	1	0.99758	1.00	0	0
050110	Lompoc Valley Medical Center	42200	42200	42200	42200	5520	06083	9	ourban	ourban	N	1.3666						1	0	0	60	24	0	0	0.3327	0.03	0	0.03	0.000134	1188.87	0.00016	1151.29	0.496	0.068	0		887	855.95	1.3737	1.3479			858.32	1.3673	1.3414			1.2385	1	0.00673	0.02956	0.383	1.11462	1.00525	1.00	0	0
050112	Santa Monica - Ucla Med Ctr & Orthopaedic Hospital	31084	31084	37100	5	5200	06037	9	ourban	rural	S	1.4349		YES	YES			1	0.2517	0.2929	265	214	0.1285	0.08617	0.3246	0.03999	0	0.03999	0.000452	808.79	0.000394	576.89	0.38	0.032	7		4640	4544.45	1.7477	1.7382	1537.34	1.5681	4554.85	1.7495	1.7399	1540.78	1.5757	1.2805	1	0.23477	0.25332	0.322	1	1.00566	0.99	0	0
050113	San Mateo Medical Center	41884	41884	41884	41884	5510	06081	9	lurban	lurban	N	1.7301				YES	0.005	1	0.0348	0.0818	69	36	0.01883	0.02335	0.6622	0.03	0	0.03	0.000238	7579.04	0.00014	3626.06	0.631	0.04	0		292	288.33	1.3872	1.3823	216.5	1.5304	288.78	1.3914	1.3869	216.72	1.5028	1.4556	1	0.26024	0.20423	0.133	1	0.98982	1.00	0	1
050115	Palomar Health Downtown Campus	41740	41740	41740	41740	5470	06073	9	lurban	lurban	N	1.25						1	0.0019	0.0035	439	238	0.00104	0.00099	0.367	0.04873	0.07715	0.04873	0.000443	900.83	0.000477	786.62	0.173	0.031	0		4201	4029.06	1.8884	1.8682	2778.41	1.715	4049.93	1.8894	1.8701	2815.17	1.713	1.1651	1	0.07352	0.25748	0.203	1	0.99663	1.00	0	0
050116	Northridge Hospital Medical Center	31084	31084	37100	31084	5200	06037	9	lurban	lurban	W	1.4349						1	0.0375	0.0901	339	135	0.02028	0.02575	0.5488	0.08623	0.11754	0.08623	0.000395	899.03	0.00046	857.95	0.145	0.007	0		3703	3604.32	1.8534	1.844	1109.87	1.7561	3617.65	1.8556	1.8469	1111.27	1.7613	1.2805	1	0.0567	0.01791	0.312	1	0.99448	1.00	0	0
050118	Doctors Hospital Of Manteca	44700	44700	44700	44700	5490	06077	9	ourban	ourban	N	1.4493				YES	0.0478	1	0	0	73	38	0	0	0.3821	0.03	0	0.03	0.000069	411.21	0.000079	389.09	0.122	0.008	0		1379	1359.37	1.2837	1.2768			1361.65	1.2852	1.2793			1.2893	1	0.05453	0.04052	0.399	1	1.00205	0.99	0	0
050121	Adventist Health Hanford	25260	25260	25260	25260	5150	06031	9	ourban	ourban	N	1.25						1	0	0.0265	248	114	0	0.00751	0.5333	0.08303	0.11404	0.08303	0.000361	805.48	0.000339	594.09	0.292	0.024	0		3436	3389.07	1.4679	1.4584			3394.3	1.4633	1.4546			1.1651	1	0.04355	0.04306	0.44	1	0.99891	1.00	0	0
050122	Dameron Hospital	44700	44700	44700	44700	5490	06077	9	ourban	ourban	N	1.4493				YES	0.0478	1	0	0	202	89	0	0	0.4847	0.07301	0.10313	0.07301	0.000151	824.49	0.000276	1185.04	0.143	0.008	0		1470	1423.05	1.8203	1.8125			1430.21	1.8111	1.8031			1.2893	1	0.05218	0.02006	0.203	1	0.9983	1.00	0	0
050124	Usc Verdugo Hills Hospital	31084	31084	31084	31084	5200	06037	9	lurban	lurban	N	1.2827						1	0	0	116	50	0	0	0.3635	0.04801	0.07639	0.04801	0.000224	1113.6	0.000056	243.86	0.314	0.018	0		1777	1738.19	1.56	1.5443			1744.84	1.5537	1.5385			1.1859	1	0.03617	0.01358	0.439	1	0.9969	0.98	0	0
050125	Regional Medical Center Of San Jose	41940	41940	41940	41940	5530	06085	9	lurban	lurban	N	1.7827						1	0	0	241	198	0	0	0.6883	0.115	0.14956	0.115	0.00062	1046.91	0.000487	698.09	0.095	0.011	0		5158	5086.76	1.6691	1.6644			5091.01	1.6795	1.6745			1.4857	1	0.0655	0.123	0.369	1	1.00281	0.98	0	0
050126	Valley Presbyterian Hospital	31084	31084	31084	31084	5200	06037	9	lurban	lurban	N	1.2827						1	0	0	333	167	0	0	0.9808	0.17533	0.21971	0.17533	0.000515	1640.96	0.000986	2482.28	0.348	0.011	0		2555	2518.51	1.972	1.9595			2521.63	1.9676	1.9548			1.1859	1	0.15054	0.00908	0.216	1	1.00509	0.99	0	0
050127	Woodland Memorial Hospital	40900	40900	40900	40900	5670	06113	9	lurban	lurban	N	1.5862						1	0	0	77	26	0	0	0.4482	0.03	0	0.03	0.000086	830.24	0.000094	843.28	0.232	0.022	0		915	879.85	1.8119	1.8048			883.79	1.793	1.7871			1.3715	1	0.07954	0.10882	0.257	1	0.99873	1.00	0	0
050128	Tri-City Medical Center	41740	41740	41740	41740	5470	06073	9	lurban	lurban	N	1.25						1	0.0076	0.0123	298	176	0.00415	0.00348	0.4766	0.07134	0.10132	0.07134	0.000428	1061.33	0.000576	1096.67	0.201	0.01	0		3062	2958.77	1.8059	1.8018	1327.39	1.7294	2966.62	1.8046	1.8003	1330.79	1.7341	1.1651	1	0.06117	0.01491	0.238	1	0.99435	0.99	0	0
050129	St Bernardine Medical Center	40140	40140	31084	40140	5460	06071	9	lurban	lurban	W	1.2603						1	0.0259	0	322	186	0.01405	0	0.6255	0.10205	0.13504	0.10205	0.00039	1420.28	0.000641	1860.5	0.189	0.017	0		2361	2311.64	2.0927	2.0731	1314.46	1.9759	2316.05	2.0963	2.0786	1317.28	1.9784	1.1717	1	0.06111	0.07413	0.191	1	0.99368	0.99	0	0
050131	Novato Community Hospital	42034	42034	42034	42034	5310	06041	9	ourban	ourban	N	1.7538						1	0	0	47	15	0	0	0.1912	0.01295	0	0.01295	0.000035	290.91	0.000016	117.39	0.307	0.033	0		1112	1074.53	1.5005	1.4893			1079.45	1.4862	1.4746			1.4692	1	0.03627	0.05674	0.637	1	1.00311	1.00	0	0
050132	San Gabriel Valley Medical Center	31084	31084	31084	31084	5200	06037	9	lurban	lurban	N	1.2827						1	0	0	187	100	0	0	0.753	0.12834	0.16472	0.12834	0.000237	910.04	0.000369	1185.58	0.142	0.011	0		2281	2244	1.585	1.5707			2246.12	1.6009	1.5854			1.1859	1	0.03916	0.03202	0.323	1	1.00513	0.99	0	0
050133	Rideout Memorial Hospital	49700	49700	5	5	5680	06115	9	ourban	rural	S	1.25		YES				1	0	0	219	140	0	0	0.3793	0.03	0	0.05127		0		0	0.248	0.013	16	8736.75	5163	5074.83	1.6303	1.6135			5086.36	1.6228	1.6071			1.1651	1	0.11635	0.03906	0.488	1	0.99241	0.99	0	1
050135	Southern California Hospital At Hollywood	31084	31084	31084	31084	5200	06037	9	lurban	lurban	N	1.2827						1	0	0	397	227	0	0	0.7125	0.11999	0.15521	0.11999	0.000421	737.97	0.000725	1015.5	0.165	0.006	0		4989	4914.62	1.4646	1.4498			4928.75	1.4133	1.3985			1.1859	1	0.06984	0.01411	0.33	1	1	1.00	0	0
050136	Petaluma Valley Hospital	42220	42220	36084	42220	5590	06097	9	ourban	ourban	W	1.6738						1	0	0	80	27	0	0	0.3658	0.03	0	0.03	0.00006	475.73	0.000064	413.94	0.199	0.016	0		1030	1003.42	1.5006	1.4942			1004.83	1.5041	1.4959			1.423	1	0.05352	0.05588	0.445	1	1.00229	1.00	0	0
050137	Kaiser Foundation Hospital - Panorama City	31084	31084	37100	31084	5200	06037	9	lurban	lurban	W	1.4349						1	0.0091	0.0171	218	82	0.00496	0.00484	0.1491	0	0.03065	0		0		0	0.42	0.013	0		179	165.62	2.1306	2.0998	2087.13	1.7025	166.68	2.158	2.1255	2120.61	1.7018	1.2805	1	0.11741	0.02614	0.019	1	1.01868	1.00	0	0
050138	Kaiser Foundation Hospital - Los Angeles	31084	31084	31084	31084	5200	06037	9	lurban	lurban	N	1.2827						1	0.3277	0.4932	460	297	0.16422	0.14933	0.1451	0	0.02982	0		0		0	0.358	0.012	0		650	636.1	2.3264	2.3205	6468.96	2.2794	637.32	2.3484	2.3426	6491.45	2.2957	1.1859	1	0.23769	0.02092	0.025	1	1.00239	1.00	0	0
050139	Kaiser Foundation Hospital - Downey	31084	31084	31084	31084	5200	06037	9	lurban	lurban	N	1.2827						1	0.0151	0.0249	352	195	0.00822	0.00705	0.2289	0.02025	0.04744	0.02025	0.000203	3629.34	0.000191	2790.17	0.414	0.021	0		469	450.78	1.7864	1.7826	4181.44	1.7376	452.32	1.8023	1.7991	4214.07	1.7478	1.1859	1	0.20412	0.09363	0.025	1	1.00927	1.00	0	0
050140	Kaiser Foundation Hospital Fontana	40140	40140	31084	40140	5460	06071	9	lurban	lurban	W	1.2603						1	0.0614	0.1576	626	322	0.03298	0.04548	0.1703	0.00955	0.03509	0.00955	0.000255	2338.64		0	0.356	0.023	0		889	856.28	1.9898	1.9864	7116.55	1.9595	857.91	2.0106	2.0065	7145.5	1.9739	1.1717	1	0.25813	0.17305	0.03	1	1.00416	1.00	0	0
050145	Community Hospital Of The Monterey Peninsula	41500	41500	41500	41500	5370	06053	9	ourban	ourban	N	1.7986						1	0	0	227	123	0	0	0.2245	0.01934	0.04651	0.01934	0.000193	340.53	0.000205	300.92	0.251	0.027	0		4832	4753.88	1.7842	1.7781			4765.6	1.7907	1.7846			1.4948	1	0.1667	0.27666	0.486	1	1.00607	1.00	0	0
050149	California Hospital Medical Center La	31084	31084	37100	5	5200	06037	9	ourban	rural	S	1.4349		YES	YES			1	0.0519	0.0753	287	204	0.02795	0.02148	1.1625	0.2128	0	0.2128	0.000796	6064.23	0.001167	7064.06	0.214	0.008	7		1095	1079.24	1.7257	1.7093	1027.69	1.6322	1080.86	1.728	1.7119	1029.47	1.6373	1.2805	1	0.01339	0.00313	0.065	1	1.00212	1.00	0	0
050150	Sierra Nevada Memorial Hospital	5	5	40900	5	5390	06057	9	rural	rural	W	1.5862						1	0	0	104	51	0	0	0.2941	0.0337	0	0.0337	0.000109	378.37	0.00013	376.03	0.242	0.009	7		2315	2240.29	1.4955	1.483			2250.5	1.4932	1.4824			1.3715	1	0.04391	0.01003	0.503	1	1.00446	0.99	0	0
050152	Saint Francis Memorial Hospital	41884	41884	42034	41884	5480	06075	9	lurban	lurban	W	1.7282						1	0.0009	0.0135	150	58	0.00049	0.00382	0.719	0.12133	0.15673	0.12133	0.00028	1408.74	0.00029	1197.6	0.218	0.01	0		1621	1590.8	1.6733	1.6701	163.79	1.5467	1593.63	1.6749	1.6712	164.2	1.5503	1.4545	1	0.11524	0.03898	0.363	1	0.99839	1.00	0	0
050153	O'Connor Hospital	41940	41940	41940	41940	5530	06085	9	lurban	lurban	N	1.7827						1	0.072	0.2176	324	96	0.03855	0.06333	0.4557	0.06703	0.09667	0.06703	0.000246	761.7	0.000362	867.87	0.19	0.01	0		2651	2605.96	1.791	1.7808	888.09	1.7022	2610	1.8	1.7895	889.62	1.7006	1.4857	1	0.08566	0.03818	0.307	1	0.99516	1.00	0	0
050158	Encino Hospital Medical Center	31084	31084	31084	31084	5200	06037	9	lurban	lurban	N	1.2827						1	0	0	108	23	0	0	0.3696	0.04927	0.07772	0.04927	0.000065	545.84	0.00006	393.51	0.189	0.008	0		924	886.6	1.6155	1.5993			889.13	1.6153	1.5954			1.1859	1	0.0129	0.0019	0.544	1	1.00548	0.99	0	0
050159	Ventura County Medical Center	37100	37100	37100	37100	5660	06111	9	ourban	ourban	N	1.4349						1	0.1492	0.3097	259	122	0.07822	0.09133	0.7956	0.13713	0.17481	0.13713	0.000539	2757.15	0.000652	2962.81	0.193	0.008	0		1700	1661.32	1.448	1.4354	203.58	1.3939	1662.71	1.4628	1.4512	203.83	1.4123	1.2805	1	0.04979	0.01954	0.163	1	0.99563	1.00	0	1
050167	San Joaquin General Hospital	44700	44700	44700	44700	5490	06077	9	ourban	ourban	N	1.4493				YES	0.0478	1	0.2317	0.3703	181	116	0.11889	0.11015	0.896	0.15784	0.19894	0.15784	0.000384	3307.3	0.000554	4121.84	0.184	0.005	0		994	974.53	1.6747	1.6578	116.95	1.5886	975.79	1.6775	1.6609	117.12	1.5865	1.2893	1	0.09558	0.01344	0.097	1	0.99481	1.00	0	1
050168	St Jude Medical Center	11244	11244	31084	11244	5400	06059	9	lurban	lurban	W	1.2603						1	0	0	313	169	0	0	0.272	0.02914	0.05663	0.02914	0.000393	842.06	0.000303	544.02	0.214	0.025	0		3867	3697.28	1.9207	1.9049			3713.52	1.9223	1.9069			1.1717	1	0.08396	0.16132	0.279	1	0.99997	1.00	0	0
050169	Presbyterian Intercommunity Hospital	31084	31084	31084	31084	5200	06037	9	lurban	lurban	N	1.2827						1	0.0349	0.0669	394	196	0.01889	0.01906	0.2948	0.03384	0.06151	0.03384	0.000336	751.83	0.000448	804.89	0.117	0.011	0		3656	3576.23	1.7261	1.7152	3750.54	1.8343	3583.33	1.7247	1.7139	3759.27	1.8322	1.1859	1	0.03838	0.04562	0.224	1	1.00653	0.99	0	0
050174	Santa Rosa Memorial Hospital	42220	42220	42034	5	5590	06097	9	ourban	rural	S	1.7282		YES	YES			1	0	0	256	168	0	0	0.3774	0.05088	0	0.05088	0.000286	454.66	0.000341	442.14	0.171	0.015	7		5026	4968.29	1.9135	1.9036			4971.59	1.9203	1.91			1.4545	1	0.08154	0.11506	0.465	1	0.99662	1.00	0	0
050179	Emanuel Medical Center	33700	33700	33700	33700	5600	06099	9	ourban	ourban	N	1.2891				YES	0.0391	1	0	0	209	105	0	0	0.5436	0.08516	0.11637	0.08516	0.000307	802.29	0.000343	734.25	0.111	0.005	0		3178	3134.58	1.4503	1.4393			3140.55	1.4509	1.4409			1.1899	1	0.01586	0.00388	0.396	1	1.00106	0.99	0	0
050180	John Muir Medical Center - Walnut Creek Campus	36084	36084	36084	36084	5060	06013	9	lurban	lurban	N	1.69						1	0	0	521	236	0	0	0.2634	0.02736	0.05479	0.02736	0.000357	463.76	0.00043	490.24	0.151	0.013	0		6850	6692.3	1.7401	1.7287			6709.92	1.7303	1.719			1.4324	1	0.12225	0.12981	0.338	1	1.00001	1.00	0	0
050189	George L Mee Memorial Hospital	41500	41500	41500	41500	5370	06053	9	ourban	ourban	N	1.7986						1	0	0	76	9	0	0	0.7651	0.03	0	0.03	0.000081	3882.45		0	0.353	0.023	16	13420.56	183	181.14	1.2172	1.2005			181.29	1.2176	1.2006			1.4948	1	0.41525	0.34317	0.217	1.21114	1.01216	1.00	0	0
050191	St Mary Medical Center	31084	31084	31084	31084	5200	06037	9	lurban	lurban	N	1.2827						1	0.1089	0.2274	225	134	0.05772	0.06628	0.8457	0.14746	0.18679	0.14746	0.00045	2451.59	0.000623	2564.32	0.225	0.015	0		1431	1410.08	1.9155	1.9024	934.92	1.6955	1412.04	1.9228	1.9091	936.41	1.6987	1.1859	1	0.12663	0.09371	0.178	1	0.99638	1.00	0	0
050192	Adventist Health Reedley	23420	23420	5	5	5090	06019	9	ourban	rural	S	1.25		YES				1	0.0324	0	49	13	0.01755	0	0.7849	0.03	0	0.03	0.000119	4321.63	0.000109	3089.33	0.308	0.007	0		205	202.63	1.0941	1.0895	1.91	0.903	203.2	1.0615	1.0586	1.94	0.8916	1.1651	1	0	0	0.138	1	1.01434	1.00	0	0
050194	Watsonville Community Hospital	42100	42100	42100	42100	5540	06087	9	ourban	ourban	N	1.9025						1	0	0	106	40	0	0	0.6633	0.10984	0.14376	0.10984	0.000124	812.96	0.000208	1062.2	0.123	0.005	0		1203	1178.22	1.4131	1.4057			1180.07	1.4103	1.4025			1.5534	1	0.06088	0.01743	0.315	1	0.99984	0.99	0	0
050195	Washington Hospital	36084	36084	42100	5	5000	06001	9	ourban	rural	S	1.9025		YES	YES			1	0	0	320	151	0	0	0.3641	0.04813	0	0.04813	0.000319	510.74	0.000389	526.92	0.168	0.018	7		5372	5171.95	1.6945	1.6801			5238.17	1.6911	1.6822			1.5534	1	0.10052	0.17259	0.419	1	1.00719	0.99	0	0
050197	Sequoia Hospital	41884	41884	41940	41884	5510	06081	9	lurban	lurban	W	1.7827						1	0	0	208	54	0	0	0.0694	0	0.01415	0		0		0	0.197	0.021	0		2304	2268.54	2.1377	2.1354			2271.99	2.1395	2.1361			1.4857	1	0.10359	0.18201	0.389	1	1.00735	1.00	0	0
050204	Palmdale Regional Medical Center	31084	31084	31084	31084	5200	06037	9	lurban	lurban	N	1.2827						1	0	0	157	102	0	0	0.4775	0.07152	0.10152	0.07152	0.000233	761	0.00023	605.84	0.132	0.02	0		2570	2535.37	1.8083	1.7921			2537.91	1.8101	1.7947			1.1859	1	0.01472	0.046	0.379	1	0.99671	1.00	0	0
050205	East Valley Glendora Hospital	31084	31084	31084	31084	5210	06037	9	lurban	lurban	N	1.2827						1	0	0	107	14	0	0	0.4583	0.06756	0.09725	0.06756	0.000032	388.59	0.000049	552.53	0.362	0.038	0		777	740.13	1.5886	1.5622			744.09	1.5792	1.5553			1.1859	1	0.04103	0.05981	0.56	1	1	1.00	0	0
050211	Alameda Hospital	36084	36084	36084	36084	5000	06001	9	lurban	lurban	N	1.6923				YES	0.0023	1	0	0	46	31	0	0	0.4291	0.03	0	0.03	0.000152	1198.41	0.000139	867.16	0.273	0.006	0		1085	1066.74	1.3855	1.3743			1067.9	1.3847	1.3732			1.4337	1	0.10085	0.01031	0.478	1	0.99899	0.99	0	1
050222	Sharp Chula Vista Medical Center	41740	41740	41740	41740	5470	06073	9	lurban	lurban	N	1.25						1	0	0	243	181	0	0	0.571	0.09081	0.12258	0.09081	0.000454	985.34	0.000644	1139.51	0.169	0.008	0		3818	3766.93	1.7631	1.7566			3770.81	1.7677	1.7616			1.1651	1	0.07303	0.02262	0.288	1	1.00519	1.00	0	0
050224	Hoag Memorial Hospital Presbyterian	11244	11244	31084	11244	5400	06059	9	lurban	lurban	W	1.2603						1	0	0	527	301	0	0	0.1866	0.0122	0.03851	0.0122	0.000408	416.26	0.000334	299.96	0.287	0.033	0		8517	8187.1	1.8748	1.8607			8214.76	1.8787	1.8655			1.1717	1	0.08843	0.15726	0.295	1	1.00096	1.00	0	0
050225	Adventist Health Feather River	17020	17020	5	5	5030	06007	9	ourban	rural	S	1.25		YES				1	0	0	100	44	0	0	0.369	0.04914	0	0.04914	0.000076	253.05	0.000219	614.31	0.12	0.006	14	7365.16	2605	2547.17	1.5017	1.4924			2551.47	1.5039	1.4946			1.1651	1	0.01274	0.00379	0.556	1	1.01091	1.00	0	0
050226	Ahmc Anaheim Regional Medical Center	11244	11244	31084	11244	5400	06059	9	lurban	lurban	W	1.2603						1	0	0	223	132	0	0	0.5483	0.08612	0.11743	0.08612	0.000261	919.06	0.000373	1048.97	0.136	0.014	0		2347	2314.74	1.6874	1.6762			2317.72	1.6985	1.6883			1.1717	1	0.02709	0.04323	0.258	1	1.00193	1.00	0	0
050228	Zuckerberg San Francisco General Hosp & Trauma Ctr	41884	41884	42034	41884	5480	06075	9	lurban	lurban	W	1.7282						1	0.7705	1.596352577	268	191	0.35142	0.52699	0.9173	0.16223	0.20413	0.16223	0.001384	5314	0.001541	5067.87	0.232	0.024	0		2249	2238.55	1.7368	1.7333	434.3	1.7486	2239.28	1.7316	1.7277	434.97	1.7678	1.4545	1	0.30046	0.4588	0.19	1	0.99677	1.00	0	0
050230	Garden Grove Hospital & Medical Center	11244	11244	31084	11244	5400	06059	9	lurban	lurban	W	1.2603						1	0	0	140	60	0	0	0.9323	0.16532	0.20779	0.16532	0.000206	1209.94	0.000328	1549.22	0.182	0.014	0		1332	1297.11	1.7174	1.7009			1300.03	1.7218	1.705			1.1717	1	0.02703	0.02106	0.295	1	1.00301	1.00	0	0
050231	Pomona Valley Hospital Medical Center	31084	31084	31084	31084	5200	06037	9	lurban	lurban	N	1.2827						1	0.0457	0.0701	386	253	0.02465	0.01998	0.7133	0.12016	0.1554	0.12016	0.000807	2328.72	0.00128	3120.8	0.104	0.006	0		3031	2945.77	1.76	1.729	2310.33	1.7138	2952.89	1.7714	1.7406	2315.76	1.7177	1.1859	1	0.03986	0.01896	0.13	1	0.99253	1.00	0	0
050232	French Hospital Medical Center	42020	42020	42020	42020	5500	06079	9	ourban	ourban	N	1.2805						1	0	0	105	46	0	0	0.1879	0.01241	0.03878	0.01241	0.000055	216.82	0.000035	120.26	0.179	0.023	0		2185	2133.87	1.8934	1.8911			2140.46	1.8789	1.8757			1.1845	1	0.05879	0.12702	0.478	1	1.00662	1.00	0	0
050234	Sharp Coronado Hospital And Hlthcr Ctr	41740	41740	41740	41740	5470	06073	9	lurban	lurban	N	1.25						1	0	0	59	16	0	0	0.3442	0.03	0	0.03	0.000032	454.84	0.000024	292.35	0.22	0.013	0		613	598.93	1.7737	1.7686			600.76	1.7524	1.7487			1.1651	1	0.05162	0.02368	0.345	1	1.01197	1.00	0	0
050235	Providence Saint Joseph Medical Ctr	31084	31084	37100	5	5200	06037	9	ourban	rural	S	1.4349		YES	YES			1	0	0	342	190	0	0	0.4818	0.07241	0	0.07241	0.000402	588.59	0.00048	589.95	0.148	0.01	7		5782	5668.54	1.7861	1.7704			5682.6	1.7754	1.7612			1.2805	1	0.05303	0.04346	0.39	1	0.991	0.99	0	0
050236	Adventist Health Simi Valley	37100	37100	37100	37100	5660	06111	9	ourban	ourban	N	1.4349						1	0	0	144	75	0	0	0.2632	0.02732	0.05474	0.02732	0.000072	235.74	0.000099	296.11	0.188	0.017	0		2673	2642	1.4448	1.4331			2644.06	1.4555	1.4441			1.2805	1	0.02006	0.02385	0.455	1	1.00085	0.99	0	0
050238	Methodist Hospital Of Southern Ca	31084	31084	31084	31084	5200	06037	9	lurban	lurban	N	1.2827						1	0	0	330	176	0	0	0.4081	0.05721	0.08615	0.05721	0.000324	519.11	0.000437	554.42	0.15	0.02	0		5032	4958.77	1.7992	1.7837			4968.12	1.8004	1.7857			1.1859	1	0.03731	0.09112	0.415	1	1.00538	1.00	0	0
050239	Glendale Adventist Medical Center	31084	31084	31084	31084	5200	06037	9	lurban	lurban	N	1.2827						1	0.0613	0.0957	332	200	0.03292	0.02737	0.7903	0.13604	0.17355	0.13604	0.000575	730.61	0.000824	916.76	0.137	0.01	0		7098	6962.95	1.665	1.6582	1011	1.6831	6976.82	1.6641	1.6575	1015.47	1.6882	1.1859	1	0.03353	0.02734	0.404	1	1.0019	0.98	0	0
050242	Dominican Hospital	42100	42100	42100	42100	5540	06087	9	ourban	ourban	N	1.9025						1	0	0	191	127	0	0	0.3409	0.04335	0.07147	0.04335	0.000228	436.13	0.000259	443.24	0.176	0.007	0		4724	4619.16	1.7454	1.7304			4627.36	1.7492	1.7347			1.5534	1	0.05884	0.01104	0.425	1	0.99431	1.00	0	0
050243	Desert Regional Medical Center	40140	40140	11244	40140	5430	06065	9	lurban	lurban	W	1.25						1	0.1493	0.0872	330	226	0.07827	0.02491	0.5503	0.08654	0.11788	0.08654	0.000422	1075.32	0.000588	1266.87	0.114	0.005	0		3346	3296.64	1.759	1.7346	2900.19	1.6682	3303.46	1.7634	1.7397	2915.82	1.6716	1.1651	1	0.08247	0.02129	0.19	1	0.99079	0.99	0	0
050245	Arrowhead Regional Medical Center	40140	40140	31084	40140	5460	06071	9	lurban	lurban	W	1.2603						1	0.3076	0.4586	366	259	0.15489	0.13816	0.8743	0.15336	0.19369	0.15336	0.001297	6260.55	0.001878	7742.02	0.319	0.04	0		1846	1830.91	1.522	1.509	1039.37	1.4099	1830.32	1.5385	1.5252	1039.98	1.4273	1.1717	1	0.09132	0.21348	0.116	1	0.99562	1.00	0	0
050248	Natividad Medical Center	41500	41500	41500	41500	5370	06053	9	ourban	ourban	N	1.7986						1	0.1281	0.2624	152	83	0.06754	0.07686	0.8563	0.14965	0.18934	0.14965	0.000302	2150	0.000474	3082.83	0.191	0.013	0		1259	1233.24	1.4107	1.3862			1233.86	1.4331	1.4058			1.4948	1	0.12086	0.08533	0.164	1	0.99321	1.00	0	0
050254	Marshall Medical Center	40900	40900	40900	40900	5080	06017	9	lurban	lurban	N	1.5862						1	0	0	99	57	0	0	0.3013	0.03	0	0.03	0.000202	689.62	0.000136	385.29	0.176	0.01	0		2472	2425.49	1.5519	1.543			2430.72	1.5627	1.5535			1.3715	1	0.03063	0.01444	0.501	1	1	1.00	1	1
050257	Good Samaritan Hospital	12540	12540	12540	12540	5140	06029	9	ourban	ourban	N	1.25						1	0	0	133	48	0	0	0.7578	0.12933	0.16585	0.12933	0.000073	771.08	0.000126	907.97	0.21	0.006	0		597	586.17	1.1922	1.1777			587.39	1.1717	1.1588			1.1651	1	0	0	0.29	1	1	1.00	1	1
050261	Sierra View Medical Center	47300	47300	47300	47300	5640	06107	9	ourban	ourban	N	1.25						1	0	0	128	60	0	0	0.6145	0.09978	0.13251	0.09978	0.00015	639.07	0.000269	942.3	0.253	0.022	0		1891	1860.72	1.4526	1.4341			1863	1.4561	1.4375			1.1651	1	0.02379	0.02664	0.391	1	0.99021	1.00	0	0
050262	Ronald Reagan U C L A Medical Center	31084	31084	37100	5	5200	06037	9	ourban	rural	S	1.4349		YES	YES			1	1.2889	1.3497	458	445	0.53792	0.46358	0.4222	0.06012	0	0.06012	0.001233	1831.18	0.000978	1168.23	0.339	0.029	7		5348	5276.45	2.5517	2.534	1090.98	2.9631	5281.43	2.5729	2.5551	1091.83	2.9963	1.2805	1	0.32509	0.38451	0.252	1	1.00887	0.99	0	0
050272	Redlands Community Hospital	40140	40140	31084	40140	5460	06071	9	lurban	lurban	W	1.2603						1	0	0	195	106	0	0	0.3297	0.04104	0.06904	0.04104	0.000165	923.12	0.000241	1087.72	0.158	0.005	0		1488	1449.06	1.9212	1.902			1453.61	1.9088	1.8904			1.1717	1	0.04879	0.00568	0.135	1	1.0023	1.00	0	0
050276	Contra Costa Regional Medical Center	36084	36084	36084	36084	5060	06013	9	lurban	lurban	N	1.69						1	0.1964	0.2303	124	104	0.10169	0.06715	0.8709	0.15266	0.19286	0.15266	0.000534	4419.88	0.000594	4151.07	0.416	0.012	0		937	930.82	1.2747	1.2679			931.22	1.2795	1.2729			1.4324	1	0.1446	0.0169	0.147	1	1	1.00	1	0
050278	Providence Holy Cross Medical Center	31084	31084	37100	5	5200	06037	9	ourban	rural	S	1.4349		YES	YES			1	0	0	316	204	0	0	0.5902	0.09477	0	0.09477	0.000781	1809.92	0.000615	1138.62	0.141	0.013	7		3504	3400.76	1.8095	1.7971			3411.28	1.8092	1.7962			1.2805	1	0.04107	0.05587	0.255	1	1.00064	0.99	0	0
050279	Hi-Desert Medical Center	40140	40140	31084	40140	5460	06071	9	lurban	lurban	W	1.2603						1	0	0	59	23	0	0	0.7335	0.03	0	0.03		0		0	0.267	0.02	16	7619.8	519	507.9	1.2177	1.2008			508.72	1.2142	1.1978			1.1717	1	0.00049	0	0.287	1.1247	1.00297	0.99	0	1
050280	Mercy Medical Center Redding	39820	39820	39820	39820	5550	06089	9	ourban	ourban	N	1.395						1	0.0681	0.127	267	153	0.03651	0.03649	0.4275	0.06121	0.09043	0.06121	0.000381	558.92	0.000479	583.56	0.209	0.008	0		5767	5655.69	1.902	1.8861	164.54	1.889	5662.48	1.9075	1.8914	165.21	1.8922	1.256	1	0.0464	0.00759	0.438	1	0.99118	1.00	0	0
050281	Alhambra Hospital Medical Center	31084	31084	31084	31084	5200	06037	9	lurban	lurban	N	1.2827						1	0	0	101	58	0	0	0.8385	0.14598	0.18506	0.14598	0.000103	644.69	0.00017	862.42	0.162	0.007	0		1339	1313.34	1.4898	1.4677			1315.71	1.5045	1.4804			1.1859	1	0.02171	0.00572	0.334	1	1.00402	1.00	0	0
050283	Stanford Health Care - Valleycare	36084	36084	36084	36084	5000	06001	9	lurban	lurban	N	1.6923				YES	0.0023	1	0	0	157	77	0	0	0.2249	0.01942	0.0466	0.01942	0.00016	529.5	0.000168	455.41	0.208	0.013	0		2556	2488.85	1.8245	1.8129			2498.02	1.8217	1.8094			1.4337	1	0.05315	0.02631	0.377	1	0.99933	0.99	0	0
050289	Seton Medical Center	41884	41884	41884	41884	5510	06081	9	lurban	lurban	N	1.7301				YES	0.005	1	0.0043	0.0174	255	78	0.00235	0.00492	0.3391	0.04298	0.07108	0.04298	0.00015	574.69	0.00019	567.63	0.159	0.007	0		2109	2080.82	1.8003	1.7931	1185.43	1.6085	2083.99	1.7983	1.791	1186.89	1.6083	1.4556	1	0.10167	0.02779	0.42	1	0.99777	1.00	0	0
050290	Providence Saint John'S Health Center	31084	31084	37100	5	5200	06037	9	ourban	rural	S	1.4349		YES	YES			1	0	0	266	142	0	0	0.1631	0.00838	0	0.00838	0.000136	202.92	0.000102	129.34	0.259	0.016	7		5654	5535.79	1.9697	1.9582			5559.92	1.9647	1.9548			1.2805	1	0.102	0.05745	0.434	1	1.00448	1.00	0	0
050291	Sutter Santa Rosa Regional Hospital	42220	42220	36084	42220	5590	06097	9	ourban	ourban	W	1.6738						1	0.398	0.4771	84	64	0.19619	0.14412	0.4571	0.03	0	0.03	0.000252	1090.19	0.00026	987.68	0.266	0.036	0		2034	1973.26	1.8248	1.8173	349.27	1.6779	1977.54	1.8204	1.8148	350.39	1.6771	1.423	1	0.04354	0.12905	0.316	1	1.00788	1.00	0	0
050292	Riverside University Health System-Medical Center	40140	40140	11244	40140	5430	06065	9	lurban	lurban	W	1.25						1	0.1907	0.2987	439	278	0.09888	0.08795	0.6814	0.11358	0.14796	0.11358	0.000819	4368.24	0.001247	5365.16	0.348	0.008	0		1587	1565.12	1.6242	1.6153	1201.67	1.4954	1566.93	1.6197	1.6109	1202.7	1.4882	1.1651	1	0.41794	0.03761	0.106	1	1.00064	1.00	0	0
050295	Mercy Hospital	12540	12540	12540	12540	5140	06029	9	ourban	ourban	N	1.25						1	0	0	222	122	0	0	0.5186	0.08	0.11073	0.08	0.000247	888.81	0.000331	988.14	0.207	0.007	0		2366	2314.06	1.622	1.6165			2319.3	1.621	1.6149			1.1651	1	0.07021	0.00624	0.212	1	0.99623	1.00	0	1
050296	Hazel Hawkins Memorial Hospital	41940	41940	41940	41940	5450	06069	9	lurban	lurban	N	1.7827						1	0	0	41	19	0	0	0.4647	0.03	0	0.03	0.000049	505.99	0.000054	449.44	0.26	0.023	0		798	774.4	1.1731	1.1705			776.13	1.176	1.1741			1.4857	1	0.00748	0.01226	0.389	1.12432	1.00658	1.00	0	0
050298	Barstow Community Hospital	40140	40140	31084	40140	5460	06071	9	lurban	lurban	W	1.2603						1	0	0	30	18	0	0	0.4944	0.03	0	0.03		0		0	0.095	0.013	16	8503.72	607	588.55	1.4061	1.3921			590.43	1.4008	1.387			1.1717	1	0.00003	0.00076	0.289	1.12038	1.00321	1.00	0	0
050300	St Mary Medical Center	40140	40140	31084	40140	5460	06071	9	lurban	lurban	W	1.2603						1	0	0	212	169	0	0	0.533	0.08297	0.11397	0.08297	0.000436	1095.8	0.000545	1111.38	0.189	0.012	0		3390	3334.37	1.708	1.6973			3340.06	1.7076	1.6971			1.1717	1	0.03996	0.02004	0.282	1	0.99958	0.99	0	1
050301	Adventist Health Ukiah Valley	5	5	5	5	5330	06045	9	rural	rural	N	1.25						1	0	0	50	32	0	0	0.4773	0.07148	0	0.03		0		0	0.273	0.01	17	7506.83	1308	1279.69	1.4367	1.4289			1281.99	1.4334	1.4259			1.1651	1	0.02415	0.00424	0.395	1	1.00532	1.00	0	0
050305	Alta Bates Summit Medical Center - Alta Bates Camp	36084	36084	36084	36084	5000	06001	9	lurban	lurban	N	1.6923				YES	0.0023	1	0	0	337	171	0	0	0.5794	0.09254	0.12449	0.09254	0.000641	1900.86	0.000825	2014.93	0.27	0.018	0		2938	2837.2	1.7506	1.7331			2850.06	1.7386	1.7217			1.4337	1	0.05569	0.03779	0.19	1	0.99099	1.00	0	0
050308	El Camino Hospital	41940	41940	42100	41940	5530	06085	9	lurban	lurban	W	1.9025						1	0	0	388	195	0	0	0.1909	0.0129	0.03941	0.0129	0.000508	760.9	0.000293	376.31	0.202	0.02	0		5867	5708.52	1.8968	1.8876			5728	1.893	1.8837			1.5534	1	0.06248	0.09684	0.306	1	1.00082	1.00	0	0
050309	Sutter Roseville Medical Center	40900	40900	40900	40900	5410	06061	9	lurban	lurban	N	1.5862						1	0	0	273	184	0	0	0.2964	0.03417	0.06186	0.03417	0.000434	565.3	0.00037	407.47	0.217	0.016	0		6534	6352.23	1.7166	1.7081			6380.31	1.7176	1.7098			1.3715	1	0.02566	0.01927	0.364	1	1.00283	1.00	0	0
050313	Sutter Tracy Community Hospital	44700	44700	44700	44700	5490	06077	9	ourban	ourban	N	1.4493				YES	0.0478	1	0	0	81	33	0	0	0.4242	0.03	0	0.03	0.000107	747.92	0.000104	571.92	0.254	0.02	0		1183	1141.96	1.4544	1.4397			1145.76	1.4426	1.4286			1.2893	1	0.01742	0.01778	0.34	1	1.00094	1.00	0	0
050315	Kern Medical Center	12540	12540	12540	12540	5140	06029	9	ourban	ourban	N	1.25						1	0.4032	0.756	214	120	0.19852	0.23781	0.9892	0.17706	0.22179	0.17706	0.000454	4474.27	0.000734	6659.65	0.331	0.015	0		915	895.98	1.7124	1.6921	113.92	1.9846	898	1.7327	1.7131	114.26	2.0139	1.1651	1	0.0561	0.01586	0.11	1	0.99183	1.00	0	1
050320	Highland Hospital	36084	36084	36084	36084	5000	06001	9	lurban	lurban	N	1.6923				YES	0.0023	1	0.6297	0.8756	167	128	0.29527	0.2803	0.8951	0.15765	0.19872	0.15765	0.001674	8725.94	0.001189	5610.56	0.231	0.02	0		1776	1756.4	1.6447	1.6377	119.84	1.4831	1757.45	1.6523	1.6452	120.13	1.5022	1.4337	1	0.20122	0.26167	0.18	1	0.99183	1.00	0	0
050324	Scripps Memorial Hospital La Jolla	41740	41740	41740	41740	5470	06073	9	lurban	lurban	N	1.25						1	0	0	347	188	0	0	0.1691	0.00935	0.03484	0.00935	0.000307	560.77		0	0.165	0.016	0		5133	5072.71	2.2961	2.288			5080.99	2.2867	2.2793			1.1651	1	0.15133	0.19668	0.278	1	0.9994	1.00	0	0
050327	Loma Linda University Medical Center	40140	40140	31084	40140	5460	06071	9	lurban	lurban	W	1.2603						1	0.7024	0.6253	445	306	0.32461	0.19299	0.516	0.07946	0.11014	0.07946	0.001514	2734.93	0.001982	2980.89	0.154	0.01	0		4638	4544.5	2.2653	2.2344	2576.96	2.1855	4553.65	2.2688	2.2375	2581.78	2.1902	1.1717	1	0.11154	0.0848	0.255	1	0.99468	0.99	0	0
050329	Corona Regional Medical Center	40140	40140	11244	40140	5430	06065	9	lurban	lurban	W	1.25						1	0	0	160	74	0	0	0.5026	0.0767	0.10714	0.0767	0.000221	1325.3	0.000235	1120.63	0.188	0.016	0		1351	1319.36	1.6211	1.6051			1320.79	1.6312	1.6122			1.1651	1	0.00779	0.00836	0.318	1	0.99596	1.00	0	0
050334	Salinas Valley Memorial Hospital	41500	41500	42100	5	5370	06053	9	ourban	rural	S	1.9025		YES	YES			1	0	0	218	125	0	0	0.4197	0.0596	0	0.0596	0.000266	552.04	0.000372	633.77	0.222	0.014	7		4029	3951.3	1.7906	1.7866			3958.71	1.8015	1.7975			1.5534	1	0.10342	0.06844	0.439	1	0.99484	1.00	0	0
050335	Adventist Health Sonora	5	5	5	5	5650	06109	9	rural	rural	N	1.25						1	0	0	84	46	0	0	0.3134	0.03768	0	0.03		0		0	0.195	0.003	17	9171.68	2434	2354.16	1.6073	1.5861			2365.54	1.6064	1.5862			1.1651	1	0.03929	0.00046	0.564	1	1.00725	1.00	0	0
050336	Adventist Health Lodi Memorial	44700	44700	44700	44700	5490	06077	9	ourban	ourban	N	1.4493				YES	0.0478	1	0	0	182	89	0	0	0.401	0.05574	0.08459	0.05574	0.000174	440.75	0.00017	373.54	0.128	0.014	0		3392	3322.69	1.4213	1.4111			3330.66	1.4192	1.4097			1.2893	1	0.03775	0.05859	0.466	1	1.00047	0.99	0	0
050342	Pioneers Memorial Healthcare District	20940	20940	20940	20940	5120	06025	9	ourban	ourban	N	1.25						1	0	0	107	52	0	0	0.666	0.1104	0.14438	0.1104	0.00014	764.61	0.000197	927.37	0.316	0.012	0		1535	1493.99	1.4921	1.4864			1497.21	1.4919	1.4863			1.1651	1	0.04341	0.00751	0.318	1	1.00171	1.00	0	0
050348	University Of California Irvine Med Center	11244	11244	31084	5	5400	06059	9	ourban	rural	S	1.2603		YES	YES			1	0.6849	0.8755	349	288	0.31762	0.28026	0.6788	0.11304	0	0.11304	0.000896	1738.63	0.001074	1755.59	0.186	0.013	7		4356	4250.21	2.0349	2.0157	1502.52	2.0713	4259.16	2.0468	2.028	1504.37	2.0825	1.1717	1	0.12287	0.09279	0.195	1	0.99711	1.00	0	0
050350	Beverly Hospital	31084	31084	31084	31084	5200	06037	9	lurban	lurban	N	1.2827						1	0	0	214	102	0	0	0.6957	0.11653	0.15129	0.11653	0.000315	1390.32	0.000427	1472.71	0.336	0.022	0		1908	1873.73	1.6584	1.644			1876.37	1.6684	1.6532			1.1859	1	0.03764	0.02345	0.277	1	1.00324	1.00	0	0
050351	Torrance Memorial Medical Center	31084	31084	31084	31084	5200	06037	9	lurban	lurban	N	1.2827						1	0	0	609	263	0	0	0.1933	0.01329	0.03992	0.01329	0.000207	308.16	0.000505	667.09	0.159	0.02	0		5898	5741.4	1.7596	1.7562			5757.3	1.7611	1.758			1.1859	1	0.09455	0.17983	0.281	1	1.00362	0.99	0	0
050352	Barton Memorial Hospital	40900	40900	40900	40900	5080	06017	9	lurban	lurban	N	1.5862						1	0	0	63	20	0	0	0.3729	0.03	0	0.03		0		0	0.218	0.011	16	9833.72	608	594.59	1.5354	1.5332			596.42	1.5276	1.5253			1.3715	1	0.02284	0.00633	0.324	1.13303	1.01625	0.99	0	0
050353	Providence Little Company Of Mary Med Ctr Torrance	31084	31084	31084	31084	5200	06037	9	lurban	lurban	N	1.2827						1	0	0	327	202	0	0	0.3742	0.05022	0.07872	0.05022	0.000372	739.9	0.000376	583.32	0.177	0.013	0		3824	3700.82	1.8301	1.8115			3715.78	1.8119	1.7924			1.1859	1	0.04622	0.03312	0.253	1	1.0034	0.99	0	0
050357	Goleta Valley Cottage Hospital	42200	42200	42200	42200	5520	06083	9	ourban	ourban	N	1.3666						1	0	0	46	11	0	0	0.1557	0.00718	0	0.00718		0		0	0.326	0.046	0		722	702.99	2.0213	2.0142			705.65	1.9636	1.9567			1.2385	1	0.04696	0.11833	0.478	1	1.00388	1.00	0	0
050359	Tulare Regional Medical Center	47300	47300	47300	47300	5640	06107	9	ourban	ourban	N	1.25						1	0	0	108	40	0	0	0.5033	0.07684	0.10729	0.07684	0.000131	1111.83	0.000193	1314.37	0.361	0.022	0		852	844.07	1.2664	1.258			844.41	1.2664	1.2582			1.1651	1	0.05687	0.03071	0.357	1	0.99071	0.99	0	0
050360	Marin General Hospital	42034	42034	42034	42034	5310	06041	9	ourban	ourban	N	1.7538						1	0	0	218	97	0	0	0.2885	0.03254	0.06016	0.03254	0.00016	359.58	0.000211	390.61	0.181	0.012	0		3809	3754.61	1.6839	1.6748			3760.67	1.681	1.6718			1.4692	1	0.13588	0.08049	0.439	1	0.99728	1.00	0	1
050367	Northbay Medical Center	46700	46700	46700	46700	5580	06095	9	ourban	ourban	N	1.703				YES	0.007	1	0	0	182	99	0	0	0.5113	0.07849	0.10909	0.07849	0.000346	811.27	0.000389	792.11	0.131	0.004	0		3703	3576.4	1.6976	1.6927			3585.77	1.7085	1.7035			1.4399	1	0.25171	0.03558	0.448	1	0.99529	1.00	0	0
050373	Lac+Usc Medical Center	31084	31084	31084	31084	5200	06037	9	lurban	lurban	N	1.2827						1	0.9502	1.2035	592	464	0.41936	0.40442	1.0221	0.18385	0.22995	0.18385	0.003583	19396.48	0.003277	15106.51	0.198	0.015	0		1715	1700.37	1.9718	1.961	620.9	1.789	1701.84	1.9748	1.9639	621.69	1.8081	1.1859	1	0.15948	0.19532	0.044	1	0.99981	1.00	0	0
050376	Lac/Harbor-Ucla Med Center	31084	31084	31084	31084	5200	06037	9	lurban	lurban	N	1.2827						1	0.9187	1.3936	393	264	0.40773	0.48182	0.9033	0.15934	0.20072	0.15934	0.001948	14025.86	0.001808	12613.6	0.198	0.015	0		1411	1397.67	1.8645	1.8537	442.65	1.6183	1398.56	1.8849	1.8745	444.1	1.634	1.1859	1	0.07956	0.10064	0.072	1	0.99484	1.00	0	0
050378	Pacifica Hospital Of The Valley	31084	31084	31084	31084	5200	06037	9	lurban	lurban	N	1.2827						1	0	0	133	62	0	0	1.021	0.18362	0.22968	0.18362	0.000239	3277.58	0.000358	3424.36	0.382	0.03	0		562	556.04	1.2326	1.2098			556.68	1.241	1.2184			1.1859	1	0.01016	0.01028	0.135	1	1.00037	1.00	0	1
050380	Good Samaritan Hospital	41940	41940	41940	41940	5530	06085	9	lurban	lurban	N	1.7827						1	0	0	342	197	0	0	0.2237	0.01918	0.04634	0.01918	0.000274	459.7	0.000256	365.67	0.122	0.008	0		5151	5076.05	1.8068	1.7988			5082.83	1.8082	1.8			1.4857	1	0.09511	0.06828	0.305	1	0.99264	0.99	0	0
050382	Citrus Valley Medical Center-Ic Campus	31084	31084	31084	31084	5210	06037	9	lurban	lurban	N	1.2827						1	0	0	481	259	0	0	0.6828	0.11387	0.14828	0.11387	0.000871	1678.49	0.001086	1643.06	0.27	0.014	0		4188	4117.62	1.6816	1.6619			4123.02	1.6949	1.6746			1.1859	1	0.03011	0.00759	0.23	1	0.99823	1.00	0	0
050390	Hemet Valley Medical Center	40140	40140	11244	40140	5430	06065	9	lurban	lurban	W	1.25						1	0.0789	0.0685	304	129	0.04217	0.01952	0.411	0.05781	0.08679	0.05781	0.000191	704.15	0.000292	802.1	0.194	0.013	0		2133	2095.51	1.6048	1.5871	1401.16	1.5922	2098.61	1.6179	1.6004	1404.66	1.6028	1.1651	1	0.01987	0.01104	0.253	1	0.98826	0.99	0	0
050393	Pih Hospital - Downey	31084	31084	31084	31084	5210	06037	9	lurban	lurban	N	1.2827						1	0.104	0.2149	192	82	0.05519	0.06252	0.4422	0.06424	0.09368	0.06424	0.00014	677.3	0.000252	920.62	0.154	0.011	0		1742	1706.63	1.5485	1.5404	1178.63	1.672	1710.23	1.551	1.5434	1182.86	1.6796	1.1859	1	0.02224	0.01416	0.261	1	1.00011	1.00	0	0
050394	Community Memorial Hospital San Buenaventura	37100	37100	37100	37100	5660	06111	9	ourban	ourban	N	1.4349						1	0.2095	0.1226	201	132	0.10811	0.0352	0.2979	0.03448	0.06218	0.03448	0.000177	498.22	0.000244	552.72	0.208	0.001	0		2846	2789.02	1.7541	1.7483	1731.92	1.7542	2792.79	1.7611	1.7543	1738.59	1.7517	1.2805	1	0.02842	0	0.257	1	0.99964	1.00	0	0
050396	Santa Barbara Cottage Hospital	42200	42200	42200	5	5520	06083	9	ourban	rural	S	1.3666		YES				1	0.1131	0.1766	325	203	0.05987	0.0511	0.3251	0.04009	0	0.04009	0.000375	549.17	0.000438	530	0.303	0.03	17	8594.04	5893	5796.84	1.9062	1.8945	930.79	1.9063	5812.26	1.9071	1.8954	933.62	1.8938	1.2385	1	0.17246	0.2541	0.322	1	1.00562	1.00	0	0
050397	Coalinga Regional Medical Center	23420	23420	23420	23420	5090	06019	9	ourban	ourban	N	1.25						1	0	0	22	1	0	0	0.3953	0.03	0	0.03		0		0	0.198	0.015	16	12203.31	35	34.65	1.0066	1.0048			34.68	1.0059	1.0038			1.1651	1	0	0	0.48	1.25	1	1.00	0	1
050407	Chinese Hospital	41884	41884	42034	41884	5480	06075	9	lurban	lurban	W	1.7282						1	0	0	54	21	0	0	0.8821	0.03	0	0.03	0.000035	533.22	0.000079	954.03	0.455	0.028	0		522	510.1	1.4385	1.4335			510.94	1.4357	1.4288			1.4545	1	0.06796	0.04156	0.338	1	1.01518	1.00	0	0
050411	Kaiser Foundation Hospital - South Bay	31084	31084	31084	31084	5200	06037	9	lurban	lurban	N	1.2827						1	0.0124	0.0263	260	120	0.00675	0.00745	0.1156	0	0.02369	0		0		0	0.389	0.035	0		333	317.59	1.8674	1.8486	2325.36	1.7472	318.59	1.8719	1.8527	2348.43	1.7474	1.1859	1	0.155	0.17266	0.032	1	1.01068	1.00	0	0
050414	Mercy Hospital Of Folsom	40900	40900	40900	40900	5440	06067	9	lurban	lurban	N	1.5862						1	0	0	106	66	0	0	0.2481	0.02421	0.05152	0.02421	0.000128	502.2	0.000109	355.84	0.208	0.007	0		2034	1988.68	1.5966	1.5841			1993.87	1.5864	1.5747			1.3715	1	0.03458	0.00283	0.344	1	1.00359	0.98	0	0
050417	Sutter Coast Hospital	5	5	5	5	5070	06015	9	rural	rural	N	1.25						1	0	0	49	16	0	0	0.3771	0.03	0	0.03		0		0	0.287	0.049	16	8462	986	951.3	1.4865	1.475			953.46	1.4922	1.4808			1.1651	1	0.03655	0.13902	0.484	1.14545	1.00699	1.00	0	0
050423	Palo Verde Hospital	40140	40140	11244	40140	5430	06065	9	lurban	lurban	W	1.25						1	0	0	51	7	0	0	0.5894	0.03	0	0.03		0		0	0.426	0.04	16	9955.25	180	176.64	1.0979	1.0745			176.93	1.0888	1.0639			1.1651	1	0.02481	0.0325	0.369	1.21689	1	1.00	0	0
050424	Scripps Green Hospital	41740	41740	41740	5	5470	06073	9	ourban	rural	S	1.25		YES				1	0.1807	0.2989	173	103	0.09394	0.08801	0.0659	0	0	0		0		0	0.174	0.015	0		2477	2427.62	2.2618	2.2621	1446.56	1.7466	2439.09	2.2436	2.2425	1458.31	1.7237	1.1651	1	0.10648	0.12589	0.344	1	1.00797	1.00	0	0
050425	Kaiser Foundation Hospital - Sacramento	40900	40900	40900	40900	5440	06067	9	lurban	lurban	N	1.5862						1	0.0676	0.1881	327	125	0.03624	0.05452	0.1225	0	0.02512	0		0		0	0.366	0.013	0		869	835.55	1.6964	1.6858	4030.91	1.9795	838.55	1.7048	1.6955	4061.88	1.9896	1.3715	1	0.0983	0.01312	0.065	1	1.00825	1.00	0	0
050426	West Anaheim Medical Center	11244	11244	31084	11244	5400	06059	9	lurban	lurban	W	1.2603						1	0.0741	0	167	71	0.03965	0	0.5932	0.09539	0.12764	0.09539	0.000194	786.6	0.000241	808.98	0.16	0.013	0		2076	2033.53	1.9018	1.8736	610.62	1.867	2037.3	1.902	1.8751	612.6	1.8831	1.1717	1	0.01032	0.00952	0.429	1	0.99396	1.00	0	0
050438	Huntington Memorial Hospital	31084	31084	37100	5	5200	06037	9	ourban	rural	S	1.4349		YES	YES			1	0.0733	0.1279	475	293	0.03924	0.03675	0.3275	0.04058	0	0.04058	0.00052	626.47	0.000587	580.25	0.183	0.011	7		7235	7126.75	1.7053	1.6983	2517.59	1.7904	7136.32	1.7053	1.6982	2521.38	1.8007	1.2805	1	0.08392	0.04502	0.283	1	1.0035	1.00	0	0
050441	Stanford Health Care	41940	41940	41940	41940	5530	06085	9	lurban	lurban	N	1.7827						1	0.787	0.8914	447	395	0.35783	0.28602	0.2801	0.03081	0.05836	0.03081	0.001373	1188.69	0.000834	607.51	0.141	0.01	0		9875	9708.76	2.5245	2.5228	1233.6	2.2891	9721.87	2.5361	2.5337	1236.98	2.3181	1.4857	1	0.23235	0.21183	0.366	1	1.00046	1.00	0	0
050444	Mercy Medical Center	32900	32900	32900	32900	5340	06047	9	ourban	ourban	N	1.3285						1	0.0842	0.1854	186	124	0.04493	0.05371	0.5838	0.09345	0.12549	0.09345	0.000316	623.73	0.000439	752.83	0.194	0.022	7		4490	4425.57	1.5178	1.5069	254.96	1.3585	4430.48	1.5178	1.5068	255.48	1.3488	1.2147	1	0.03296	0.06226	0.409	1	1.00286	0.99	0	0
050454	Ucsf Medical Center	41884	41884	42034	41884	5480	06075	9	lurban	lurban	W	1.7282						1	0.6345	0.9481	754	570	0.29723	0.30676	0.4865	0.07338	0.10353	0.07338	0.001329	1331.42	0.001454	1241.06	0.202	0.014	0		8639	8445.7	2.5013	2.4922	1073.81	2.6335	8469.37	2.5059	2.4962	1076.18	2.6486	1.4545	1	0.20839	0.14415	0.237	1	1.00388	1.00	0	0
050455	Adventist Health Bakersfield	12540	12540	12540	12540	5140	06029	9	ourban	ourban	N	1.25						1	0	0	254	183	0	0	0.4437	0.06455	0.09401	0.06455	0.000299	688.64	0.000449	853.38	0.158	0.006	0		3734	3611.18	1.7581	1.7435			3629.94	1.7558	1.7422			1.1651	1	0.0205	0.00225	0.236	1	0.99719	1.00	0	0
050457	St Mary'S Medical Center	41884	41884	42034	41884	5480	06075	9	lurban	lurban	W	1.7282						1	0.3711	0.6896	113	54	0.18408	0.21483	0.3442	0.04403	0.07219	0.04403	0.000134	592.05	0.000105	370.34	0.193	0.007	0		1861	1815.53	1.9252	1.9151	475.8	1.7349	1819.43	1.9252	1.9152	477.16	1.7174	1.4545	1	0.11745	0.02666	0.521	1	1.00051	0.99	0	0
050464	Doctors Medical Center	33700	33700	33700	33700	5600	06099	9	ourban	ourban	N	1.2891				YES	0.0391	1	0.0664	0.0658	380	291	0.03561	0.01874	0.6392	0.10487	0.13819	0.10487	0.000685	1174.87	0.00105	1563.41	0.094	0.004	0		5125	5068.73	1.8055	1.787	2055.45	1.7685	5073.26	1.8156	1.7975	2060.07	1.7625	1.1899	1	0.04546	0.00864	0.239	1	0.99338	0.99	0	0
050468	Memorial Hospital Of Gardena	31084	31084	31084	31084	5200	06037	9	lurban	lurban	N	1.2827						1	0	0	103	67	0	0	0.8121	0.14053	0.17874	0.14053	0.000279	1727.22	0.000405	1945.33	0.162	0.009	0		1332	1293.88	1.6879	1.6427			1296.98	1.6859	1.6388			1.1859	1	0.00386	0.00205	0.237	1	1.00364	1.00	0	0
050471	Good Samaritan Hospital	31084	31084	31084	31084	5200	06037	9	lurban	lurban	N	1.2827						1	0.0306	0.0539	313	157	0.01658	0.01533	0.7078	0.11902	0.15411	0.11902	0.000495	1261.02	0.000711	1455.12	0.178	0.007	0		3245	3210.57	2.154	2.1406	1013.49	1.872	3213.13	2.1445	2.1313	1014.58	1.852	1.1859	1	0.05946	0.00971	0.285	1	0.99976	1.00	0	0
050481	West Hills Hospital & Medical Center	31084	31084	37100	31084	5200	06037	9	lurban	lurban	W	1.4349						1	0	0	225	120	0	0	0.3442	0.04403	0.07219	0.04403	0.00022	473.38	0.000173	319.13	0.112	0.007	0		3904	3834.44	1.6764	1.6682			3843.18	1.6723	1.6642			1.2805	1	0.08052	0.05015	0.45	1	0.99945	0.99	0	0
050485	Long Beach Memorial Medical Center	31084	31084	31084	31084	5200	06037	9	lurban	lurban	N	1.2827						1	0.1711	0.2809	416	266	0.08918	0.0825	0.5104	0.07831	0.10889	0.07831	0.000493	827.49	0.000566	752.88	0.196	0.008	0		4964	4902.21	1.944	1.9327	2511.54	1.8813	4906.28	1.9526	1.9422	2515.29	1.8902	1.1859	1	0.06513	0.01521	0.281	1	0.99675	0.99	0	0
050488	Eden Medical Center	36084	36084	36084	36084	5000	06001	9	lurban	lurban	N	1.6923				YES	0.0023	1	0	0	130	102	0	0	0.3952	0.05455	0.08332	0.05455	0.000304	856.06	0.000316	757.26	0.23	0.043	0		3172	3042.04	1.7845	1.7706			3051.57	1.797	1.7819			1.4337	1	0.08229	0.33377	0.341	1	0.99545	1.00	0	0
050492	Clovis Community Medical Center	23420	23420	23420	23420	5090	06019	9	ourban	ourban	N	1.25						1	0	0	208	146	0	0	0.4399	0.06377	0.09317	0.06377	0.000267	683.07	0.000335	772.81	0.193	0.027	0		3479	3421.92	1.6861	1.6778			3428.73	1.6873	1.6791			1.1651	1	0.05144	0.13139	0.257	1	0.99342	1.00	0	0
050496	John Muir Medical Center - Concord Campus	36084	36084	36084	36084	5060	06013	9	lurban	lurban	N	1.69						1	0.0352	0	245	132	0.01905	0	0.3425	0.04368	0.07182	0.04368	0.000216	408.49	0.000264	441.76	0.142	0.008	0		4774	4681.49	2.001	1.9916	1	6.5964	4695.22	1.9876	1.9782	1	6.5762	1.4324	1	0.09463	0.04772	0.452	1	1.00142	1.00	0	0
050498	Sutter Auburn Faith Hospital	40900	40900	40900	40900	5410	06061	9	lurban	lurban	N	1.5862						1	0	0	66	30	0	0	0.1999	0.01436	0	0.01436	0.000094	488.14	0.000069	284.02	0.244	0.022	0		1505	1440.01	1.5571	1.5403			1443.9	1.557	1.5392			1.3715	1	0.01427	0.01887	0.499	1	0.99579	0.99	0	0
050502	Saint Vincent Medical Center	31084	31084	31084	31084	5200	06037	9	lurban	lurban	N	1.2827						1	0.0101	0.0317	320	119	0.00551	0.00899	0.6934	0.11605	0.15075	0.11605	0.000198	423.94	0.000281	526.3	0.153	0.008	0		4201	4135	1.9096	1.8902	1061.66	1.4798	4140.39	1.9133	1.8936	1062.12	1.4824	1.1859	1	0.04923	0.02047	0.457	1	1.00195	1.00	0	0
050503	Scripps Memorial Hospital - Encinitas	41740	41740	41740	41740	5470	06073	9	lurban	lurban	N	1.25						1	0	0	164	98	0	0	0.177	0.01064	0.03649	0.01064	0.000196	480.69	0.000125	271.05	0.178	0.016	0		3476	3391.55	1.6437	1.6305			3403.12	1.6366	1.6239			1.1651	1	0.07861	0.08804	0.335	1	0.99991	1.00	0	0
050506	Sierra Vista Regional Medical Center	42020	42020	42200	42020	5500	06079	9	ourban	ourban	W	1.3555						1	0	0	156	62	0	0	0.3773	0.05086	0.0794	0.05086	0.00011	610.34	0.00016	749.8	0.144	0.009	7		1526	1498.36	1.7447	1.7431			1501.43	1.7535	1.7528			1.2316	1	0.04811	0.02988	0.238	1	0.99638	1.00	0	0
050510	Kaiser Foundation Hospital	42034	42034	42034	42034	5310	06041	9	ourban	ourban	N	1.7538						1	0.0157	0.0425	116	48	0.00854	0.01207	0.0629	0	0.01282	0		0		0	0.487	0.023	0		171	165.46	1.5789	1.5622	2089.44	1.5756	166.42	1.5819	1.5686	2110.39	1.5768	1.4692	1	0.18804	0.06953	0.039	1	1.01043	1.00	0	0
050512	Kaiser Foundation Hospital - Fremont	36084	36084	36084	36084	5000	06001	9	lurban	lurban	N	1.6923				YES	0.0023	1	0.0122	0.0382	106	36	0.00665	0.01084	0.0772	0	0.01576	0		0		0	0.375	0.012	0		109	101.06	1.5057	1.4942	1151.38	1.5849	101.5	1.5088	1.4983	1158.69	1.5885	1.4337	1	0.22372	0.03934	0.036	1	1.01486	1.00	0	0
050515	Kaiser Foundation Hospital - Zion	41740	41740	41740	41740	5470	06073	9	lurban	lurban	N	1.25						1	0.0349	0.1193	414	255	0.01889	0.03424	0.1091	0	0.02234	0		0		0	0.198	0.013	0		792	754.4	1.7676	1.7529	7195.92	1.6782	757.55	1.7733	1.7626	7235.11	1.6735	1.1651	1	0.01361	0.00503	0.032	1	1.01216	1.00	0	0
050516	Mercy San Juan Medical Center	40900	40900	40900	40900	5440	06067	9	lurban	lurban	N	1.5862						1	0.0027	0.0032	370	284	0.00148	0.0009	0.552	0.08689	0.11827	0.08689	0.000725	1025.44	0.000929	1025.48	0.182	0.006	0		5614	5492.06	1.8325	1.8193	1510.46	1.814	5505.81	1.8358	1.8225	1514.56	1.8182	1.3715	1	0.08392	0.00909	0.272	1	1.00045	0.99	0	0
050517	Victor Valley Global Medical Center	40140	40140	31084	40140	5460	06071	9	lurban	lurban	W	1.2603						1	0	0	101	58	0	0	0.647	0.10648	0.13999	0.10648	0.000166	1783.84	0.000258	2136.6	0.208	0.016	0		705	697.74	1.5606	1.5453			698.73	1.5442	1.531			1.1717	1	0.02473	0.02197	0.174	1	0.99628	0.99	0	0
050523	Sutter Delta Medical Center	36084	36084	36084	36084	5060	06013	9	lurban	lurban	N	1.69						1	0	0	123	83	0	0	0.4973	0.07561	0.10595	0.07561	0.000247	834.13	0.000245	672.43	0.228	0.013	0		2459	2397.12	1.6004	1.5901			2401.98	1.6021	1.5908			1.4324	1	0.03035	0.01036	0.35	1	1.00044	0.99	0	0
050526	Huntington Beach Hospital	11244	11244	31084	11244	5400	06059	9	lurban	lurban	W	1.2603						1	0	0	106	31	0	0	0.5743	0.09149	0.12333	0.09149	0.000082	650.65	0.000109	652.5	0.194	0.02	0		958	928.81	1.6007	1.5829			929.85	1.6123	1.5943			1.1717	1	0.0166	0.03112	0.487	1	0.99692	1.00	0	0
050528	Memorial Hospital Los Banos	32900	32900	5	5	5340	06047	9	ourban	rural	S	1.25		YES				1	0	0	44	10	0	0	0.7261	0.03	0	0.03		0		0	0.261	0.027	16	18566.47	400	378.3	1.4186	1.3967			380.89	1.4068	1.3854			1.1651	1	0.00953	0.0212	0.266	1.16909	1.00865	1.00	0	0
050534	John F Kennedy Memorial Hospital	40140	40140	11244	40140	5430	06065	9	lurban	lurban	W	1.25						1	0	0	132	53	0	0	0.7546	0.12867	0.1651	0.12867	0.000203	1679.76	0.0003	1810.27	0.129	0.006	0		903	881.4	1.6094	1.5716			883.63	1.6217	1.5831			1.1651	1	0.07549	0.01885	0.2	1	0.99406	1.00	0	0
050537	Sutter Davis Hospital	40900	40900	40900	40900	5670	06113	9	lurban	lurban	N	1.5862						1	0.0268	0.0603	48	25	0.01454	0.01716	0.4413	0.03	0	0.03	0.00012	1136.13	0.000105	953.31	0.222	0.013	0		1030	965.84	1.545	1.5161	212.76	1.4178	971.29	1.5413	1.5134	213.55	1.427	1.3715	1	0.0177	0.00869	0.233	1	1.0086	0.98	0	0
050541	Kaiser Foundation Hospital - Redwood City	41884	41884	41884	41884	5510	06081	9	lurban	lurban	N	1.7301				YES	0.005	1	0	0.0029	145	78	0	0.00082	0.0478	0	0.00973	0		0		0	0.425	0.028	0		228	220.75	1.926	1.8972			220.91	1.9503	1.9218			1.4556	1	0.1152	0.07603	0.027	1	1.00526	1.00	0	0
050543	College Hospital Costa Mesa	11244	11244	31084	11244	5400	06059	9	lurban	lurban	W	1.2603						1	0	0	122	112	0	0	0.9619	0.17143	0.21505	0.17143	0.000297	15453.69	0.000564	23291.24	0.325	0.042	0		162	162	0.8946	0.8946			162	0.9214	0.9214			1.1717	1	0.14403	0.40281	0.038	1	1	1.00	0	1
050546	Porterville Developmental Center	47300	47300	47300	47300	5640	06107	9	ourban	ourban	N	1.25						1	0	0	44	3	0	0	0.45379	0.03	0	0.03		0	0.000024	2696.1	0.931	0.03	0		46	46	0.794	0.794			46	0.7859	0.7859			1.1651	1	2.61333	0.81134	0.546	1	1	1.00	1	1
050547	Sonoma Developmental Center	42220	42220	36084	42220	5590	06097	9	ourban	ourban	W	1.6738						1	0	0	13	4	0	0	0.37258	0.03	0	0.03		0	0.000019	1005.44	0.752	0.011	0		111	110.68	1.0658	1.0655			110.67	1.06	1.0597			1.423	1	0.15295	0.00364	0.662	1	1	1.00	1	1
050548	Fairview Developmental Center	11244	11244	31084	11244	5400	06059	9	lurban	lurban	W	1.2603						1	0	0	30	1	0	0	0.24694	0.02397	0	0.02397		0	0.000005	736.93	0.198	0.015	0		37	35.37	0.9109	0.9047			35.44	0.9026	0.8971			1.1717	1	0	0	0.753	1	1	1.00	1	1
050549	Los Robles Hospital & Medical Center	37100	37100	37100	37100	5660	06111	9	ourban	ourban	N	1.4349						1	0	0	294	188	0	0	0.1769	0.01062	0.03647	0.01062	0.000233	286.55	0.000149	157.54	0.119	0.011	0		6679	6576.05	1.87	1.863			6585.11	1.8704	1.8636			1.2805	1	0.08941	0.10109	0.507	1	0.99354	0.99	0	0
050551	Los Alamitos Medical Center	11244	11244	31084	11244	5400	06059	9	lurban	lurban	W	1.2603						1	0	0	142	102	0	0	0.231	0.02068	0.04789	0.02068	0.000101	317.12	0.000123	316.95	0.116	0.005	0		2691	2651.86	1.56	1.5447			2657.08	1.5666	1.5524			1.1717	1	0.07775	0.01957	0.322	1	0.99598	1.00	0	0
050557	Memorial Medical Center	33700	33700	33700	33700	5600	06099	9	ourban	ourban	N	1.2891				YES	0.0391	1	0	0	423	206	0	0	0.364	0.04811	0.07649	0.04811	0.000409	599.09	0.000434	526.3	0.19	0.022	0		5811	5683.75	1.7994	1.7868			5698.35	1.7964	1.7846			1.1899	1	0.06346	0.12747	0.36	1	1.00087	1.00	0	0
050561	Kaiser Foundation Hospital - West La	31084	31084	31084	31084	5200	06037	9	lurban	lurban	N	1.2827						1	0.0068	0.0154	274	104	0.00371	0.00436	0.1614	0.0081	0.03322	0.0081	0.000078	1849.9		0	0.486	0.024	0		276	257.84	2.1532	2.1336	2080.92	1.7808	258.52	2.1998	2.1787	2096.12	1.7917	1.1859	1	0.25817	0.09591	0.041	1	0.9983	1.00	0	0
050567	Mission Hospital Regional Med Center	11244	11244	31084	11244	5400	06059	9	lurban	lurban	W	1.2603						1	0	0	465	197	0	0	0.2825	0.0313	0.05887	0.0313	0.000451	728.86	0.00038	513.24	0.202	0.018	0		5389	5182.43	1.9098	1.8902			5201.72	1.907	1.888			1.1717	1	0.08132	0.0927	0.288	1	1.00649	1.00	0	0
050568	Madera Community Hospital	31460	31460	31460	31460	5300	06039	9	ourban	ourban	N	1.25						1	0	0	106	36	0	0	0.6348	0.10397	0.13717	0.10397	0.000148	1245.52	0.000231	1525.48	0.414	0.01	7		977	965.49	1.5151	1.5101			966.4	1.522	1.5166			1.1651	1	0.04419	0.00017	0.282	1.01212	1.00207	1.00	0	0
050570	Fountain Valley Regional Hospital & Medical Center	11244	11244	31084	11244	5400	06059	9	lurban	lurban	W	1.2603						1	0.007	0.0117	400	234	0.00382	0.00331	0.8195	0.14206	0.18051	0.14206	0.000533	1177.39	0.000879	1611.26	0.145	0.008	0		3871	3820.19	1.7511	1.7391	1603.9	1.8749	3825.6	1.7502	1.739	1608.72	1.8764	1.1717	1	0.1089	0.05176	0.258	1	0.99288	1.00	0	0
050573	Eisenhower Medical Center	40140	40140	11244	40140	5430	06065	9	lurban	lurban	W	1.25			YES			1	0.1521	0.2862	370	204	0.07967	0.08412	0.2373	0.02198	0.04923	0.02198	0.000163	160.94	0.000225	188.05	0.149	0.011	0		8466	8255.79	1.8387	1.8218	2730.05	1.6884	8282.14	1.8352	1.8189	2734.69	1.6846	1.1651	1	0.04512	0.02972	0.472	1	0.99805	1.00	0	1
050575	Gardens Regional Hospital And Medical Center	31084	31084	31084	31084	5200	06037	9	lurban	lurban	N	1.2827						1	0	0	107	44	0	0	0.5245	0.08122	0.11206	0.08122	0.000069	601.61	0.000119	587.71	0.215	0.016	0		243	237.72	1.2962	1.2709			237.95	1.3025	1.2775			1.1859	1	0.036	0.02986	0.509	1	1	1.00	0	1
050580	La Palma Intercommunity Hospital	11244	11244	31084	11244	5400	06059	9	lurban	lurban	W	1.2603						1	0	0	131	44	0	0	0.5562	0.08775	0.11922	0.08775	0.000095	587.63	0.000138	685.48	0.181	0.02	0		1274	1240.78	1.5317	1.5144			1243.48	1.5325	1.5152			1.1717	1	0.00738	0.01406	0.426	1	1.00571	1.00	0	0
050581	Lakewood Regional Medical Center	31084	31084	31084	31084	5200	06037	9	lurban	lurban	N	1.2827						1	0.0147	0.0219	172	109	0.008	0.0062	0.4591	0.06773	0.09743	0.06773	0.000205	799.66	0.00024	760.69	0.142	0.006	0		2228	2183.73	1.7223	1.7047	2128.69	1.6712	2187.17	1.7315	1.7136	2134.1	1.6745	1.1859	1	0.06397	0.01367	0.269	1	0.99223	0.99	0	0
050586	Chino Valley Medical Center	40140	40140	31084	40140	5460	06071	9	lurban	lurban	W	1.2603						1	0.1183	0.4459	126	45	0.06254	0.13409	0.5227	0.08084	0.11165	0.08084	0.000193	1640.33	0.000192	1268.24	0.194	0.024	0		937	910.27	1.8327	1.8166	705.54	1.7126	911.62	1.8576	1.8419	707.68	1.7333	1.1717	1	0.00087	0.00446	0.2	1	1.01341	1.00	0	0
050588	San Dimas Community Hospital	31084	31084	31084	31084	5210	06037	9	lurban	lurban	N	1.2827						1	0	0	64	41	0	0	0.3427	0.03	0	0.03	0.000063	481.1	0.000079	489.19	0.21	0.015	0		1101	1064.58	1.7706	1.7434			1065.67	1.7944	1.7658			1.1859	1	0.00524	0.00449	0.381	1	1.0047	1.00	0	0
050589	Placentia Linda Hospital	11244	11244	31084	11244	5400	06059	9	lurban	lurban	W	1.2603						1	0	0	114	31	0	0	0.2924	0.03335	0.061	0.03335	0.000055	526.1	0.000035	275.08	0.146	0.01	0		836	822.31	1.3631	1.3552			823.3	1.364	1.3554			1.1717	1	0.00986	0.00597	0.299	1	0.99668	1.00	0	0
050590	Methodist Hospital Of Sacramento	40900	40900	40900	40900	5440	06067	9	lurban	lurban	N	1.5862						1	0.08	0.1148	158	107	0.04274	0.03293	0.735	0.12463	0.16048	0.12463	0.000327	1110.13	0.000483	1320.96	0.184	0.013	0		2376	2305.08	1.6036	1.5892	714.02	1.4695	2314.52	1.597	1.5834	715.42	1.4805	1.3715	1	0.02169	0.01514	0.246	1	1.00396	1.00	0	0
050597	Foothill Presbyterian Hospital	31084	31084	31084	31084	5210	06037	9	lurban	lurban	N	1.2827						1	0	0	105	58	0	0	0.3607	0.04743	0.07578	0.04743	0.000138	924.71	0.000146	810.4	0.271	0.019	0		1170	1145.45	1.521	1.4965			1147.07	1.5318	1.5056			1.1859	1	0.022	0.0155	0.29	1	1.00229	1.00	0	0
050599	University Of California Davis Medical Center	40900	40900	40900	40900	5440	06067	9	lurban	lurban	N	1.5862						1	0.7173	0.9389	564	452	0.33053	0.30338	0.6077	0.09838	0.13095	0.09838	0.001079	1115.37	0.001834	1606.61	0.167	0.01	0		8453	8332.77	2.2604	2.2539	931.01	2.0479	8341.55	2.2671	2.2598	932.33	2.0631	1.3715	1	0.17487	0.10488	0.273	1	1.00281	1.00	0	0
050603	Memorialcare Saddleback Medical Center	11244	11244	31084	11244	5400	06059	9	lurban	lurban	W	1.2603						1	0.0032	0.007	252	146	0.00175	0.00198	0.1494	0	0.03072	0	0.000144	356.73	0.000142	270.78	0.208	0.015	0		3068	2956.03	1.6651	1.6496	2585.75	1.8115	2967.5	1.6637	1.6479	2600.33	1.815	1.1717	1	0.02765	0.02168	0.224	1	0.99431	0.99	0	0
050604	Kaiser Foundation Hospital-San Jose	41940	41940	41940	41940	5530	06085	9	lurban	lurban	N	1.7827						1	0.0044	0	245	110	0.0024	0	0.0889	0	0.01817	0		0		0	0.399	0.02	0		442	425.38	1.8573	1.833	3644.47	1.686	426.36	1.8726	1.8483	3668.4	1.6911	1.4857	1	0.11058	0.03972	0.039	1	1.00422	1.00	0	0
050608	Delano Regional Medical Center	12540	12540	12540	12540	5140	06029	9	ourban	ourban	N	1.25						1	0	0	105	23	0	0	0.8741	0.15332	0.19364	0.15332	0.000178	2334.27	0.000208	2094.92	0.326	0.044	0		625	610.71	1.6097	1.5965			611.59	1.6303	1.6153			1.1651	1	0.0142	0.04316	0.279	1	1.00378	1.00	0	0
050609	Kaiser Foundation Hospital - Orange County - Anahe	11244	11244	31084	11244	5400	06059	9	lurban	lurban	W	1.2603						1	0.0549	0.0845	435	278	0.02954	0.02413	0.1204	0	0.02468	0		0		0	0.364	0.019	0		348	335.98	1.7271	1.7213	6385.58	1.7706	336.95	1.7239	1.7222	6432.19	1.7814	1.1717	1	0.11106	0.04505	0.017	1	1.01499	1.00	0	0
050616	St Johns Pleasant Valley Hospital	37100	37100	37100	37100	5660	06111	9	ourban	ourban	N	1.4349						1	0	0	81	39	0	0	0.1351	0	0	0		0		0	0.203	0.016	0		1861	1792.78	1.5505	1.5337			1801.59	1.5449	1.5288			1.2805	1	0.02712	0.02377	0.604	1	1.00195	1.00	0	0
050624	Henry Mayo Newhall  Hospital	31084	31084	31084	31084	5200	06037	9	lurban	lurban	N	1.2827						1	0	0	196	145	0	0	0.2793	0.03064	0.05819	0.03064	0.000272	726.98	0.000264	574.59	0.205	0.021	0		3111	3072.02	1.6688	1.6635			3076.02	1.6729	1.6676			1.1859	1	0.1506	0.21417	0.349	1	1.00272	0.98	0	0
050625	Cedars-Sinai Medical Center	31084	31084	37100	5	5200	06037	9	ourban	rural	S	1.4349		YES	YES			1	0.2885	0.3831	850	654	0.14595	0.11417	0.3534	0.04593	0	0.04593	0.001121	506.98	0.001069	415.92	0.133	0.012	7		19112	18690.6	2.3412	2.3325	1513.84	2.2071	18746.5	2.3268	2.3181	1518.51	2.1908	1.2805	1	0.237	0.27463	0.408	1	1.0055	1.00	0	0
050633	Twin Cities Community Hospital	42020	42020	42020	42020	5500	06079	9	ourban	ourban	N	1.2805						1	0	0	122	40	0	0	0.2938	0.03363	0.0613	0.03363	0.000086	364.98	0.000093	319.98	0.135	0.01	0		1993	1936.7	1.3474	1.3377			1942.33	1.3441	1.3342			1.1845	1	0.02897	0.02594	0.452	1	0.99663	0.98	0	0
050636	Pomerado Hospital	41740	41740	41740	41740	5470	06073	9	lurban	lurban	N	1.25						1	0	0	95	57	0	0	0.28	0.03	0	0.03	0.000105	537.4	0.000113	474.53	0.18	0.025	0		1626	1524.75	1.7317	1.7053			1538.26	1.7243	1.699			1.1651	1	0.04016	0.09805	0.316	1	0.99457	0.98	0	0
050641	East Los Angeles Doctors Hospital	31084	31084	31084	31084	5200	06037	9	lurban	lurban	N	1.2827						1	0	0	102	43	0	0	0.9338	0.16563	0.20816	0.16563	0.000166	2367.85	0.000292	3545.11	0.151	0.009	0		588	584.27	1.4906	1.4815			584.66	1.4891	1.4799			1.1859	1	0.02534	0.0166	0.202	1	1.00219	1.00	0	0
050663	Los Angeles Community Hospital	31084	31084	31084	31084	5200	06037	9	lurban	lurban	N	1.2827						1	0	0	285	124	0	0	0.8831	0.15518	0.19581	0.15518	0.000268	1110.86	0.000502	1728.13	0.201	0.013	0		2174	2119.11	1.6186	1.6004			2124.1	1.6288	1.6106			1.1859	1	0.01821	0.00665	0.209	1	1	1.00	1	0
050668	Laguna Honda Hospital & Rehabilitation Center	41884	41884	42034	41884	5480	06075	9	lurban	lurban	W	1.7282						1	0	0	6	1	0	0	0.604	0.03	0	0.03	0.00003	8447.48	0.000025	5097.6	0.198	0.015	0		19	18.77	1.0975	1.0914			18.84	1.0764	1.072			1.4545	1	0	0	0.763	1	1	1.00	0	0
050674	Kaiser Foundation Hosp So Sacramento	40900	40900	40900	40900	5440	06067	9	lurban	lurban	N	1.5862						1	0.1004	0.1592	217	127	0.05334	0.04595	0.2203	0.01847	0.04562	0.01847	0.00014	1466	0.000155	1418.89	0.346	0.018	0		884	852.43	1.6634	1.6549	3968.61	1.7321	855.5	1.6695	1.6614	3996.54	1.7437	1.3715	1	0.13651	0.05863	0.065	1	1.01021	1.00	0	0
050677	Kaiser Foundation Hospital - Woodland Hills	31084	31084	37100	31084	5200	06037	9	lurban	lurban	W	1.4349						1	0.0696	0.1418	262	114	0.03729	0.04083	0.0771	0	0.01574	0		0		0	0.464	0.035	0		185	174.38	1.9143	1.9038	3220.83	1.8581	175.39	1.9142	1.9099	3248.89	1.8576	1.2805	1	0.12386	0.10301	0.018	1	1.01521	1.00	0	0
050678	Orange Coast Memorial Medical Center	11244	11244	31084	11244	5400	06059	9	lurban	lurban	W	1.2603						1	0	0	218	112	0	0	0.4104	0.05768	0.08666	0.05768	0.000179	658.03	0.000244	752.91	0.198	0.01	0		2274	2205.15	1.7882	1.7784			2210.81	1.7963	1.7864			1.1717	1	0.04602	0.01699	0.25	1	1.0005	1.00	0	0
050684	Menifee Valley Medical Center	40140	40140	11244	40140	5430	06065	9	lurban	lurban	W	1.25						1	0	0	84	31	0	0	0.3079	0.03	0	0.03	0.000046	631.45	0.000057	580.42	0.225	0.025	0		533	528.3	1.3666	1.3595			528.56	1.3646	1.3577			1.1651	1	0.04862	0.09284	0.311	1	1.00157	1.00	0	0
050686	"Kaiser Foundation Hospital, Riverside"	40140	40140	11244	40140	5430	06065	9	lurban	lurban	W	1.25						1	0.0891	0.1403	226	128	0.04748	0.04039	0.1408	0	0.02892	0		0		0	0.521	0.019	0		211	203.49	2.0999	2.069	2253.54	1.8789	203.94	2.096	2.0653	2258.55	1.894	1.1651	1	0.31522	0.04176	0.033	1	1.00402	1.00	0	0
050688	St Louise Regional Hospital	41940	41940	41940	41940	5530	06085	9	lurban	lurban	N	1.7827						1	0	0	72	26	0	0	0.3991	0.03	0	0.03	0.000074	629.46	0.000072	491.43	0.21	0.012	0		1020	994.34	1.3789	1.3665			995.9	1.3839	1.3731			1.4857	1	0.05232	0.02187	0.374	1.09038	0.99261	1.00	0	0
050689	San Ramon Regional Medical Ctr	36084	36084	36084	36084	5060	06013	9	lurban	lurban	N	1.69						1	0	0	123	51	0	0	0.0808	0	0.0165	0		0		0	0.173	0.009	0		1577	1542.27	1.6513	1.6329			1548.39	1.6466	1.6324			1.4324	1	0.07529	0.03411	0.341	1	1.00123	1.00	0	0
050690	Kaiser Foundation Hospital-Santa Rosa	42220	42220	36084	42220	5590	06097	9	ourban	ourban	W	1.6738						1	0.0149	0.0341	173	83	0.00811	0.00967	0.1076	0	0.02203	0		0		0	0.425	0.025	0		290	284.13	1.5567	1.5542	3442.84	1.4837	284.9	1.5614	1.5598	3449.66	1.4966	1.423	1	0.12659	0.07181	0.034	1	1.01502	1.00	0	0
050696	Keck Hospital Of Usc	31084	31084	37100	31084	5200	06037	9	lurban	lurban	W	1.4349						1	0.3832	0.4435	336	229	0.18954	0.13332	0.3794	0.05129	0.07986	0.05129	0.00027	534.74	0.000374	626.82	0.251	0.019	0		4302	4219.93	2.9739	2.9596	938.41	3.6657	4230.37	2.9825	2.967	938.74	3.7167	1.2805	1	0.32992	0.28733	0.342	1	0.99342	1.00	0	0
050697	Patients' Hospital Of Redding	39820	39820	39820	39820	5550	06089	9	ourban	ourban	N	1.395						1	0	0	10	1	0	0	0.0244	0	0	0		0		0	0.32	0.017	0		63	63	1.7421	1.7421			63	1.7241	1.7241			1.256	1	0	0	0.29	1	1	1.00	0	0
050701	Southwest Healthcare System	40140	40140	11244	40140	5430	06065	9	lurban	lurban	W	1.25						1	0	0	242	159	0	0	0.4027	0.05609	0.08496	0.05609	0.000357	1359.25	0.000383	1163.94	0.191	0.019	0		2164	2112.43	1.5853	1.584			2117.1	1.5881	1.5873			1.1651	1	0.01549	0.02436	0.168	1	0.99728	0.99	0	0
050704	Mission Community Hospital	31084	31084	31084	31084	5200	06037	9	lurban	lurban	N	1.2827						1	0	0	145	113	0	0	0.8058	0.13923	0.17724	0.13923	0.00027	856.84	0.000457	1126.66	0.257	0.011	0		2554	2518.51	1.4836	1.4616			2523.19	1.4811	1.4591			1.1859	1	0.01532	0.00219	0.337	1	1.00037	1.00	0	0
050708	Fresno Surgical Hospital	23420	23420	23420	23420	5090	06019	9	ourban	ourban	N	1.25						1	0	0	27	9	0	0	0.01587	0	0	0		0		0	0.272	0.058	0		853	852.5	2.3962	2.3966			852.65	2.3432	2.3436			1.1651	1	0	0	0.433	1	1	1.00	0	0
050709	Desert Valley Hospital	40140	40140	31084	40140	5430	06065	9	lurban	lurban	W	1.2603						1	0	0	148	100	0	0	0.5321	0.08278	0.11377	0.08278	0.000187	650.14	0.000271	784.97	0.167	0.016	0		2466	2411.32	1.7831	1.7703			2415.85	1.7896	1.7765			1.1717	1	0.0066	0.00929	0.273	1	1.01596	0.99	0	0
050710	Kaiser Foundation Hospital - Fresno	23420	23420	23420	23420	5090	06019	9	ourban	ourban	N	1.25						1	0.0001	0.0034	169	72	0.00005	0.00096	0.0504	0	0.01026	0		0		0	0.355	0.015	0		266	260.09	1.4392	1.4306	3566.52	1.505	260.42	1.4462	1.4384	3576.69	1.5114	1.1651	1	0.22084	0.0759	0.036	1	1.01277	1.00	0	0
050714	Sutter Maternity & Surgery Center Of Santa Cruz	42100	42100	42100	42100	5540	06087	9	ourban	ourban	N	1.9025						1	0	0	30	10	0	0	0.3315	0.03	0	0.03	0.000037	1773.66	0.000045	1926.94	0.381	0.034	0		194	192.32	2.0436	2.0411			192.55	1.9992	1.9963			1.5534	1	0.00004	0.00114	0.075	1	1.01781	1.00	0	0
050717	Lac/Rancho Los Amigos National Rehabilitation  Ctr	31084	31084	31084	31084	5200	06037	9	lurban	lurban	N	1.2827						1	0.1064	0.1421	149	89	0.05643	0.04092	0.897	0.15804	0.19919	0.15804	0.000604	26302.42	0.000535	19476.16	0.198	0.015	0		215	210.61	1.9028	1.8893	31.53	1.5596	210.57	1.8696	1.856	31.51	1.6114	1.1859	1	0.11817	0.19894	0.055	1	1	1.00	0	0
050723	Kaiser Foundation Hospital - Baldwin Park	31084	31084	31084	31084	5200	06037	9	lurban	lurban	N	1.2827						1	0	0.0007	257	112	0	0.0002	0.1379	0	0.02832	0		0		0	0.433	0.016	0		247	233.78	1.7489	1.7372			234.84	1.7516	1.7409			1.1859	1	0.13425	0.03281	0.023	1	1.01563	1.00	0	0
050724	Bakersfield Heart Hospital	12540	12540	12540	12540	5140	06029	9	ourban	ourban	N	1.25						1	0	0	47	42	0	0	0.1659	0.00883	0	0.00883		0	0.000117	371.3	0.189	0.024	0		2030	1999.74	1.9829	1.9741			2002.69	1.9744	1.9662			1.1651	1	0.0164	0.0467	0.523	1	0.99774	1.00	0	0
050726	Stanislaus Surgical Hospital	33700	33700	33700	33700	5600	06099	9	ourban	ourban	N	1.2891				YES	0.0391	1	0	0	23	3	0	0	0.0585	0	0	0		0		0	0.301	0.051	0		253	250.99	2.1306	2.1286			251.62	2.0763	2.0741			1.1899	1	0.00023	0.00882	0.464	1	1	1.00	0	0
050727	Community Hospital Of Long Beach	31084	31084	31084	31084	5200	06037	9	lurban	lurban	N	1.2827						1	0	0	130	43	0	0	0.3971	0.05494	0.08373	0.05494	0.000112	765.35	0.000081	489.8	0.193	0.009	0		1276	1248.81	1.486	1.4801			1249.98	1.5015	1.496			1.1859	1	0.03415	0.00757	0.425	1	0.99233	1.00	0	0
050735	Whittier Hospital Medical Center	31084	31084	31084	31084	5200	06037	9	lurban	lurban	N	1.2827						1	0	0	156	79	0	0	0.6707	0.11137	0.14547	0.11137	0.000194	1337.69	0.000296	1720.27	0.127	0.008	0		1279	1263.01	1.3917	1.3826			1264.04	1.4038	1.394			1.1859	1	0.00425	0.00202	0.151	1	1.0021	1.00	0	0
050736	Monterey Park Hospital	31084	31084	31084	31084	5200	06037	9	lurban	lurban	N	1.2827						1	0	0	101	54	0	0	0.9282	0.16448	0.20679	0.16448	0.000138	1796.2	0.000253	2796.08	0.103	0.006	0		655	644.13	1.424	1.415			644.97	1.4242	1.4174			1.1859	1	0.08563	0.05029	0.138	1	0.99189	1.00	0	0
050737	Garfield Medical Center	31084	31084	31084	31084	5200	06037	9	lurban	lurban	N	1.2827						1	0	0	182	135	0	0	0.9256	0.16394	0.20615	0.16394	0.000334	1189.53	0.000623	1748.34	0.114	0.008	0		2303	2276.93	1.788	1.7748			2279.53	1.8039	1.7909			1.1859	1	0.07739	0.06207	0.263	1	1.00398	1.00	0	0
050738	Greater El Monte Community Hospital	31084	31084	31084	31084	5200	06037	9	lurban	lurban	N	1.2827						1	0	0	104	41	0	0	0.991	0.17743	0.22223	0.17743	0.000128	2074.07	0.00018	2489.24	0.161	0.008	0		564	547.21	1.7375	1.6642			547.88	1.7726	1.6972			1.1859	1	0.03737	0.01476	0.164	1	1	1.00	1	0
050739	Centinela Hospital Medical Center	31084	31084	31084	31084	5200	06037	9	lurban	lurban	N	1.2827						1	0	0	313	179	0	0	0.7072	0.1189	0.15397	0.1189	0.000409	666.35	0.000705	896.9	0.141	0.017	0		4934	4842.54	1.795	1.7819			4851.03	1.7881	1.7747			1.1859	1	0.00605	0.01563	0.319	1	1.00154	0.99	0	0
050740	Marina Del Rey Hospital	31084	31084	31084	31084	5200	06037	9	lurban	lurban	N	1.2827						1	0	0	90	42	0	0	0.2321	0.02091	0	0.02091	0.000057	318.37	0.000061	260.87	0.278	0.019	0		1398	1366.53	1.8882	1.868			1369.91	1.8854	1.8652			1.1859	1	0.07594	0.05166	0.441	1	1.00494	1.00	0	0
050742	Olympia Medical Center	31084	31084	31084	31084	5200	06037	9	lurban	lurban	N	1.2827						1	0	0	204	77	0	0	0.567	0.08998	0.12167	0.08998	0.000245	779.54	0.00025	602.67	0.128	0.008	0		2364	2325.77	1.6621	1.6501			2330.62	1.6492	1.637			1.1859	1	0.01808	0.00803	0.445	1	0.9968	0.98	0	0
050744	Anaheim Global Medical Center	11244	11244	31084	11244	5400	06059	9	lurban	lurban	W	1.2603						1	0	0	103	38	0	0	0.7449	0.12667	0.16281	0.12667	0.000159	4734.12	0.000257	6496.6	0.228	0.019	0		288	283.77	1.8831	1.8648			283.97	1.9043	1.8868			1.1717	1	0.1213	0.13241	0.05	1	0.99098	1.00	0	0
050745	Chapman Global Medical Center	11244	11244	31084	11244	5400	06059	9	lurban	lurban	W	1.2603						1	0	0	75	22	0	0	0.2916	0.03	0	0.03	0.000037	863.57	0.000058	1088.37	0.212	0.025	0		363	356.53	1.4519	1.4572			356.68	1.4493	1.4543			1.1717	1	0.035	0.06532	0.117	1	1	1.00	0	0
050746	Orange County Global Medical Center	11244	11244	31084	11244	5400	06059	9	lurban	lurban	W	1.2603						1	0.0082	0.0378	228	98	0.00447	0.01072	0.7185	0.12123	0.15661	0.12123	0.000279	2091.44	0.000416	3011.57	0.184	0.015	0		1258	1220.94	2.1544	2.1403	447.47	2.0251	1223.12	2.1676	2.1529	449.19	2.0392	1.1717	1	0.04708	0.05181	0.078	1	0.99635	1.00	0	0
050747	South Coast Global Medical Center	11244	11244	31084	11244	5400	06059	9	lurban	lurban	W	1.2603						1	0	0	109	31	0	0	0.9279	0.16442	0.20671	0.16442	0.000112	2965.5	0.000211	4601.31	0.229	0.019	0		322	315.07	1.52	1.5083			315.37	1.5253	1.5134			1.1717	1	0.16171	0.16514	0.061	1	0.98655	1.00	0	0
050748	Kaiser Foundation Hospital Manteca	44700	44700	44700	44700	5490	06077	9	ourban	ourban	N	1.4493				YES	0.0478	1	0	0.0005	213	95	0	0.00014	0.0487	0	0.00991	0		0		0	0.366	0.012	0		285	273.76	1.6426	1.6417			274.51	1.636	1.6361			1.2893	1	0.2172	0.04867	0.019	1	1.01367	1.00	0	0
050751	Miracle Mile Medical Center	31084	31084	31084	31084	5200	06037	9	lurban	lurban	N	1.2827						1	0	0	17	1	0	0	0.2302	0.02052	0	0.02052	0	0	0.000001	100.84	0.221	0.046	0		40	40	3.4508	3.4508			40	3.4543	3.4543			1.1859	1	0.14097	0.83479	0.155	1	1	1.00	0	0
050754	Menlo Park Surgical Hospital	41884	41884	41884	41884	5510	06081	9	lurban	lurban	N	1.7301				YES	0.005	1	0	0	16	1	0	0	0.05153	0	0	0		0		0	0.385	0.026	0		33	32.85	2.0436	2.0452			32.86	2.0242	2.0256			1.4556	1	0	0	0.167	1	1	1.00	0	0
050755	Sherman Oaks Hospital	31084	31084	31084	31084	5200	06037	9	lurban	lurban	N	1.2827						1	0	0	112	62	0	0	0.5698	0.09056	0.1223	0.09056	0.000104	333.8	0.000129	355.85	0.176	0.013	0		2496	2419.48	1.9088	1.8871			2427.32	1.9044	1.8821			1.1859	1	0.02233	0.0159	0.515	1	1.006	0.99	0	0
050757	Alvarado Hospital Medical Center	41740	41740	41740	41740	5470	06073	9	lurban	lurban	N	1.25						1	0	0	254	71	0	0	0.5337	0.08311	0.11413	0.08311	0.000105	480.65	0.000183	603.9	0.189	0.011	0		1661	1624.26	2.1885	2.1596			1627.13	2.2028	2.1735			1.1651	1	0.03754	0.00813	0.335	1	0.99998	1.00	0	0
050758	Montclair Hospital Medical Center	40140	40140	31084	40140	5460	06071	9	lurban	lurban	W	1.2603						1	0	0	102	27	0	0	0.5835	0.09338	0.12542	0.09338	0.000119	2054.59	0.000195	2469.33	0.251	0.016	0		425	412.23	1.8288	1.8047			413.02	1.8486	1.8255			1.1717	1	0.01079	0.00409	0.191	1	0.9983	1.00	0	0
050760	Kaiser Foundation Hospital - Antioch	36084	36084	36084	36084	5060	06013	9	lurban	lurban	N	1.69						1	0.0144	0.0221	138	70	0.00784	0.00626	0.1122	0	0.02298	0		0		0	0.443	0.019	0		351	335.43	1.735	1.7222	2378.71	1.7204	336.79	1.7412	1.7298	2408.52	1.7141	1.4324	1	0.24916	0.0834	0.049	1	1.01466	1.00	0	0
050761	Providence Tarzana Medical Center	31084	31084	31084	31084	5200	06037	9	lurban	lurban	N	1.2827						1	0	0	249	152	0	0	0.4052	0.05661	0.08551	0.05661	0.000243	429.65	0.000341	486.15	0.172	0.011	0		4531	4386.83	1.6754	1.6615			4404.43	1.663	1.6487			1.1859	1	0.07484	0.03915	0.397	1	1.00164	0.99	0	0
050763	Silver Lake Medical Center	31084	31084	31084	31084	5200	06037	9	lurban	lurban	N	1.2827						1	0.0047	0.0052	211	139	0.00257	0.00147	0.6696	0.11114	0.14522	0.11114	0.000299	823.91	0.00066	1478.59	0.308	0.051	0		3111	3076.2	1.2305	1.2265	137.33	1.2567	3079.5	1.2321	1.2287	137.4	1.2675	1.1859	1	0.05189	0.1459	0.461	1	0.99367	1.00	0	0
050764	Shasta Regional Medical Center	39820	39820	39820	39820	5550	06089	9	ourban	ourban	N	1.395						1	0	0	246	87	0	0	0.3295	0.041	0.069	0.041	0.000141	268.58	0.000201	321.88	0.128	0.016	0		4471	4393.61	1.8061	1.797			4400.25	1.8004	1.7903			1.256	1	0.00843	0.01821	0.598	1	0.99444	1.00	0	0
050765	Kaiser Foundation Hospital-Moreno Valley	40140	40140	11244	40140	5430	06065	9	lurban	lurban	W	1.25						1	0	0	100	37	0	0	0.1205	0	0.0247	0	0.000055	3152.25		0	0.401	0.016	0		127	119.59	1.6409	1.6154			119.89	1.6493	1.625			1.1651	1	0.02324	0.00269	0.032	1	1.01203	1.00	0	0
050766	Sutter Surgical Hospital - North Valley	49700	49700	49700	49700	5610	06101	9	ourban	ourban	N	1.25						1	0	0	14	4	0	0	0.1059	0	0	0		0	0.000004	102.27	0.331	0.081	0		258	255.63	2.1404	2.1334			256.24	2.0934	2.0907			1.1651	1	0.01644	0.1721	0.647	1	1	1.00	0	0
050767	Kaiser Foundation Hospital - Vacaville	46700	46700	46700	46700	5580	06095	9	ourban	ourban	N	1.703				YES	0.007	1	0.0082	0.0152	140	67	0.00447	0.0043	0.1014	0	0.02075	0		0		0	0.406	0.025	0		327	316.02	1.8752	1.8574	2253.64	1.8115	317.7	1.8938	1.8777	2272.78	1.8287	1.4399	1	0.16949	0.09906	0.058	1	1.01153	1.00	0	0
050769	Hoag Orthopedic Institute	11244	11244	31084	11244	5400	06059	9	lurban	lurban	W	1.2603						1	0	0	70	29	0	0	0.02635	0	0	0		0		0	0.203	0.026	0		1908	1823.95	2.4469	2.4392			1850.98	2.3954	2.3831			1.1717	1	0.00268	0.0088	0.426	1	1	1.00	0	0
050770	Loma Linda University Medical Center-Murrieta	40140	40140	11244	40140	5430	06065	9	lurban	lurban	W	1.25						1	0	0	106	86	0	0	0.293	0.03347	0.06113	0.03347	0.000136	565.74	0.000149	478.44	0.186	0.019	0		1894	1854.89	1.8084	1.788			1859.11	1.8046	1.7832			1.1651	1	0.04301	0.06473	0.265	1	1.00473	0.99	0	0
050771	Coast Plaza Hospital	31084	31084	31084	31084	5200	06037	9	lurban	lurban	N	1.2827						1	0	0	117	38	0	0	0.6571	0.10856	0.14232	0.10856	0.000121	1119.8	0.000171	1282.43	0.173	0.009	0		895	873.49	1.7265	1.6953			876.49	1.7127	1.6848			1.1859	1	0.0094	0.0026	0.36	1	1.0014	1.00	0	0
050772	Kaiser Foundation Hospital - Roseville	40900	40900	40900	40900	5410	06061	9	lurban	lurban	N	1.5862						1	0.0038	0.0116	336	196	0.00208	0.00328	0.1442	0	0.02963	0		0	0.000176	2238.9	0.341	0.013	0		701	669.57	1.6242	1.6121	6232.77	1.6203	674.06	1.6165	1.6074	6302.41	1.6223	1.3715	1	0.05127	0.0087	0.025	1	1.01158	1.00	0	0
050773	San Leandro Hospital	36084	36084	36084	36084	5000	06001	9	lurban	lurban	N	1.6923				YES	0.0023	1	0	0	45	35	0	0	0.5118	0.03	0	0.03	0.000084	524.54	0.000092	470.82	0.284	0.004	0		1270	1224.76	1.6081	1.5968			1227.07	1.6195	1.6068			1.4337	1	0.19203	0.00404	0.465	1	1.00142	1.00	0	1
050775	Temecula Valley Hospital	40140	40140	11244	40140	5430	06065	9	lurban	lurban	W	1.25						1	0	0	140	69	0	0	0.2522	0.02505	0.0524	0.02505	0.000102	408.13		0	0.182	0.04	0		2325	2266.34	1.7193	1.7062			2271.68	1.7121	1.6993			1.1651	1	0.012	0.08999	0.345	1	1.00504	0.99	0	0
050776	College Medical Center	31084	31084	31084	31084	5200	06037	9	lurban	lurban	N	1.2827						1	0.1124	0.2403	221	105	0.05951	0.07016	1.0524	0.1901	0.23752	0.1901	0.000113	935.94		0	0.283	0.015	0		1026	1002.79	1.4358	1.4174	120.16	1.3402	1004.72	1.4457	1.4276	120.31	1.344	1.1859	1	0.04225	0.01289	0.138	1	0.99146	1.00	0	0
050777	Kaiser Foundation Hospital - San Leandro	36084	36084	36084	36084	5000	06001	9	lurban	lurban	N	1.6923				YES	0.0023	1	0.0104	0.001	194	102	0.00567	0.00028	0.0869	0	0.01775	0		0		0	0.42	0.033	0		324	301.47	1.7628	1.7686	3215.6	1.7609	304.37	1.7735	1.782	3274.14	1.7639	1.4337	1	0.16612	0.15441	0.031	1	1.00806	1.00	0	0
050778	Loma Linda University Children'S Hospital	40140	40140	31084	40140	5460	06071	9	lurban	lurban	W	1.2603						1	0	0	385	248	0	0	1.1589	0.21206	0.2645	0.21206	0.000081	24844.56		0	0.27	0.018	0		29	29	1.3254	1.3254			29	1.3601	1.3601			1.1717	1	0.00293	0.03865	0	1	1	1.00	0	1
050779	"Martin Luther King, Jr. Community Hospital"	31084	31084	31084	31084	5200	06037	9	lurban	lurban	N	1.2827						1	0	0	133	48	0	0	0.9724	0.1736	0.21764	0.1736	0.000545	6851.18		0	0.114	0.016	0		1060	1036.68	1.4766	1.4663			1038.56	1.4789	1.4688			1.1859	1	0.09588	0.27539	0.146	1	1.00677	1.00	0	1
050780	Foothill Regional Medical Center	11244	11244	31084	11244	5400	06059	9	lurban	lurban	W	1.2603						1	0		135	6	0	0.52699	0.4526	0.06639	0.09598	0.06639	0.000002	36.47		0	0.259	0.032	0		511	498.04	1.4156	1.4016			499.94	1.3841	1.3711			1.1717	1	0.13133	0.18607	0.169	1	1	1.00	1	0
050781	Sonoma West Medical Center	42220	42220	42220	42220	5590	06097	9	ourban	ourban	N	1.628				YES	0.0195	1	0		37	9	0	0.52699	0.1491	0	0	0		0		0	0.6	0.021	0		522	518.62	1.2537	1.2513			519.34	1.2409	1.2395			1.3962	1	0.23516	0.02135	0.786	1	1	1.00	1	0
050782	Casa Colina Hospital	31084	31084	31084	31084	5200	06037	9	lurban	lurban	N	1.2827						1	0.0441		31	13	0.0238	0.52699	0.1754	0.01038	0	0.01038		0		0	0.363	0.048	0		749	728.93	1.8341	1.8138	19.92	1.7101	731.08	1.8431	1.8216	20.09	1.7083	1.1859	1	0.13263	0.23057	0.616	1	1	1.00	1	0
060001	North Colorado Medical Center	24540	24540	19740	24540	6610	08123	8	ourban	ourban	W	1.005						1	0.1389	0.2287	255	109	0.07302	0.06667	0.4045	0.05647	0.08536	0.05647	0.000364	902.35	0.000378	722.45	0.231	0.037	0		3310	3220.81	1.9496	1.9359	976.83	1.9869	3227.74	1.9473	1.9328	979.31	1.9781	1.0034	1	0.02625	0.09834	0.327	1	1.00227	1.00	0	0
060003	Longmont United Hospital	14500	14500	14500	14500	6060	08013	8	ourban	ourban	N	1.0206				YES	0.0032	1	0	0	125	70	0	0	0.2967	0.03423	0.06192	0.03423	0.000203	802.84	0.000183	586.92	0.304	0.019	0		1988	1952.86	1.4903	1.4809			1957.41	1.4893	1.4807			1.0141	1	0.15975	0.09398	0.359	1	1.00046	0.98	0	0
060004	Platte Valley Medical Center	19740	19740	19740	19740	6000	08001	8	lurban	lurban	N	1.005						1	0	0	89	24	0	0	0.396	0.03	0	0.03	0.000103	1148.72	0.000116	1117.14	0.362	0.058	0		808	777.76	1.7987	1.781			779.97	1.7947	1.7781			1.0034	1	0.06922	0.23963	0.243	1.06182	1.00629	1.00	0	0
060006	Montrose Memorial Hospital	6	6	6	6	6420	08085	8	rural	rural	N	0.9937						1	0	0	50	22	0	0	0.3308	0.03	0	0.03		0		0	0.369	0.035	16	6128.68	1126	1098.39	1.5027	1.4964			1099.97	1.5049	1.4974			0.9957	1	0.01598	0.02043	0.458	1.08121	1.00629	1.00	0	0
060008	San Luis Valley Health	6	6	6	6	6010	08003	8	rural	rural	N	0.9937						1	0	0	49	16	0	0	0.4318	0.03	0	0.03	0.000054	731.46	0.000118	1377.92	0.362	0.024	16	5640.01	658	640.3	1.5357	1.5299			641.16	1.5351	1.5291			0.9957	1	0.00602	0.00326	0.344	1.13841	1.0086	1.00	0	0
060009	Lutheran Medical Center	19740	19740	19740	19740	6290	08059	8	lurban	lurban	N	1.005						1	0	0	268	117	0	0	0.3142	0.03784	0.06569	0.03784	0.000308	867.21	0.000376	863.07	0.21	0.025	0		2914	2807.06	1.8481	1.8366			2816.88	1.8572	1.8454			1.0034	1	0.0841	0.15812	0.248	1	1.00383	1.00	0	0
060010	Poudre Valley Hospital	22660	22660	22660	22660	6340	08069	8	ourban	ourban	N	0.9937						1	0.0739	0.1367	190	112	0.03955	0.03933	0.2621	0.0271	0.05451	0.0271	0.000331	543.7	0.000279	385.56	0.281	0.021	0		5188	5088.17	1.8148	1.8074	850.47	1.8065	5095.88	1.7999	1.7923	851.99	1.8013	0.9957	1	0.04447	0.03606	0.334	1	1.00562	1.00	0	0
060011	Denver Health Medical Center	19740	19740	19740	19740	6150	08031	8	lurban	lurban	N	1.005						1	0.4159	0.6172	342	244	0.20418	0.19026	0.762	0.1302	0.16685	0.1302	0.001356	7958.27	0.001429	6759.11	0.303	0.021	0		1382	1359.77	1.9851	1.9568	941.7	1.821	1361.5	1.9849	1.957	943.75	1.8066	1.0034	1	0.04769	0.04029	0.091	1	0.99686	1.00	0	0
060012	Centura Health-St Mary Corwin Medical Center	39380	39380	39380	39380	6500	08101	8	ourban	ourban	N	0.9937						1	0.1138	0.2546	128	62	0.06023	0.07449	0.4105	0.0577	0.08668	0.0577	0.000139	537.49	0.000167	527.22	0.218	0.011	0		2179	2136.69	1.7374	1.728	711.48	1.7157	2140.6	1.7264	1.7177	713.19	1.7133	0.9957	1	0.03779	0.01155	0.378	1	1.00036	1.00	0	0
060013	Mercy Regional Medical Center	6	6	6	6	6330	08067	8	rural	rural	N	0.9937						1	0	0	82	37	0	0	0.323	0.03	0	0.03		0		0	0.256	0.031	16	8029.28	1602	1562.14	2.0426	2.0369			1563.55	2.045	2.0381			0.9957	1	0.12645	0.24666	0.39	1	1.00754	1.00	0	0
060014	Presbyterian St Lukes Medical Center	19740	19740	19740	19740	6150	08031	8	lurban	lurban	N	1.005						1	0.0909	0.1563	354	182	0.04842	0.0451	0.5027	0.07672	0.10716	0.07672	0.000405	1766.25	0.0006	2146.42	0.134	0.02	0		1992	1952.51	2.5316	2.5318	509.78	2.4204	1954.78	2.5398	2.5401	510.58	2.4115	1.0034	1	0.16863	0.44464	0.148	1	0.99819	1.00	0	0
060015	Centura Health-St Anthony Hospital	19740	19740	19740	19740	6150	08031	8	lurban	lurban	N	1.005						1	0.0209	0.0138	205	157	0.01136	0.0039	0.2575	0.02615	0.05353	0.02615	0.000288	694.98	0.000222	452.65	0.189	0.016	0		3468	3380.97	2.019	2.0004	1723.32	1.9408	3390.11	2.0206	2.0032	1729.3	1.9464	1.0034	1	0.08271	0.08272	0.28	1	0.99565	1.00	0	0
060020	Parkview Medical Center Inc	39380	39380	39380	39380	6500	08101	8	ourban	ourban	N	0.9937						1	0.16	0.1024	260	189	0.08364	0.02932	0.3887	0.05321	0.08189	0.05321	0.000249	400.62	0.000371	493.82	0.152	0.012	0		5135	5058.36	1.7375	1.7326	1340.27	1.8016	5063.61	1.7459	1.7415	1340.07	1.8096	0.9957	1	0.01372	0.01096	0.404	1	1.00322	1.00	0	0
060022	University Colo Health Memorial Hospital Central	17820	17820	17820	17820	6200	08041	8	ourban	ourban	N	0.9937						1	0	0	592	263	0	0	0.3949	0.05449	0.08325	0.05449	0.000705	841.22	0.000553	577.21	0.205	0.016	0		7161	7013.31	1.8107	1.8023			7023.15	1.8156	1.8072			0.9957	1	0.02939	0.02352	0.246	1	0.9973	1.00	0	0
060023	St Marys  Medical Center	24300	24300	24300	24300	6380	08077	8	ourban	ourban	N	0.9937						1	0.068	0.1249	252	155	0.03645	0.03588	0.3498	0.04518	0.0734	0.04518		0		0	0.267	0.041	17	6994.17	4947	4879.08	1.979	1.9699	268.39	2.1366	4884.97	1.9909	1.9819	268.73	2.1393	0.9957	1	0.05965	0.17917	0.399	1	0.99621	1.00	0	0
060024	University Of Colorado Hospital Authority	19740	19740	19740	19740	6150	08031	8	lurban	lurban	N	1.005						1	0.4776	0.6729	572	461	0.23126	0.20912	0.4127	0.05816	0.08716	0.05816	0.001232	1166.72	0.000981	804.66	0.158	0.011	0		9026	8909.43	2.3207	2.3139	1189.89	2.3029	8919.51	2.3208	2.314	1191.93	2.3129	1.0034	1	0.07599	0.0446	0.264	1	1.00078	1.00	0	0
060027	Foothills Hospital	14500	14500	14500	14500	6060	08013	8	ourban	ourban	N	1.0206				YES	0.0032	1	0	0	139	69	0	0	0.2159	0.01757	0.04469	0.01757	0.000295	832.48	0.000193	479.54	0.201	0.017	0		3044	2952.23	1.9944	1.995			2966.21	1.9818	1.9814			1.0141	1	0.1157	0.1161	0.359	1	1.00301	1.00	0	0
060028	Saint Joseph Hospital	19740	19740	19740	19740	6150	08031	8	lurban	lurban	N	1.005						1	0.2025	0.3356	356	223	0.10468	0.09934	0.3076	0.03648	0.06427	0.03648	0.000505	2827.42	0.000556	2920.38	0.169	0.027	0		1638	1604.53	2.1812	2.1676	3922.56	1.9678	1608.49	2.1874	2.1737	3933.11	1.9677	1.0034	1	0.07816	0.26184	0.08	1	1.00115	1.00	0	0
060030	Mckee Medical Center	22660	22660	22660	22660	6340	08069	8	ourban	ourban	N	0.9937						1	0	0	115	29	0	0	0.3445	0.04409	0.07225	0.04409	0.00011	934.53	0.000093	559.81	0.317	0.049	0		888	847.6	1.5703	1.5628			851.37	1.5525	1.5454			0.9957	1	0.04059	0.1343	0.234	1	0.99334	1.00	0	0
060031	Centura Health-Penrose St Francis Health Services	17820	17820	19740	17820	6200	08041	8	ourban	ourban	W	1.005						1	0.011	0.0194	409	232	0.00599	0.00549	0.2981	0.03452	0.06222	0.03452	0.000414	469.22	0.000398	383.17	0.199	0.013	0		7538	7376.71	1.8174	1.8118	2383.22	1.698	7394.27	1.8131	1.8072	2390.06	1.6957	1.0034	1	0.02844	0.01311	0.285	1	0.99531	1.00	0	0
060032	Rose Medical Center	19740	19740	19740	19740	6150	08031	8	lurban	lurban	N	1.005						1	0.1192	0.2209	209	115	0.063	0.06432	0.2967	0.03423	0.06192	0.03423	0.000214	675.8	0.000228	559.36	0.123	0.013	0		2545	2491.65	1.9418	1.9336	849.12	1.9064	2497	1.9364	1.9285	851.56	1.9088	1.0034	1	0.02817	0.04596	0.209	1	1.00422	1.00	0	0
060034	Swedish Medical Center	19740	19740	19740	19740	6020	08005	8	lurban	lurban	N	1.005						1	0.0511	0.0748	338	248	0.02753	0.02133	0.3161	0.03823	0.0661	0.03823	0.000438	729.49	0.000311	420.04	0.108	0.012	0		4861	4763.75	2.004	1.9942	2143.52	1.9413	4775.56	2.011	2.0027	2150.73	1.9385	1.0034	1	0.07199	0.11105	0.272	1	0.99035	1.00	0	0
060044	Colorado Plains Medical Center	6	6	6	6	6430	08087	8	rural	rural	N	0.9937						1	0	0	36	8	0	0	0.47	0.03	0	0.03		0		0	0.237	0.027	16	6621.2	344	334.77	1.3256	1.3232			335.56	1.3227	1.3198			0.9957	1	0.00077	0.00542	0.299	1.18523	1.00109	1.00	0	0
060049	Uchealth Yampa Valley Medical Center	6	6	6	6	6530	08107	8	rural	rural	N	0.9937						1	0	0	39	11	0	0	0.2208	0.01858	0	0.01858		0		0	0.501	0.038	16	9490.44	471	457.86	1.7659	1.7611			458.84	1.7537	1.7485			0.9957	1	0.10929	0.08623	0.273	1.17811	1.01823	1.00	0	1
060054	Community Hospital	24300	24300	24300	24300	6380	08077	8	ourban	ourban	N	0.9937						1	0	0	42	20	0	0	0.2696	0.02864	0	0.02864	0.000112	950.06		0	0.273	0.049	0		977	963.85	1.6519	1.6415			965.32	1.6488	1.6386			0.9957	1	0.03816	0.14622	0.545	1	0.99329	1.00	0	0
060064	Centura Health-Porter Adventist Hospital	19740	19740	19740	19740	6150	08031	8	lurban	lurban	N	1.005						1	0	0	179	88	0	0	0.2351	0.02153	0.04876	0.02153	0.000151	433.92	0.000104	249.89	0.219	0.011	0		2898	2850.58	2.3157	2.2953			2856.56	2.3114	2.2907			1.0034	1	0.0949	0.01916	0.377	1	1.00855	1.00	0	0
060065	North Suburban Medical Center	19740	19740	19740	19740	6000	08001	8	lurban	lurban	N	1.005						1	0.002	0.0036	127	72	0.00109	0.00102	0.4882	0.07373	0.10391	0.07373	0.000255	1504.3	0.000172	863.68	0.104	0.011	0		1452	1408.29	1.7431	1.7137	900.83	1.6264	1411.64	1.7405	1.7102	904.14	1.6058	1.0034	1	0.02358	0.03525	0.199	1	0.99937	1.00	0	0
060071	Delta County Memorial Hospital	6	6	6	6	6140	08029	8	rural	rural	N	0.9937						1	0	0	49	14	0	0	0.2092	0.01619	0	0.01619		0	0.000029	228.16	0.388	0.039	14	5092.53	811	795.88	1.3745	1.3666			797.33	1.3655	1.3575			0.9957	1	0.01174	0.01752	0.495	1.15432	1	0.99	1	0
060075	Valley View Hospital Association	6	6	6	6	6220	08045	8	rural	rural	N	0.9937						1	0	0	49	33	0	0	0.18	0.01113	0	0.01113		0		0	0.366	0.048	16	8299.42	984	965	1.7622	1.761			966.79	1.7569	1.7551			0.9957	1	0.15921	0.36147	0.253	1.0122	1.00157	1.00	0	0
060076	Sterling Regional Medcenter	6	6	6	6	6370	08075	8	rural	rural	N	0.9937						1	0	0	25	9	0	0	0.3223	0.03	0	0.03		0		0	0.45	0.045	16	7873.81	462	444.42	1.5056	1.4818			446.02	1.4885	1.4636			0.9957	1	0.02515	0.03882	0.457	1.19485	1.00268	1.00	0	0
060096	Vail Health Hospital	6	6	19740	6	6180	08037	8	rural	rural	W	1.005						1	0	0	56	14	0	0	0.1872	0.0123	0	0.0123		0		0	0.462	0.054	16	12152.53	560	552.91	1.9761	1.9765			553.42	1.9551	1.9553			1.0034	1	0.08826	0.16528	0.192	1.15515	1.01235	0.99	0	0
060100	"Medical Center Of Aurora, The"	19740	19740	19740	19740	6000	08001	8	lurban	lurban	N	1.005						1	0.0061	0.0018	303	190	0.00333	0.00051	0.3739	0.05015	0.07865	0.05015	0.000436	935.86	0.000295	524.25	0.132	0.014	0		4029	3962.98	1.8361	1.828	2038.86	1.7987	3973.02	1.8203	1.8131	2043.18	1.7826	1.0034	1	0.04537	0.0721	0.269	1	1.00506	0.99	0	0
060103	Centura Health-Avista Adventist Hospital	14500	14500	19740	14500	6060	08013	8	ourban	ourban	W	1.005						1	0	0	86	37	0	0	0.366	0.03	0	0.03	0.000113	1582.74	0.000132	1466.84	0.271	0.029	0		554	537.81	1.8435	1.8398			539.87	1.8163	1.8135			1.0034	1	0.09137	0.1604	0.119	1	0.99842	0.97	0	0
060104	St Anthony North Health Campus	19740	19740	19740	19740	6000	08001	8	lurban	lurban	N	1.005						1	0.2851	0.4496	98	52	0.14435	0.13528	0.3899	0.03	0	0.03	0.000196	1278.01	0.000165	814.39	0.248	0.024	0		1253	1204.99	1.6876	1.6819	644.17	1.7538	1209.25	1.6884	1.6807	645.96	1.7627	1.0034	1	0.0181	0.02886	0.21	1	1.00451	1.00	0	0
060112	Sky Ridge Medical Center	19740	19740	19740	19740	6020	08005	8	lurban	lurban	N	1.005						1	0.0009	0.0021	274	139	0.00049	0.00059	0.1287	0	0.0264	0		0		0	0.102	0.013	0		3186	3117.16	2.1235	2.1159	2711.59	1.791	3128.79	2.0965	2.0877	2720.7	1.7838	1.0034	1	0.02887	0.06683	0.202	1	1.00438	1.00	0	0
060113	Centura Health-Littleton Adventist Hospital	19740	19740	19740	19740	6020	08005	8	lurban	lurban	N	1.005						1	0	0	184	97	0	0	0.1622	0.00823	0.03339	0.00823	0.00015	473.88		0	0.182	0.016	0		2635	2581.47	1.7198	1.7093			2586.98	1.7162	1.7067			1.0034	1	0.05521	0.05853	0.285	1	0.99541	1.00	0	0
060114	Parker Adventist Hospital	19740	19740	19740	19740	6170	08035	8	lurban	lurban	N	1.005						1	0	0	158	81	0	0	0.2156	0.01751	0.04463	0.01751	0.000161	710.11	0.000117	443.07	0.206	0.025	0		1929	1887.47	1.9166	1.9064			1892.65	1.9021	1.8909			1.0034	1	0.06843	0.1402	0.252	1	1.00814	0.99	0	0
060116	Good Samaritan Medical Center	14500	14500	14500	14500	6060	08013	8	ourban	ourban	N	1.0206				YES	0.0032	1	0	0	215	126	0	0	0.1241	0	0.02545	0		0		0	0.189	0.021	0		1262	1226.34	1.8116	1.7965			1230.45	1.8128	1.7973			1.0141	1	0.05167	0.09295	0.099	1	1.00432	1.00	0	0
060117	"Animas Surgical Hospital, Llc"	6	6	6	6	6330	08067	8	rural	rural	N	0.9937						1	0	0	12	2	0	0	0.0445	0	0	0		0		0	0.317	0.039	0		283	271.62	2.0891	2.0896			276.73	2.0309	2.031			0.9957	1	0.01527	0.0315	0.572	1	1	1.00	0	0
060118	St Anthony Summit Medical Center	6	6	19740	6	6580	08117	8	rural	rural	W	1.005						1	0	0	34	8	0	0	0.2885	0.03	0	0.03		0	0.000031	1157.25	0.304	0.034	0		244	237.12	1.513	1.5099			238.11	1.4975	1.4951			1.0034	1	0.03212	0.06258	0.15	1.1975	1.02237	0.99	0	0
060119	Medical Center Of The Rockies	22660	22660	22660	22660	6340	08069	8	ourban	ourban	N	0.9937						1	0	0	155	114	0	0	0.1795	0.01104	0.03702	0.01104	0.000261	506.38	0.000166	292.02	0.236	0.021	0		4641	4551.85	2.2548	2.2347			4559.4	2.251	2.2315			0.9957	1	0.06672	0.08444	0.397	1	1.00175	1.00	0	0
060124	Orthocolorado Hospital At St Anthony Med Campus	19740	19740	19740	19740	6290	08059	8	lurban	lurban	N	1.005						1	0	0	48	14	0	0	0.0142	0	0	0		0		0	0.153	0.031	0		932	910.91	2.7534	2.7405			915.53	2.7095	2.6932			1.0034	1	0.00989	0.05281	0.307	1	1	1.00	0	0
060125	Castle Rock Adventist Hospital	19740	19740	19740	19740	6170	08035	8	lurban	lurban	N	1.005						1	0	0	53	21	0	0	0.1799	0.01111	0	0.01111	0.000064	802.91		0	0.234	0.04	0		712	695.45	1.6239	1.6216			697.76	1.6167	1.6143			1.0034	1	0.04928	0.19347	0.218	1	0.99459	0.99	0	0
060126	Banner Fort Collins Medical Center	22660	22660	22660	22660	6340	08069	8	ourban	ourban	N	0.9937						1	0	0	22	4	0	0	0.3986	0.03	0	0.03	0.000035	3203.06		0	0.512	0.023	0		140	135.48	1.789	1.7921			135.82	1.7849	1.7881			0.9957	1	0.16523	0.04324	0.116	1	1.01563	1.00	0	0
060127	Scl Health Community Hospital- Northglenn	19740	19740	19740	19740	6000	08001	8	lurban	lurban	N	1.005						1	0		8	0	0	0.52699	0	0	0	0		0		0	0.202	0.021	0		10	9.15	1.2683	1.2472			9.15	1.255	1.2314			1.0034	1	0	0		1	1	1.00	0	0
070002	St Francis Hospital & Medical Center	25540	25540	35300	7	7010	09003	1	ourban	rural	S	1.2575		YES	YES			1	0.2683	0.4082	503	356	0.13641	0.12209	0.2872	0.03227	0	0.03227	0.000491	411.3	0.000735	513.44	0.297	0.018	7		9955	9759.56	1.798	1.7862	2644.87	1.899	9775.36	1.7993	1.7864	2655.35	1.9072	1.1699	1	0.02623	0.01265	0.388	1	1.00323	1.00	0	0
070003	Day Kimball Hospital	49340	49340	49340	49340	7070	09015	1	ourban	ourban	N	1.2575						1	0	0	98	38	0	0	0.3205	0.03	0	0.03	0.000072	421.33	0.000088	420.21	0.457	0.025	0		1388	1362.28	1.1827	1.1731			1365.41	1.1807	1.1722			1.1699	1	0.00143	0.00019	0.364	1	1.00041	1.00	0	0
070004	Sharon Hospital	7	7	7	7	7020	09005	1	rural	rural	N	1.2592				YES	0.0017	1	0	0	66	19	0	0	0.1848	0.01191	0	0.01191		0		0	0.396	0.029	16	8850.7	853	822.43	1.2571	1.2447			823.27	1.2684	1.2509			1.171	1	0.00147	0.00098	0.556	1.14462	1.0137	1.00	0	0
070005	Waterbury Hospital	35300	35300	35004	35300	7040	09009	1	ourban	ourban	W	1.3348						1	0.2186	0.3593	216	115	0.11254	0.10671	0.3064	0.03623	0.06401	0.03623	0.000163	346.99	0.000245	415.76	0.239	0.003	0		3753	3640.82	1.541	1.5351	914.39	1.5229	3648.72	1.5446	1.5377	915.98	1.5288	1.2187	1	0.01237	0	0.444	1	0.99035	0.99	0	0
070006	Stamford Hospital	14860	14860	14860	14860	7000	09001	1	ourban	ourban	N	1.2684				YES	0.0024	1	0.1909	0.3866	263	148	0.09898	0.11527	0.2795	0.03068	0.05823	0.03068	0.00041	865.89	0.000449	779.69	0.254	0.023	0		3922	3834.75	1.7104	1.6993	651.32	1.7634	3840.59	1.7181	1.7071	651.8	1.7721	1.1768	1	0.04783	0.05828	0.363	1	0.99536	1.00	0	0
070007	Lawrence & Memorial Hospital	35980	35980	35004	7	7050	09011	1	ourban	rural	S	1.3348		YES	YES			1	0.0046	0.006	200	133	0.00251	0.00169	0.285	0.03182	0	0.03182	0.000264	449.5	0.000335	468.33	0.454	0.035	7		4894	4805.96	1.565	1.5579	694.63	1.6353	4814.41	1.5613	1.554	695.34	1.6472	1.2187	1	0.01912	0.01694	0.44	1	1.00112	1.00	0	0
070008	Johnson Memorial Hospital	25540	25540	25540	25540	7060	09013	1	lurban	lurban	N	1.2575						1	0	0	81	30	0	0	0.1873	0.01231	0	0.01231	0.000046	424.36	0.00005	347.47	0.462	0.043	0		841	826.17	1.3268	1.3203			827.56	1.3166	1.311			1.1699	1	0.01009	0.01266	0.488	1	1.00402	0.99	0	0
070010	Bridgeport Hospital	14860	14860	14860	14860	7000	09001	1	ourban	ourban	N	1.2684				YES	0.0024	1	0.3017	0.4207	322	251	0.15214	0.12606	0.3845	0.05234	0.08097	0.05234	0.000623	954.18	0.000795	1079.16	0.243	0.024	0		5661	5546.87	1.7262	1.7147	1894.58	1.7796	5562.49	1.7126	1.7012	1898.44	1.7712	1.1768	1	0.03557	0.05006	0.333	1	1.00295	0.99	0	0
070011	Charlotte Hungerford Hospital	7	7	7	7	7020	09005	1	rural	rural	N	1.2592				YES	0.0017	1	0	0	91	59	0	0	0.1952	0.0136	0	0.0136	0.000082	279.47	0.000095	252.08	0.403	0.03	0		2314	2240.18	1.4176	1.4067			2244.39	1.4321	1.4194			1.171	1	0.0062	0.0051	0.554	1	0.99502	0.99	0	0
070012	Rockville General Hospital	25540	25540	25540	25540	7060	09013	1	lurban	lurban	N	1.2575						1	0.0124	0	102	27	0.00675	0	0.1812	0.01132	0.03737	0.01132	0.000089	749.26		0	0.271	0.018	0		1012	981.58	1.417	1.4065	3.77	1.016	985.17	1.4129	1.4023	3.74	1.0349	1.1699	1	0.0168	0.01148	0.523	1	1.00032	0.99	0	0
070016	Saint Mary'S Hospital	35300	35300	35004	35300	7040	09009	1	ourban	ourban	W	1.3348						1	0.2876	0.4178	144	112	0.14553	0.12514	0.3017	0.03526	0.063	0.03526	0.000184	392.47	0.000276	488.94	0.365	0.02	0		3917	3822.71	1.5877	1.5743	933.62	1.6097	3830.8	1.5931	1.5791	935.42	1.6216	1.2187	1	0.01799	0.00388	0.421	1	0.99453	1.00	0	0
070017	Midstate Medical Center	35300	35300	35004	35300	7040	09009	1	ourban	ourban	W	1.3348						1	0	0	124	92	0	0	0.2552	0.02567	0.05304	0.02567	0.000206	570.34	0.000218	469.21	0.38	0.028	0		2809	2716.62	1.64	1.617			2731.79	1.6282	1.6064			1.2187	1	0.00911	0.00656	0.439	1	0.99756	0.99	0	0
070018	Greenwich Hospital Association -	14860	14860	14860	14860	7000	09001	1	ourban	ourban	N	1.2684				YES	0.0024	1	0.1267	0.1761	184	123	0.06682	0.05095	0.0937	0	0.01916	0		0		0	0.273	0.024	0		3869	3804.9	1.6676	1.6624	478.1	1.6729	3811.57	1.661	1.6557	478.91	1.6688	1.1768	1	0.03435	0.03895	0.382	1	1.00098	0.99	0	0
070019	"Milford Hospital, Inc"	35300	35300	35004	35300	7040	09009	1	ourban	ourban	W	1.3348						1	0	0	106	33	0	0	0.1103	0	0.02259	0		0		0	0.346	0.012	0		1126	1097.98	1.5949	1.5866			1102.42	1.583	1.5758			1.2187	1	0.0314	0.0025	0.458	1	1.00768	0.99	0	0
070020	Middlesex Hospital	25540	25540	35300	25540	7030	09007	1	lurban	lurban	W	1.2575						1	0.0802	0.1278	209	126	0.04285	0.03672	0.1904	0.01282	0.03931	0.01282	0.000261	416.85	0.000235	299.08	0.29	0.023	0		5240	5074.4	1.467	1.4567	1196.2	1.5558	5086.18	1.4747	1.4648	1198.48	1.5623	1.1699	1	0.02777	0.02538	0.493	1	1.00121	1.00	0	0
070021	Windham Comm Mem Hosp & Hatch Hosp	49340	49340	7	7	7070	09015	1	ourban	rural	S	1.2575		YES				1	0	0	79	32	0	0	0.2264	0.01973	0	0.01973	0.000186	1294.91	0.000137	729.13	0.701	0.078	15	9906.21	1196	1152.39	1.4981	1.4802			1159.56	1.4687	1.4509			1.1699	1	0.01407	0.02945	0.539	1.09364	1.00658	1.00	0	0
070022	Yale-New Haven Hospital	35300	35300	35004	7	7040	09009	1	ourban	rural	S	1.3348		YES	YES			1	0.5264	0.6457	1266	1022	0.25221	0.19987	0.3423	0.04364	0	0.04364	0.001726	741.04	0.002718	946	0.259	0.012	7		19132	18675.1	1.9439	1.9349	5161.95	1.9873	18714.2	1.9484	1.9397	5171.36	1.998	1.2187	1	0.08571	0.02557	0.291	1	0.99773	0.98	0	0
070024	William W Backus Hospital	35980	35980	35004	7	7050	09011	1	ourban	rural	S	1.3348		YES	YES			1	0	0	165	112	0	0	0.2528	0.02518	0	0.02518	0.000183	399.77	0.000283	490.61	0.472	0.031	7		3637	3561.49	1.6531	1.6419			3572.5	1.6438	1.6352			1.2187	1	0.01669	0.00901	0.486	1	1.00649	1.00	0	0
070025	Hartford Hospital	25540	25540	25540	25540	7010	09003	1	lurban	lurban	N	1.2575						1	0.3587	0.4372	662	529	0.17844	0.13131	0.2891	0.03266	0.06029	0.03266	0.00076	491.71	0.001065	563.94	0.295	0.012	0		12850	12611.6	2.0405	2.0308	3270.03	2.0552	12637	2.0336	2.0237	3276.13	2.0638	1.1699	1	0.03841	0.00581	0.37	1	0.99296	0.99	0	0
070027	Manchester Memorial Hospital	25540	25540	25540	25540	7010	09003	1	lurban	lurban	N	1.2575						1	0.2096	0.1747	132	70	0.10815	0.05054	0.2458	0.02373	0.05103	0.02373	0.000229	816.52	0.000168	483.86	0.257	0.016	0		2448	2387.23	1.4898	1.484	741.5	1.4792	2394.59	1.4937	1.4886	742.86	1.4925	1.1699	1	0.01671	0.01019	0.384	1	0.99917	0.99	0	0
070028	St Vincent'S Medical Center	14860	14860	14860	14860	7000	09001	1	ourban	ourban	N	1.2684				YES	0.0024	1	0.204	0.2438	265	198	0.10542	0.07122	0.2138	0.01713	0.04425	0.01713	0.000485	829.21	0.000469	621.32	0.249	0.018	0		4567	4451.54	1.7864	1.7776	1353.48	1.9005	4462.67	1.7899	1.7813	1356.22	1.9083	1.1768	1	0.0337	0.02584	0.378	1	0.99161	0.99	0	0
070029	Bristol Hospital	25540	25540	25540	25540	7010	09003	1	lurban	lurban	N	1.2575						1	0	0	114	57	0	0	0.2285	0.02017	0.04736	0.02017	0.000096	373.19	0.000124	373.71	0.31	0.022	0		2021	1972.56	1.3996	1.387			1976.75	1.404	1.3905			1.1699	1	0.00407	0.00251	0.426	1	1.00556	0.99	0	0
070031	Griffin Hospital	35300	35300	35004	35300	7040	09009	1	ourban	ourban	W	1.3348						1	0.2681	0.4406	101	67	0.13632	0.1324	0.2111	0.01658	0.04367	0.01658	0.000068	257.73	0.000102	314.4	0.276	0.012	0		2177	2130.21	1.4417	1.431	731.4	1.4803	2138.02	1.4388	1.4286	734	1.4811	1.2187	1	0.02472	0.0046	0.391	1	1.00226	1.00	0	0
070033	Danbury Hospital	14860	14860	14860	14860	7000	09001	1	ourban	ourban	N	1.2684				YES	0.0024	1	0.2054	0.35	381	242	0.1061	0.10381	0.1884	0.01249	0.03889	0.01249	0.000413	424.8	0.000424	371.84	0.337	0.035	0		7901	7807.09	1.5899	1.5845	1222.83	1.6394	7816.69	1.5906	1.5855	1223.94	1.6434	1.1768	1	0.03796	0.05655	0.476	1	0.99973	0.99	0	0
070034	Norwalk Hospital Association	14860	14860	14860	14860	7000	09001	1	ourban	ourban	N	1.2684				YES	0.0024	1	0.1916	0.3961	272	136	0.09933	0.11827	0.24	0.02254	0.0498	0.02254	0.000335	605.23	0.000407	601.91	0.296	0.031	0		4596	4500.6	1.468	1.4615	633.23	1.4245	4513.88	1.4671	1.4618	633.97	1.4207	1.1768	1	0.04173	0.06194	0.467	1	0.99895	1.00	0	0
070035	"Hospital Of Central Connecticut, The"	25540	25540	25540	25540	7010	09003	1	lurban	lurban	N	1.2575						1	0.1637	0.2681	267	156	0.08549	0.07859	0.2923	0.03332	0.06098	0.03332	0.00033	639.77	0.000414	605.3	0.394	0.028	0		3866	3757.16	1.6528	1.6413	1284.2	1.5998	3768.98	1.6545	1.6436	1287	1.6069	1.1699	1	0.05967	0.04459	0.368	1	0.99691	1.00	0	0
070036	John Dempsey Hospital	25540	25540	7	7	7010	09003	1	ourban	rural	S	1.2575		YES				1	1.2149	1.5	147	76	0.51295	0.52699	0.2993	0.03	0	0.03477	0.000148	416.19	0.000229	540.67	0.443	0.024	0		2929	2830.76	1.7164	1.7046	613.65	1.7749	2836.52	1.725	1.7117	614.51	1.7787	1.1699	1	0.11899	0.05209	0.403	1	0.99927	1.00	0	0
070038	"Connecticut Hospice Inc,The"	35300	35300	35004	35300	7040	09009	1	ourban	ourban	W	1.3348						1	0	0	8	6	0	0	0.3159	0.03	0	0.03	0.000018	21809.45	0.000018	14953.3	1.016	0.048	0		5	5	1.0761	1.0761			5	1.0719	1.0719			1.2187	1	0	0	0.043	1	1	1.00	1	1
070039	Masonicare Health Center	35300	35300	35004	35300	7040	09009	1	ourban	ourban	W	1.3348						1	0	0	30	8	0	0	0	0	0	0		0		0	0.707	0.023	0		322	312.94	0.9746	0.9689			313.89	0.9666	0.9622			1.2187	1	0	0	0.452	1	1	1.00	0	0
070040	Hebrew Home And Hospital Inc	25540	25540	25540	25540	7010	09003	1	lurban	lurban	N	1.2575						1	0	0	23	4	0	0	0.03246	0	0	0		0		0	0.327	0.068	0		36	35.48	1.0355	1.0338			35.64	0.9914	0.9902			1.1699	1	0	0	0.663	1	1	1.00	0	1
080001	"Christiana Care Health Services, Inc."	48864	48864	48864	48864	8010	10003	3	ourban	ourban	N	1.1303						1	0.2081	0.3338	1032	697	0.10742	0.09878	0.3054	0.03603	0.0638	0.03603	0.001222	461.55	0.001782	546.01	0.421	0.033	0		21166	20724.6	1.8416	1.8285	1791.97	1.8499	20803.4	1.8489	1.8374	1796.29	1.8606	1.0875	1	0.09835	0.08306	0.422	1	0.9999	0.99	0	0
080003	St Francis Hospital	48864	48864	48864	48864	8010	10003	3	ourban	ourban	N	1.1303						1	0.0671	0.2411	155	51	0.03598	0.07041	0.4353	0.06282	0.09215	0.06282	0.000171	1031.16	0.000203	952.96	0.353	0.031	0		1395	1371.96	1.5834	1.553	104.29	1.3336	1373.13	1.5991	1.5686	104.48	1.3295	1.0875	1	0.04776	0.05923	0.365	1	1.00272	1.00	0	0
080004	"Bayhealth Hospital, Kent Campus"	20100	20100	48864	20100	8000	10001	3	ourban	ourban	W	1.1111						1	0	0	281	171	0	0	0.3017	0.03526	0.063	0.03526	0.000498	682.33	0.000466	525.17	0.34	0.038	0		6167	6072.37	1.6858	1.6753			6082.12	1.6847	1.6744			1.0748	1	0.06251	0.10994	0.475	1	1.00141	0.98	0	0
080006	Nanticoke Memorial Hospital	41540	41540	20100	41540	8020	10005	3	ourban	ourban	W	0.9911						1	0	0	94	47	0	0	0.3144	0.03	0	0.03	0.00021	673.8	0.000175	455.25	0.384	0.038	15	8936.01	2555	2482.06	1.5748	1.5579			2488.52	1.5709	1.5541			0.9939	1	0.00879	0.01351	0.493	1	1.00427	1.00	0	0
080007	Beebe Medical Center	41540	41540	36140	41540	8020	10005	3	ourban	ourban	W	1.059						1	0	0	193	120	0	0	0.1826	0.01155	0.03767	0.01155	0.000207	285	0.000186	215.77	0.324	0.019	7		6371	6243.94	1.6582	1.6483			6263.39	1.6448	1.6353			1.04	1	0.08382	0.03305	0.615	1	1.00118	0.99	0	0
080009	Bayhealth - Milford Memorial Hospital	41540	41540	20100	41540	8020	10005	3	ourban	ourban	W	0.9911						1	0	0	124	47	0	0	0.2877	0.03238	0.05999	0.03238	0.000173	727.46	0.000139	454.77	0.369	0.019	0		1983	1926.06	1.4992	1.4869			1934.15	1.4968	1.4871			0.9939	1	0.03536	0.00954	0.558	1	1.00027	0.99	0	0
090001	George Washington Univ Hospital	47894	47894	47894	47894	9000	11001	3	lurban	lurban	N	0.9998						1	0.7305	0.9968	319	250	0.33575	0.32485	0.443	0.06441	0.09385	0.06441	0.000495	885	0.00057	891.95	0.168	0.014	0		4824	4768.77	2.117	2.1019	390.74	2.0382	4773.32	2.1288	2.1141	391.04	2.0609	0.9999	1	0.09106	0.08593	0.278	1	0.99175	1.00	0	0
090003	Howard University Hospital	47894	47894	47894	47894	9000	11001	3	lurban	lurban	N	0.9998						1	1.0246	1.5	190	98	0.44639	0.52699	0.7291	0.12341	0.1591	0.12341	0.000528	2186.54	0.000682	2284.31	0.321	0.02	0		1914	1893.22	1.5343	1.5177	262.5	1.3095	1894.84	1.5295	1.5126	262.5	1.2964	0.9999	1	0.23337	0.11866	0.278	1	0.99757	0.99	0	1
090004	Medstar Georgetown University Hospital	47894	47894	47894	47894	9000	11001	3	lurban	lurban	N	0.9998						1	0.6942	0.8245	381	308	0.32134	0.26197	0.3122	0.03743	0.06526	0.03743	0.000564	946.85	0.000554	787.06	0.222	0.015	0		5121	5080.72	2.2968	2.2904	280.08	2.1541	5084.71	2.3028	2.2967	280.23	2.1466	0.9999	1	0.21654	0.14562	0.34	1	0.99433	1.00	0	0
090005	Sibley Memorial Hospital	47894	47894	47894	47894	9000	11001	3	lurban	lurban	N	0.9998						1	0.0242	0.0396	169	92	0.01314	0.01124	0.084	0	0.01716	0		0		0	0.406	0.03	0		3594	3505.96	1.6622	1.6585	90.11	1.318	3522.57	1.6512	1.6482	90.35	1.3189	0.9999	1	0.07601	0.06025	0.351	1	0.99847	1.00	0	0
090006	Providence Hospital	47894	47894	47894	47894	9000	11001	3	lurban	lurban	N	0.9998						1	0.2461	0.3666	215	139	0.12582	0.109	0.6563	0.1084	0.14214	0.1084	0.000359	901.75	0.000567	1119.57	0.372	0.017	0		3054	3012	1.5166	1.4904	281.81	1.5231	3015.23	1.5105	1.4841	282.12	1.519	0.9999	1	0.05583	0.01534	0.342	1	0.9951	0.99	0	0
090008	United Medical Center	47894	47894	47894	47894	9000	11001	3	lurban	lurban	N	0.9998						1	0	0	196	95	0	0	0.6407	0.10518	0.13853	0.10518	0.00023	970.29	0.000307	1123.05	0.387	0.028	0		2014	1989.83	1.6643	1.6402			1991.36	1.6657	1.6419			0.9999	1	0.05335	0.03661	0.35	1	0.99413	0.99	0	1
090011	Medstar Washington Hospital Center	47894	47894	47894	47894	9000	11001	3	lurban	lurban	N	0.9998						1	0.4503	0.4504	696	572	0.21937	0.13553	0.3969	0.0549	0.08369	0.0549	0.001113	717.49	0.001548	798.34	0.221	0.013	0		12909	12758.9	2.323	2.3117	791.17	2.2326	12768.2	2.3335	2.3214	791.36	2.2513	0.9999	1	0.10534	0.04709	0.411	1	0.99206	1.00	0	0
100001	Uf Health Jacksonville	27260	27260	27260	27260	10150	12031	3	lurban	lurban	N	0.9044						1	0.4399	0.6742	526	396	0.2148	0.20956	0.5589	0.08831	0.11983	0.08831	0.003911	5606.86	0.004188	5001.03	0.19	0.016	0		5822	5751.9	1.7096	1.6929	2461.21	1.5717	5757.92	1.7155	1.7002	2461.99	1.5678	0.9335	1	0.04327	0.05343	0.232	1	0.9975	0.99	0	0
100002	Bethesda Hospital East	48424	48424	22744	48424	10490	12099	3	lurban	lurban	W	0.9431						1	0.0395	0.0311	401	232	0.02135	0.00882	0.3157	0.03815	0.06602	0.03815	0.001155	1493.32	0.000771	825.26	0.175	0.022	0		6330	6212.4	1.6777	1.6648	2421.93	1.7394	6224.01	1.6765	1.6636	2426.31	1.7378	0.9607	1	0.01471	0.03423	0.346	1	0.99548	0.99	0	0
100006	Orlando Health Orlando Regional Medical Center	36740	36740	36740	36740	10470	12095	3	lurban	lurban	N	0.8942						1	0.0921	0.1412	1405	961	0.04904	0.04065	0.4355	0.06286	0.09219	0.06286	0.004268	3188.58	0.003768	2285.13	0.165	0.013	0		11230	11005.8	2.0394	2.0215	7622.64	1.9438	11040.7	2.0251	2.0079	7641.36	1.9394	0.9263	1	0.088	0.0981	0.163	1	0.99527	0.99	0	0
100007	Florida Hospital	36740	36740	36740	36740	10470	12095	3	lurban	lurban	N	0.8942						1	0.0385	0.0485	1928	1789	0.02081	0.01378	0.2954	0.03396	0.06164	0.03396	0.00436	1021.56	0.004811	887.98	0.171	0.012	0		33392	32950.3	1.9396	1.9261	15463.1	1.7109	33003.2	1.9386	1.9253	15480.1	1.7106	0.9263	1	0.13537	0.09141	0.304	1	1.00528	0.98	0	0
100008	Baptist Hospital Of Miami	33124	33124	33124	33124	10120	12086	3	lurban	lurban	N	0.9198						1	0	0	705	495	0	0	0.4249	0.06067	0.08985	0.06067	0.001881	2485.17	0.002033	2152.67	0.202	0.013	0		6055	5974.15	1.8567	1.8518			5982.1	1.8494	1.8452			0.9444	1	0.20141	0.14687	0.22	1	0.99546	1.00	0	0
100009	Umhc-Uhealth Tower	33124	33124	33124	33124	10120	12086	3	lurban	lurban	N	0.9198						1	0.1783	0.237	476	344	0.09275	0.06917	0.4878	0.07365	0.10382	0.07365		0	0.000938	933.7	0.153	0.011	0		6062	6013.14	1.816	1.805	2561.88	1.7316	6016.42	1.8206	1.8092	2563.61	1.7446	0.9444	1	0.15779	0.10738	0.366	1	0.997	0.99	0	1
100012	Lee Memorial Hospital	15980	15980	15980	15980	10350	12071	3	ourban	ourban	N	0.9341						1	0.0267	0.0222	632	530	0.01448	0.00628	0.3317	0.04145	0.06948	0.04145	0.00167	1100.28	0.001695	901.86	0.201	0.012	0		12114	11865.5	1.8031	1.7906	3962.95	1.8087	11904.9	1.796	1.785	3974.23	1.8051	0.9544	1	0.02539	0.00881	0.334	1	0.99313	0.98	0	0
100014	Florida Hospital New Smyrna	19660	19660	36740	19660	10630	12127	3	ourban	ourban	W	0.8734						1	0	0	112	50	0	0	0.089	0	0.01819	0		0		0	0.315	0.02	0		1841	1805.05	1.4606	1.4532			1808.59	1.4567	1.4485			0.9115	1	0.02242	0.01248	0.43	1	0.98751	0.99	0	0
100017	Halifax Health Medical Center	19660	19660	36740	19660	10630	12127	3	ourban	ourban	W	0.8734						1	0.0526	0.0852	398	277	0.02832	0.02433	0.2997	0.03485	0.06257	0.03485	0.001104	1870.64	0.000978	1323.67	0.226	0.021	0		4856	4754.18	1.8659	1.851	2823.58	1.9285	4766.58	1.8765	1.8621	2829.08	1.9369	0.9115	1	0.05339	0.0655	0.248	1	0.98851	0.99	0	0
100018	Naples Community Hospital	34940	34940	15980	34940	10100	12021	3	ourban	ourban	W	0.9064						1	0	0	636	333	0	0	0.2089	0.01612	0.04321	0.01612	0.000684	444.19	0.000781	403.07	0.231	0.017	0		11906	11702.2	1.7052	1.6967			11719.4	1.7028	1.6941			0.9349	1	0.01855	0.01343	0.496	1	0.99294	1.00	0	0
100019	Holmes Regional Medical Center	37340	37340	37340	37340	10040	12009	3	ourban	ourban	N	0.9151						1	0	0	514	359	0	0	0.2052	0.01536	0.04243	0.01536	0.001016	831.86	0.000887	595.7	0.226	0.018	0		10013	9862.65	1.839	1.8254			9875.75	1.8399	1.8262			0.9411	1	0.08573	0.07688	0.374	1	0.99677	0.99	0	0
100022	Jackson Memorial Hospital	33124	33124	22744	10	10120	12086	3	ourban	rural	S	0.9431		YES	YES			1	0.3761	0.6286	1450	944	0.18634	0.1941	0.6352	0.10405	0	0.10405	0.010284	12142.16	0.008679	8474.16	0.255	0.02	7		7087	7000.47	2.0991	2.0896	6670.87	1.8592	7005.92	2.1071	2.0972	6677.27	1.8633	0.9607	1	0.20275	0.24345	0.144	1	0.99296	0.99	0	0
100023	Citrus Memorial Hospital	26140	26140	36100	26140	10080	12017	3	ourban	ourban	W	0.8469						1	0	0	198	118	0	0	0.1561	0.00724	0.03212	0.00724	0.000141	222.28	0.000185	234.17	0.087	0.007	7		5018	4936.6	1.5279	1.5191			4946.01	1.5271	1.5187			0.8924	1	0.0039	0.00427	0.512	1	0.99435	0.99	0	0
100025	Sacred Heart Hospital	37860	37860	37860	37860	10160	12033	3	ourban	ourban	N	0.8169						1	0.059	0.0921	539	327	0.03171	0.02633	0.431	0.06193	0.0912	0.06193	0.001057	1301.54	0.001109	1133.14	0.239	0.013	0		6707	6579.12	1.8188	1.805	1957.48	1.9132	6588.79	1.8263	1.8124	1961.37	1.9257	0.8707	1	0.02019	0.00771	0.246	1	0.99523	0.99	0	0
100026	Bay Medical Center Sacred Heart Health System	37460	37460	37460	37460	10020	12005	3	ourban	ourban	N	0.8128						1	0	0	323	198	0	0	0.2225	0.01893	0.04609	0.01893	0.000776	985.33	0.000708	717.38	0.142	0.008	0		6362	6269.95	1.7657	1.7434			6275.18	1.771	1.7484			0.8677	1	0.00854	0.0036	0.478	1	0.99625	1.00	0	0
100028	Parrish Medical Center	37340	37340	37340	37340	10040	12009	3	ourban	ourban	N	0.9151						1	0	0	211	80	0	0	0.2026	0.01482	0.04188	0.01482	0.000217	622.04	0.000199	454.83	0.278	0.039	0		2635	2590.51	1.5009	1.4905			2593.23	1.5021	1.4903			0.9411	1	0.01763	0.05136	0.444	1	0.99441	1.00	0	0
100029	North Shore Medical Center	33124	33124	33124	33124	10120	12086	3	lurban	lurban	N	0.9198						1	0	0	780	356	0	0	0.5614	0.08883	0.1204	0.08883	0.0011	1707.74	0.001105	1309.31	0.114	0.007	0		4797	4722.86	1.5431	1.5106			4727.92	1.5563	1.5234			0.9444	1	0.02558	0.01513	0.251	1	0.9987	0.99	0	0
100030	Health Central	36740	36740	36740	36740	10470	12095	3	lurban	lurban	N	0.8942						1	0	0	171	137	0	0	0.2992	0.03475	0.06246	0.03475	0.000398	1267.58	0.000385	992.3	0.162	0.012	0		2738	2700.78	1.565	1.5588			2703.29	1.5596	1.5521			0.9263	1	0.04338	0.03363	0.291	1	0.99395	1.00	0	0
100032	Bayfront Health - St Petersburg	45300	45300	45300	45300	10510	12103	3	lurban	lurban	N	0.8896						1	0.1171	0.1859	319	194	0.06192	0.05386	0.371	0.04956	0.07802	0.04956	0.000671	1590.19	0.000738	1441.75	0.109	0.008	0		3286	3230.98	1.8834	1.862	1630.06	1.8667	3237.27	1.8864	1.8659	1632.49	1.8663	0.923	1	0.03376	0.03055	0.23	1	0.99266	0.98	0	0
100034	Mount Sinai Medical Center	33124	33124	33124	33124	10120	12086	3	lurban	lurban	N	0.9198						1	0.2861	0.4504	468	286	0.14482	0.13553	0.3207	0.03918	0.0671	0.03918	0.000801	1228.5	0.001029	1242.88	0.165	0.012	0		5038	4954.76	1.9462	1.9386	3766.68	2.0878	4960.28	1.9438	1.9357	3771.9	2.0756	0.9444	1	0.04156	0.02928	0.313	1	1.00057	0.99	0	0
100035	Manatee Memorial Hospital	35840	35840	35840	35840	10400	12081	3	ourban	ourban	N	0.955						1	0.1492	0.2561	295	204	0.07822	0.07495	0.3047	0.03588	0.06365	0.03588	0.000579	986.01	0.000528	760.97	0.13	0.011	0		5198	5121.89	1.7519	1.7361	2459.45	1.707	5128.34	1.7548	1.7396	2461.43	1.7128	0.969	1	0.01703	0.01593	0.344	1	0.98968	1.00	0	0
100038	Memorial Regional Hospital	22744	22744	22744	22744	10050	12011	3	lurban	lurban	N	0.9565						1	0.0151	0.0246	908	512	0.00822	0.00697	0.4918	0.07447	0.10472	0.07447	0.003016	4859.96	0.002247	3025.95	0.147	0.013	0		5107	4992.56	1.8947	1.8907	3983.44	1.7998	5002.76	1.9049	1.9011	3988.58	1.8122	0.97	1	0.1081	0.12941	0.156	1	1.0036	1.00	0	0
100039	Broward Health Medical Center	22744	22744	22744	22744	10050	12011	3	lurban	lurban	N	0.9565						1	0.1073	0.1476	573	371	0.05689	0.04253	0.5045	0.07709	0.10756	0.07709	0.001957	4434.58	0.002017	3806.19	0.22	0.017	0		3558	3518.97	2.0006	1.9889	1958.1	2.1201	3522.68	1.9971	1.9862	1959.43	2.13	0.97	1	0.09777	0.0924	0.16	1	0.99427	1.00	0	0
100040	St Vincent'S Medical Center Riverside	27260	27260	27260	27260	10150	12031	3	lurban	lurban	N	0.9044						1	0.0577	0.0864	521	306	0.03102	0.02468	0.2147	0.01732	0.04444	0.01732	0.000639	598.22	0.000643	472	0.165	0.009	0		8536	8353.92	1.9971	1.9791	3031.19	2.0048	8372.46	1.9848	1.9666	3036.97	1.9956	0.9335	1	0.01209	0.00344	0.372	1	0.99917	0.99	0	0
100043	Mease Dunedin Hospital	45300	45300	45300	45300	10510	12103	3	lurban	lurban	N	0.8896						1	0	0	112	84	0	0	0.2408	0.0227	0.04997	0.0227	0.000181	724.56	0.000142	491.42	0.221	0.023	0		2003	1960.93	1.4067	1.3941			1968.2	1.4009	1.3891			0.923	1	0.03389	0.05268	0.366	1	1.00951	0.99	0	0
100044	Martin Medical Center	38940	38940	38940	38940	10420	12085	3	ourban	ourban	N	0.8968						1	0	0	414	293	0	0	0.1787	0.01091	0.03685	0.01091	0.000597	463.13	0.000286	190.2	0.16	0.014	0		11072	10843.9	1.6031	1.5873			10860.8	1.6076	1.5922			0.9281	1	0.0196	0.02112	0.446	1	0.99303	0.99	0	0
100045	Florida Hospital Deland	19660	19660	36740	19660	10630	12127	3	ourban	ourban	W	0.8734						1	0	0	146	91	0	0	0.2399	0.02252	0.04978	0.02252	0.000295	882.8	0.000253	609.37	0.214	0.012	0		2638	2576.15	1.5447	1.526			2584.04	1.536	1.5164			0.9115	1	0.00677	0.00179	0.367	1	1.00824	0.99	0	0
100046	Florida Hospital Zephyrhills	45300	45300	45300	45300	10500	12101	3	lurban	lurban	N	0.8896						1	0	0	139	92	0	0	0.1902	0.01278	0.03927	0.01278	0.000405	1143.08	0.000196	445.84	0.143	0.01	0		2752	2672.38	1.6412	1.6254			2680.16	1.646	1.6293			0.923	1	0.00788	0.00619	0.374	1	1.00089	0.99	0	0
100047	Bayfront Health Punta Gorda	39460	39460	35840	39460	10070	12015	3	ourban	ourban	W	0.8968						1	0	0	138	47	0	0	0.137	0	0.02813	0		0		0	0.111	0.003	0		1735	1698.8	1.5927	1.5749			1701.22	1.5839	1.5657			0.9281	1	0.01637	0.00129	0.569	1	0.99184	1.00	0	0
100048	Jay Hospital	37860	37860	10	10	10560	12113	3	ourban	rural	S	0.8128		YES				1	0	0	21	6	0	0	0.1393	0	0	0		0	0.000021	474.49	0.374	0.029	0		277	274.15	1.0087	1.0077			274.37	0.9978	0.9969			0.8677	1	0.00257	0.00254	0.669	1.25	1.00504	1.00	0	0
100049	Highlands Regional Medical Center	42700	42700	42700	42700	10270	12055	3	ourban	ourban	N	0.8128						1	0	0	126	38	0	0	0.3015	0.03522	0.06296	0.03522	0.000088	470.72	0.000109	444.56	0.135	0.016	7		1360	1322.5	1.5045	1.4892			1326.17	1.5001	1.4852			0.8677	1	0.02554	0.05311	0.499	1	0.99151	1.00	0	0
100050	Larkin Community Hospital Palm Springs Campus	33124	33124	33124	33124	10120	12086	3	lurban	lurban	N	0.9198						1	0.0258	0	242	80	0.014	0	0.5935	0.09545	0.1277	0.09545	0.000198	800.01	0.000277	900.75	0.218	0.018	0		2058	2046.22	1.2114	1.2077			2046.58	1.2115	1.2076			0.9444	1	0.01436	0.01445	0.429	1	0.99613	0.98	0	0
100051	South Lake Hospital	36740	36740	36740	36740	10340	12069	3	lurban	lurban	N	0.8942						1	0	0	140	102	0	0	0.1958	0.01369	0.04045	0.01369	0.00037	1009.07	0.000181	407.78	0.13	0.012	0		3162	3122.13	1.5378	1.5241			3125.25	1.5349	1.5212			0.9263	1	0.01184	0.0147	0.378	1	1.00264	1.00	0	0
100052	Winter Haven Hospital	29460	29460	45300	10	10520	12105	3	ourban	rural	S	0.8787		YES	YES			1	0	0	505	204	0	0	0.2798	0.03075	0	0.03075	0.000705	1071.1	0.000593	742.64	0.164	0.012	7		5574	5425.85	1.66	1.6481			5449.82	1.663	1.6518			0.9153	1	0.01553	0.01165	0.355	1	0.99563	0.99	0	0
100053	Hialeah Hospital	33124	33124	33124	33124	10120	12086	3	lurban	lurban	N	0.9198						1	0	0	348	140	0	0	0.7778	0.13346	0.17059	0.13346	0.000536	1794.95	0.000639	1649.51	0.096	0.006	0		2331	2285.18	1.3478	1.3168			2287.8	1.3547	1.3237			0.9444	1	0.00978	0.0074	0.227	1	0.99909	0.98	0	0
100054	Twin Cities Hospital	18880	18880	18880	18880	10450	12091	3	ourban	ourban	N	0.8539						1	0	0	65	17	0	0	0.1038	0	0	0		0		0	0.111	0.01	0		1116	1085.98	1.4195	1.4104			1089.96	1.4123	1.4049			0.8975	1	0.02504	0.03472	0.643	1	1.0124	1.00	0	0
100055	Florida Hospital North Pinellas	45300	45300	45300	45300	10510	12103	3	lurban	lurban	N	0.8896						1	0	0	144	51	0	0	0.1798	0.01109	0.03708	0.01109	0.000132	601.08	0.000098	379.1	0.19	0.01	0		1752	1710.72	1.5458	1.5354			1714.33	1.5479	1.5368			0.923	1	0.0088	0.00204	0.415	1	1.00612	1.00	0	0
100057	Florida Hospital Waterman	36740	36740	36740	36740	10340	12069	3	lurban	lurban	N	0.8942						1	0	0	269	188	0	0	0.169	0.00934	0.03481	0.00934	0.000371	448.2	0.000354	351.78	0.168	0.014	0		6860	6716.89	1.6477	1.6349			6725.04	1.6588	1.6459			0.9263	1	0.00474	0.00452	0.495	1	0.9999	0.99	0	0
100062	Munroe Regional Medical Center	36100	36100	23540	10	10410	12083	3	ourban	rural	S	0.8943		YES	YES			1	0	0	401	268	0	0	0.2386	0.02225	0	0.02225	0.000428	491.54	0.000573	475.05	0.158	0.016	7		6188	6120.23	1.7936	1.7834			6127.27	1.7832	1.7738			0.9264	1	0.00846	0.01462	0.42	1	0.99498	1.00	0	0
100063	Morton Plant North Bay Hospital	45300	45300	45300	45300	10500	12101	3	lurban	lurban	N	0.8896						1	0	0	190	139	0	0	0.3415	0.04347	0.0716	0.04347	0.000443	1302.3	0.000441	1111.08	0.191	0.017	0		2756	2708.98	1.3791	1.3671			2715.72	1.3721	1.3611			0.923	1	0.00126	0.00204	0.282	1	0.99882	0.98	0	0
100067	St Anthonys Hospital	45300	45300	45300	45300	10510	12103	3	lurban	lurban	N	0.8896						1	0	0	308	258	0	0	0.216	0.01759	0.04471	0.01759	0.000664	882.56	0.000601	686.07	0.186	0.011	0		6407	6311.62	1.6161	1.6038			6320.92	1.6082	1.5958			0.923	1	0.01975	0.00743	0.403	1	0.9981	0.99	0	0
100068	Florida Hospital Memorial Medical Center	19660	19660	36740	19660	10630	12127	3	ourban	ourban	W	0.8734						1	0	0	308	174	0	0	0.2038	0.01507	0.04213	0.01507	0.000318	481.73	0.000335	434.36	0.191	0.017	0		5740	5647.63	1.8167	1.8043			5655.68	1.8186	1.806			0.9115	1	0.00903	0.01111	0.387	1	0.999	1.00	0	0
100069	Florida Hospital Carrollwood	45300	45300	45300	45300	10280	12057	3	lurban	lurban	N	0.8896						1	0.0124	0.0157	120	52	0.00675	0.00444	0.2762	0.03	0.05752	0.03	0.000196	1311.4	0.000157	876.78	0.175	0.021	0		1237	1212.11	1.9318	1.9242	1033.55	1.784	1214.25	1.9119	1.9045	1036.5	1.7666	0.923	1	0.09849	0.1974	0.284	1	0.99849	0.99	0	0
100070	Venice Regional Medical Center - Bayfront Health	35840	35840	35840	35840	10570	12115	3	ourban	ourban	N	0.955						1	0	0	312	109	0	0	0.0488	0	0.00993	0		0		0	0.126	0.011	0		4859	4730.46	1.7075	1.6895			4745.49	1.6944	1.6769			0.969	1	0.01699	0.01661	0.614	1	0.99396	1.00	0	0
100071	Bayfront Health Brooksville	45300	45300	45300	45300	10260	12053	3	lurban	lurban	N	0.8896						1	0	0	244	111	0	0	0.3483	0.04487	0.07308	0.04487	0.000524	1697.6	0.000322	816.27	0.079	0.007	0		2403	2366.01	1.3662	1.354			2371.44	1.3588	1.3479			0.923	1	0.01112	0.01515	0.275	1	0.98998	0.99	0	0
100072	Florida Hospital Fish Memorial	19660	19660	36740	19660	10630	12127	3	ourban	ourban	W	0.8734						1	0	0	139	115	0	0	0.1658	0.00882	0.03414	0.00882	0.000273	712.37	0.000212	451.63	0.206	0.017	0		3266	3218.42	1.5398	1.5332			3222.54	1.544	1.5375			0.9115	1	0.01253	0.01268	0.378	1	0.99594	0.99	0	0
100073	Holy Cross Hospital	22744	22744	22744	22744	10050	12011	3	lurban	lurban	N	0.9565						1	0.069	0.1298	310	178	0.03698	0.03731	0.1423	0	0.02923	0		0		0	0.23	0.02	0		6005	5860.75	1.8217	1.8072	2176.4	1.8153	5881.28	1.8096	1.7969	2180.39	1.8118	0.97	1	0.02529	0.02666	0.394	1	0.99626	1.00	0	0
100075	St Josephs Hospital	45300	45300	45300	45300	10280	12057	3	lurban	lurban	N	0.8896						1	0	0	1006	695	0	0	0.4195	0.05956	0.08866	0.05956	0.00207	1538.4	0.002307	1515.72	0.21	0.02	0		11422	11183.4	1.6978	1.681			11213.3	1.6925	1.6771			0.923	1	0.03854	0.05644	0.218	1	1.00297	0.99	0	0
100077	Bayfront Health Port Charlotte	39460	39460	35840	39460	10070	12015	3	ourban	ourban	W	0.8968						1	0	0	254	139	0	0	0.1965	0.01381	0.04059	0.01381	0.000209	412.17	0.000272	409.78	0.103	0.01	0		4071	4020.12	1.6552	1.6448			4024.65	1.658	1.6478			0.9281	1	0.03463	0.05678	0.474	1	0.99715	0.98	0	0
100080	Jfk Medical Center	48424	48424	22744	48424	10490	12099	3	lurban	lurban	W	0.9431						1	0.0946	0.1697	483	362	0.05034	0.04905	0.2759	0.02994	0.05746	0.02994	0.001407	1217.18	0.000831	617.85	0.099	0.008	0		10116	9881.05	1.7398	1.7194	5293.73	1.7301	9907.44	1.737	1.717	5300.96	1.7301	0.9607	1	0.01651	0.01819	0.325	1	0.99321	0.99	0	0
100081	Healthmark Regional Medical Center	18880	18880	18880	18880	10650	12131	3	ourban	ourban	N	0.8539						1	0	0	50	10	0	0	0.2748	0.02972	0	0.02972	0.000039	781.98	0.000014	201.45	0.466	0.067	0		394	390.32	0.9776	0.9744			390.71	0.9673	0.9646			0.8975	1	0.0052	0.01724	0.618	1.23583	1	0.99	1	0
100084	Leesburg Regional Medical Center	36740	36740	36740	36740	10340	12069	3	lurban	lurban	N	0.8942						1	0	0	308	207	0	0	0.1917	0.01303	0.03958	0.01303	0.000373	463.91	0.000392	379.39	0.234	0.013	0		6144	6070.28	1.847	1.8424			6074.91	1.8571	1.8522			0.9263	1	0.01324	0.00499	0.476	1	0.98969	0.98	0	0
100086	Broward Health North	22744	22744	22744	22744	10050	12011	3	lurban	lurban	N	0.9565						1	0	0	304	183	0	0	0.2464	0.02386	0.05116	0.02386	0.000827	2140.84	0.000692	1435.13	0.24	0.016	0		3050	3001.58	1.6744	1.6598			3006.51	1.6753	1.6617			0.97	1	0.02867	0.01954	0.249	1	0.9968	1.00	0	0
100087	Sarasota Memorial Hospital	35840	35840	35840	35840	10570	12115	3	ourban	ourban	N	0.955						1	0.0053	0	549	322	0.00289	0	0.2357	0.02165	0.04889	0.02165	0.001289	861.09	0.001025	582.42	0.188	0.014	0		13044	12726.6	2.0518	2.029	501.9	1.96	12762.8	2.0497	2.0282	502.59	1.9648	0.969	1	0.04204	0.02866	0.427	1	1.00289	1.00	0	0
100088	Baptist Medical Center Jacksonville	27260	27260	27260	27260	10150	12031	3	lurban	lurban	N	0.9044						1	0.037	0.0518	867	651	0.02001	0.01473	0.3171	0.03844	0.06632	0.03844	0.001545	992.28	0.001393	769.18	0.207	0.013	0		12772	12602.8	1.7814	1.7744	2670.15	1.7169	12632	1.782	1.7758	2673.27	1.732	0.9335	1	0.06078	0.03751	0.3	1	1.00689	0.99	0	0
100090	Flagler Hospital	27260	27260	10	10	10540	12109	3	ourban	rural	S	0.8128		YES				1	0	0	335	174	0	0	0.2356	0.02163	0	0.02163		0		0	0.219	0.025	16	6683.89	5491	5394.86	1.7167	1.6973			5401.95	1.715	1.6964			0.8677	1	0.03333	0.06683	0.456	1	0.99721	0.99	0	0
100092	Steward Rockledge Hospital	37340	37340	37340	37340	10040	12009	3	ourban	ourban	N	0.9151						1	0	0	274	129	0	0	0.2661	0.02792	0.05536	0.02792	0.000335	752.68	0.000371	618.99	0.112	0.009	0		3347	3293.71	1.6008	1.5915			3297.5	1.6038	1.5942			0.9411	1	0.02589	0.02747	0.413	1	0.9953	0.99	0	0
100093	Baptist Hospital	37860	37860	37860	37860	10160	12033	3	ourban	ourban	N	0.8169						1	0	0	271	187	0	0	0.2911	0.03308	0.06072	0.03308	0.000658	997.67	0.000504	611.74	0.175	0.016	0		5240	5144.35	2.0806	2.0667			5151.88	2.0802	2.0663			0.8707	1	0.01137	0.01508	0.373	1	0.99995	0.99	0	0
100099	Lake Wales Medical Center	29460	29460	29460	29460	10520	12105	3	ourban	ourban	N	0.8233				YES	0.0105	1	0	0	142	53	0	0	0.1919	0.01306	0.03962	0.01306	0.000087	476.45	0.000109	453.9	0.103	0.01	0		1350	1325.43	1.4305	1.4165			1327.43	1.4344	1.4204			0.8753	1	0.01776	0.03233	0.414	1	0.99565	0.98	0	0
100102	Shands Lake Shore Regional Medical Center	10	10	10	10	10110	12023	3	rural	rural	N	0.8371				YES	0.0243	1	0	0	99	34	0	0	0.4866	0.03	0	0.03	0.000155	1269.29	0.000206	1220.16	0.184	0.024	0		924	911.86	1.1924	1.185			912.76	1.1948	1.1877			0.8854	1	0.00634	0.02295	0.395	1	1.00614	0.99	0	0
100105	Indian River Medical Center	42680	42680	38940	42680	10300	12061	3	ourban	ourban	W	0.8968						1	0	0	310	154	0	0	0.181	0.01129	0.03733	0.01129	0.000231	295.06	0.000262	273.67	0.205	0.016	0		6282	6110.32	1.7879	1.775			6130.93	1.7764	1.7651			0.9281	1	0.00951	0.00758	0.519	1	0.99502	1.00	0	0
100106	Doctor'S Memorial Hospital Inc	10	10	10	10	10610	12123	3	rural	rural	N	0.8128						1	0	0	48	8	0	0	0.1953	0.01361	0	0.01361	0.000085	1676.06	0.000061	890.58	0.493	0.049	16	4831.01	374	359.58	1.22	1.164			361.44	1.2036	1.1458			0.8677	1	0.00539	0.00979	0.495	1.22015	0.99194	1.00	0	1
100107	Lehigh Regional Medical Center	15980	15980	15980	15980	10350	12071	3	ourban	ourban	N	0.9341						1	0	0	78	28	0	0	0.2741	0.02957	0	0.02957	0.000117	959.22	0.000118	735.96	0.172	0.012	0		914	890.77	1.5061	1.4922			892.79	1.4959	1.4834			0.9544	1	0.00679	0.00467	0.44	1	1.00566	0.99	0	0
100109	Florida Hospital Heartland Medical Center	42700	42700	42700	42700	10270	12055	3	ourban	ourban	N	0.8128						1	0	0	180	126	0	0	0.2149	0.01736	0.04448	0.01736	0.000237	378.53	0.000224	296.13	0.161	0.009	7		5313	5203.91	1.6238	1.6189			5215.24	1.6268	1.6212			0.8677	1	0.01258	0.00481	0.529	1	0.99701	0.98	0	0
100110	Osceola Regional Medical Center	36740	36740	36740	36740	10480	12097	3	lurban	lurban	N	0.8942						1	0.1345	0.0324	293	257	0.07079	0.00919	0.3351	0.04215	0.07021	0.04215	0.000739	1391.28	0.000526	801.79	0.089	0.008	0		4334	4294	1.6911	1.6661	4090.85	1.5997	4294.98	1.6979	1.6724	4091.74	1.6072	0.9263	1	0.01126	0.01689	0.25	1	0.99845	0.98	0	0
100113	Uf Health Shands Hospital	23540	23540	23540	23540	10000	12001	3	ourban	ourban	N	0.918						1	0.578	0.6807	738	639	0.27393	0.21178	0.4095	0.0575	0.08646	0.0575	0.002604	1911.83	0.002795	1651.09	0.277	0.018	0		11165	10946.6	2.1332	2.1125	2819.86	2.1944	10979.8	2.1327	2.1128	2827.53	2.1964	0.9431	1	0.11273	0.06997	0.292	1	0.99825	0.99	0	0
100117	Baptist Medical Center - Beaches	27260	27260	27260	27260	10150	12031	3	lurban	lurban	N	0.9044						1	0	0	136	76	0	0	0.1555	0.00714	0.03199	0.00714	0.000194	561.96	0.00015	356.73	0.196	0.014	0		2722	2658.85	1.3913	1.3791			2666.96	1.3778	1.3663			0.9335	1	0.0171	0.01195	0.431	1	1.00418	0.99	0	0
100118	Florida Hospital Flagler	19660	19660	10	10	10170	12035	3	ourban	rural	S	0.8128		YES				1	0	0	99	94	0	0	0.07372	0	0	0		0		0	0.188	0.01	14	7490.66	3490	3423.95	1.5161	1.5043			3429.56	1.5126	1.5005			0.8677	1	0.0045	0.00136	0.477	1	0.99545	0.99	0	0
100121	Bartow Regional Medical Center	29460	29460	29460	29460	10520	12105	3	ourban	ourban	N	0.8233				YES	0.0105	1	0	0	72	38	0	0	0.2163	0.01765	0	0.01765	0.000077	779.85	0.000087	609.37	0.207	0.019	0		750	730.45	1.3848	1.374			734.1	1.3823	1.3748			0.8753	1	0.01289	0.02013	0.314	1	0.99928	0.99	0	0
100122	North Okaloosa Medical Center	18880	18880	18880	18880	10450	12091	3	ourban	ourban	N	0.8539						1	0	0	110	46	0	0	0.2421	0.02297	0.05025	0.02297	0.000102	352.02	0.000121	333.04	0.08	0.009	0		2387	2335.07	1.5491	1.5334			2339.93	1.5467	1.5305			0.8975	1	0.01218	0.02466	0.542	1	0.99997	0.99	0	0
100124	Santa Rosa Medical Center	37860	37860	37860	37860	10560	12113	3	ourban	ourban	N	0.8169						1	0	0	121	32	0	0	0.2916	0.03318	0.06083	0.03318	0.000118	796.33	0.000124	670.9	0.146	0.014	0		1267	1240.79	1.3837	1.3662			1243.14	1.3903	1.373			0.8707	1	0.0223	0.02966	0.373	1	0.99945	0.99	0	0
100125	Homestead Hospital	33124	33124	33124	33124	10120	12086	3	lurban	lurban	N	0.9198						1	0	0	142	93	0	0	0.6782	0.11292	0.14721	0.11292	0.00102	6020.81	0.000939	4620.21	0.211	0.025	0		1369	1330.85	1.5439	1.5411			1333.61	1.5393	1.5363			0.9444	1	0.07645	0.18061	0.142	1	0.99967	1.00	0	0
100126	Palms Of Pasadena Hospital	45300	45300	45300	45300	10510	12103	3	lurban	lurban	N	0.8896						1	0	0	167	66	0	0	0.1136	0	0.02327	0		0		0	0.093	0.009	0		2176	2135.04	1.5064	1.5012			2137.99	1.514	1.509			0.923	1	0.08068	0.10903	0.466	1	1.00181	0.98	0	1
100127	Morton Plant Hospital	45300	45300	45300	45300	10510	12103	3	lurban	lurban	N	0.8896						1	0.0451	0.0668	466	301	0.02434	0.01903	0.2024	0.01478	0.04184	0.01478	0.000883	884.03	0.00077	663.09	0.204	0.012	0		8396	8215.68	1.9691	1.9509	4725.78	1.7801	8252.68	1.9533	1.9365	4741.1	1.7752	0.923	1	0.0234	0.00913	0.354	1	1.00197	0.99	0	0
100128	Tampa General Hospital	45300	45300	45300	45300	10280	12057	3	lurban	lurban	N	0.8896						1	0.2291	0.3018	905	708	0.11763	0.0889	0.4402	0.06383	0.09323	0.06383	0.002574	2163.52	0.002824	1932.5	0.164	0.011	0		9828	9749.49	2.1677	2.1599	3740.47	2.1726	9761.65	2.1721	2.1645	3744.58	2.1851	0.923	1	0.16681	0.10445	0.259	1	1.00128	1.00	0	0
100130	Lakeside Medical Center	48424	48424	22744	48424	10490	12099	3	lurban	lurban	W	0.9431						1	0.1804	0.4432	54	25	0.0938	0.13323	0.7658	0.03	0	0.03	0.000144	3078.54	0.000149	2371.64	0.302	0.03	0		337	331.13	1.3084	1.2952	107.33	1.3107	331.54	1.3252	1.3129	107.5	1.3178	0.9607	1	0.10911	0.16291	0.195	1.10659	0.99964	1.00	0	0
100131	Aventura Hospital And Medical Center	33124	33124	33124	33124	10120	12086	3	lurban	lurban	N	0.9198						1	0.1534	0.0357	359	275	0.08033	0.01013	0.2887	0.03258	0.0602	0.03258	0.000615	839.39	0.000526	550.03	0.094	0.006	0		5670	5556.53	1.6597	1.6472	4104.11	1.6773	5564	1.665	1.6523	4109.97	1.6768	0.9444	1	0.03221	0.02141	0.345	1	0.99637	0.99	0	0
100132	South Florida Baptist Hospital	45300	45300	45300	45300	10280	12057	3	lurban	lurban	N	0.8896						1	0	0	147	67	0	0	0.2996	0.03483	0.06255	0.03483	0.000266	1387.96	0.000221	958.34	0.197	0.013	0		1621	1582.35	1.6083	1.588			1587.09	1.6066	1.5869			0.923	1	0.00516	0.0019	0.262	1	1.00465	1.00	0	0
100134	Ed Fraser Memorial Hospital	27260	27260	10	10	10010	12003	3	ourban	rural	S	0.8128		YES				1	0	0	25	1	0	0	0.0933	0	0	0		0		0	0.627	0.049	16	15083.77	139	133.67	0.9887	0.9801			134.1	0.9789	0.9718			0.8677	1	0.14934	0.14286	0.65	1.25	1	1.00	1	0
100135	Tallahassee Memorial Hospital	45220	45220	45220	45220	10360	12073	3	ourban	ourban	N	0.8437						1	0.1313	0.1404	389	304	0.06916	0.04042	0.2818	0.03116	0.05872	0.03116	0.001224	1558.81	0.001414	1527.23	0.212	0.014	0		6501	6385.61	1.9263	1.9143	3871.42	1.7271	6393.2	1.93	1.9182	3876.79	1.7327	0.8901	1	0.01949	0.01058	0.232	1	0.99569	1.00	0	0
100137	Heart Of Florida Regional Medical Center	29460	29460	45300	10	10520	12105	3	ourban	rural	S	0.8787		YES	YES			1	0	0	193	93	0	0	0.2812	0.03104	0	0.03104	0.000218	687.16	0.000264	644.53	0.08	0.008	7		2566	2530.41	1.5647	1.5562			2536.63	1.5644	1.5572			0.9153	1	0.00968	0.01742	0.317	1	0.9923	0.98	0	0
100140	Baptist Medical Center - Nassau	27260	27260	27260	27260	10440	12089	3	lurban	lurban	N	0.9044						1	0	0	54	35	0	0	0.2219	0.0188	0	0.0188	0.000116	704.64	0.000084	468.73	0.21	0.014	0		1453	1419.49	1.3481	1.3347			1423.27	1.3381	1.3267			0.9335	1	0.011	0.00728	0.42	1	1.00386	1.00	0	0
100142	Jackson Hospital	10	10	10	10	10310	12063	3	rural	rural	N	0.8128						1	0	0	66	36	0	0	0.3356	0.03	0	0.03	0.000133	830.22	0.000114	577.76	0.415	0.03	16	5496.93	1290	1279.16	1.1659	1.1616			1280.23	1.1593	1.1565			0.8677	1	0.02143	0.01908	0.486	1	1.0039	0.99	0	0
100150	Lower Keys Medical Center	10	10	33124	10	10430	12087	3	rural	rural	W	0.9198						1	0	0	78	42	0	0	0.2408	0.0227	0	0.0227		0		0	0.157	0.018	17	7945.23	962	937.42	1.4554	1.4425			939.04	1.4504	1.4364			0.9444	1	0.07476	0.12624	0.374	1	0.99016	0.98	0	0
100151	Mayo Clinic	27260	27260	27260	27260	10150	12031	3	lurban	lurban	N	0.9044						1	0.2622	0.3873	256	163	0.13351	0.11549	0.0456	0	0.00928	0		0		0	0.287	0.017	0		5692	5527.66	2.2654	2.2587	696.39	2.194	5547.44	2.2702	2.2637	697.97	2.2065	0.9335	1	0.15936	0.08331	0.46	1	1.01182	1.00	0	0
100154	South Miami Hospital	33124	33124	33124	33124	10120	12086	3	lurban	lurban	N	0.9198						1	0	0.037	364	218	0	0.0105	0.4454	0.0649	0.09439	0.0649	0.000952	2682.61	0.000926	2136.1	0.212	0.017	0		2927	2875.73	1.6696	1.6647			2878.7	1.6777	1.6717			0.9444	1	0.17529	0.17515	0.183	1	1.00067	1.00	0	0
100156	Lake City Medical Center	10	10	10	10	10110	12023	3	rural	rural	N	0.8371				YES	0.0243	1	0	0	67	49	0	0	0.148	0	0	0	0.000117	336.93	0.000062	155.45	0.135	0.013	14	7820.94	3251	3193.02	1.2339	1.2258			3195.62	1.2339	1.2252			0.8854	1	0.00127	0.00249	0.642	1	1.00277	0.99	0	0
100157	Lakeland Regional Medical Center	29460	29460	35840	10	10520	12105	3	ourban	rural	S	0.8968		YES	YES			1	0	0	765	519	0	0	0.2738	0.02951	0	0.02951	0.00135	915.68	0.001416	770.57	0.18	0.016	7		11908	11700.1	1.5716	1.5692			11717.1	1.574	1.5713			0.9281	1	0.02058	0.02568	0.33	1	0.99192	0.97	0	0
100161	Central Florida Regional Hospital	36740	36740	36740	36740	10580	12117	3	lurban	lurban	N	0.8942						1	0	0	208	130	0	0	0.227	0.01986	0.04704	0.01986	0.000527	1279.01	0.000224	436.19	0.121	0.009	0		3180	3143.04	1.7146	1.7045			3146.68	1.7238	1.7143			0.9263	1	0.01008	0.00902	0.342	1	0.99689	0.99	0	0
100166	Doctors Hospital Of Sarasota	35840	35840	35840	35840	10570	12115	3	ourban	ourban	N	0.955						1	0	0	139	83	0	0	0.0593	0	0.01208	0		0		0	0.116	0.01	0		3702	3595.96	1.798	1.7888			3607.36	1.7812	1.7718			0.969	1	0.00758	0.00909	0.52	1	0.9969	1.00	0	0
100167	Plantation General Hospital	22744	22744	22744	22744	10050	12011	3	lurban	lurban	N	0.9565						1	0.0162	0.029	589	292	0.00882	0.00822	0.6269	0.10234	0.13536	0.10234	0.000941	2155.54	0.001126	1982.19	0.098	0.008	0		3484	3433.09	1.5473	1.5368	3535.03	1.485	3436.37	1.5512	1.5407	3537.88	1.4851	0.97	1	0.02963	0.03484	0.155	1	1.00176	0.99	0	0
100168	Boca Raton Regional Hospital	48424	48424	22744	48424	10490	12099	3	lurban	lurban	W	0.9431						1	0.1511	0.1738	365	229	0.07917	0.05027	0.0239	0	0.00485	0		0		0	0.21	0.014	0		9555	9372.35	1.6781	1.6685	2016.31	1.8104	9389.15	1.6789	1.6697	2018.28	1.8182	0.9607	1	0.02565	0.01389	0.524	1	0.99593	0.99	0	0
100173	Florida Hospital Tampa	45300	45300	45300	45300	10280	12057	3	lurban	lurban	N	0.8896						1	0	0.001	463	304	0	0.00028	0.2875	0.03233	0.05995	0.03233	0.000716	1099.01	0.000656	838.46	0.163	0.013	0		5287	5182.57	1.8633	1.8403			5198.52	1.8678	1.8454			0.923	1	0.05548	0.05891	0.281	1	0.99514	0.99	0	0
100175	Desoto Memorial Hospital	10	10	10	10	10130	12027	3	rural	rural	N	0.8128						1	0	0	49	12	0	0	0.5042	0.03	0	0.03	0.000091	1412.77	0.000088	1038.22	0.439	0.057	16	5526.13	615	587.67	1.1281	1.1135			589.17	1.1315	1.1157			0.8677	1	0.00382	0.02289	0.403	1.17409	1.00224	0.99	0	0
100176	Palm Beach Gardens Medical Center	48424	48424	22744	48424	10490	12099	3	lurban	lurban	W	0.9431						1	0	0	199	137	0	0	0.1284	0	0.02634	0		0		0	0.157	0.01	0		4488	4424.73	1.7651	1.7552			4430.78	1.7649	1.7547			0.9607	1	0.07995	0.04282	0.479	1	1.00364	0.98	0	0
100177	Cape Canaveral Hospital	37340	37340	37340	37340	10040	12009	3	ourban	ourban	N	0.9151						1	0	0	150	74	0	0	0.1833	0.01166	0.03782	0.01166	0.00024	755.4	0.000186	460.77	0.225	0.022	0		2450	2388.44	1.4915	1.4818			2393.82	1.4922	1.4824			0.9411	1	0.01184	0.01887	0.403	1	1.00354	1.00	0	0
100179	Memorial Hospital Jacksonville	27260	27260	27260	27260	10150	12031	3	lurban	lurban	N	0.9044						1	0.0027	0.0039	377	257	0.00148	0.0011	0.2897	0.03279	0.06042	0.03279	0.000774	1010.85	0.000562	568.9	0.091	0.01	0		6030	5949.27	1.6931	1.6783	2623.29	1.7258	5955.76	1.6936	1.6798	2625.57	1.7201	0.9335	1	0.01036	0.02433	0.342	1	1.00004	0.99	0	0
100180	St Petersburg General Hospital	45300	45300	45300	45300	10510	12103	3	lurban	lurban	N	0.8896						1	0.2258	0.5191	172	70	0.11603	0.15776	0.3312	0.04135	0.06937	0.04135	0.000338	1700.42	0.000189	761.04	0.102	0.007	0		1577	1551.59	1.5481	1.5373	749.2	1.3808	1553.59	1.5351	1.5257	750.6	1.3894	0.923	1	0.05143	0.03962	0.33	1	0.99658	0.98	0	0
100181	Larkin Community Hospital	33124	33124	33124	33124	10120	12086	3	lurban	lurban	N	0.9198						1	1.9805	1.5	128	78	0.75097	0.52699	0.6461	0.1063	0.13978	0.1063	0.000204	801.47	0.000276	725.33	0.174	0.022	0		1482	1474.44	1.3547	1.3483	214.76	1.852	1474.9	1.3617	1.3555	214.75	1.8635	0.9444	1	0.01945	0.04287	0.512	1	1.00065	1.00	0	0
100183	Coral Gables Hospital	33124	33124	33124	33124	10120	12086	3	lurban	lurban	N	0.9198						1	0	0	245	90	0	0	0.5943	0.09561	0.12789	0.09561	0.000275	984.97	0.000256	736.97	0.094	0.007	0		2149	2135.94	1.2434	1.237			2137	1.2376	1.2315			0.9444	1	0.00411	0.0038	0.366	1	1.00364	0.99	0	0
100187	Palmetto General Hospital	33124	33124	33124	33124	10120	12086	3	lurban	lurban	N	0.9198						1	0.144	0.1824	360	282	0.0756	0.05282	0.6552	0.10817	0.14188	0.10817	0.00085	2145.56	0.000943	1752.83	0.134	0.008	0		2741	2683.92	1.6823	1.6635	4015.03	1.7437	2689.77	1.6861	1.6682	4020.28	1.7514	0.9444	1	0.01264	0.00556	0.193	1	0.99051	0.99	0	0
100189	Northwest Medical Center	22744	22744	22744	22744	10050	12011	3	lurban	lurban	N	0.9565						1	0.0205	0.0241	223	160	0.01114	0.00682	0.2882	0.03248	0.0601	0.03248	0.000422	1076.93	0.000298	607.01	0.086	0.009	0		3072	3015.05	1.4947	1.4779	3021.74	1.5637	3017.6	1.5018	1.4846	3026.63	1.5764	0.97	1	0.00986	0.01921	0.233	1	0.9977	0.99	0	0
100191	Medical Center Of Trinity	45300	45300	45300	45300	10500	12101	3	lurban	lurban	N	0.8896						1	0	0	238	171	0	0	0.201	0.01454	0.04154	0.01454	0.00051	931.46	0.00026	386.78	0.087	0.011	0		4360	4290.44	1.5616	1.5496			4296.85	1.5527	1.5405			0.923	1	0.01048	0.02627	0.361	1	0.99764	0.99	0	0
100200	Broward Health Imperial Point	22744	22744	22744	22744	10050	12011	3	lurban	lurban	N	0.9565						1	0	0	140	73	0	0	0.2116	0.01668	0.04378	0.01668	0.000344	2009.12	0.00026	1231.49	0.251	0.016	0		1414	1387.66	1.5005	1.482			1389.49	1.5021	1.4846			0.97	1	0.02191	0.01129	0.244	1	0.99382	1.00	0	0
100204	North Florida Regional Medical Center	23540	23540	23540	23540	10000	12001	3	ourban	ourban	N	0.918						1	0.1471	0	394	259	0.07716	0	0.2365	0.02182	0.04906	0.02182	0.00059	416	0.000402	233.86	0.081	0.007	0		11774	11532.4	1.6762	1.6652	2782.6	1.6746	11555.9	1.6781	1.6681	2787.89	1.6797	0.9431	1	0.00649	0.00908	0.47	1	0.99354	0.97	0	0
100206	Memorial Hospital Of Tampa	45300	45300	45300	45300	10280	12057	3	lurban	lurban	N	0.8896						1	0	0	147	49	0	0	0.1624	0.00827	0.03343	0.00827	0.000154	872.38	0.000066	297.41	0.124	0.012	0		1474	1443.83	1.4281	1.419			1446.62	1.4227	1.4137			0.923	1	0.03356	0.04114	0.444	1	0.99964	0.99	0	1
100209	Kendall Regional Medical Center	33124	33124	33124	33124	10120	12086	3	lurban	lurban	N	0.9198						1	0.1424	0.0554	394	286	0.07479	0.01576	0.6049	0.0978	0.13031	0.0978	0.00103	2543.95	0.000847	1670.01	0.085	0.008	0		3165	3099.15	1.8194	1.7872	4439.95	1.7371	3103.13	1.8273	1.7954	4446.63	1.7452	0.9444	1	0.03573	0.05664	0.161	1	0.99915	0.98	0	0
100211	Bayfront Health Dade City	45300	45300	45300	45300	10500	12101	3	lurban	lurban	N	0.8896						1	0	0	120	27	0	0	0.2114	0.01664	0.04374	0.01664	0.000091	1030.36	0.0001	808.3	0.087	0.008	0		620	606.1	1.5654	1.5475			608.23	1.5538	1.5344			0.923	1	0.00696	0.01016	0.352	1	0.99661	1.00	0	0
100212	Ocala Regional Medical Center	36100	36100	23540	10	10410	12083	3	ourban	rural	S	0.8943		YES	YES			1	0.1274	0.0696	311	266	0.06718	0.01984	0.1787	0.01091	0	0.01091	0.000581	555.01	0.000303	263.14	0.098	0.008	0		9543	9396.64	1.6998	1.6843	4118.87	1.761	9408.79	1.6972	1.6813	4124.95	1.7563	0.9264	1	0.01235	0.01489	0.406	1	0.99035	0.99	0	0
100213	Blake Medical Center	35840	35840	35840	35840	10400	12081	3	ourban	ourban	N	0.955						1	0.081	0	342	194	0.04326	0	0.1301	0	0.0267	0		0		0	0.111	0.008	0		6484	6397.01	1.6014	1.5941	2000.64	1.7767	6406.45	1.5922	1.5858	2002.78	1.7854	0.969	1	0.01187	0.00946	0.473	1	0.9918	0.99	0	0
100217	Steward Sebastian River Medical Center	42680	42680	38940	42680	10300	12061	3	ourban	ourban	W	0.8968						1	0	0	121	67	0	0	0.0927	0	0.01895	0		0		0	0.094	0.008	0		2550	2502.42	1.5882	1.5754			2509.96	1.5789	1.5681			0.9281	1	0.00447	0.00549	0.515	1	1.00051	0.97	0	0
100220	Gulf Coast Medical Center Lee Mem Health System	15980	15980	15980	15980	10350	12071	3	ourban	ourban	N	0.9341						1	0	0	349	292	0	0	0.2332	0.02114	0.04836	0.02114	0.000626	542.64	0.000609	430.01	0.184	0.024	0		9556	9379.21	1.7048	1.6957			9398.96	1.7055	1.6974			0.9544	1	0.01844	0.04776	0.462	1	0.99625	0.99	0	0
100223	Fort Walton Beach Medical Center	18880	18880	18880	18880	10450	12091	3	ourban	ourban	N	0.8539						1	0	0	189	125	0	0	0.2815	0.0311	0.05866	0.0311	0.000404	764.14	0.000217	345.37	0.074	0.006	0		4710	4623.8	1.8281	1.8044			4630.93	1.8213	1.7979			0.8975	1	0.01205	0.01341	0.411	1	0.99135	0.99	0	0
100224	University Hospital And Medical Center	22744	22744	22744	22744	10050	12011	3	lurban	lurban	N	0.9565						1	0.0457	0.063	245	96	0.02465	0.01794	0.1641	0.00854	0.03379	0.00854	0.000356	1080.11	0.000142	356.43	0.098	0.007	0		2728	2676.77	1.3817	1.3642	1942.21	1.3634	2681.1	1.381	1.3639	1945.3	1.3676	0.97	1	0.01254	0.01057	0.358	1	1.00012	0.98	0	0
100226	Orange Park Medical Center	27260	27260	27260	27260	10090	12019	3	lurban	lurban	N	0.9044						1	0.1904	0	273	203	0.09874	0	0.3308	0.04127	0.06928	0.04127	0.000595	854.7	0.00038	458.49	0.069	0.006	0		5820	5681.74	1.7524	1.7215	1454	1.7488	5696.66	1.741	1.7123	1456.1	1.752	0.9335	1	0.00532	0.00772	0.346	1	0.99893	0.99	0	0
100228	Westside Regional Medical Center	22744	22744	22744	22744	10050	12011	3	lurban	lurban	N	0.9565						1	0.03	0.0433	224	176	0.01626	0.01229	0.1804	0.01119	0.03721	0.01119	0.000299	681.59	0.000203	383.54	0.09	0.007	0		3730	3659.68	1.5687	1.554	3376.05	1.5603	3663.16	1.5787	1.5638	3378.63	1.5649	0.97	1	0.02995	0.02922	0.286	1	0.99911	1.00	0	0
100230	Memorial Hospital Pembroke	22744	22744	22744	22744	10050	12011	3	lurban	lurban	N	0.9565						1	0	0	277	79	0	0	0.34	0.04316	0.07128	0.04316	0.000503	3171.77	0.000366	2145.67	0.158	0.016	0		1548	1517.5	1.4163	1.4044			1519.32	1.4202	1.409			0.97	1	0.04245	0.06828	0.231	1	1.00542	1.00	0	0
100231	West Florida Hospital	37860	37860	37860	37860	10160	12033	3	ourban	ourban	N	0.8169						1	0	0	400	152	0	0	0.1793	0.01101	0.03698	0.01101	0.000336	418.7	0.0002	210.61	0.101	0.009	0		6940	6804.15	1.5221	1.514			6816.47	1.5238	1.5161			0.8707	1	0.00382	0.00571	0.516	1	0.99795	0.99	0	0
100232	Putnam Community Medical Center	10	10	23540	10	10530	12107	3	rural	rural	W	0.8943						1	0	0	99	52	0	0	0.2653	0.02776	0	0.02776	0.000163	533.96	0.00018	493.63	0.124	0.011	15	4770.99	2675	2610.62	1.3641	1.3535			2616.33	1.3515	1.3436			0.9264	1	0.00158	0.00196	0.554	1	1.00369	0.99	0	0
100236	Fawcett Memorial Hospital	39460	39460	35840	39460	10070	12015	3	ourban	ourban	W	0.8968						1	0	0	217	156	0	0	0.0933	0	0.01907	0		0		0	0.08	0.004	0		6144	6023.79	1.7149	1.7024			6035.47	1.7173	1.7045			0.9281	1	0.01209	0.00305	0.554	1	0.99387	0.99	0	0
100238	Northside Hospital	45300	45300	45300	45300	10510	12103	3	lurban	lurban	N	0.8896						1	0.1244	0.2084	212	136	0.06565	0.06057	0.2132	0.01701	0.04412	0.01701	0.000376	841.44	0.000213	403.38	0.095	0.006	0		3760	3688.61	1.9363	1.9125	2260.27	1.8582	3697.18	1.9316	1.9099	2263.55	1.8583	0.923	1	0.01364	0.00751	0.399	1	0.99863	0.98	0	0
100240	Umhc - Bascom Palmer Eye Institute	33124	33124	33124	33124	10120	12086	3	lurban	lurban	N	0.9198						1	0.2507	1.5	56	0	0.12802	0.52699	0.0419	0	0	0		0		0	0.167	0.073	0		16	16	1.4641	1.4641	1	1.4946	16	1.3612	1.3612	1	1.3621	0.9444	1	0	0	0.202	1	1	1.00	0	0
100242	Gulf Coast Regional Medical Center	37460	37460	37460	37460	10020	12005	3	ourban	ourban	N	0.8128						1	0	0	217	143	0	0	0.3771	0.05081	0.07935	0.05081	0.000375	737.19	0.000316	525.95	0.089	0.008	0		4244	4141.4	1.7434	1.7168			4148.14	1.7499	1.7222			0.8677	1	0.0055	0.00908	0.331	1	0.99463	0.99	0	0
100243	Brandon Regional Hospital	45300	45300	45300	45300	10280	12057	3	lurban	lurban	N	0.8896						1	0.1635	0	398	264	0.08539	0	0.3235	0.03976	0.0677	0.03976	0.000966	1443.24	0.000638	770.47	0.089	0.007	0		5475	5384.37	1.6729	1.6637	2973.62	1.6258	5391.81	1.6745	1.6659	2975.66	1.6287	0.923	1	0.00507	0.00652	0.27	1	0.99871	0.99	0	0
100244	Cape Coral Hospital	15980	15980	15980	15980	10350	12071	3	ourban	ourban	N	0.9341						1	0	0	291	205	0	0	0.2028	0.01487	0.04192	0.01487	0.000478	607.74	0.000421	432.15	0.196	0.013	0		6412	6269.29	1.443	1.4335			6281.46	1.4419	1.433			0.9544	1	0.00771	0.00375	0.421	1	0.99468	0.98	0	0
100246	Lawnwood Regional Medical Center & Heart Institute	38940	38940	38940	38940	10550	12111	3	ourban	ourban	N	0.8968						1	0	0	312	236	0	0	0.3656	0.04844	0.07684	0.04844	0.000804	1198.26	0.0006	733.05	0.083	0.006	0		5473	5370.38	1.7314	1.7209			5379.41	1.7341	1.7254			0.9281	1	0.02337	0.01998	0.318	1	0.99458	0.97	0	0
100248	Largo Medical Center	45300	45300	45300	45300	10510	12103	3	lurban	lurban	N	0.8896						1	0.4314	0.5324	262	205	0.21105	0.16212	0.1463	0	0.03007	0		0		0	0.094	0.007	0		5691	5588.04	1.6572	1.6482	2717.63	1.7342	5598.94	1.6549	1.646	2723.68	1.7293	0.923	1	0.02046	0.01806	0.398	1	0.99035	0.98	0	0
100249	Seven Rivers Regional Medical Center	26140	26140	45300	10	10080	12017	3	ourban	rural	S	0.8787		YES	YES			1	0	0	112	63	0	0	0.1974	0.01395	0	0.01395	0.000104	299.23	0.000119	260.39	0.116	0.009	7		2737	2702.97	1.5795	1.5675			2704.97	1.5719	1.56			0.9153	1	0.00666	0.00682	0.527	1	0.99363	1.00	0	0
100252	Raulerson Hospital	10	10	38940	10	10460	12093	3	rural	rural	W	0.8968						1	0	0	102	56	0	0	0.18615	0.01212	0	0.01212		0		0	0.121	0.011	16	6724.81	1978	1942.81	1.2633	1.2556			1947.15	1.264	1.2571			0.9281	1	0.00768	0.00896	0.453	1	1.00686	0.99	0	0
100253	Jupiter Medical Center	48424	48424	22744	48424	10490	12099	3	lurban	lurban	W	0.9431						1	0	0	195	122	0	0	0.0793	0	0.01619	0		0		0	0.219	0.024	0		4292	4226.5	1.6882	1.679			4231.07	1.6877	1.678			0.9607	1	0.02329	0.04011	0.442	1	1.00457	1.00	0	1
100254	Capital Regional Medical Center	45220	45220	45220	45220	10360	12073	3	ourban	ourban	N	0.8437						1	0	0	242	140	0	0	0.3518	0.0456	0.07384	0.0456	0.000442	941.92	0.000279	502.07	0.104	0.011	0		3873	3821.62	1.447	1.4355			3828.41	1.4347	1.4238			0.8901	1	0.00591	0.01009	0.33	1	0.99948	0.99	0	0
100255	Tampa Community Hospital	45300	45300	45300	45300	10280	12057	3	lurban	lurban	N	0.8896						1	0	0	166	47	0	0	0.3177	0.03856	0.06645	0.03856	0.000226	1747.86	0.000166	1014.19	0.117	0.012	0		933	917.86	1.379	1.3632			919.04	1.3784	1.3625			0.923	1	0.0233	0.03713	0.378	1	1.0059	1.00	0	1
100256	Regional Medical Center Bayonet Point	45300	45300	45300	45300	10500	12101	3	lurban	lurban	N	0.8896						1	0.1631	0.0259	278	190	0.08519	0.00734	0.1855	0.01202	0.03828	0.01202	0.00041	668.63	0.00026	345.76	0.085	0.006	0		4933	4846.36	1.6865	1.6723	3095.98	1.745	4855.64	1.6903	1.677	3100.11	1.7537	0.923	1	0.01183	0.00995	0.357	1	0.99483	0.99	0	0
100258	Delray Medical Center	48424	48424	22744	48424	10490	12099	3	lurban	lurban	W	0.9431						1	0.0687	0.0195	347	218	0.03682	0.00552	0.1032	0	0.02112	0		0		0	0.116	0.006	0		7955	7783.74	1.7918	1.7718	2462.78	1.6593	7798.34	1.7933	1.7735	2467.25	1.6672	0.9607	1	0.04987	0.01621	0.541	1	0.99377	0.99	0	0
100259	South Bay Hospital	45300	45300	45300	45300	10280	12057	3	lurban	lurban	N	0.8896						1	0	0	112	73	0	0	0.0711	0	0.0145	0		0		0	0.093	0.008	0		3532	3478.37	1.3334	1.3277			3484.15	1.3292	1.3241			0.923	1	0.002	0.00261	0.551	1	0.99618	0.98	0	0
100260	St Lucie Medical Center	38940	38940	38940	38940	10550	12111	3	ourban	ourban	N	0.8968						1	0.1656	0.214	207	143	0.08644	0.06225	0.1629	0.00835	0.03354	0.00835	0.000314	488.31	0.000192	244.07	0.096	0.009	0		5283	5186.22	1.456	1.4503	1763.15	1.5158	5192.71	1.4537	1.4473	1766.29	1.5125	0.9281	1	0.01385	0.02119	0.469	1	0.99397	0.97	0	0
100264	Oak Hill Hospital	45300	45300	45300	45300	10260	12053	3	lurban	lurban	N	0.8896						1	0.1849	0.0899	262	182	0.09602	0.02569	0.106	0	0.0217	0		0		0	0.076	0.008	0		6701	6595.79	1.4662	1.4574	3884.77	1.5597	6610.75	1.4568	1.4488	3897.87	1.5546	0.923	1	0.01159	0.02471	0.48	1	0.99828	0.99	0	0
100265	Mease Countryside Hospital	45300	45300	45300	45300	10510	12103	3	lurban	lurban	N	0.8896						1	0	0	311	205	0	0	0.1786	0.0109	0.03683	0.0109	0.000423	604.57	0.000427	512.18	0.193	0.012	0		5869	5754.91	1.5911	1.5775			5771.43	1.5816	1.5679			0.923	1	0.01566	0.00794	0.346	1	1.00073	1.00	0	0
100266	Gulf Breeze Hospital	37860	37860	37860	37860	10560	12113	3	ourban	ourban	N	0.8169						1	0	0	65	45	0	0	0.07147	0	0	0		0		0	0.189	0.013	0		1906	1852.27	1.64	1.6328			1857.54	1.6366	1.6273			0.8707	1	0.00271	0.00132	0.478	1	1.01156	1.00	0	0
100267	Englewood Community Hospital	35840	35840	35840	35840	10570	12115	3	ourban	ourban	N	0.955						1	0	0	100	33	0	0	0.0467	0	0.0095	0		0		0	0.105	0.009	0		1866	1801.89	1.4019	1.3791			1807.88	1.399	1.377			0.969	1	0.00185	0.00238	0.567	1	1.00176	1.00	0	0
100268	West Boca Medical Center	48424	48424	22744	48424	10490	12099	3	lurban	lurban	W	0.9431						1	0	0	195	111	0	0	0.3152	0.03805	0.06591	0.03805	0.000292	1148.73	0.000297	977.04	0.195	0.012	0		2144	2100.98	1.3075	1.2986			2103.28	1.3077	1.2982			0.9607	1	0.03508	0.01688	0.193	1	1.00022	0.98	0	0
100269	Palms West Hospital	48424	48424	22744	48424	10490	12099	3	lurban	lurban	W	0.9431						1	0.0713	0.0904	204	160	0.03819	0.02584	0.4127	0.05816	0.08716	0.05816	0.000465	1646.34	0.000398	1130.9	0.103	0.009	0		2207	2171.88	1.4718	1.4632	1574.35	1.3692	2175.21	1.4658	1.4576	1576.86	1.3573	0.9607	1	0.00889	0.01308	0.197	1	0.99771	0.99	0	0
100275	Wellington Regional Medical Center Llc	48424	48424	22744	48424	10490	12099	3	lurban	lurban	W	0.9431						1	0.087	0.1395	211	133	0.04639	0.04015	0.3528	0.0458	0.07406	0.0458	0.000367	1346.78	0.000371	1146.6	0.118	0.014	0		2443	2385.36	1.6094	1.5902	1769.2	1.6052	2390.19	1.6138	1.5948	1771.62	1.5969	0.9607	1	0.0203	0.03859	0.193	1	0.99458	0.99	0	0
100276	Broward Health Coral Springs	22744	22744	22744	22744	10050	12011	3	lurban	lurban	N	0.9565						1	0.0073	0.0098	196	118	0.00398	0.00277	0.3717	0.0497	0.07817	0.0497	0.000573	2811.96	0.000579	2138.04	0.242	0.014	0		1546	1510.15	1.4458	1.4394	1231.45	1.4731	1513.79	1.4481	1.4425	1232.25	1.4769	0.97	1	0.03336	0.01456	0.149	1	1.00239	0.99	0	0
100277	Douglas Gardens Hospital	33124	33124	33124	33124	10120	12086	3	lurban	lurban	N	0.9198						1	0	0	32	6	0	0	0.2369	0.0219	0	0.0219	0.000022	1702.94	0.000016	795	0.824	0.013	0		71	68.6	0.9641	0.961			68.79	0.9626	0.9592			0.9444	1	0	0	0.221	1	1	1.00	0	1
100281	Memorial Hospital West	22744	22744	22744	22744	10050	12011	3	lurban	lurban	N	0.9565						1	0	0	384	268	0	0	0.3541	0.04607	0.07434	0.04607	0.000982	2192.99	0.000899	1678.63	0.128	0.008	0		3798	3705.64	1.575	1.5621			3711.89	1.5826	1.5694			0.97	1	0.05912	0.03985	0.192	1	1.00239	1.00	0	0
100284	Westchester General Hospital	33124	33124	33124	33124	10120	12086	3	lurban	lurban	N	0.9198						1	0.1597	0.206	125	92	0.08349	0.05986	0.642	0.10545	0.13883	0.10545	0.00046	1741.28	0.000358	1039.3	0.284	0.018	0		1981	1972.4	1.1282	1.1244	375.61	1.1342	1972.99	1.1263	1.1228	375.6	1.1381	0.9444	1	0.0135	0.00856	0.479	1	1.00104	0.99	0	1
100285	Memorial Hospital Miramar	22744	22744	22744	22744	10050	12011	3	lurban	lurban	N	0.9565						1	0	0	178	86	0	0	0.5469	0.08584	0.11711	0.08584	0.000369	3143.9	0.000379	2703.28	0.143	0.018	0		1042	1000.65	1.3868	1.3793			1002.32	1.3969	1.3858			0.97	1	0.01324	0.04371	0.097	1	1.00889	1.00	0	0
100286	Physicians Regional Medical Center - Pine Ridge	34940	34940	15980	10	10100	12021	3	ourban	rural	S	0.9064		YES	YES			1	0	0	201	98	0	0	0.1246	0	0	0		0		0	0.126	0.014	7		5123	4979.62	1.6719	1.6551			5014.68	1.6708	1.6564			0.9349	1	0.0343	0.05871	0.526	1	1.00041	1.00	0	0
100287	Good Samaritan Medical Center	48424	48424	22744	48424	10490	12099	3	lurban	lurban	W	0.9431						1	0	0	333	127	0	0	0.3076	0.03648	0.06427	0.03648	0.000323	744.46	0.000215	405.21	0.125	0.011	0		3303	3236.63	1.4477	1.4352			3241.53	1.4559	1.4423			0.9607	1	0.03838	0.03938	0.359	1	0.99609	0.99	0	0
100288	St Mary'S Medical Center	48424	48424	22744	48424	10490	12099	3	lurban	lurban	W	0.9431						1	0.007	0	374	237	0.00382	0	0.6735	0.11195	0.14612	0.11195	0.000918	4362.04	0.001127	4626.61	0.149	0.007	0		1778	1739.32	1.6949	1.6592	132.36	1.3792	1743.92	1.7028	1.673	132.44	1.3942	0.9607	1	0.02546	0.00717	0.098	1	0.99271	0.99	0	0
100289	Cleveland Clinic Hospital	22744	22744	22744	22744	10050	12011	3	lurban	lurban	N	0.9565						1	0.2612	0.1087	155	125	0.13303	0.03115	0.0745	0	0.0152	0		0		0	0.219	0.018	0		3578	3453.59	2.1784	2.1624	1341.71	2.2034	3471.11	2.1879	2.1719	1349.8	2.2144	0.97	1	0.02879	0.03023	0.329	1	1.00735	1.00	0	0
100290	"Villages Regional Hospital, The"	45540	45540	36740	45540	10590	12119	3	ourban	ourban	W	0.8734						1	0	0	277	178	0	0	0.028	0	0.00569	0		0		0	0.205	0.025	0		7873	7760.6	1.481	1.4721			7770.51	1.4765	1.4675			0.9115	1	0.00221	0.00564	0.607	1	0.9929	0.99	0	0
100291	Steward Melbourne Hospital	37340	37340	37340	37340	10040	12009	3	ourban	ourban	N	0.9151						1	0	0	113	46	0	0	0.1655	0.00877	0.03408	0.00877	0.000122	858.83	0.000142	731.26	0.117	0.014	0		1076	1052.85	1.8678	1.8534			1054.79	1.8673	1.8529			0.9411	1	0.02981	0.06274	0.376	1	1.00335	0.99	0	0
100292	Sacred Heart Hospital On The Emerald Coast	18880	18880	18880	18880	10650	12131	3	ourban	ourban	N	0.8539						1	0	0	50	33	0	0	0.238	0.02213	0	0.02213	0.000178	779.62	0.000105	384.92	0.183	0.01	0		1986	1923.96	1.6705	1.6693			1935.71	1.6563	1.656			0.8975	1	0.01019	0.00349	0.336	1	1.00258	1.00	0	0
100296	Doctors Hospital	33124	33124	33124	33124	10120	12086	3	lurban	lurban	N	0.9198						1	0	0	281	84	0	0	0.31	0.03698	0.06479	0.03698	0.00024	1041.41	0.000253	891.57	0.229	0.023	0		1930	1908.71	1.4571	1.4537			1912.01	1.4529	1.4498			0.9444	1	0.12591	0.18148	0.352	1	0.99805	1.00	0	0
100299	Lakewood Ranch Medical Center	35840	35840	35840	35840	10400	12081	3	ourban	ourban	N	0.955						1	0	0	140	52	0	0	0.0931	0	0.01903	0		0		0	0.138	0.013	0		2185	2130.95	1.6114	1.6037			2134.23	1.6135	1.6052			0.969	1	0.02042	0.02429	0.413	1	0.99974	1.00	0	0
100302	St Cloud Regional Medical Center	36740	36740	36740	36740	10480	12097	3	lurban	lurban	N	0.8942						1	0	0	84	46	0	0	0.1695	0.00942	0	0.00942	0.000114	741.92	0.000116	600.68	0.142	0.011	0		1322	1294.42	1.3875	1.3761			1296.75	1.398	1.3857			0.9263	1	0.03198	0.02779	0.398	1	0.99353	0.99	0	0
100307	St Vincent'S Medical Center Southside	27260	27260	27260	27260	10150	12031	3	lurban	lurban	N	0.9044						1	0	0	275	109	0	0	0.2264	0.01973	0.04691	0.01973	0.000257	646.21	0.00026	526.05	0.164	0.009	0		3384	3293.12	1.8585	1.8511			3302.86	1.8405	1.8326			0.9335	1	0.00753	0.00298	0.298	1	0.99664	0.98	0	0
100313	Sacred Heart Hospital On The Gulf	37460	37460	37460	37460	10220	12045	3	ourban	ourban	N	0.8128						1	0	0	19	2	0	0	0.1626	0.0083	0	0.0083	0.000033	1325.52	0.000016	435.77	0.492	0.062	0		175	162.74	1.1181	1.1015			163.46	1.1149	1.0989			0.8677	1	0.01116	0.03209	0.547	1.25	1.00677	1.00	0	0
100314	West Kendall Baptist Hospital	33124	33124	33124	33124	10120	12086	3	lurban	lurban	N	0.9198						1	0.0697	0.0501	133	83	0.03735	0.01424	0.5197	0.08023	0.11098	0.08023	0.000551	2829.79	0.000483	2169.6	0.209	0.026	0		1680	1640.63	1.4829	1.4768	1782.65	1.356	1645.22	1.4705	1.4639	1785.09	1.3537	0.9444	1	0.06177	0.14054	0.213	1	1.01237	1.00	0	0
100315	Viera Hospital	37340	37340	37340	37340	10040	12009	3	ourban	ourban	N	0.9151						1	0	0	84	40	0	0	0.07095	0	0	0		0		0	0.262	0.053	0		1976	1925.98	1.4262	1.4192			1932.25	1.4246	1.4182			0.9411	1	0.02194	0.10883	0.473	1	1.00648	0.97	0	0
100316	Palm Bay Hospital	37340	37340	37340	37340	10040	12009	3	ourban	ourban	N	0.9151						1	0	0	152	69	0	0	0.1649	0.00867	0.03396	0.00867	0.000269	975.22	0.000197	576.52	0.248	0.032	0		2280	2229.64	1.4707	1.4525			2233.63	1.4643	1.4459			0.9411	1	0.04424	0.09678	0.429	1	1.00576	0.97	0	0
100319	Florida Hospital Wesley Chapel	45300	45300	45300	45300	10500	12101	3	lurban	lurban	N	0.8896						1	0	0	83	57	0	0	0.149	0	0	0	0.000155	796.05	0.000118	542.07	0.169	0.025	0		1761	1687.39	1.633	1.6104			1701.31	1.6231	1.6023			0.923	1	0.02028	0.0628	0.281	1	1.01186	1.00	0	0
100320	Poinciana Medical Center	36740	36740	36740	36740	10480	12097	3	lurban	lurban	N	0.8942						1	0	0	56	24	0	0	0.2847	0.03	0	0.03	0.000153	1678.34	0.000038	383.29	0.094	0.025	0		836	822.21	1.1695	1.1653			823.3	1.1677	1.1638			0.9263	1	0.00228	0.02994	0.289	1	1.0073	1.00	0	0
100321	St Vincents Medical Center - Clay County	27260	27260	27260	27260	10090	12019	3	lurban	lurban	N	0.9044						1	0	0	64	56	0	0	0.13494	0	0	0		0		0	0.164	0.019	0		2342	2280.27	1.3855	1.3717			2285.74	1.3833	1.3691			0.9335	1	0.00027	0.001	0.396	1	1.01577	0.97	0	0
100322	Regional General Hospital Williston	10	10	23540	23540	10370	12075	3	rural	ourban	L	0.8943	LUGAR					1	0	0	20	2	0	0	0.1185	0	0	0		0		0	0.756	0.057	0		58	58	0.7997	0.7997			58	0.8062	0.8062			0.9264	1	0	0	0.378	1	1	1.00	0	0
100329	Oviedo Medical Center	36740	36740	36740	36740	10580	12117	3	lurban	lurban	N	0.8942						1	0		64	0	0	0.52699	0	0	0	0		0		0	0.167	0.013	0		388	377.71	1.4532	1.4396			378.07	1.4884	1.477			0.9263	1	0.00995	0.00224		1	1	1.00	0	0
110001	Hamilton Medical Center	19140	19140	12060	11	11970	13313	3	ourban	rural	S	0.9208		YES	YES			1	0	0	234	109	0	0	0.4041	0.05638	0	0.05638	0.000613	1449.87	0.00053	989.89	0.202	0.021	7		3574	3501.21	1.562	1.5554			3508.86	1.5687	1.5627			0.9451	1	0.01321	0.02339	0.369	1	1.00773	0.99	0	0
110002	Upson Regional Medical Center	11	11	12060	11	11920	13293	3	rural	rural	W	0.9208						1	0	0	101	38	0	0	0.3348	0.04209	0	0.04209	0.000186	1577.99		0	0.251	0.03	17	6287.17	894	871.1	1.4829	1.4529			872.55	1.4902	1.4598			0.9451	1	0.01565	0.03897	0.304	1	0.99411	1.00	0	0
110003	Memorial Satilla Health	11	11	15260	11	11940	13299	3	rural	rural	W	0.7994						1	0.0206	0.0353	155	68	0.01119	0.01001	0.2947	0.03382	0	0.03382	0.000521	1812.99		0	0.296	0.002	17	5898.43	2339	2282.19	1.3417	1.3294	725.59	1.2872	2286.65	1.3454	1.3335	727.31	1.2858	0.8579	1	0.02847	0.00014	0.424	1	1.00242	0.98	0	0
110005	Northside Hospital Forsyth	12060	12060	12060	12060	11461	13117	3	lurban	lurban	N	0.935						1	0	0	231	171	0	0	0.1847	0.01189	0.03811	0.01189	0.000497	897.46	0.000459	739.36	0.227	0.02	0		5011	4963.52	1.677	1.6711			4971.49	1.6699	1.6643			0.955	1	0.09793	0.11101	0.321	1	1.00098	0.99	0	0
110006	St Mary'S Hospital	12020	12020	12060	11	11260	13059	3	ourban	rural	S	0.9208		YES	YES			1	0.1816	0.1247	165	100	0.09439	0.03582	0.274	0.02955	0	0.02955	0.00026	748.23	0.000234	563.32	0.246	0.015	7		2954	2901.43	1.7735	1.766	981.84	1.6489	2909.98	1.7678	1.7607	984.52	1.6563	0.9451	1	0.0089	0.00404	0.294	1	0.99815	1.00	0	0
110007	Phoebe Putney Memorial Hospital	10500	10500	10500	10500	11390	13095	3	ourban	ourban	N	0.8521						1	0.029	0.0583	420	260	0.01572	0.01659	0.4169	0.05902	0.08809	0.05902	0.001256	1884.19	0.001143	1376.77	0.286	0.026	0		5317	5226.49	1.7829	1.7632	1460.51	1.7975	5232.98	1.7924	1.773	1463.03	1.8051	0.8962	1	0.06495	0.08896	0.287	1	0.99234	1.00	0	0
110008	Northside Hospital Cherokee	12060	12060	12060	12060	11250	13057	3	lurban	lurban	N	0.935						1	0	0	80	70	0	0	0.2243	0.0193	0	0.0193	0.000383	1442.02	0.0003	993.29	0.229	0.008	0		2503	2468.71	1.6399	1.6332			2472.47	1.6438	1.6363			0.955	1	0.08072	0.01088	0.378	1	1.00059	0.99	0	0
110010	Emory University Hospital	12060	12060	12060	12060	11370	13089	3	lurban	lurban	N	0.935						1	0.5651	0.6751	513	442	0.26854	0.20987	0.1821	0.01147	0.03756	0.01147	0.001103	1089.94	0.000952	782.27	0.341	0.016	0		8372	8259.16	2.3963	2.3897	3426.44	2.2853	8273.42	2.3966	2.3899	3434.17	2.2964	0.955	1	0.20537	0.0662	0.324	1	1.0046	1.00	0	0
110011	Tanner Medical Center - Carrollton	12060	12060	12060	12060	11190	13045	3	lurban	lurban	N	0.935						1	0	0	165	90	0	0	0.2664	0.02798	0.05543	0.02798	0.000333	918.91	0.000282	643.49	0.253	0.03	0		2995	2922	1.7195	1.7079			2930.5	1.7249	1.7136			0.955	1	0.01299	0.02745	0.371	1	1.0025	0.99	0	1
110015	Tanner Medical Center Villa Rica	12060	12060	12060	12060	11190	13045	3	lurban	lurban	N	0.935						1	0	0	40	20	0	0	0.4059	0.03	0	0.03	0.000177	2072.91	0.000141	1430.85	0.289	0.014	0		776	760.12	1.4121	1.4045			761.36	1.4201	1.4129			0.955	1	0.02411	0.00866	0.278	1	1.00739	1.00	0	1
110016	Wellstar West Georgia Medical Center	11	11	12060	11	11910	13285	3	rural	rural	W	0.9208						1	0	0	276	73	0	0	0.3254	0.04015	0	0.04015	0.000446	1585.93	0.000378	1095.89	0.298	0.021	7		2270	2204.01	1.5183	1.497			2209.9	1.5086	1.4891			0.9451	1	0.00808	0.00711	0.334	1	1.00387	1.00	0	0
110018	Piedmont Newton Hospital	12060	12060	12060	12060	11790	13217	3	lurban	lurban	N	0.935						1	0	0	87	41	0	0	0.3553	0.03	0	0.03	0.000177	927.92	0.000181	761.7	0.304	0.019	0		1654	1585.71	1.3828	1.3694			1590.45	1.3775	1.3644			0.955	1	0.01654	0.00796	0.321	1	0.99194	0.98	0	0
110023	Gordon Hospital	11	11	12060	11	11500	13129	3	rural	rural	W	0.9208						1	0	0	69	43	0	0	0.305	0.03594	0	0.03	0.000178	944.89	0.000163	709.97	0.152	0.015	7		1561	1511.9	1.5369	1.5251			1515.82	1.5443	1.5319			0.9451	1	0.00267	0.00424	0.416	1	1.01401	1.00	0	0
110024	Candler Hospital	42340	42340	42340	42340	11220	13051	3	ourban	ourban	N	0.792						1	0	0	233	151	0	0	0.3231	0.03968	0.06762	0.03968	0.00068	1974.2	0.000534	1206.46	0.232	0.016	0		2709	2670.39	1.5797	1.5635			2672.52	1.5917	1.5751			0.8524	1	0.04992	0.03705	0.283	1	1.00094	1.00	0	0
110025	Southeast Georgia Health System- Brunswick Campus	15260	15260	15260	15260	11490	13127	3	ourban	ourban	N	0.8311						1	0	0	316	150	0	0	0.2196	0.01833	0.04547	0.01833		0		0	0.319	0.049	17	7783.14	4334	4283.55	1.7219	1.7182			4288.1	1.7277	1.7236			0.881	1	0.04296	0.13489	0.389	1	0.99552	0.99	0	0
110026	Elbert Memorial Hospital	11	11	11	11	11430	13105	3	rural	rural	N	0.7313						1	0	0	52	7	0	0	0.1405	0	0	0		0		0	0.55	0.03	16	5693.47	251	245.77	1.1211	1.1108			245.9	1.1086	1.0977			0.8071	1	0	0	0.496	1.2347	1.00465	1.00	0	0
110027	"St Mary'S Sacred Heart Hospital, Inc"	11	11	11	11	11462	13119	3	rural	rural	N	0.749				YES	0.0177	1	0	0	56	14	0	0	0.3553	0.03	0	0.03	0.000082	1098.53	0.000085	958.71	0.406	0.039	0		722	706.09	1.1248	1.1156			707.12	1.1194	1.1101			0.8204	1	0.00495	0.01024	0.347	1.16061	0.99334	0.99	0	0
110028	University Hospital	12260	12260	12260	12260	11840	13245	3	ourban	ourban	N	0.869						1	0.0082	0.0078	495	303	0.00447	0.0022	0.2879	0.03242	0.06003	0.03242	0.000935	953.16	0.000901	774.96	0.283	0.02	0		8503	8393.87	1.8819	1.8739	3841.07	1.8479	8404.28	1.8789	1.8715	3845.55	1.8442	0.9083	1	0.02167	0.01556	0.331	1	0.99347	0.99	0	0
110029	"Northeast Georgia Medical Center, Inc"	23580	23580	23580	23580	11550	13139	3	ourban	ourban	N	0.8744				YES	0.0006	1	0	0	477	351	0	0	0.2591	0.02648	0.05387	0.02648	0.00138	1030.83	0.00103	664.35	0.229	0.031	7		11598	11417.9	1.9069	1.8973			11443.5	1.9071	1.8984			0.9122	1	0.05896	0.15012	0.364	1	1.00213	0.99	0	0
110030	Cartersville Medical Center	12060	12060	12060	12060	11060	13015	3	lurban	lurban	N	0.935						1	0	0	112	79	0	0	0.2727	0.02928	0.05677	0.02928	0.00032	1042.52	0.000232	608.86	0.116	0.011	0		2496	2444.8	1.5536	1.5435			2450.72	1.5521	1.5431			0.955	1	0.00666	0.00854	0.399	1	1.00145	1.00	0	0
110031	Wellstar Spalding Regional Hospital	12060	12060	12060	12060	11860	13255	3	lurban	lurban	N	0.935						1	0	0	160	95	0	0	0.327	0.04048	0.06846	0.04048	0.000272	812.9	0.00024	568.91	0.162	0.014	0		2644	2592.92	1.4583	1.4365			2595.5	1.4752	1.4522			0.955	1	0.02665	0.02821	0.355	1	0.9904	0.99	0	0
110032	Stephens County Hospital	11	11	11	11	11861	13257	3	rural	rural	N	0.7313						1	0	0	87	25	0	0	0.2776	0.03029	0	0.03	0.000145	1473.19	0.000122	924.11	0.446	0.035	14	6877.87	730	714.4	1.2867	1.2693			715.86	1.2891	1.2723			0.8071	1	0.04184	0.04803	0.496	1	1.00455	0.99	0	0
110034	Au Medical Center	12260	12260	12260	12260	11840	13245	3	ourban	ourban	N	0.869						1	0.806	1.172	470	332	0.36516	0.392	0.4572	0.06734	0.097	0.06734	0.001766	3567.49	0.001397	2358.15	0.253	0.018	0		4280	4234.67	2.0265	2.0075	1538.19	2.0175	4237.74	2.0434	2.0248	1538.78	2.0302	0.9083	1	0.11578	0.0891	0.207	1	0.99424	1.00	0	0
110035	Wellstar Kennestone Hospital	12060	12060	12060	12060	11290	13067	3	lurban	lurban	N	0.935						1	0.0705	0	552	454	0.03777	0	0.2239	0.01922	0.04638	0.01922	0.001736	1336.35	0.001503	948.58	0.215	0.017	0		10828	10704.3	1.959	1.9474	3646.04	1.8414	10721.7	1.9662	1.9548	3652.53	1.8429	0.955	1	0.07625	0.07164	0.307	1	0.99865	0.99	0	0
110036	Memorial Health University Medical Center	42340	42340	42340	42340	11220	13051	3	ourban	ourban	N	0.792						1	0.2083	0.2461	475	401	0.10752	0.07192	0.376	0.05059	0.07911	0.05059	0.001255	1672.25	0.001127	1230.53	0.268	0.015	0		6233	6106.68	2.1291	2.095	2314.79	1.978	6119.79	2.1316	2.098	2318.26	1.9869	0.8524	1	0.03913	0.01442	0.228	1	0.99049	1.00	0	0
110038	John D Archbold Memorial Hospital	11	11	45220	11	11890	13275	3	rural	rural	W	0.7764						1	0	0	226	140	0	0	0.3213	0.03931	0	0.03931	0.000585	1350.9	0.000524	985.27	0.273	0.026	7		3581	3537.47	1.7683	1.7634			3541.96	1.7755	1.7708			0.8409	1	0.03612	0.05644	0.387	1	0.9992	0.99	0	0
110039	Trinity Hospital Of Augusta	12260	12260	12260	12260	11840	13245	3	ourban	ourban	N	0.869						1	0	0	140	35	0	0	0.2654	0.02778	0.05521	0.02778	0.00006	758.89	0.000074	593.79	0.18	0.024	0		462	452.53	1.4793	1.4695			453.4	1.4804	1.4713			0.9083	1	0.00783	0.02138	0.241	1	1.00142	1.00	0	0
110040	Northridge Medical Center	11	11	12060	12060	11610	13157	3	rural	lurban	L	0.9208	LUGAR					1	0	0	60	9	0	0	0.321	0.03	0	0.03	0.000051	1160.2	0.000036	603.08	0.384	0.005	0		265	256.01	1.1701	1.1632			256.88	1.1661	1.1595			0.9451	1	0	0	0.473	1.22871	1	1.00	1	0
110041	Habersham County Medical Ctr	11	11	11	11	11540	13137	3	rural	rural	N	0.7648				YES	0.0335	1	0	0	53	25	0	0	0.3002	0.03	0	0.03	0.000131	1418.74	0.000106	924.99	0.38	0.057	0		739	725.51	1.3913	1.3858			726.99	1.3844	1.3798			0.8322	1	0.00607	0.02416	0.389	1	0.99878	0.97	0	0
110042	Wellstar Paulding Hospital	12060	12060	12060	12060	11810	13223	3	lurban	lurban	N	0.935						1	0	0	56	46	0	0	0.1412	0	0	0		0		0	0.203	0.025	0		2259	2207.83	1.2756	1.2642			2213.15	1.2697	1.2592			0.955	1	0.00598	0.01509	0.396	1	1.00879	0.99	0	0
110043	St Joseph'S Hospital - Savannah	42340	42340	42340	42340	11220	13051	3	ourban	ourban	N	0.792						1	0	0	214	147	0	0	0.1303	0	0.02674	0		0		0	0.229	0.012	0		4753	4686.65	2.0091	1.9954			4694.92	2.0068	1.9924			0.8524	1	0.047	0.01433	0.455	1	0.99719	0.99	0	0
110044	Phoebe Sumter Medical Center	11	11	11	11	11870	13261	3	rural	rural	N	0.7525				YES	0.0212	1	0	0	54	28	0	0	0.4002	0.03	0	0.03	0.000229	2194.89	0.000152	1175.82	0.326	0.054	0		853	824.78	1.3908	1.3786			826.62	1.3931	1.3801			0.8231	1	0.01891	0.06778	0.322	1.07023	1.00167	0.99	0	0
110045	Northeast Georgia Medical Center Barrow	12060	12060	12060	12060	11050	13013	3	lurban	lurban	N	0.935						1	0	0	53	14	0	0	0.2976	0.03	0	0.03	0.000061	1126.68	0.00006	713.69	0.211	0.019	0		364	355.11	1.2348	1.2269			356.45	1.2283	1.2211			0.955	1	0	0	0.36	1.17303	1.00427	1.00	0	0
110046	Piedmont Walton Hospital	12060	12060	12060	12060	11930	13297	3	lurban	lurban	N	0.935						1	0	0	77	26	0	0	0.2999	0.03	0	0.03	0.000153	1351	0.000155	1045.94	0.172	0.029	0		927	900.37	1.4774	1.4434			904.26	1.4485	1.4162			0.955	1	0.00186	0.01108	0.387	1.07765	0.99644	1.00	0	0
110050	Murray Medical Center	19140	19140	19140	19140	11772	13213	3	ourban	ourban	N	0.8262						1	0	0	29	3	0	0	0.1775	0.01072	0	0.01072	0.000057	1739.31		0	0.223	0.028	0		319	306.45	1.2118	1.205			307.95	1.205	1.1989			0.8774	1	0.00411	0.0089	0.75	1	1	1.00	0	0
110051	Union General Hospital	11	11	11	11	11913	13291	3	rural	rural	N	0.7313						1	0	0	39	15	0	0	0.2361	0.02173	0	0.02173		0		0	0.383	0.045	16	5212.57	980	949.3	1.2219	1.2137			951.87	1.2124	1.2049			0.8071	1	0.00654	0.01474	0.431	1.14773	1.01336	1.00	0	0
110054	Floyd Medical Center	40660	40660	12060	40660	11460	13115	3	ourban	ourban	W	0.9208						1	0.1163	0.1575	226	144	0.06151	0.04545	0.416	0.05884	0.08789	0.05884	0.00074	1395.43	0.00069	1085.78	0.204	0.019	7		4452	4367.73	1.6539	1.6377	1308.22	1.6025	4374.6	1.6578	1.6418	1309.18	1.6116	0.9451	1	0.01599	0.0224	0.316	1	0.99592	0.99	0	0
110064	Piedmont Columbus Regional Midtown	17980	17980	17980	17980	11780	13215	3	ourban	ourban	N	0.7932						1	0.1045	0.1652	313	197	0.05545	0.04772	0.5122	0.07868	0.10929	0.07868	0.000741	2054.8	0.000882	2087.4	0.244	0.034	0		3273	3203.04	1.8436	1.8234	1076.4	1.7633	3211.77	1.8399	1.8214	1078.01	1.7504	0.8533	1	0.03664	0.10134	0.208	1	0.99272	1.00	0	0
110069	Houston Medical Center	47580	47580	31420	47580	11600	13153	3	ourban	ourban	W	0.8612						1	0.0795	0.0853	237	169	0.04248	0.02436	0.3033	0.03559	0.06334	0.03559	0.000689	1221.93	0.000668	949.75	0.368	0.042	0		4536	4490.11	1.4926	1.4881	918.62	1.5333	4493	1.4953	1.4905	919.36	1.5313	0.9027	1	0.02474	0.04934	0.39	1	1.00636	0.97	0	0
110071	Appling Hospital	11	11	11	11	11000	13001	3	rural	rural	N	0.7313						1	0	0	34	10	0	0	0.4961	0.03	0	0.03	0.000072	1998.71	0.000059	1178.77	0.375	0.03	16	4363.51	294	287.7	1.2747	1.2251			287.91	1.283	1.2321			0.8071	1	0.07702	0.08429	0.367	1.23712	0.99387	1.00	0	0
110073	Dorminy Medical Center	11	11	11	11	11070	13017	3	rural	rural	N	0.7313						1	0	0	48	8	0	0	0.4081	0.03	0	0.03	0.000078	1888.19	0.000073	1335.73	0.312	0.037	0		319	311.79	1.0472	1.0405			312.26	1.0505	1.0436			0.8071	1	0	0	0.365	1	1.00759	1.00	0	0
110074	Piedmont Athens Regional Medical Center	12020	12020	12060	12020	11260	13059	3	ourban	ourban	W	0.9208						1	0.0898	0	331	225	0.04785	0	0.3205	0.03914	0.06705	0.03914	0.000932	1096.46	0.000867	842.18	0.236	0.023	0		7068	6906.98	1.7792	1.766	2614.35	1.7926	6923.99	1.7807	1.7673	2620.04	1.7958	0.9451	1	0.04887	0.07162	0.37	1	1.00811	1.00	0	0
110075	East Georgia Regional Medical Center	11	11	42340	11	11140	13031	3	rural	rural	W	0.792						1	0	0	149	78	0	0	0.4152	0.05867	0	0.05867	0.000291	964.34	0.000325	897.4	0.152	0.011	17	4508.93	2584	2532.1	1.5709	1.5512			2535.93	1.5774	1.5577			0.8524	1	0.01731	0.014	0.352	1	0.9931	0.99	0	0
110076	Dekalb Medical Center	12060	12060	12060	12060	11370	13089	3	lurban	lurban	N	0.935						1	0.0278	0.0411	389	227	0.01508	0.01167	0.4645	0.06884	0.09863	0.06884	0.000826	1709.16	0.001044	1681.21	0.304	0.023	0		3894	3841.13	1.6633	1.6529	2242.79	1.6287	3845.25	1.6676	1.6564	2246.15	1.633	0.955	1	0.02523	0.0223	0.195	1	0.99018	1.00	0	0
110078	Emory University Hospital Midtown	12060	12060	12060	12060	11470	13121	3	lurban	lurban	N	0.935						1	0.1295	0.1896	459	316	0.06825	0.05496	0.4033	0.05622	0.0851	0.05622	0.001005	1453.11	0.001183	1397.18	0.313	0.014	0		5633	5545.79	2.3199	2.2888	2693.87	2.0522	5551.79	2.3278	2.2963	2698.41	2.0577	0.955	1	0.11594	0.02713	0.27	1	1.00156	1.00	0	0
110079	Grady Memorial Hospital	12060	12060	12060	12060	11470	13121	3	lurban	lurban	N	0.935						1	0.6486	0.9599	639	479	0.30297	0.31112	0.5786	0.0875	0.1189	0.0875	0.004803	9089	0.004007	6767.84	0.164	0.01	0		4713	4645.91	1.957	1.9455	2244.77	1.874	4652.37	1.9534	1.9436	2246.82	1.8628	0.955	1	0.06294	0.04273	0.155	1	1.00002	1.00	0	0
110082	"Saint Joseph'S Hospital Of Atlanta, Inc"	12060	12060	12060	12060	11470	13121	3	lurban	lurban	N	0.935						1	0.0092	0	272	187	0.00502	0	0.1079	0	0.02209	0		0		0	0.313	0.021	0		6370	6256.9	2.0677	2.0622	964	2.0613	6270.58	2.0599	2.0543	966.26	2.0588	0.955	1	0.06152	0.03993	0.466	1	1.00191	0.99	0	0
110083	Piedmont Hospital	12060	12060	12060	12060	11470	13121	3	lurban	lurban	N	0.935						1	0.01	0.0135	503	369	0.00545	0.00382	0.1434	0	0.02946	0		0		0	0.231	0.016	0		8325	8227.84	2.3907	2.3781	3571.65	2.2147	8241.19	2.3847	2.3719	3583.85	2.2087	0.955	1	0.13088	0.08375	0.328	1	1.00495	1.00	0	0
110086	Washington County Regional Medical Center	11	11	11	11	11950	13303	3	rural	rural	N	0.7313						1	0	0	56	6	0	0	0.1587	0.00766	0	0.00766	0.000048	1716.63	0.000044	1085.74	0.507	0.028	16	4968.15	184	176.95	1.0792	1.0608			177.25	1.0774	1.0587			0.8071	1	0	0	0.414	1.24348	1.01293	1.00	0	1
110087	Gwinnett Medical Center	12060	12060	12060	12060	11530	13135	3	lurban	lurban	N	0.935						1	0.0765	0.0401	474	384	0.04091	0.01138	0.3206	0.03916	0.06708	0.03916	0.001649	1874.88	0.001415	1289.42	0.265	0.021	0		6821	6729.16	1.8302	1.8195	2945.74	1.7954	6738.07	1.8411	1.8304	2950.84	1.8024	0.955	1	0.03275	0.03645	0.266	1	0.99582	1.00	0	0
110089	Coffee Regional Medical Center	11	11	11	11	11291	13069	3	rural	rural	N	0.7313						1	0	0	86	50	0	0	0.335	0.03	0	0.03	0.000167	1018.6		0	0.243	0.029	16	5499.03	1106	1076.07	1.4769	1.4731			1077.57	1.4849	1.4808			0.8071	1	0.00906	0.02709	0.381	1	1.00325	0.99	0	0
110091	Piedmont Rockdale Hospital	12060	12060	12060	12060	11841	13247	3	lurban	lurban	N	0.935						1	0	0	145	101	0	0	0.382	0.05183	0.08043	0.05183	0.000331	1193.63	0.000394	1082.51	0.201	0.011	0		2145	2111.46	1.5695	1.5599			2113.05	1.5735	1.5632			0.955	1	0.01445	0.00519	0.254	1	0.99736	0.99	0	0
110092	Dodge County Hospital	11	11	11	11	11380	13091	3	rural	rural	N	0.7313						1	0	0	45	15	0	0	0.4893	0.03	0	0.03	0.000056	968.58	0.000057	750.83	0.371	0.036	0		464	456.75	1.3076	1.2897			457.42	1.297	1.2794			0.8071	1	0.00062	0.0025	0.377	1.17076	1.00542	1.00	0	0
110095	Tift Regional Medical Center	11	11	10500	11	11900	13277	3	rural	rural	W	0.8362						1	0	0	181	113	0	0	0.3457	0.04434	0	0.04434	0.000626	1709.41	0.000528	1187.49	0.25	0.025	7		3057	3008.53	1.5737	1.5694			3011.66	1.5703	1.566			0.8847	1	0.04635	0.07915	0.367	1	1.00629	1.00	0	0
110100	Jefferson Hospital	11	11	11	11	11620	13163	3	rural	rural	N	0.7892				YES	0.0579	1	0	0	37	4	0	0	0.1459	0	0	0		0	0.000023	544.08	0.686	0.036	16	3474.74	151	143.45	1.1535	1.1369			143.6	1.1646	1.1476			0.8503	1	0	0	0.63	1.25	1	1.00	0	0
110101	Cook  Medical Center  A Campus Of Tift Reg Med Ctr	11	11	11	11	11311	13075	3	rural	rural	N	0.7313						1	0	0	33	3	0	0	0.2498	0.02456	0	0.02456	0.00008	5994.94	0.000053	2660.14	0.393	0.072	0		87	84.79	0.9109	0.9035			85	0.9055	0.8987			0.8071	1	0	0	0.436	1	1	1.00	0	0
110104	Crisp Regional Hospital	11	11	11	11	11340	13081	3	rural	rural	N	0.7313						1	0	0	65	33	0	0	0.3887	0.03	0	0.03	0.000183	1541.29	0.000159	1115.95	0.317	0.02	16	4883.47	1018	991.3	1.3334	1.323			993.73	1.3334	1.3235			0.8071	1	0.01065	0.0073	0.332	1.06818	1.00402	1.00	0	0
110105	Colquitt Regional Medical Center	11	11	45220	11	11300	13071	3	rural	rural	W	0.7764						1	0.0569	0	100	53	0.0306	0	0.3557	0.0464	0	0.0464	0.000197	983.94	0.000187	777.21	0.31	0.034	17	5733.76	1681	1655.35	1.4249	1.4166	462.19	1.4934	1658.68	1.4261	1.4186	463.57	1.4926	0.8409	1	0.02555	0.05257	0.41	1	1.00109	0.99	0	0
110107	"Medical Center, Navicent Health (The)"	31420	31420	31420	31420	11090	13021	3	ourban	ourban	N	0.8929						1	0.1463	0.188	554	464	0.07676	0.05449	0.3607	0.04743	0.07578	0.04743	0.001426	1498.37	0.001416	1143.72	0.221	0.012	0		7553	7466.6	2.0201	2.0106	3147.69	2.0604	7473.95	2.0343	2.0249	3150.74	2.0715	0.9254	1	0.04655	0.01736	0.31	1	0.99552	1.00	0	0
110109	Emanuel Medical Center	11	11	11	11	11440	13107	3	rural	rural	N	0.7313						1	0	0	45	10	0	0	0.3043	0.03	0	0.03	0.000085	1652.17	0.000069	1041.33	0.267	0.031	16	5367.73	455	437.44	1.1352	1.1264			437.98	1.1555	1.1472			0.8071	1	0	0	0.433	1.21303	1.00272	1.00	0	0
110111	University Hospital Mcduffie	12260	12260	12260	12260	11702	13189	3	ourban	ourban	N	0.869						1	0	0	25	6	0	0	0.1809	0.01127	0	0.01127	0.000106	4263.9		0	0.299	0.061	0		160	154.78	1.299	1.2819			154.89	1.3007	1.2826			0.9083	1	0	0	0.431	1.23947	1	0.99	0	0
110113	Burke Medical Center	12260	12260	12260	12260	11150	13033	3	ourban	ourban	N	0.869						1	0	0	40	3	0	0	0.194	0.0134	0	0.0134	0.000022	1405.11	0.000021	1018.45	0.694	0.106	0		103	102.1	0.9477	0.9478			102.15	0.9431	0.9433			0.9083	1	0.0198	0.07139	0.456	1.25	1	0.98	0	0
110115	Wellstar Atlanta Medical Center	12060	12060	12060	12060	11470	13121	3	lurban	lurban	N	0.935						1	0.1547	0.2807	466	279	0.08098	0.08244	0.4546	0.0668	0.09643	0.0668	0.001279	3256	0.000966	1882.02	0.152	0.01	0		2785	2744.98	1.8365	1.81	2014.36	1.8139	2748.02	1.8561	1.8315	2015.98	1.8291	0.955	1	0.13267	0.10058	0.219	1	0.99591	0.99	0	0
110121	Grady General Hospital	11	11	10500	11	11510	13131	3	rural	rural	W	0.8362						1	0	0	46	12	0	0	0.4216	0.03	0	0.03	0.000072	1843.51	0.000058	1231.34	0.383	0.033	0		347	341.4	1.1972	1.192			341.89	1.1926	1.1873			0.8847	1	0.01895	0.02471	0.326	1.20818	1.01948	1.00	0	0
110122	South Georgia Medical Center	46660	46660	45220	46660	11700	13185	3	ourban	ourban	W	0.7764						1	0	0	297	165	0	0	0.336	0.04234	0.07041	0.04234	0.000758	1432.95	0.000568	848.44	0.302	0.027	7		4148	4091.98	1.8352	1.8257			4096.38	1.8365	1.8268			0.8409	1	0.06342	0.08686	0.367	1	1.00026	0.99	0	0
110124	Wayne Memorial Hospital	11	11	11	11	11960	13305	3	rural	rural	N	0.7313						1	0	0	115	27	0	0	0.3695	0.03	0	0.04925		0		0	0.302	0.048	16	6799.76	997	977.17	1.2498	1.2345			979.01	1.2423	1.2279			0.8071	1	0.01956	0.07207	0.359	1.08462	0.99769	0.99	0	0
110125	Fairview Park Hospital	11	11	31420	11	11660	13175	3	rural	rural	W	0.8612						1	0	0	148	65	0	0	0.3582	0.04692	0	0.04692	0.000228	911.05	0.000228	717.73	0.115	0.009	7		2061	2021.64	1.5539	1.5431			2025.91	1.5283	1.5182			0.9027	1	0.00339	0.00428	0.348	1	1.0047	1.00	0	0
110128	Meadows Regional Medical Center	11	11	42340	11	11901	13279	3	rural	rural	W	0.792						1	0	0	65	42	0	0	0.3965	0.03	0	0.03	0.00026	1608.95	0.000217	1032.85	0.219	0.045	16	5264.41	1199	1170.76	1.4708	1.4513			1172.4	1.4726	1.4524			0.8524	1	0.0062	0.04895	0.342	1	1.00244	0.99	0	0
110129	St Francis Hospital	17980	17980	17980	17980	11780	13215	3	ourban	ourban	N	0.7932						1	0	0	312	208	0	0	0.2645	0.02759	0.05502	0.02759	0.000474	705.94	0.000417	486.23	0.405	0.059	0		5264	5183.74	1.7184	1.7042			5189.91	1.7241	1.7101			0.8533	1	0.0771	0.22887	0.405	1	0.99313	1.00	0	0
110130	Irwin County Hospital	11	11	11	11	11601	13155	3	rural	rural	N	0.7313						1	0	0	34	7	0	0	0.6883	0.03	0	0.03	0.000075	6817.43	0.000071	4233.93	0.338	0.03	0		58	57.03	1.0606	1.0532			57.01	1.0399	1.0309			0.8071	1	0	0	0.114	1	1	1.00	0	1
110132	Memorial Hospital And Manor	11	11	11	11	11360	13087	3	rural	rural	N	0.7313						1	0	0	80	17	0	0	0.3981	0.03	0	0.03	0.000129	2009.77	0.000101	1193.7	0.344	0.027	0		458	449.76	1.087	1.0799			450.33	1.0853	1.0784			0.8071	1	0.00806	0.01055	0.316	1.14765	1.019	1.00	0	0
110135	Taylor Regional Hospital	47580	47580	47580	47580	11831	13235	3	ourban	ourban	N	0.7601						1	0	0	55	10	0	0	0.303	0.03	0	0.03	0.000044	830.65	0.000045	702.93	0.39	0.018	0		412	399.88	1.3782	1.3683			400.39	1.3825	1.3726			0.8287	1	0.00251	0	0.383	1.19348	1.00325	1.00	0	0
110142	Evans Memorial Hospital	11	11	11	11	11441	13109	3	rural	rural	N	0.7539				YES	0.0226	1	0	0	49	5	0	0	0.1944	0.01347	0	0.01347	0.000023	710.54		0	0.259	0.052	0		283	263.06	1.1729	1.1495			264.05	1.1684	1.1456			0.8241	1	0	0	0.42	1.24447	1.01235	1.00	0	1
110143	Wellstar Cobb Hospital	12060	12060	12060	12060	11290	13067	3	lurban	lurban	N	0.935						1	0	0	350	219	0	0	0.3912	0.05372	0.08244	0.05372	0.001157	2040.96	0.001097	1525.98	0.219	0.018	0		4334	4282.16	1.7313	1.7241			4287.62	1.7352	1.7287			0.955	1	0.07106	0.0728	0.268	1	0.99555	1.00	0	0
110146	Southeast Georgia Health System- Camden Campus	11	11	27260	11	11170	13039	3	rural	rural	W	0.9044						1	0	0	40	17	0	0	0.2794	0.03	0	0.03		0		0	0.448	0.065	16	9307.31	448	430.85	1.3269	1.3133			431.71	1.3176	1.3033			0.9335	1	0.00823	0.02722	0.245	1.08583	1.00272	1.00	0	0
110150	Navicent Health Baldwin	11	11	12060	11	11030	13009	3	rural	rural	W	0.9208						1	0	0	103	37	0	0	0.2981	0.03452	0	0.03452	0.000161	1513.58	0.000153	1092.26	0.343	0.034	7		777	750.37	1.3862	1.3659			751.7	1.3901	1.3699			0.9451	1	0.00186	0.0045	0.378	1	1.00816	1.00	0	0
110153	Perry Hospital	47580	47580	31420	47580	11600	13153	3	ourban	ourban	W	0.8612						1	0	0	39	21	0	0	0.1084	0	0	0		0	0.000064	613.9	0.479	0.032	0		598	591.61	1.2333	1.2316			592.09	1.2311	1.2294			0.9027	1	0.00686	0.00299	0.549	1	1.00946	0.99	0	0
110161	Northside Hospital	12060	12060	12060	12060	11470	13121	3	lurban	lurban	N	0.935						1	0	0	521	373	0	0	0.3334	0.0418	0.06984	0.0418	0.001371	3095	0.001431	2897.55	0.214	0.019	0		3934	3894.91	1.7664	1.7596			3901.42	1.7635	1.757			0.955	1	0.23165	0.26867	0.098	1	0.99743	0.99	0	0
110164	Coliseum Medical Centers	31420	31420	31420	31420	11090	13021	3	ourban	ourban	N	0.8929						1	0	0	205	127	0	0	0.2988	0.03467	0.06238	0.03467	0.00038	881.33	0.000287	546.9	0.144	0.01	0		3671	3608.63	1.8631	1.843			3611.84	1.8804	1.8588			0.9254	1	0.02181	0.0169	0.369	1	0.9973	1.00	0	0
110165	Southern Regional Medical Center	12060	12060	12060	12060	11280	13063	3	lurban	lurban	N	0.935						1	0	0	244	108	0	0	0.4925	0.07462	0.10487	0.07462	0.000692	2499.14	0.000796	2202.16	0.244	0.021	0		2355	2298.73	1.7017	1.6882			2302.83	1.7038	1.6904			0.955	1	0.02974	0.0336	0.205	1	0.99786	1.00	0	0
110168	Redmond Regional Medical Center	40660	40660	12060	40660	11460	13115	3	ourban	ourban	W	0.9208						1	0.1313	0	179	114	0.06916	0	0.1679	0.00916	0.03458	0.00916	0.00029	491.8		0	0.133	0.01	7		5166	5079.36	1.8393	1.8325	1338.53	1.9857	5085.51	1.8386	1.8309	1341.31	1.9994	0.9451	1	0.00413	0.00396	0.49	1	1.00167	0.99	0	0
110177	Doctors Hospital	12260	12260	12260	12260	11840	13245	3	ourban	ourban	N	0.869						1	0	0	258	155	0	0	0.3429	0.04376	0.0719	0.04376	0.000531	1181.96	0.000435	810.4	0.105	0.009	0		3719	3659.57	1.9242	1.9188			3664.42	1.9456	1.9401			0.9083	1	0.15822	0.18119	0.287	1	0.99744	0.98	0	0
110184	Wellstar Douglas Hospital	12060	12060	12060	12060	11400	13097	3	lurban	lurban	N	0.935						1	0	0	102	66	0	0	0.2499	0.02458	0.05191	0.02458	0.000368	1376.1	0.000291	897.72	0.215	0.021	0		2205	2156.98	1.4886	1.4723			2162.79	1.4852	1.4692			0.955	1	0.02569	0.0367	0.347	1	1.0058	1.00	0	0
110187	Chestatee Regional Hospital	11	11	12060	12060	11701	13187	3	rural	lurban	L	0.9208	LUGAR					1	0	0	38	5	0	0	0.2815	0.03	0	0.03	0.00004	1101.82	0.000033	659.97	0.312	0.021	0		291	277.38	1.2909	1.2875			278.99	1.2962	1.2953			0.9451	1	0.00021	0	0.423	1.24712	1	0.97	0	1
110189	Fannin Regional Hospital	11	11	12060	11	11450	13111	3	rural	rural	W	0.9208						1	0	0	50	10	0	0	0.3516	0.04556	0	0.03	0.000084	1315.06	0.000043	584.66	0.157	0.012	14	4367.78	560	536.89	1.218	1.2033			539	1.2084	1.1945			0.9451	1	0.00653	0.0061	0.393	1.19045	1.00672	1.00	0	0
110190	Flint River Community Hospital	11	11	11	11	11710	13193	3	rural	rural	N	0.7313						1	0	0	22	1	0	0	0.2829	0.03	0	0.03	0.000011	13323.52	0.000013	9428.85	0.579	0.024	0		2	2	0.9816	0.9816			2	1.0085	1.0085			0.8071	1	0	0	0.138	1.25	1	1.00	0	0
110191	Piedmont Henry Hospital	12060	12060	12060	12060	11591	13151	3	lurban	lurban	N	0.935						1	0	0	188	146	0	0	0.2834	0.03149	0.05907	0.03149	0.000648	1404.31	0.000499	930.48	0.229	0.017	0		4046	3983.3	1.6337	1.6254			3990.25	1.6297	1.6212			0.955	1	0.02932	0.02345	0.292	1	0.99078	0.97	0	0
110192	Eastside Medical Center	12060	12060	12060	12060	11530	13135	3	lurban	lurban	N	0.935						1	0	0	200	126	0	0	0.2731	0.02936	0.05686	0.02936	0.000428	1201.41	0.000267	612.37	0.13	0.015	0		2858	2803.39	1.5301	1.5238			2807.9	1.5299	1.5236			0.955	1	0.03849	0.06583	0.344	1	0.9962	0.98	0	0
110194	Donalsonville Hospital Inc	11	11	11	11	11851	13253	3	rural	rural	N	0.7313						1	0	0	65	9	0	0	0.4187	0.03	0	0.03	0.000092	2514.74	0.000085	1672.3	0.391	0.016	0		257	255.73	0.91	0.9091			255.81	0.9021	0.9011			0.8071	1	0	0	0.29	1.21015	1.00913	1.00	0	1
110198	Wellstar North Fulton Hospital	12060	12060	12060	12060	11470	13121	3	lurban	lurban	N	0.935						1	0	0	169	75	0	0	0.1775	0.01072	0.0366	0.01072	0.000316	1316.29	0.000212	702.63	0.175	0.018	0		1908	1880.82	1.5506	1.5442			1883.05	1.5542	1.5473			0.955	1	0.16947	0.25	0.297	1	0.99103	0.98	0	0
110200	Piedmont Columbus Regional Northside	17980	17980	17980	17980	11780	13215	3	ourban	ourban	N	0.7932						1	0	0	71	14	0	0	0.03593	0	0	0		0		0	0.268	0.02	0		765	760.37	2.8911	2.8909			761.3	2.8577	2.8572			0.8533	1	0.03302	0.02552	0.418	1	1.01113	0.97	0	0
110201	Coliseum Northside Hospital	31420	31420	31420	31420	11090	13021	3	ourban	ourban	N	0.8929						1	0	0	63	27	0	0	0.1402	0	0	0	0.000101	791.93	0.000038	253.53	0.19	0.015	0		1104	1077.47	1.7939	1.7917			1079.32	1.7931	1.7907			0.9254	1	0.00487	0.0044	0.432	1	0.99902	1.00	0	0
110209	Turning Point Hospital	11	11	11	11	11300	13071	3	rural	rural	N	0.7313						1	0	0	33	28	0	0	0.2337	0.02124	0	0.02124	0.000042	131.99	0.000043	116.96	0.213	0.006	0		2723	2709.35	1.2941	1.295			2709.59	1.3917	1.3926			0.8071	1	0	0	0.952	1	1	1.00	1	1
110215	Piedmont Fayette Hospital	12060	12060	12060	12060	11451	13113	3	lurban	lurban	N	0.935						1	0	0	189	145	0	0	0.2761	0.02998	0.0575	0.02998	0.000514	939.32	0.000364	568.4	0.207	0.012	0		4761	4670.78	1.6674	1.6562			4677.97	1.6611	1.6494			0.955	1	0.02145	0.00763	0.323	1	0.99759	0.99	0	0
110225	Piedmont Mountainside Hospital Inc	12060	12060	12060	12060	11812	13227	3	lurban	lurban	N	0.935						1	0	0	52	31	0	0	0.2875	0.03	0	0.03	0.000176	1145.63	0.000105	570.26	0.205	0.014	0		1375	1337.98	1.4043	1.3924			1342.34	1.3958	1.3853			0.955	1	0.00093	0.00068	0.447	1.06197	1.00542	1.00	0	0
110226	Dekalb Medical Center At Hillandale	12060	12060	12060	12060	11370	13089	3	lurban	lurban	N	0.935						1	0	0	90	49	0	0	0.2968	0.03	0	0.03	0.000284	2164.79	0.000236	1434.21	0.297	0.046	0		1096	1080.5	1.4486	1.4306			1081.15	1.4558	1.4368			0.955	1	0.02317	0.06414	0.263	1	1.00027	0.99	0	0
110229	"Piedmont Newnan Hospital, Inc"	12060	12060	12060	12060	11320	13077	3	lurban	lurban	N	0.935						1	0	0	136	85	0	0	0.2827	0.03134	0.05892	0.03134	0.000395	1116.38	0.000285	711.7	0.192	0.021	0		3259	3181.06	1.6477	1.6277			3190.22	1.6331	1.6133			0.955	1	0.01443	0.02619	0.331	1	1.00145	1.00	0	0
110230	Emory Johns Creek Hospital	12060	12060	12060	12060	11470	13121	3	lurban	lurban	N	0.935						1	0	0	118	75	0	0	0.1339	0	0.02749	0		0		0	0.299	0.03	0		1912	1867.53	1.6917	1.6897			1874.48	1.6981	1.6972			0.955	1	0.03284	0.0486	0.306	1	1.0092	0.99	0	0
110233	Southeastern Regional Medical Center	12060	12060	12060	12060	11320	13077	3	lurban	lurban	N	0.935						1	0	0	50	35	0	0	0.02024	0	0	0		0		0	0.387	0.033	0		301	293.28	1.8507	1.8173			293.2	1.8687	1.8365			0.955	1	0.63266	0.6432	0.143	1	0.99974	1.00	0	0
110234	Sgmc Berrien Campus	11	11	11	11	11080	13019	3	rural	rural	N	0.7313						1	0	0	51	5	0	0	0.3812	0.03	0	0.03	0.000027	3235.42	0.000003	200.04	0.612	0.045	0		67	66.26	0.975	0.9693			66.31	0.9811	0.9762			0.8071	1	0.01209	0.02777	0.178	1	1	1.00	0	0
110236	Chi Memorial Hospital- Georgia	16860	16860	16860	16860	11200	13047	3	ourban	ourban	N	0.8519						1	0		19	3	0	0.52699	0.2241	0.01926	0	0.01926		0		0	0.555	0.058	0		165	161.42	1.0542	1.0491			161.95	1.0584	1.0542			0.896	1	0.06063	0.0727	0.284	1	1	1.00	0	0
120001	The Queens Medical Center	46520	46520	12	46520	12020	15003	9	ourban	ourban	W	1.2595						1.25	0.1419	0.2095	561	515	0.07454	0.0609	0.3463	0.04446	0.07264	0.04446	0.0008	1040.88	0.001084	1230.28	0.344	0.015	0		6472	6425	2.0636	2.06	4854.38	1.9108	6430.84	2.071	2.0673	4858.12	1.9158	1.1712	1.0788	0.1142	0.0284	0.232	1	0.99899	1.00	0	0
120002	Maui Memorial Medical Center	27980	27980	12	27980	12050	15009	9	ourban	ourban	W	1.2595						1.25	0.0008	0.001	219	149	0.00044	0.00028	0.2982	0.03454	0.06225	0.03454		0		0	0.471	0.045	16	13617.85	1537	1520.42	1.6257	1.6246	1126.79	1.4662	1521.51	1.6438	1.6425	1127.49	1.4903	1.1712	1.0788	0.20992	0.25324	0.183	1	1.00863	1.00	0	0
120004	Wahiawa General Hospital	46520	46520	46520	46520	12020	15003	9	ourban	ourban	N	1.2595						1.25	0.1957	0.5058	43	21	0.10135	0.15343	0.27	0.02873	0	0.02873	0.000043	734.48	0.000068	820.67	0.427	0.016	0		414	407.29	1.3302	1.3252	302.9	1.4415	407.56	1.3345	1.3289	303.16	1.4447	1.1712	1.0788	0.09228	0.0298	0.306	1	1.01534	0.99	0	0
120005	Hilo Medical Center	12	12	12	12	12010	15001	9	rural	rural	N	1.2595						1.21	0.0479	0	142	90	0.02583	0	0.392	0.03	0	0.05389		0		0	0.478	0.021	16	10489.59	1892	1879.26	1.4998	1.4949	675.15	1.3472	1880.44	1.5083	1.503	675.26	1.3663	1.1712	1.06619	0.0839	0.02921	0.271	1	1.00522	1.00	0	0
120006	Adventist Health Castle	46520	46520	46520	46520	12020	15003	9	ourban	ourban	N	1.2595						1.25	0	0	160	93	0	0	0.3611	0.04751	0.07586	0.04751	0.000143	773.8	0.000227	967.32	0.294	0.017	0		1483	1467.29	1.7982	1.7907			1469.29	1.8061	1.7989			1.1712	1.0788	0.05	0.021	0.222	1	1.01534	1.00	0	0
120007	Kuakini Medical Center	46520	46520	46520	46520	12020	15003	9	ourban	ourban	N	1.2595						1.25	0.1142	0.2317	160	74	0.06044	0.06757	0.1586	0.00765	0.03264	0.00765	0.000096	567.67	0.000133	602.8	0.413	0.029	0		1281	1264.99	2.0445	2.032	1066.14	2.0331	1266.29	2.0609	2.0483	1066.61	2.0578	1.1712	1.0788	0.12305	0.09087	0.357	1	0.99074	1.00	0	0
120011	Kaiser Foundation Hospital	46520	46520	46520	46520	12020	15003	9	ourban	ourban	N	1.2595						1.25	0.02	0.0342	286	172	0.01087	0.0097	0.1617	0.00815	0.03329	0.00815	0	0		0	0.353	0.025	0		569	563.93	1.74	1.7361	3770.92	1.774	564.46	1.7539	1.7504	3774	1.7834	1.1712	1.0788	0.04996	0.03302	0.045	1	1.01706	1.00	0	0
120014	Wilcox Memorial Hospital	12	12	46520	12	12040	15007	9	rural	rural	W	1.2595						1.25	0	0	72	43	0	0	0.2824	0.03	0	0.03		0		0	0.349	0.019	16	9865.52	866	854.24	1.5997	1.5959			855.32	1.615	1.6114			1.1712	1.0788	0.04843	0.0201	0.253	1.00447	1.01421	1.00	0	0
120019	Kona Community Hospital	12	12	12	12	12010	15001	9	rural	rural	N	1.2595						1.21	0	0	65	37	0	0	0.3656	0.03	0	0.03		0		0	0.482	0.045	16	12420.19	679	673.16	1.4112	1.4078			673.45	1.3991	1.3959			1.1712	1.06619	0.02656	0.03401	0.218	1.04811	1.00325	1.00	0	0
120022	Straub Clinic And Hospital	46520	46520	46520	46520	12020	15003	9	ourban	ourban	N	1.2595						1.25	0.0568	0.0717	159	113	0.03055	0.02044	0.2648	0.02765	0.05509	0.02765	0.000161	636.83	0.000203	669.44	0.31	0.016	0		2124	2107.37	2.1239	2.1233	1231	2.0982	2109.21	2.1428	2.1422	1231.75	2.1041	1.1712	1.0788	0.12911	0.05725	0.29	1	1.01139	1.00	0	0
120026	Pali Momi Medical Center	46520	46520	46520	46520	12020	15003	9	ourban	ourban	N	1.2595						1.25	0.0244	0	127	94	0.01325	0	0.2308	0.02064	0.04785	0.02064	0.000133	572.4	0.000217	739.41	0.325	0.019	0		1945	1921.12	1.8294	1.8217	1144.86	1.7368	1922.88	1.8381	1.8294	1146.42	1.7428	1.1712	1.0788	0.06929	0.03209	0.32	1	1.00869	1.00	0	0
120028	North Hawaii Community Hospital	12	12	12	12	12010	15001	9	rural	rural	N	1.2595						1.21	0	0	33	15	0	0	0.2996	0.03	0	0.03		0		0	0.474	0.033	16	8716.09	423	414.21	1.4663	1.4472			414.72	1.4633	1.4428			1.1712	1.06619	0.02969	0.01842	0.217	1.13121	1	1.00	1	0
130002	St Luke'S Magic Valley Rmc	46300	46300	46300	46300	13410	16083	8	ourban	ourban	N	0.882						1	0	0	158	92	0	0	0.2706	0.02885	0.05633	0.02885	0.000453	1106.63		0	0.402	0.032	17	6105.85	3480	3401.08	1.6511	1.6338			3407.62	1.6585	1.6412			0.9176	1	0.08055	0.07594	0.375	1	1.00656	1.00	0	0
130003	St Joseph Regional Medical Center	30300	30300	50	13	13340	16069	8	ourban	rural	S	1.0292		YES	YES			1	0	0	94	45	0	0	0.2183	0.01806	0	0.01806		0		0	0.374	0.017	17	7477.37	2132	2112.47	1.7809	1.7766			2114.58	1.7768	1.7731			1.0199	1	0.0508	0.01163	0.472	1	0.99647	1.00	0	0
130006	St Luke'S Regional Medical Center	14260	14260	14260	14260	13000	16001	8	ourban	ourban	N	0.9657						1	0.0136	0.0296	558	315	0.00741	0.00839	0.3126	0.03751	0.06535	0.03751	0.00158	1884.37	0.001123	1161.25	0.324	0.038	0		7217	7124.21	1.8306	1.8218	4578.52	1.7825	7132.63	1.8316	1.8233	4584.4	1.7844	0.9764	1	0.06078	0.11824	0.234	1	1.00742	1.00	0	0
130007	Saint Alphonsus Regional Medical Center	14260	14260	14260	14260	13000	16001	8	ourban	ourban	N	0.9657						1	0.0291	0.0734	348	205	0.01577	0.02093	0.2932	0.03351	0.06117	0.03351	0.000576	1073.16	0.000393	632.72	0.285	0.025	0		4670	4620.99	1.9784	1.9597	2577.64	1.899	4626.79	1.9777	1.9612	2580.63	1.8956	0.9764	1	0.05531	0.06317	0.263	1	1.00332	1.00	0	0
130013	Saint Alphonsus Medical Center - Nampa	14260	14260	38	13	13130	16027	8	ourban	rural	S	1.0634		YES	YES			1	0	0	151	49	0	0	0.3191	0.03885	0	0.03885	0.000254	1502.2	0.000176	909.59	0.339	0.027	7		1508	1478.51	1.633	1.6137			1480.07	1.6332	1.6116			1.043	1	0.01097	0.01205	0.291	1	1.01471	0.99	0	0
130014	West Valley Medical Center	14260	14260	14260	14260	13130	16027	8	ourban	ourban	N	0.9657						1	0.034	0.0569	99	44	0.0184	0.01619	0.4054	0.03	0	0.03	0.000173	1236.22	0.000115	650.16	0.193	0.018	0		1086	1055.14	1.762	1.7442	552.44	1.7875	1058.03	1.7601	1.7428	554.29	1.7681	0.9764	1	0.0313	0.0415	0.268	1	1.00552	0.98	0	0
130018	Eastern Idaho Regional Medical Center	26820	26820	38540	26820	13090	16019	8	ourban	ourban	W	0.8791						1	0	0	242	127	0	0	0.3797	0.05135	0.07992	0.05135	0.000384	909.39	0.000312	617.13	0.173	0.017	7		3448	3368.12	1.988	1.9715			3375.16	2.003	1.9871			0.9155	1	0.03876	0.05464	0.323	1	0.99874	1.00	0	0
130025	Madison Memorial Hospital	13	13	13	13	13320	16065	8	rural	rural	N	0.8019				YES	0.0207	1	0	0	69	20	0	0	0.4827	0.03	0	0.03	0.000078	1302.01	0.000095	1396.47	0.528	0.082	0		517	507.96	1.4652	1.4622			508.71	1.4553	1.4522			0.8597	1	0.05025	0.1572	0.171	1.07932	0.99695	1.00	0	0
130028	Portneuf Medical Center	38540	38540	38540	38540	13020	16005	8	ourban	ourban	N	0.8791						1	0.1068	0.2744	135	78	0.05664	0.08051	0.2521	0.02503	0.05238	0.02503		0		0	0.246	0.036	16	8080.67	2653	2576.36	1.8977	1.8839	567	1.8385	2584.92	1.9001	1.8864	569.49	1.8329	0.9155	1	0.09137	0.24313	0.336	1	1.00369	1.00	0	0
130049	Kootenai Health	17660	17660	17660	17660	13270	16055	8	ourban	ourban	N	0.9726				YES	0.0354	1	0.0447	0.0169	251	172	0.02412	0.00478	0.2886	0.03256	0.06018	0.03256	0.000379	626.56	0.000401	571.53	0.342	0.025	7		5253	5122.51	1.8635	1.8482	1292.72	1.7146	5138.2	1.8762	1.8607	1297.2	1.7292	0.9812	1	0.03662	0.0273	0.357	1	1.00141	1.00	0	0
130063	Treasure Valley Hospital	14260	14260	14260	14260	13000	16001	8	ourban	ourban	N	0.9657						1	0	0	10	2	0	0	0.01873	0	0	0		0		0	0.309	0.029	0		121	120.67	2.9322	2.9346			120.82	2.9023	2.9037			0.9764	1	0	0	0.093	1	1	1.00	0	1
130065	Mountain View Hospital	26820	26820	26820	26820	13090	16019	8	ourban	ourban	N	0.8713						1	0	0	41	15	0	0	0.3627	0.03	0	0.03	0.000038	630.23	0.000052	801.79	0.307	0.026	0		584	581.96	2.2421	2.2412			582.05	2.1904	2.1893			0.91	1	0.00612	0.00853	0.145	1	1.00398	1.00	0	0
130066	Northwest Specialty Hospital	17660	17660	17660	17660	13270	16055	8	ourban	ourban	N	0.9726				YES	0.0354	1	0	0	34	6	0	0	0.0314	0	0	0		0		0	0.354	0.049	0		343	337.14	2.418	2.4172			338.27	2.3791	2.3763			0.9812	1	0.0102	0.03586	0.335	1	1	0.97	0	0
130067	Idaho Doctors Hospital	13	13	13	13	13050	16011	8	rural	rural	N	0.7812						1	0	0	8	1	0	0	0	0	0	0		0		0	0.528	0.09	0		7	6.81	2.036	2.0125			6.79	2.0608	2.0293			0.8444	1	0	0	0.044	1.25	1	1.00	0	1
140001	Graham Hospital Association	14	14	14	14	14370	17057	4	rural	rural	N	0.8636				YES	0.015	1	0	0	43	20	0	0	0.2411	0.02276	0	0.02276		0		0	0.315	0.024	16	6226.91	983	959.64	1.3295	1.3241			961.86	1.3283	1.325			0.9045	1	0.00429	0.00346	0.457	1.12348	0.99834	0.99	0	0
140002	Alton Memorial Hospital	41180	41180	41180	41180	14680	17119	4	lurban	lurban	N	0.9107						1	0	0	132	66	0	0	0.2521	0.02503	0.05238	0.02503	0.00012	360.09	0.000121	293.05	0.27	0.028	0		2670	2591	1.5007	1.4857			2601.41	1.4992	1.4858			0.938	1	0.01232	0.0194	0.458	1	0.99974	0.98	0	0
140007	Presence Saint Joseph Medical Center	16974	16974	16974	16974	14989	17197	4	lurban	lurban	N	1.0413						1	0.0048	0	432	247	0.00262	0	0.2458	0.02373	0.05103	0.02373	0.000534	502.41	0.00048	350.5	0.173	0.013	0		8220	8081.13	1.6206	1.6029	1596.08	1.5839	8097.73	1.6191	1.6017	1599.35	1.5748	1.0281	1	0.02147	0.01485	0.486	1	0.99558	0.98	0	0
140008	Loyola Gottlieb Memorial Hospital	16974	16974	29404	14	14141	17031	4	ourban	rural	S	1.0427		YES	YES			1	0.0096	0.0248	178	69	0.00523	0.00702	0.2044	0.0152	0	0.0152	0.00018	575.26	0.00016	402.6	0.216	0.024	7		2463	2434.58	1.6347	1.6179	734.13	1.5499	2436.01	1.6368	1.6196	734.14	1.5437	1.029	1	0.00462	0.01038	0.434	1	0.9997	1.00	0	0
140010	Evanston Hospital	16974	16974	29404	16974	14141	17031	4	lurban	lurban	W	1.0427						1	0.2812	0.4064	675	423	0.14251	0.12152	0.1675	0.00909	0.0345	0.00909	0.001026	530.98	0.000925	391.29	0.245	0.022	0		16530	16282.7	1.6688	1.6595	2214.21	1.743	16305.5	1.6699	1.6605	2217.31	1.7363	1.029	1	0.02447	0.03004	0.428	1	1.00444	1.00	0	0
140011	Herrin Hospital	16060	16060	14	14	14990	17199	4	ourban	rural	S	0.8486		YES				1	0	0	85	56	0	0	0.2131	0.01699	0	0.01699	0.000126	313.12	0.000104	218.96	0.295	0.021	14	6122.67	3339	3270.6	1.4493	1.4373			3276.59	1.4519	1.44			0.8937	1	0.02095	0.01562	0.604	1	1.00229	0.98	0	0
140012	Katherine Shaw Bethea Hospital	14	14	20994	14	14600	17103	4	rural	rural	W	1.0425						1	0.1061	0.2097	66	22	0.05628	0.06096	0.293	0.03	0	0.03	0.000158	1118.17	0.0001	571.03	0.191	0.016	0		1197	1163.43	1.4184	1.4082	31.96	1.4728	1165.51	1.4199	1.4104	32.05	1.4695	1.0289	1	0.0036	0.00407	0.474	1	1.00751	1.00	0	0
140013	Proctor Hospital	37900	37900	37900	37900	14800	17143	4	ourban	ourban	N	0.9037						1	0	0	161	41	0	0	0.0716	0	0.0146	0		0		0	0.203	0.014	0		1579	1529.02	1.5631	1.5506			1535.73	1.548	1.5352			0.933	1	0.00807	0.00458	0.538	1	0.99627	0.98	0	0
140015	Blessing Hospital	14	14	41180	14	14000	17001	4	rural	rural	W	0.9107						1	0.0627	0.1635	203	109	0.03366	0.04722	0.2129	0.01695	0	0.01695		0		0	0.206	0.021	17	6432.91	5972	5832.4	1.6318	1.6168	576.47	1.6228	5841.33	1.643	1.627	577.17	1.6252	0.938	1	0.02429	0.03701	0.562	1	1.00043	0.99	0	0
140018	Mt Sinai Hospital Medical Center	16974	16974	29404	16974	14141	17031	4	lurban	lurban	W	1.0427						1	0.482	0.7382	263	152	0.23317	0.23161	0.8807	0.15468	0.19523	0.15468	0.000774	3713.71	0.000986	3568.31	0.222	0.013	0		1532	1508.03	1.7832	1.762	542.35	1.6637	1508.93	1.7956	1.775	542.45	1.678	1.029	1	0.06073	0.02845	0.153	1	0.99374	1.00	0	0
140019	Hshs Good Shepherd Hospital Inc	14	14	14	14	14950	17173	4	rural	rural	N	0.8486						1	0	0	30	4	0	0	0.3466	0.03	0	0.03		0		0	0.465	0.049	16	6128.33	230	222.27	1.0215	1.0164			222.77	0.9938	0.9885			0.8937	1	0.00033	0.00127	0.471	1.24962	1	0.99	0	0
140029	Copley Memorial Hospital	20994	20994	20994	20994	14530	17089	4	ourban	ourban	N	1.0604				YES	0.0179	1	0.0743	0.1057	192	98	0.03976	0.03028	0.3209	0.03922	0.06714	0.03922	0.000364	918.81	0.00034	696.9	0.179	0.005	0		3312	3226.87	1.6261	1.6071	367.39	1.6427	3236.99	1.6284	1.6094	369.04	1.6332	1.041	1	0.0148	0.00055	0.272	1	0.99871	1.00	0	0
140030	Sherman Hospital	20994	20994	20994	20994	14530	17089	4	ourban	ourban	N	1.0604				YES	0.0179	1	0	0	255	147	0	0	0.2299	0.02045	0.04766	0.02045	0.000401	634.85	0.000344	437.08	0.191	0.018	0		5062	4983.32	1.6738	1.6611			4992.01	1.6705	1.6578			1.041	1	0.01956	0.02565	0.392	1	1.005	0.99	0	0
140032	St Anthonys Memorial Hospital	14	14	41180	14	14330	17049	4	rural	rural	W	0.9107						1	0	0	133	44	0	0	0.1936	0.01334	0	0.01334	0.000149	469.52	0.000097	248.35	0.384	0.034	7		2438	2377.57	1.4796	1.4722			2382.67	1.4729	1.4643			0.938	1	0.01825	0.02173	0.554	1	1.00292	1.00	0	0
140034	Ssm Health St Mary'S Hospital -Centralia	14	14	41180	14	14690	17121	4	rural	rural	W	0.9107						1	0	0	96	44	0	0	0.2644	0.02757	0	0.02757	0.000097	326.5	0.000122	336.75	0.381	0.023	15	6280.14	2583	2527.59	1.2997	1.2861			2532.4	1.3078	1.296			0.938	1	0.01451	0.0072	0.61	1	1.01411	0.98	0	0
140040	Galesburg Cottage Hospital	14	14	19340	14	14560	17095	4	rural	rural	W	0.9194						1	0	0	96	22	0	0	0.2919	0.03324	0	0.03	0.000042	371.67	0.000052	339.98	0.157	0.017	15	6124.53	825	803.49	1.4146	1.4066			804.95	1.4171	1.4093			0.9441	1	0.00923	0.01838	0.484	1	0.99598	0.99	0	0
140043	Cgh Medical Center	14	14	19340	14	14988	17195	4	rural	rural	W	0.9194						1	0	0	97	39	0	0	0.2368	0.02188	0	0.02188	0.000109	418.71	0.000094	286.99	0.288	0.022	15	6352.91	2100	2058.56	1.4777	1.4709			2061.82	1.4829	1.476			0.9441	1	0.02648	0.02368	0.538	1	1.00147	1.00	0	0
140046	Good Samaritan Regional Hlth Center	14	14	41180	14	14490	17081	4	rural	rural	W	0.9107						1	0	0	115	80	0	0	0.2973	0.03436	0	0.03436	0.000143	319.56	0.000146	285.11	0.318	0.038	7		3934	3874.48	1.612	1.6022			3880.47	1.6106	1.6018			0.938	1	0.04141	0.09129	0.535	1	0.99904	0.98	0	0
140048	Advocate Trinity Hospital	16974	16974	29404	16974	14141	17031	4	lurban	lurban	W	1.0427						1	0	0	191	101	0	0	0.4504	0.06593	0.09549	0.06593	0.000284	992.62	0.000357	885.48	0.261	0.022	0		2070	2017.54	1.6223	1.597			2021.95	1.6207	1.5956			1.029	1	0.00889	0.00968	0.304	1	1.00471	1.00	0	0
140049	West Suburban Medical Center	16974	16974	29404	16974	14141	17031	4	lurban	lurban	W	1.0427						1	0.4262	0.6861	135	72	0.20875	0.21363	0.5373	0.08386	0.11494	0.08386	0.000242	1081.62	0.00029	1021.38	0.163	0.014	0		1751	1718.36	1.6098	1.5744	604.36	1.5748	1720.58	1.6157	1.5807	605.01	1.5814	1.029	1	0.00363	0.00387	0.278	1	1.00349	1.00	0	0
140052	Osf Saint Anthony'S Health Center	41180	41180	41180	41180	14680	17119	4	lurban	lurban	N	0.9107						1	0	0	83	27	0	0	0.294	0.03	0	0.03	0.000115	794.65	0.000071	392.82	0.244	0.023	0		1163	1115.04	1.5779	1.5619			1116.7	1.5839	1.5655			0.938	1	0.00399	0.00656	0.436	1	1.00092	0.99	0	0
140053	St Johns Hospital	44100	44100	44100	44100	14920	17167	4	ourban	ourban	N	0.9016						1	0.1702	0.2462	358	236	0.08873	0.07195	0.3755	0.05048	0.079	0.05048	0.000416	598.14	0.000576	671.28	0.228	0.024	0		5962	5885.81	2.1605	2.148	1423.25	1.9806	5899.03	2.1524	2.1395	1427.49	1.9612	0.9315	1	0.03597	0.06237	0.328	1	0.99752	1.00	0	0
140054	Macneal  Hospital	16974	16974	29404	14	14141	17031	4	ourban	rural	S	1.0427		YES	YES			1	0.388	0.6068	239	148	0.19171	0.18677	0.3818	0.05178	0	0.05178	0.000357	952.3	0.000475	939.17	0.178	0.013	7		2814	2748.25	1.6765	1.6524	1254.66	1.5607	2751.6	1.6878	1.6633	1257.68	1.5766	1.029	1	0.00518	0.0034	0.279	1	0.99103	0.99	0	0
140058	Passavant Area Hospital	14	14	41180	14	14770	17137	4	rural	rural	W	0.9107						1	0	0	93	26	0	0	0.245	0.02357	0	0.02357		0		0	0.302	0.025	17	6632.75	1627	1574.25	1.4218	1.4104			1579.92	1.4176	1.4066			0.938	1	0.04211	0.04375	0.511	1	1.00795	1.00	0	0
140059	Jersey Community Hospital	41180	41180	14	14	14500	17083	4	ourban	rural	S	0.8486		YES				1	0	0	46	8	0	0	0.1299	0	0	0		0		0	0.476	0.029	14	5836.26	620	599.93	1.1238	1.1177			601.97	1.1113	1.1057			0.8937	1	0	0	0.717	1.21765	0.99874	1.00	0	0
140062	Palos Community Hospital	16974	16974	29404	16974	14141	17031	4	lurban	lurban	W	1.0427						1	0	0	314	221	0	0	0.1048	0	0.02145	0		0		0	0.248	0.024	0		9882	9712.04	1.5821	1.5742			9731.25	1.5746	1.567			1.029	1	0.0154	0.02119	0.603	1	1.00715	0.99	0	0
140063	Rush Oak Park Hospital	16974	16974	29404	16974	14141	17031	4	lurban	lurban	W	1.0427						1	0.0241	0.0723	165	47	0.01308	0.02061	0.2258	0.01961	0.04679	0.01961	0.000105	441.38	0.000102	341.86	0.282	0.012	0		1917	1873.16	1.5007	1.4845	339.47	1.3605	1877.58	1.4955	1.4805	340.31	1.3676	1.029	1	0.00678	0.00035	0.552	1	0.99984	1.00	0	0
140064	St Mary Medical Center	14	14	19340	14	14560	17095	4	rural	rural	W	0.9194						1	0	0	90	29	0	0	0.2313	0.02074	0	0.02074	0.000085	541.29	0.00008	407.05	0.21	0.017	15	8694.17	1316	1287.34	1.3682	1.3576			1289.01	1.3765	1.365			0.9441	1	0.00595	0.0059	0.442	1	1.00311	1.00	0	0
140065	Adventist La Grange Memorial Hospital	16974	16974	29404	16974	14141	17031	4	lurban	lurban	W	1.0427						1	0.1154	0.2047	159	94	0.06105	0.05947	0.1051	0	0.02151	0		0		0	0.297	0.028	0		3767	3715.58	1.5357	1.5303	719.51	1.5405	3720.33	1.54	1.5356	720.39	1.554	1.029	1	0.0299	0.0393	0.582	1	1.00882	1.00	0	0
140067	Saint Francis Medical Center	37900	37900	14010	14	14800	17143	4	ourban	rural	S	0.9292		YES	YES			1	0.2145	0.2885	622	445	0.11054	0.08482	0.3671	0.04875	0	0.04875	0.000936	767.49	0.001293	876.04	0.175	0.014	0		10277	10075.1	2.024	2.0083	2530.19	1.9898	10095.1	2.0247	2.0088	2533.83	1.9904	0.951	1	0.0525	0.05127	0.306	1	0.99633	0.99	0	0
140068	Roseland Community Hospital	16974	16974	29404	16974	14141	17031	4	lurban	lurban	W	1.0427						1	0	0	134	49	0	0	0.8012	0.13829	0.17615	0.13829	0.000293	3419.55	0.000413	3445.49	0.336	0.022	0		590	584.29	1.2399	1.2353			584.57	1.2532	1.249			1.029	1	0.03551	0.02418	0.236	1	1.00015	1.00	0	0
140077	Touchette Regional Hospital Inc	41180	41180	41180	41180	14900	17163	4	lurban	lurban	N	0.9107						1	0	0	111	24	0	0	0.887	0.15598	0.19676	0.15598	0.000131	2552.59	0.000168	2469.08	0.962	0.086	0		376	372.57	1.1608	1.1563			372.95	1.1747	1.17			0.938	1	0.09342	0.11303	0.212	1	1.00195	1.00	0	1
140080	Presence Saint Francis Hospital	16974	16974	29404	16974	14141	17031	4	lurban	lurban	W	1.0427						1	0.5304	1.0534	197	88	0.25391	0.34618	0.408	0.05719	0.08613	0.05719	0.000245	710.17	0.000283	635.74	0.171	0.017	0		2710	2657.23	1.6247	1.613	625.25	1.5733	2659.9	1.632	1.619	625.58	1.5846	1.029	1	0.01469	0.02045	0.385	1	0.99714	0.99	0	0
140082	Louis A Weiss Memorial Hospital	16974	16974	29404	16974	14141	17031	4	lurban	lurban	W	1.0427						1	0.6634	1.0746	119	72	0.30897	0.35426	0.4385	0.06348	0.09286	0.06348	0.00015	581.01	0.000169	530.16	0.198	0.016	0		2190	2138.77	1.7208	1.6947	470.79	1.6304	2141.52	1.7252	1.6987	471.51	1.6402	1.029	1	0.01691	0.01441	0.411	1	0.99752	0.98	0	0
140083	Loretto Hospital	16974	16974	29404	16974	14141	17031	4	lurban	lurban	W	1.0427						1	0.0129	0.0425	156	69	0.00703	0.01207	0.8444	0.1472	0.18648	0.1472	0.000218	2378.86	0.000302	2076.83	0.579	0.033	0		632	626.94	1.2761	1.2566	81.69	1.0567	627.36	1.2941	1.2756	81.69	1.0764	1.029	1	0.05599	0.02717	0.22	1	1	1.00	1	0
140084	Vista Medical Center East	29404	29404	29404	29404	14570	17097	4	ourban	ourban	N	1.0427						1	0	0	190	116	0	0	0.3809	0.0516	0.08018	0.0516	0.000306	722.49	0.000292	531.68	0.111	0.01	0		3457	3415.9	1.5363	1.5173			3419.14	1.5453	1.5267			1.029	1	0.0088	0.01232	0.368	1	0.99583	1.00	0	0
140088	The University Of Chicago Medical Center	16974	16974	29404	14	14141	17031	4	ourban	rural	S	1.0427		YES	YES			1	0.8142	0.9907	600	482	0.36831	0.32257	0.513	0.07884	0	0.07884	0.001805	1997.4	0.001456	1334.63	0.2	0.016	7		7461	7393.53	2.2956	2.2833	1869.1	2.0832	7397.43	2.3131	2.3006	1871.45	2.1068	1.029	1	0.2225	0.22683	0.264	1	0.99922	1.00	0	0
140089	Mc Donough District Hospital	14	14	14	14	14630	17109	4	rural	rural	N	0.8486						1	0	0	45	13	0	0	0.2447	0.02351	0	0.02351	0.000134	1878.13		0	0.485	0.049	16	6414.96	539	528.47	1.2913	1.2913			529.37	1.2855	1.2857			0.8937	1	0.02706	0.05822	0.403	1.18174	0.99574	1.00	0	0
140091	The Carle Foundation Hospital	16580	16580	16580	16580	14090	17019	4	ourban	ourban	N	0.8708						1	0.1133	0.1901	351	261	0.05998	0.05511	0.3382	0.04279	0.07089	0.04279	0.00087	1241.76	0.000635	758.69	0.19	0.017	0		6275	6184.18	1.8034	1.7942	2898.35	1.738	6193.14	1.808	1.7987	2903.09	1.7273	0.9096	1	0.02435	0.03049	0.259	1	1.00087	1.00	0	0
140093	Presence United Samaritans Medical Center	19180	19180	19180	19180	14982	17183	4	ourban	ourban	N	0.9431						1	0	0	172	50	0	0	0.3186	0.03875	0.06664	0.03875	0.000193	814.76	0.000152	466.8	0.18	0.011	7		1903	1856.69	1.3217	1.309			1858.4	1.3244	1.3123			0.9607	1	0.00575	0.00253	0.403	1	1.00075	0.98	0	0
140095	Saint Anthony Hospital	16974	16974	29404	16974	14141	17031	4	lurban	lurban	W	1.0427						1	0.0259	0.0722	109	43	0.01405	0.02058	0.747	0.12711	0.16331	0.12711	0.000273	3192.41	0.000347	2942.63	0.3	0.014	0		647	642.75	1.372	1.3687			643.21	1.3719	1.3689			1.029	1	0.01901	0.00489	0.192	1	1.00258	0.99	0	0
140100	Midwestern Region Med Center	29404	29404	29404	29404	14570	17097	4	ourban	ourban	N	1.0427						1	0	0	73	33	0	0	0.0023	0	0	0		0		0	0.34	0.042	0		268	261.5	1.8391	1.8294			261.76	1.865	1.8554			1.029	1	0.85134	1.44659	0.071	1	1.00677	1.00	0	0
140101	Morris Hospital & Healthcare Centers	16974	16974	16974	16974	14400	17063	4	lurban	lurban	N	1.0413						1	0	0	89	38	0	0	0.1369	0	0	0		0		0	0.301	0.033	0		1878	1828.97	1.5896	1.5776			1832.52	1.5968	1.5842			1.0281	1	0.05103	0.0818	0.61	1	0.99882	0.99	0	1
140103	St Bernard Hospital	16974	16974	29404	16974	14141	17031	4	lurban	lurban	W	1.0427						1	0.0237	0.0583	158	65	0.01287	0.01659	0.8443	0.14717	0.18646	0.14717	0.000237	1750.79	0.000364	2003.8	0.451	0.026	0		1081	1069.23	1.2143	1.203	259.56	1.2041	1069.48	1.2137	1.2022	258.68	1.2137	1.029	1	0.01854	0.00699	0.233	1	1.00306	0.98	0	0
140110	Ottawa Regional Hospital & Healthcare Center	14	14	16974	14	14580	17099	4	rural	rural	W	1.0263						1	0	0	87	29	0	0	0.4111	0.05783	0	0.03	0.000074	473.55	0.000066	359.69	0.254	0.03	7		1256	1188.45	1.3562	1.3456			1193.81	1.3515	1.3419			1.0179	1	0.00123	0.00299	0.345	1.03561	1.00147	0.99	0	0
140113	Presence Covenant Medical Center	16580	16580	16580	16580	14090	17019	4	ourban	ourban	N	0.8708						1	0.0552	0.155	169	67	0.0297	0.04471	0.303	0.03553	0.06328	0.03553	0.000169	645.03	0.000158	462.97	0.166	0.011	0		2076	2010.46	1.6739	1.6596	626.45	1.6025	2016.43	1.6807	1.6651	628.99	1.5915	0.9096	1	0.02695	0.01554	0.306	1	0.99949	0.99	0	0
140114	Swedish Covenant Hospital	16974	16974	29404	16974	14141	17031	4	lurban	lurban	W	1.0427						1	0.2147	0.3127	226	142	0.11064	0.09225	0.4705	0.07008	0.09996	0.07008	0.000369	849.87	0.000489	840.9	0.154	0.014	0		3325	3264.72	1.6131	1.6057	743.07	1.7546	3270.33	1.6258	1.618	744.73	1.7506	1.029	1	0.00859	0.01056	0.353	1	1.00423	0.99	0	0
140115	Thorek Memorial Hospital	16974	16974	29404	16974	14141	17031	4	lurban	lurban	W	1.0427						1	0	0	156	57	0	0	0.767	0.13123	0.16803	0.13123	0.000133	1009.9	0.000212	1144.11	0.306	0.03	0		1009	999.43	1.2241	1.2183			1000.04	1.2261	1.2204			1.029	1	0.00087	0.00189	0.277	1	0.99425	1.00	0	0
140116	Centegra Health System - Mc Henry Hospital	16974	16974	29404	16974	14640	17111	4	lurban	lurban	W	1.0427						1	0.0304	0	151	96	0.01647	0	0.1618	0.00817	0.03331	0.00817	0.000181	303.84	0.000139	224.39	0.3	0.033	0		6244	6142.44	1.6649	1.6541	665.75	1.7221	6153.21	1.6673	1.6571	666.48	1.7308	1.029	1	0.03824	0.06663	0.459	1	1.00242	1.00	0	0
140117	Presence Resurrection Medical Center	16974	16974	29404	16974	14141	17031	4	lurban	lurban	W	1.0427						1	0.3356	0.5008	197	153	0.16786	0.1518	0.1758	0.01044	0.03624	0.01044	0.000216	320.29	0.000239	281.57	0.17	0.014	0		5402	5299.15	1.8805	1.8607	1115.42	1.8613	5307.94	1.8918	1.8719	1117.72	1.8606	1.029	1	0.01544	0.01387	0.513	1	1.00042	0.99	0	0
140118	Metrosouth Medical Center	16974	16974	29404	16974	14141	17031	4	lurban	lurban	W	1.0427						1	0	0	300	78	0	0	0.4239	0.06047	0.08963	0.06047	0.000246	866.37	0.000287	727.1	0.169	0.008	0		2059	2027.15	1.6051	1.5919			2028.92	1.6071	1.5937			1.029	1	0.01155	0.00124	0.352	1	0.99802	0.98	0	0
140119	Rush University Medical Center	16974	16974	29404	14	14141	17031	4	ourban	rural	S	1.0427		YES	YES			1	0.8623	1.1159	555	416	0.38662	0.37013	0.3777	0.05094	0	0.05094	0.00106	932.51	0.001257	883.14	0.255	0.021	0		9167	8979.19	2.1757	2.1673	1058.29	2.1879	9012.22	2.1746	2.1671	1061.19	2.2053	1.029	1	0.06777	0.07157	0.324	1	1.00678	1.00	0	0
140120	Pekin Memorial Hospital	37900	37900	37900	37900	14980	17179	4	ourban	ourban	N	0.9037						1	0	0	107	34	0	0	0.2188	0.01817	0.0453	0.01817	0.000062	383.16	0.000069	324.08	0.342	0.025	0		1215	1197.55	1.3263	1.3164			1199.11	1.3182	1.3084			0.933	1	0.0169	0.01287	0.465	1	0.99969	0.98	0	0
140122	Adventist Hinsdale Hospital	16974	16974	16974	16974	14250	17043	4	lurban	lurban	N	1.0413						1	0.1046	0.2018	244	122	0.0555	0.0586	0.1623	0.00825	0.03341	0.00825	0.000136	321.51	0.000167	323.55	0.286	0.036	0		3665	3578.26	1.6902	1.6729	496.58	1.7382	3587.74	1.6985	1.6809	498.13	1.7596	1.0281	1	0.02565	0.05592	0.303	1	1.00907	0.99	0	0
140124	John H Stroger Jr Hospital	16974	16974	29404	16974	14141	17031	4	lurban	lurban	W	1.0427						1	1.0071	1.5	443	266	0.44009	0.52699	0.6729	0.11182	0.14598	0.11182	0.006343	22048.8	0.004159	11633.66	0.668	0.066	0		2211	2197.69	1.4039	1.3977	542.33	1.503	2198.24	1.4075	1.4023	542.32	1.4971	1.029	1	0.14483	0.32515	0.119	1	1.0127	1.00	0	0
140125	Gateway Regional Medical Center	41180	41180	41180	41180	14680	17119	4	lurban	lurban	N	0.9107						1	0	0	301	86	0	0	0.653	0.10772	0.14137	0.10772	0.000209	1152.95	0.000259	1145.25	0.086	0.008	0		1479	1459.99	1.3226	1.3107			1461.91	1.3282	1.3163			0.938	1	0.00615	0.01081	0.264	1	0.99791	0.99	0	0
140127	Advocate Bromenn Medical Center	14010	14010	14010	14010	14650	17113	4	ourban	ourban	N	0.9292						1	0.0636	0.1402	206	80	0.03414	0.04036	0.2722	0.02918	0.05667	0.02918	0.000301	1011.65	0.000203	535.36	0.298	0.031	0		2480	2410	1.6561	1.6415	662.1	1.6644	2424.81	1.6497	1.6371	667.18	1.6569	0.951	1	0.01266	0.02181	0.292	1	1.00675	1.00	0	0
140130	Northwestern Lake Forest Hospital	29404	29404	29404	29404	14570	17097	4	ourban	ourban	N	1.0427						1	0.0873	0.1312	117	58	0.04655	0.03772	0.1308	0	0.02684	0		0		0	0.261	0.013	0		2560	2479.34	1.6043	1.5927	186.87	1.5522	2485.38	1.5998	1.588	187.36	1.5385	1.029	1	0.05934	0.01867	0.358	1	1.00775	0.97	0	0
140133	Holy Cross Hospital	16974	16974	29404	16974	14141	17031	4	lurban	lurban	W	1.0427						1	0	0	192	101	0	0	0.5725	0.09112	0.12292	0.09112	0.000286	874.02	0.000345	816.26	0.206	0.015	0		2663	2620.95	1.3808	1.3702			2622.86	1.3858	1.3746			1.029	1	0.00712	0.00477	0.359	1	1.00229	0.99	0	0
140135	Decatur Memorial Hospital	19500	19500	44100	19500	14660	17115	4	ourban	ourban	W	0.9016						1	0.0498	0.1201	206	101	0.02684	0.03447	0.2364	0.0218	0.04904	0.0218	0.000242	462.38	0.000233	361.68	0.265	0.023	7		4579	4496.4	1.7151	1.693	397.51	1.9406	4506.13	1.7135	1.6923	398.52	1.935	0.9315	1	0.00772	0.00884	0.498	1	1.00416	1.00	0	0
140137	Greenville Regional Hospital	41180	41180	41180	41180	14020	17005	4	lurban	lurban	N	0.9107						1	0	0	32	7	0	0	0.4926	0.03	0	0.03	0.000029	764.71	0.000031	654.5	0.43	0.041	0		292	271.21	1.1768	1.1656			272.72	1.1769	1.1665			0.938	1	0	0	0.337	1.21182	1.01336	1.00	0	0
140143	St Margarets Hospital	14	14	14	14	14050	17011	4	rural	rural	N	0.8486						1	0	0	66	16	0	0	0.1707	0.00961	0	0.00961	0.000036	307.09	0.000032	221.11	0.285	0.029	14	5981.64	985	960.46	1.5512	1.5394			961.46	1.5492	1.5378			0.8937	1	0.00033	0.00139	0.536	1	1.00234	1.00	0	0
140145	St Josephs Hospital	41180	41180	41180	41180	14130	17027	4	lurban	lurban	N	0.9107						1	0	0	49	8	0	0	0.1727	0.00994	0	0.00994	0.000058	1116.05	0.000041	666	0.476	0.039	0		440	418.99	1.3988	1.3878			422.21	1.3679	1.3601			0.938	1	0.00099	0.0018	0.268	1.19477	1.01178	1.00	0	0
140147	Richland Memorial Hospital	14	14	14	14	14880	17159	4	rural	rural	N	0.8486						1	0	0	47	13	0	0	0.2549	0.02561	0	0.02561		0	0.000046	393.11	0.351	0.02	16	5727.78	728	714.01	1.2004	1.1939			715.16	1.1993	1.1932			0.8937	1	0.00456	0.00183	0.59	1.17924	1.00311	0.99	0	0
140148	Memorial Medical Center	44100	44100	44100	44100	14920	17167	4	ourban	ourban	N	0.9016						1	0.2329	0.3697	403	273	0.11947	0.10997	0.1963	0.01377	0.04055	0.01377	0.00037	344.79	0.000397	294.72	0.258	0.028	0		9043	8925.23	1.8451	1.8362	2650.56	1.8581	8938.89	1.8513	1.843	2656.56	1.8685	0.9315	1	0.06688	0.11944	0.422	1	0.99354	1.00	0	0
140150	University Of Illinois Hospital	16974	16974	29404	16974	14141	17031	4	lurban	lurban	W	1.0427						1	1.0622	1.5	446	271	0.45983	0.52699	0.5997	0.09673	0.12912	0.09673	0.000938	2280.73	0.001149	2209.17	0.345	0.008	0		3421	3393.13	2.0458	2.0284	943.53	1.9108	3393.35	2.0545	2.0375	943.86	1.9281	1.029	1	0.26911	0.01204	0.205	1	0.99598	1.00	0	0
140155	Presence St Marys Hospital	28100	28100	16974	28100	14540	17091	4	ourban	ourban	W	1.0263						1	0	0	182	61	0	0	0.3332	0.04176	0.0698	0.04176	0.000161	653.75	0.000155	474.3	0.165	0.011	0		1950	1920.91	1.5283	1.52			1924	1.5372	1.5294			1.0179	1	0.03189	0.01881	0.435	1	1.00205	1.00	0	0
140158	Mercy Hospital And Medical Center	16974	16974	29404	16974	14141	17031	4	lurban	lurban	W	1.0427						1	0.4623	0.781	229	136	0.22461	0.24657	0.5341	0.0832	0.11422	0.0832	0.000433	1094.15	0.000546	1022.11	0.292	0.032	0		2849	2806.83	1.5768	1.5591	915.48	1.5483	2809.09	1.5882	1.5707	916.26	1.5673	1.029	1	0.01192	0.02352	0.32	1	1.00072	0.99	0	0
140160	Fhn Memorial Hospital	14	14	40420	14	14970	17177	4	rural	rural	W	0.9636						1	0	0	100	39	0	0	0.2242	0.01928	0	0.01928	0.000102	520.99	0.000104	404.55	0.312	0.01	15	6137.02	1528	1494.61	1.3968	1.3861			1497.22	1.3937	1.383			0.9749	1	0.02386	0.00205	0.458	1	0.99565	0.98	0	0
140161	Saint James Hospital	14	14	16974	14	14610	17105	4	rural	rural	W	1.0263						1	0	0	42	10	0	0	0.2088	0.0161	0	0.0161		0		0	0.257	0.026	16	7199.98	871	834.93	1.4031	1.3925			837.39	1.3957	1.3852			1.0179	1	0.00019	0.00057	0.489	1.18106	1.00244	1.00	0	0
140162	St Joseph Medical Center	14010	14010	14010	14010	14650	17113	4	ourban	ourban	N	0.9292						1	0	0	137	64	0	0	0.1731	0.01	0.03567	0.01	0.000113	372.01	0.000123	332.8	0.18	0.017	0		2600	2539.29	1.6394	1.6227			2546.07	1.6518	1.6358			0.951	1	0.02275	0.03002	0.262	1	1.00489	1.00	0	0
140164	Memorial Hospital Of Carbondale	16060	16060	16020	16060	14470	17077	4	ourban	ourban	W	0.8486						1	0.0547	0.124	159	97	0.02943	0.03561	0.2975	0.0344	0.0621	0.0344	0.000245	509.49	0.000282	482.95	0.264	0.022	7		3952	3870.4	1.8013	1.7894	360.86	1.8752	3880.3	1.8062	1.7955	362.88	1.8645	0.8937	1	0.03175	0.03324	0.383	1	1.00435	0.99	0	0
140166	St Marys Hospital	19500	19500	16580	19500	14660	17115	4	ourban	ourban	W	0.8486						1	0.0018	0.0119	196	77	0.00098	0.00336	0.397	0.05492	0.08371	0.05492	0.000161	481.09	0.000225	518.02	0.242	0.034	0		2681	2606.18	1.6258	1.6108	296.65	1.5489	2619.78	1.6165	1.6032	298.23	1.5348	0.8937	1	0.01359	0.04119	0.366	1	1.00301	0.99	0	0
140167	Iroquois Memorial Hospital	14	14	14	14	14460	17075	4	rural	rural	N	0.8864				YES	0.0378	1	0	0	25	6	0	0	0.2636	0.02741	0	0.02741		0		0	0.433	0.039	16	6273.38	327	308.44	1.4886	1.4553			309.98	1.484	1.45			0.9207	1	0.01022	0.01306	0.601	1.22742	1	1.00	0	0
140172	Franciscan Health Olympia & Chicago Heights	16974	16974	29404	16974	14141	17031	4	lurban	lurban	W	1.0427						1	0.417	0.692	276	126	0.20467	0.21565	0.3199	0.03902	0.06692	0.03902	0.000381	646.66	0.000372	480.98	0.212	0.031	0		4660	4504.44	1.6193	1.602	860.07	1.7723	4512.25	1.631	1.6138	861.7	1.797	1.029	1	0.01448	0.04529	0.45	1	0.99439	0.98	0	0
140174	Presence Mercy Medical Center	20994	20994	20994	20994	14530	17089	4	ourban	ourban	N	1.0604				YES	0.0179	1	0	0	215	75	0	0	0.3071	0.03638	0.06416	0.03638	0.000352	1424.24	0.000218	656.32	0.144	0.008	0		1884	1840.6	1.7302	1.7229			1845.09	1.726	1.7182			1.041	1	0.01687	0.00632	0.348	1	0.99682	1.00	0	0
140176	Centegra Health System - Woodstock Hospital	16974	16974	29404	16974	14640	17111	4	lurban	lurban	W	1.0427						1	0	0	72	38	0	0	0.2602	0.0267	0	0.0267	0.000126	579.38		0	0.328	0.03	0		1476	1459.07	1.3401	1.3341			1460.05	1.3579	1.3517			1.029	1	0.02895	0.03696	0.551	1	0.99902	1.00	0	0
140177	Jackson Park Hospital	16974	16974	29404	16974	14141	17031	4	lurban	lurban	W	1.0427						1	0.0582	0.1188	200	87	0.03129	0.03409	0.7949	0.13699	0.17465	0.13699	0.000343	1895.7	0.000465	1847.5	0.211	0.01	0		1285	1277.34	1.1659	1.161	85.62	1.1206	1278.1	1.162	1.1569	85.6	1.1338	1.029	1	0.04016	0.01596	0.214	1	1.00455	1.00	0	0
140179	Little Company Of Mary Hospital	16974	16974	29404	16974	14141	17031	4	lurban	lurban	W	1.0427						1	0.0079	0.028	224	140	0.00431	0.00793	0.2622	0.02712	0.05453	0.02712	0.000327	627.37	0.000258	364.07	0.179	0.014	0		4002	3923.74	1.6235	1.6032	1396.16	1.4783	3929.85	1.6343	1.6142	1397.73	1.4752	1.029	1	0.00865	0.00679	0.409	1	0.99881	0.98	0	0
140180	Presence Saints Mary And Elizabeth Medical Center	16974	16974	29404	16974	14141	17031	4	lurban	lurban	W	1.0427						1	0.1183	0.1701	408	254	0.06254	0.04917	0.7479	0.12729	0.16352	0.12729	0.000786	1627.17	0.001264	1978.18	0.183	0.013	0		3882	3855.64	1.4785	1.4714	1269.39	1.4726	3856.93	1.4879	1.4809	1270.16	1.4888	1.029	1	0.02058	0.01386	0.244	1	1.00111	1.00	0	0
140181	South Shore Hospital	16974	16974	29404	16974	14141	17031	4	lurban	lurban	W	1.0427						1	0	0	122	59	0	0	0.6527	0.10766	0.1413	0.10766	0.000123	828.83	0.000199	929.62	0.422	0.012	0		1076	1068.06	1.3991	1.3961			1068.92	1.4054	1.403			1.029	1	0.05104	0.00156	0.496	1	0.99531	0.99	0	0
140182	Advocate Illinois Masonic Medical Center	16974	16974	29404	16974	14141	17031	4	lurban	lurban	W	1.0427						1	0.6131	1.1372	249	143	0.28846	0.37839	0.4008	0.0557	0.08455	0.0557	0.000505	1639.92	0.000563	1446.17	0.211	0.021	0		2554	2473.23	1.7278	1.7005	1112.95	1.7346	2477.36	1.7417	1.7148	1116.29	1.7375	1.029	1	0.01867	0.02771	0.175	1	1.00091	0.99	0	0
140184	Heartland Regional Medical Center	16060	16060	16060	16060	14990	17199	4	ourban	ourban	N	0.8486						1	0	0	98	30	0	0	0.4137	0.03	0	0.03	0.000081	468.75	0.000104	456.34	0.115	0.014	0		1428	1383.75	1.617	1.6045			1386.08	1.619	1.6038			0.8937	1	0.01887	0.04391	0.401	1	0.99986	0.98	0	0
140185	Memorial Hospital	41180	41180	41180	41180	14900	17163	4	lurban	lurban	N	0.9107						1	0	0	316	179	0	0	0.2503	0.02466	0.05199	0.02466	0.000236	352.6	0.000308	342.77	0.232	0.015	0		4772	4693.78	1.6675	1.6521			4702.75	1.6533	1.6374			0.938	1	0.01957	0.01021	0.438	1	1.00677	0.99	0	0
140186	Riverside Medical Center	28100	28100	16974	28100	14540	17091	4	ourban	ourban	W	1.0263						1	0.059	0.1241	291	128	0.03171	0.03564	0.3779	0.05098	0.07953	0.05098	0.000274	550.56	0.000335	554.13	0.279	0.023	0		4165	4079.17	1.6649	1.6456	582.79	1.7224	4087.07	1.6686	1.6498	584.05	1.7214	1.0179	1	0.01178	0.01104	0.343	1	1.00543	1.00	0	0
140187	Hshs St Elizabeth'S Hospital	41180	41180	41180	41180	14900	17163	4	lurban	lurban	N	0.9107						1	0.0419	0.0837	216	79	0.02263	0.0239	0.2557	0.02578	0.05314	0.02578	0.000189	553.97	0.000218	496.55	0.248	0.025	0		2704	2639.99	1.7473	1.7352	724.05	1.6183	2646.17	1.7496	1.7386	725.83	1.5948	0.938	1	0.01432	0.02413	0.364	1	1.00535	1.00	0	0
140189	Sarah Bush Lincoln Health Center	14	14	16580	14	14140	17029	4	rural	rural	W	0.8486						1	0	0	85	60	0	0	0.2249	0.01942	0	0.01942		0		0	0.314	0.023	16	6062.26	2904	2831.94	1.3799	1.367			2838.75	1.3693	1.3571			0.8937	1	0.03016	0.02405	0.483	1	1.00592	1.00	0	0
140191	Ingalls Memorial Hospital	16974	16974	29404	16974	14141	17031	4	lurban	lurban	W	1.0427						1	0	0	268	152	0	0	0.4001	0.05556	0.08439	0.05556	0.000538	1047.43	0.000561	820.12	0.247	0.022	0		4079	3988.9	1.6144	1.6026			3994.84	1.6203	1.6084			1.029	1	0.01656	0.02028	0.352	1	1.00127	0.99	0	0
140197	Methodist Hospital Of Chicago	16974	16974	29404	16974	14141	17031	4	lurban	lurban	W	1.0427						1	0	0	145	62	0	0	0.7736	0.13259	0.16959	0.13259	0.000135	1086.5	0.000244	1334.24	0.56	0.027	0		912	909.21	1.1462	1.1441			909.93	1.1603	1.1601			1.029	1	0.01266	0.00426	0.308	1	1	1.00	0	0
140200	Elmhurst Memorial Hospital	16974	16974	16974	16974	14250	17043	4	lurban	lurban	N	1.0413						1	0	0	282	171	0	0	0.1203	0	0.02466	0		0		0	0.17	0.023	0		6326	6220.71	1.7548	1.7425			6234.14	1.7548	1.7423			1.0281	1	0.0383	0.09516	0.427	1	1.00261	0.99	0	0
140202	Advocate Condell Medical Center	29404	29404	29404	29404	14570	17097	4	ourban	ourban	N	1.0427						1	0	0	271	181	0	0	0.2255	0.01955	0.04672	0.01955	0.000449	570.85	0.000412	424.99	0.192	0.018	0		6320	6218.39	1.6406	1.6303			6227.42	1.649	1.6392			1.029	1	0.00987	0.01305	0.432	1	0.9966	1.00	0	0
140206	Norwegian-American Hospital	16974	16974	29404	16974	14141	17031	4	lurban	lurban	W	1.0427						1	0.0169	0.0331	173	98	0.00919	0.00938	0.8907	0.15674	0.19766	0.15674	0.00033	1860.58	0.000502	2164.1	0.286	0.018	0		1400	1390.59	1.5126	1.494	442.61	1.2037	1391.17	1.5211	1.5037	442.64	1.2077	1.029	1	0.01877	0.00857	0.234	1	1.00003	1.00	0	0
140208	Advocate Christ Hospital & Medical Center	16974	16974	29404	16974	14141	17031	4	lurban	lurban	W	1.0427						1	0.342	0.4457	580	508	0.17081	0.13403	0.3311	0.04133	0.06935	0.04133	0.001063	831.35	0.001268	794.11	0.259	0.019	0		10662	10503.6	2.1098	2.0976	4442.09	2.0462	10521.5	2.1136	2.1019	4449.27	2.0536	1.029	1	0.08653	0.06542	0.286	1	0.99931	0.99	0	0
140209	Methodist Medical Center Of Illinois	37900	37900	37900	37900	14800	17143	4	ourban	ourban	N	0.9037						1	0.116	0.2013	215	128	0.06136	0.05845	0.3439	0.04397	0.07212	0.04397	0.000332	718.3	0.000363	622.32	0.209	0.013	0		3917	3824.31	1.9107	1.8971	931.43	1.882	3836.7	1.8971	1.8827	933.98	1.8639	0.933	1	0.01786	0.00751	0.331	1	0.99856	1.00	0	0
140210	Harrisburg Medical Center	14	14	14	14	14910	17165	4	rural	rural	N	0.8486						1	0	0	46	11	0	0	0.238	0.02213	0	0.02213		0		0	0.32	0.021	16	5624.51	1056	1011.83	1.1781	1.1701			1014.66	1.1683	1.1607			0.8937	1	0.00111	0.00056	0.597	1.17076	1.00287	0.99	0	1
140211	Delnor Community Hospital	20994	20994	20994	20994	14530	17089	4	ourban	ourban	N	1.0604				YES	0.0179	1	0	0	144	75	0	0	0.1257	0	0.02578	0		0		0	0.196	0.031	0		3121	3046.74	1.5694	1.561			3054.22	1.57	1.5614			1.041	1	0.02718	0.08198	0.397	1	1.00252	1.00	0	0
140213	Silver Cross Hospital  And Medical Centers	16974	16974	16974	16974	14989	17197	4	lurban	lurban	N	1.0413						1	0	0	251	173	0	0	0.179	0.01096	0.03691	0.01096	0.000331	387.31	0.000326	309.33	0.296	0.033	0		6865	6756.51	1.5245	1.5111			6768.8	1.5323	1.519			1.0281	1	0.01245	0.0225	0.424	1	1.00553	0.99	0	0
140217	Presence Saint Joseph Hospital - Elgin	20994	20994	20994	20994	14530	17089	4	ourban	ourban	N	1.0604				YES	0.0179	1	0	0	144	73	0	0	0.242	0.02295	0.05023	0.02295	0.000182	604.9	0.000138	365.73	0.167	0.012	0		2433	2348.47	1.7956	1.7777			2368.64	1.7722	1.7572			1.041	1	0.01725	0.0091	0.443	1	0.9996	1.00	0	0
140223	Advocate Lutheran General Hospital	16974	16974	29404	16974	14141	17031	4	lurban	lurban	W	1.0427						1	0.4143	0.6008	530	348	0.20347	0.18477	0.2502	0.02464	0.05197	0.02464	0.000696	672.29	0.000747	582.45	0.256	0.019	0		8380	8220.78	1.7785	1.7647	1761.06	1.8555	8239.19	1.7863	1.7728	1763.65	1.8705	1.029	1	0.03842	0.0298	0.305	1	1.00187	1.00	0	0
140224	Presence Saint Joseph Hospital - Chicago	16974	16974	29404	16974	14141	17031	4	lurban	lurban	W	1.0427						1	0.457	0.8264	288	139	0.2223	0.26265	0.2983	0.03456	0.06227	0.03456	0.000204	525.54	0.000275	560.7	0.209	0.03	0		3162	3119.99	1.4813	1.4731	667.36	1.4779	3124.35	1.4778	1.4696	668.18	1.4813	1.029	1	0.02105	0.06543	0.299	1	1.00828	0.99	0	0
140228	Swedish American Hospital	40420	40420	40420	40420	14991	17201	4	ourban	ourban	N	0.9839						1	0.0451	0.0794	288	152	0.02434	0.02266	0.3571	0.04669	0.07499	0.04669	0.000437	829.03	0.000465	702.41	0.15	0.013	0		4344	4289.59	1.6332	1.6262	996.85	1.7838	4296.25	1.6323	1.6255	998.56	1.7835	0.9889	1	0.01779	0.01856	0.331	1	0.99976	1.00	0	0
140231	Edward Hospital	16974	16974	16974	16974	14250	17043	4	lurban	lurban	N	1.0413						1	0	0	298	242	0	0	0.0984	0	0.02013	0		0		0	0.217	0.018	0		7153	7007.81	1.9483	1.9394			7022.75	1.9471	1.9389			1.0281	1	0.05838	0.05481	0.335	1	1.00858	0.98	0	0
140233	Saint Anthony Medical Center	40420	40420	40420	40420	14991	17201	4	ourban	ourban	N	0.9839						1	0.0218	0	235	136	0.01184	0	0.1675	0.00909	0.0345	0.00909	0.000245	389.95	0.000218	293.01	0.204	0.014	0		5171	5057.2	1.778	1.768	415.96	1.6632	5070.63	1.7751	1.7651	416.76	1.6581	0.9889	1	0.02444	0.01351	0.461	1	0.99503	0.99	0	0
140234	Illinois Valley Community Hospital	14	14	14	14	14580	17099	4	rural	rural	N	0.8819				YES	0.0333	1	0	0	56	19	0	0	0.1969	0.01387	0	0.01387	0.000045	307.29	0.000048	260.65	0.325	0.026	14	7044.6	1214	1166.97	1.396	1.3847			1171.15	1.3846	1.3734			0.9175	1	0.00502	0.00505	0.512	1	1.00773	0.99	0	0
140239	Rockford Memorial Hospital	40420	40420	40420	40420	14991	17201	4	ourban	ourban	N	0.9839						1	0.0004	0	312	164	0.00022	0	0.4642	0.06878	0.09856	0.06878	0.000339	713.26	0.000573	938.54	0.241	0.018	0		3649	3586.75	1.7525	1.729			3594.45	1.7609	1.7375			0.9889	1	0.04827	0.03587	0.275	1	0.9923	0.99	0	0
140240	Westlake Community Hospital	16974	16974	29404	16974	14141	17031	4	lurban	lurban	W	1.0427						1	0.0045	0.0167	121	56	0.00246	0.00472	0.6012	0.09704	0.12946	0.09704	0.000166	1437.65	0.000209	1312.08	0.164	0.011	0		846	829.98	1.4084	1.3968	212.29	1.4534	831.18	1.4166	1.4056	212.34	1.4576	1.029	1	0.00176	0.00023	0.25	1	0.99849	1.00	0	0
140242	Central Dupage Hospital	16974	16974	16974	16974	14250	17043	4	lurban	lurban	N	1.0413						1	0	0	348	214	0	0	0.1835	0.01169	0.03786	0.01169	0.001085	1431.82	0.000578	603.02	0.176	0.024	0		6281	6100.5	1.9367	1.9243			6122.73	1.9345	1.9226			1.0281	1	0.07977	0.21345	0.295	1	1.00136	1.00	0	0
140250	Advocate South Suburban Hospital	16974	16974	29404	16974	14141	17031	4	lurban	lurban	W	1.0427						1	0	0	243	111	0	0	0.2684	0.0284	0.05586	0.0284	0.000245	609.65	0.000247	490.53	0.249	0.016	0		3283	3195.19	1.6797	1.665			3202.43	1.6746	1.6596			1.029	1	0.01947	0.0097	0.358	1	0.99929	0.99	0	0
140251	Community First Medical Center	16974	16974	29404	16974	14141	17031	4	lurban	lurban	W	1.0427						1	0.0105	0.033	213	86	0.00572	0.00936	0.3717	0.0497	0.07817	0.0497	0.000191	594.82	0.000187	447.35	0.176	0.01	0		2497	2468.22	1.4934	1.4766	607.08	1.524	2470.12	1.4985	1.482	607.65	1.5141	1.029	1	0.00876	0.0032	0.454	1	1.00012	1.00	0	0
140252	Northwest Community Hospital 1	16974	16974	29404	16974	14141	17031	4	lurban	lurban	W	1.0427						1	0	0	336	195	0	0	0.1507	0.00636	0.03099	0.00636	0.000407	436.55		0	0.24	0.034	0		7887	7692.17	1.6722	1.6565			7706.7	1.6838	1.6674			1.029	1	0.01188	0.03541	0.426	1	0.99473	1.00	0	0
140258	Alexian Brothers Medical Center 1	16974	16974	29404	16974	14141	17031	4	lurban	lurban	W	1.0427						1	0	0	257	200	0	0	0.1905	0.01283	0.03933	0.01283	0.000357	441.66	0.000341	335.48	0.221	0.013	0		6699	6626.34	1.8503	1.8419			6632.43	1.851	1.8422			1.029	1	0.06607	0.02468	0.459	1	1.00203	0.99	0	0
140275	Genesis Health System	19340	19340	19340	19340	14890	17161	4	ourban	ourban	N	0.9497						1	0	0	145	31	0	0	0.271	0.02893	0.05641	0.02893	0.000082	444.57	0.000093	394.1	0.365	0.032	0		1406	1358.1	1.4225	1.4089			1361.68	1.4261	1.4125			0.9653	1	0.00525	0.00585	0.42	1	0.99882	1.00	0	0
140276	Loyola University Medical Center	16974	16974	29404	14	14141	17031	4	ourban	rural	S	1.0427		YES	YES			1	0.6204	0.8791	498	348	0.29146	0.28157	0.2983	0.03456	0	0.03456	0.000794	893.52	0.000782	722.92	0.235	0.015	7		7598	7473.1	2.1946	2.1806	1105.93	2.1796	7478.98	2.2117	2.1978	1107.08	2.1927	1.029	1	0.05462	0.0285	0.318	1	1.0005	0.99	0	0
140280	Trinity Rock Island	19340	19340	19340	19340	14890	17161	4	ourban	ourban	N	0.9497						1	0	0	298	162	0	0	0.3051	0.03596	0.06373	0.03596	0.000273	487.07	0.000301	410.73	0.329	0.019	0		4136	4018.05	1.775	1.7534			4026.95	1.7716	1.7497			0.9653	1	0.02373	0.00723	0.382	1	0.9955	1.00	0	0
140281	Northwestern Memorial Hospital	16974	16974	29404	14	14141	17031	4	ourban	rural	S	1.0427		YES	YES			1	0.3883	0.5412	853	610	0.19184	0.16501	0.2391	0.02235	0	0.02235	0.001176	867.76	0.001255	748.29	0.236	0.017	7		11483	11281.7	2.267	2.2598	1268.66	2.2909	11303.5	2.2641	2.2574	1270.32	2.2896	1.029	1	0.09572	0.06948	0.254	1	1.00753	1.00	0	0
140286	Kishwaukee Community Hospital	20994	20994	20994	20994	14170	17037	4	ourban	ourban	N	1.0425						1	0	0	98	53	0	0	0.1697	0.00945	0	0.00945	0.00016	626.14	0.000107	348.78	0.236	0.029	0		2204	2163.06	1.5714	1.5631			2166.97	1.5707	1.5626			1.0289	1	0.04456	0.09271	0.466	1	0.99501	0.99	0	1
140288	Advocate Good Samaritan Hospital	16974	16974	16974	16974	14250	17043	4	lurban	lurban	N	1.0413						1	0	0	288	156	0	0	0.163	0.00836	0.03356	0.00836	0.000284	421.55	0.000282	333.38	0.254	0.02	0		5525	5392.52	1.7628	1.7447			5406.86	1.7698	1.7524			1.0281	1	0.03474	0.02941	0.392	1	1.00517	0.99	0	0
140289	Anderson Hospital	41180	41180	41180	41180	14680	17119	4	lurban	lurban	N	0.9107						1	0	0	134	66	0	0	0.2183	0.01806	0.0452	0.01806	0.000124	457.68	0.00012	374.26	0.28	0.019	0		2379	2319.75	1.4469	1.4364			2323.82	1.4459	1.4357			0.938	1	0.01933	0.01299	0.316	1	0.9935	1.00	0	0
140290	St Alexius Medical Center	16974	16974	29404	16974	14141	17031	4	lurban	lurban	W	1.0427						1	0	0	311	209	0	0	0.2677	0.02825	0.05571	0.02825	0.000436	715.93	0.000465	612.93	0.215	0.02	0		4955	4888.31	1.5184	1.509			4894.84	1.516	1.5064			1.029	1	0.03632	0.0458	0.316	1	1.00345	0.98	0	0
140291	Advocate Good Shepherd Hospital	29404	29404	29404	29404	14570	17097	4	ourban	ourban	N	1.0427						1	0	0	160	107	0	0	0.084	0	0.01716	0		0		0	0.293	0.034	0		4301	4208.8	1.7448	1.7234			4216.78	1.7525	1.7307			1.029	1	0.01987	0.03791	0.455	1	1.0005	1.00	0	0
140292	Adventist Glenoaks	16974	16974	16974	16974	14250	17043	4	lurban	lurban	N	1.0413						1	0	0	127	66	0	0	0.4682	0.0696	0.09945	0.0696	0.000146	899.06	0.000223	1096.3	0.341	0.021	0		1378	1350.54	1.3995	1.3886			1352.34	1.4065	1.3956			1.0281	1	0.02859	0.01513	0.303	1	1.00176	1.00	0	0
140294	Crossroads Community Hospital	14	14	14	14	14490	17081	4	rural	rural	N	0.8486						1	0	0	47	9	0	0	0.2058	0.01548	0	0.01548	0.000024	390.75	0.000018	198.99	0.203	0.036	14	7337.85	424	412.55	1.5525	1.5492			413.08	1.5432	1.5392			0.8937	1	0.07047	0.25963	0.563	1	0.9981	0.99	0	0
140300	Provident Hospital Of Chicago	16974	16974	29404	16974	14141	17031	4	lurban	lurban	W	1.0427						1	0.15	0.6263	25	8	0.07862	0.19332	0.6374	0.03	0	0.03	0.000535	43398	0.000263	12457.62	0.236	0.128	0		82	81.4	0.8588	0.8585	28	0.9732	81.48	0.8477	0.8475	28	0.9831	1.029	1	0	0	0.137	1	1	1.00	0	0
140304	Adventist Bolingbrook Hospital	16974	16974	16974	16974	14989	17197	4	lurban	lurban	N	1.0413						1	0	0	134	54	0	0	0.3082	0.0366	0.0644	0.0366	0.000132	629.77	0.000167	652.77	0.282	0.032	0		1752	1712.38	1.4369	1.4313			1715.44	1.4392	1.4339			1.0281	1	0.01141	0.02014	0.325	1	1.00299	1.00	0	0
140307	Metro-East Services Inc	41180	41180	41180	41180	14900	17163	4	lurban	lurban	N	0.9107						1	0		94	39	0	0.52699	0.2239	0.01922	0	0.01922		0		0	0.348	0.1	0		1461	1425.68	1.4231	1.4139			1429.64	1.4148	1.4056			0.938	1	0.0469	0.29458	0.285	1	1	1.00	0	0
150001	Johnson Memorial Hospital	26900	26900	26900	26900	15400	18081	4	lurban	lurban	N	1.0266						1	0	0	86	15	0	0	0.2475	0.02408	0	0.02408	0.000099	1065.64	0.00009	761.2	0.398	0.029	0		732	712.09	1.3404	1.3198			713.72	1.3437	1.3226			1.0181	1	0.00716	0.00625	0.422	1	1.00542	1.00	0	0
150002	Methodist Hospitals Inc	23844	23844	16974	23844	15440	18089	4	ourban	ourban	W	1.0263						1	0.0077	0.0118	438	251	0.0042	0.00334	0.4216	0.05999	0.08912	0.05999	0.000669	929.01	0.000833	899.41	0.263	0.006	0		5375	5319.45	1.616	1.6013	1408.26	1.8408	5325.11	1.6199	1.606	1409.34	1.847	1.0179	1	0.03735	0.00125	0.422	1	1.00018	0.98	0	0
150004	Franciscan Health Hammond	23844	23844	16974	23844	15440	18089	4	ourban	ourban	W	1.0263						1	0.0319	0.084	191	76	0.01728	0.02399	0.3533	0.04591	0.07416	0.04591	0.000549	2006.93	0.000195	514.55	0.309	0.037	0		1987	1935.82	1.7431	1.7302	420.1	1.7289	1939.83	1.7615	1.7498	421.15	1.729	1.0179	1	0.06678	0.14373	0.506	1	1	0.99	1	0
150005	Hendricks Regional Health	26900	26900	26900	26900	15310	18063	4	lurban	lurban	N	1.0266						1	0	0	127	50	0	0	0.1907	0.01286	0.03937	0.01286	0.000174	727.52	0.000161	568.98	0.44	0.046	0		2024	1967.28	1.5421	1.5333			1972.22	1.5394	1.5302			1.0181	1	0.02014	0.03189	0.369	1	1.00528	1.00	0	1
150006	La Porte Hospital	33140	33140	23844	33140	15450	18091	4	ourban	ourban	W	0.9307						1	0	0	129	46	0	0	0.2803	0.03085	0.0584	0.03085	0.000182	738.74	0.000156	507.25	0.263	0.016	7		2055	2015.82	1.5552	1.5434			2018.96	1.5664	1.5536			0.952	1	0.04322	0.0188	0.489	1	1.00345	0.99	0	0
150007	Community Howard Regional Health Inc	29020	29020	29020	29020	15330	18067	4	ourban	ourban	N	0.9317				YES	0.0104	1	0	0	114	43	0	0	0.2683	0.02837	0.05583	0.02837	0.000149	676.13	0.000135	488	0.298	0.035	0		1836	1787.41	1.5741	1.5557			1791.16	1.5787	1.5617			0.9527	1	0.04761	0.09936	0.477	1	1.00012	0.99	0	0
150008	St Catherine Hospital Inc	23844	23844	16974	23844	15440	18089	4	ourban	ourban	W	1.0263						1	0	0	159	82	0	0	0.5236	0.08103	0.11185	0.08103	0.000277	1012.46	0.000301	853.4	0.285	0.015	0		2070	2011.53	1.6108	1.5844			2015.1	1.6188	1.5926			1.0179	1	0.0069	0.00145	0.395	1	1.00491	1.00	0	0
150009	Clark Memorial Hospital	31140	31140	31140	31140	15090	18019	4	lurban	lurban	N	0.877						1	0.0156	0.018	150	107	0.00849	0.00509	0.3229	0.03964	0.06757	0.03964	0.00035	754.25	0.000374	612.45	0.24	0.023	0		3612	3531.47	1.5929	1.5819	694.06	1.647	3536.64	1.5921	1.5801	695.28	1.6604	0.914	1	0.00858	0.01454	0.404	1	0.99402	0.99	0	0
150010	St Vincent Kokomo	29020	29020	29020	29020	15330	18067	4	ourban	ourban	N	0.9317				YES	0.0104	1	0	0	107	55	0	0	0.2784	0.03046	0.058	0.03046	0.000156	639.97	0.000136	453.08	0.251	0.016	0		1925	1876.55	1.6223	1.6105			1881.19	1.6294	1.6171			0.9527	1	0.01742	0.00729	0.427	1	1.00098	1.00	0	0
150011	Marion General Hospital	15	15	26900	15	15260	18053	4	rural	rural	W	1.0125						1	0	0	97	49	0	0	0.2903	0.03291	0	0.03	0.000277	1094.59	0.000206	687.28	0.338	0.044	17	5950.99	2081	2037.7	1.386	1.3665			2041.35	1.387	1.3677			1.0085	1	0.01511	0.04079	0.438	1	1.00181	1.00	0	0
150012	Saint Joseph Regional Medical Center	43780	43780	43780	43780	15700	18141	4	ourban	ourban	N	0.8959						1	0.1129	0.1731	267	162	0.05977	0.05006	0.2678	0.02827	0.05573	0.02827	0.0004	647.41	0.000342	455.33	0.291	0.041	0		5100	5028.06	1.7059	1.6992	1508.25	1.8209	5040.26	1.702	1.696	1511.65	1.8176	0.9275	1	0.04264	0.12501	0.363	1	0.99634	1.00	0	0
150015	Franciscan Health Michigan City	33140	33140	16974	15	15450	18091	4	ourban	rural	S	1.0263		YES	YES			1	0	0	149	53	0	0	0.2923	0.03332	0	0.03332	0.000397	1257.85	0.000176	451.33	0.263	0.024	7		2592	2532.58	1.6103	1.5999			2537.15	1.618	1.6068			1.0179	1	0.01343	0.01845	0.492	1	0.99456	1.00	0	0
150017	Lutheran Hospital Of Indiana	23060	23060	23060	23060	15010	18003	4	ourban	ourban	N	0.8566						1	0.0176	0.0315	383	269	0.00957	0.00893	0.2323	0.02095	0.04816	0.02095	0.000352	486.36	0.000474	542.09	0.138	0.013	0		6025	5962.53	1.9734	1.9638	2692.69	1.8745	5967.01	1.9893	1.9804	2694.04	1.8924	0.8994	1	0.06413	0.0807	0.325	1	0.99435	1.00	0	0
150018	Elkhart General Hospital	21140	21140	43780	21140	15190	18039	4	ourban	ourban	W	0.8959						1	0	0	243	114	0	0	0.2564	0.02592	0.05329	0.02592	0.000376	769.91	0.000343	542.83	0.272	0.02	0		3637	3580.34	1.8081	1.8012			3586.84	1.7979	1.7918			0.9275	1	0.04921	0.03736	0.397	1	1.00299	1.00	0	0
150021	Parkview Regional Medical Center	23060	23060	23060	23060	15010	18003	4	ourban	ourban	N	0.8566						1	0.021	0.0313	542	365	0.01141	0.00887	0.2946	0.0338	0.06147	0.0338	0.000972	1021.35	0.000929	825.57	0.218	0.021	0		8143	8020.63	1.7593	1.7455	4278.21	1.7131	8031.08	1.7692	1.7569	4282.97	1.7236	0.8994	1	0.05679	0.08322	0.29	1	0.99594	1.00	0	0
150022	Franciscan Health Crawfordsville	15	15	26900	15	15530	18107	4	rural	rural	W	1.0125						1	0	0	31	10	0	0	0.10093	0	0	0		0		0	0.28	0.067	14	5042.47	636	603.24	1.333	1.3205			606.96	1.3094	1.2969			1.0085	1	0.00503	0.03699	0.583	1.20992	1.00349	0.99	0	0
150023	Union Hospital Inc	45460	45460	26900	45460	15830	18167	4	ourban	ourban	W	1.0125						1	0.076	0.1228	242	165	0.04065	0.03526	0.2884	0.03252	0.06014	0.03252	0.000437	538.67	0.00049	506.96	0.26	0.033	7		6692	6575.85	1.6309	1.6233	495.57	1.619	6587.93	1.6325	1.625	496.29	1.6315	1.0085	1	0.00873	0.02124	0.47	1	1.00207	1.00	0	0
150024	Eskenazi Health	26900	26900	26900	26900	15480	18097	4	lurban	lurban	N	1.0266						1	0.4996	1.2187	317	181	0.24076	0.41046	0.7029	0.11801	0.15297	0.11801	0.003508	9403.37	0.002754	6273.28	0.271	0.035	0		3266	3209.05	1.8029	1.7927	527.59	1.6847	3213.4	1.8069	1.7974	528.62	1.6749	1.0181	1	0.12502	0.27961	0.196	1	1.00394	1.00	0	0
150026	Goshen General Hospital	21140	21140	43780	21140	15190	18039	4	ourban	ourban	W	0.8959						1	0	0	123	56	0	0	0.2315	0.02078	0.04799	0.02078	0.000265	1233.64	0.000206	759.95	0.363	0.017	0		1689	1655.73	1.6879	1.6807			1659.59	1.6892	1.681			0.9275	1	0.12043	0.03129	0.353	1	1.00065	0.99	0	0
150030	Henry County Memorial Hospital	15	15	26900	26900	15320	18065	4	rural	lurban	L	1.0125	LUGAR					1	0	0	48	20	0	0	0.2532	0.02526	0	0.02526	0.000065	519.56	0.000073	498.74	0.362	0.037	14	6960.38	1048	1015.01	1.4731	1.4649			1016.94	1.4696	1.4596			1.0085	1	0.00057	0.00121	0.468	1.12318	1.01004	1.00	0	0
150034	St Mary Medical Center Inc	23844	23844	16974	23844	15440	18089	4	ourban	ourban	W	1.0263						1	0	0	189	142	0	0	0.1922	0.01311	0.03969	0.01311	0.000222	386.67	0.000209	287.11	0.26	0.019	0		4174	4120.95	1.6305	1.6224			4125.24	1.6322	1.6241			1.0179	1	0.01246	0.00852	0.505	1	1.00842	0.98	0	0
150035	Porter Regional Hospital	23844	23844	23844	23844	15630	18127	4	ourban	ourban	N	0.9307						1	0	0	238	163	0	0	0.2071	0.01575	0.04283	0.01575	0.000244	402.99	0.000293	378.66	0.144	0.01	0		4580	4523.39	1.7974	1.7868			4527.7	1.8097	1.7987			0.952	1	0.04698	0.0335	0.496	1	1.00146	1.00	0	0
150037	Hancock Regional Hospital	26900	26900	26900	26900	15290	18059	4	lurban	lurban	N	1.0266						1	0	0	61	24	0	0	0.166	0.00885	0	0.00885	0.000108	775.02	0.000092	544.5	0.363	0.033	0		1111	1062.45	1.5237	1.4948			1065.77	1.5235	1.4924			1.0181	1	0.00283	0.00367	0.426	1.09424	1.00891	1.00	0	0
150042	Good Samaritan Hospital	15	15	45460	15	15410	18083	4	rural	rural	W	0.869						1	0	0	192	63	0	0	0.1926	0.01317	0	0.01317	0.000269	728.71	0.000196	427.57	0.305	0.033	7		3041	2957.08	1.5066	1.4972			2962.72	1.4996	1.4891			0.9083	1	0.01361	0.02674	0.574	1	1.00424	1.00	0	0
150044	Baptist Health Floyd	31140	31140	31140	31140	15210	18043	4	lurban	lurban	N	0.877						1	0	0	211	149	0	0	0.2007	0.01449	0.04148	0.01449	0.000267	345.22	0.000291	316.04	0.261	0.028	0		6549	6410.11	1.7857	1.7743			6423.79	1.7761	1.7651			0.914	1	0.015	0.02806	0.5	1	0.99951	0.99	0	0
150045	Dekalb Health	15	15	15	15	15160	18033	4	rural	rural	N	0.8494				YES	0.0305	1	0	0	37	18	0	0	0.2525	0.02512	0	0.02512	0.000059	743.78	0.000058	620.07	0.313	0.027	0		649	629.3	1.1893	1.1713			630.85	1.1854	1.1677			0.8942	1	0.00484	0.00587	0.299	1.10765	1.00816	0.98	0	0
150046	Terre Haute Regional Hospital	45460	45460	45460	45460	15830	18167	4	ourban	ourban	N	0.9063						1	0	0	160	62	0	0	0.2518	0.02497	0.05231	0.02497	0.00014	428.25	0.000094	246.21	0.171	0.014	0		2671	2608.83	1.5981	1.5837			2612.59	1.6045	1.5897			0.9348	1	0.02448	0.02186	0.547	1	0.99854	0.99	0	0
150047	St Joseph Hospital	23060	23060	23060	23060	15010	18003	4	ourban	ourban	N	0.8566						1	0.0514	0.0787	111	64	0.02768	0.02246	0.543	0.08503	0.11623	0.08503	0.0002	1559.97	0.000238	1379.96	0.139	0.018	0		899	890.3	1.7215	1.6981	422.67	1.6226	891.01	1.7416	1.7189	422.95	1.6482	0.8994	1	0.06097	0.15122	0.249	1	1.00051	1.00	0	0
150048	Reid Health	15	15	34620	15	15880	18177	4	rural	rural	W	0.9071						1	0.0279	0.015	165	95	0.01513	0.00424	0.2428	0.02312	0	0.02312		0		0	0.328	0.02	17	6835.26	5506	5313.26	1.7468	1.7297	661.21	1.7273	5328.66	1.7479	1.7293	662.75	1.7203	0.9354	1	0.02033	0.007	0.512	1	1.00639	1.00	0	0
150051	Iu Health Bloomington Hospital	14020	14020	26900	14020	15520	18105	4	ourban	ourban	W	1.0125						1	0	0	257	134	0	0	0.3297	0.04104	0.06904	0.04104	0.00048	927.19	0.000341	528.65	0.219	0.017	7		4130	4037.98	1.8346	1.821			4044.7	1.8421	1.8274			1.0085	1	0.01871	0.01526	0.408	1	0.99986	1.00	0	0
150056	Indiana University Health	26900	26900	26900	26900	15480	18097	4	lurban	lurban	N	1.0266						1	0.4641	0.6495	1225	845	0.2254	0.20116	0.4654	0.06903	0.09883	0.06903	0.00311	1905.73	0.003871	1903.22	0.205	0.015	0		13103	12931	2.2512	2.236	2900.97	2.2381	12953.3	2.2595	2.2446	2905.73	2.244	1.0181	1	0.08269	0.06157	0.267	1	0.99887	1.00	0	0
150057	Franciscan Health Mooresville	26900	26900	26900	26900	15540	18109	4	lurban	lurban	N	1.0266						1	0.0034	0.0164	84	24	0.00186	0.00464	0.2107	0.01649	0	0.01649	0.000185	1009.11	0.000102	479.3	0.256	0.017	0		1562	1502.88	1.8807	1.8705	422.91	1.9942	1520.2	1.8506	1.8429	429.2	1.954	1.0181	1	0.00202	0.00137	0.456	1	1.00708	1.00	0	0
150058	Memorial Hospital Of South Bend	43780	43780	43780	43780	15700	18141	4	ourban	ourban	N	0.8959						1	0.0522	0.0759	392	262	0.02811	0.02165	0.4433	0.06447	0.09392	0.06447	0.000656	1075.05	0.000812	1051.37	0.242	0.021	0		4712	4630.97	1.8118	1.7984	1634.72	1.769	4641.58	1.7984	1.7866	1638.31	1.7654	0.9275	1	0.04918	0.05785	0.266	1	0.99909	1.00	0	0
150059	Riverview Health	26900	26900	26900	26900	15280	18057	4	lurban	lurban	N	1.0266						1	0	0	105	43	0	0	0.1762	0.01051	0.03632	0.01051	0.000133	713.25	0.000126	551.2	0.331	0.047	0		1507	1486.87	1.6051	1.5917			1488.51	1.6053	1.5921			1.0181	1	0.01192	0.03864	0.422	1	0.99998	1.00	0	0
150061	Daviess Community Hospital	15	15	15	15	15130	18027	4	rural	rural	N	0.8189						1	0	0	42	13	0	0	0.3267	0.03	0	0.03	0.000053	657.38	0.000052	489.64	0.366	0.032	0		605	579.06	1.2179	1.1942			580.72	1.2176	1.1947			0.8721	1	0.00165	0.0027	0.458	1.15583	1.00176	1.00	0	0
150064	Fayette Regional Health System	15	15	15	15	15200	18041	4	rural	rural	N	0.8189						1	0	0	49	9	0	0	0.3875	0.03	0	0.03	0.000096	2019.12	0.000075	1055.64	0.419	0.035	0		291	283.7	1.2048	1.1962			284.1	1.2096	1.2009			0.8721	1	0.0127	0.01907	0.457	1.20705	0.99367	1.00	0	0
150065	Schneck Medical Center	15	15	26900	15	15350	18071	4	rural	rural	W	1.0125						1	0	0	93	32	0	0	0.2889	0.03	0	0.03	0.000127	993.32	0.00008	473.46	0.441	0.043	0		960	937.43	1.5967	1.5832			938.26	1.6154	1.5976			1.0085	1	0.03071	0.04567	0.374	1.04311	1.01462	1.00	0	0
150069	King'S Daughters' Health	15	15	17140	15	15380	18077	4	rural	rural	W	0.9203						1	0	0	89	33	0	0	0.2744	0.02963	0	0.02963		0		0	0.26	0.041	17	5871.64	1723	1678.77	1.3906	1.3801			1685.37	1.3857	1.3764			0.9447	1	0.00934	0.03353	0.532	1	1.01216	0.98	0	0
150072	Memorial Hospital	15	15	15	15	15080	18017	4	rural	rural	N	0.8335				YES	0.0146	1	0	0	83	15	0	0	0.3211	0.03	0	0.03		0		0	0.336	0.035	16	7315.27	690	652.63	1.3905	1.3685			655.56	1.3813	1.3595			0.8827	1	0	0	0.408	1.15129	1.00037	1.00	0	0
150074	Community Hospital East	26900	26900	26900	26900	15480	18097	4	lurban	lurban	N	1.0266						1	0.1151	0.2727	321	185	0.0609	0.07999	0.4414	0.06408	0.0935	0.06408	0.000684	1110.4	0.000642	897.88	0.368	0.014	0		4993	4892.45	1.8371	1.8303	1301.57	2.0271	4904.03	1.8363	1.83	1304.21	2.0314	1.0181	1	0.14862	0.01411	0.32	1	0.99843	1.00	0	0
150075	Bluffton Regional Medical Center	23060	23060	34620	23060	15890	18179	4	ourban	ourban	W	0.9071						1	0	0	62	16	0	0	0.2568	0.026	0	0.026	0.00004	546	0.000046	464.87	0.2	0.016	7		541	527.56	1.1963	1.1829			528.57	1.1914	1.1783			0.9354	1	0.00109	0.00114	0.423	1.16379	1.00807	0.98	0	0
150076	Saint Joseph Regional Medical Center - Plymouth	15	15	43780	43780	15490	18099	4	rural	ourban	L	0.8959	LUGAR					1	0	0	45	14	0	0	0.2335	0.0212	0	0.0212	0.000068	828.58	0.000052	553	0.327	0.033	0		717	683.37	1.3494	1.3341			685.61	1.3456	1.3312			0.9275	1	0.00608	0.01097	0.37	1.14614	1.00306	1.00	0	0
150082	Deaconess Hospital Inc	21780	21780	21780	21780	15810	18163	4	ourban	ourban	N	0.9089						1	0.0362	0.0496	497	353	0.01958	0.0141	0.2123	0.01682	0.04393	0.01682	0.000704	471.06	0.000714	408.72	0.267	0.023	0		12323	12102.4	1.6033	1.5887	2293.06	1.6916	12122	1.6017	1.5873	2294.53	1.6877	0.9367	1	0.01667	0.02061	0.466	1	0.9955	0.99	0	0
150084	St Vincent Hospital & Health Services	26900	26900	26900	26900	15480	18097	4	lurban	lurban	N	1.0266						1	0.1601	0.2307	711	509	0.08369	0.06727	0.3585	0.04698	0.0753	0.04698	0.001468	1219.97	0.001458	969.5	0.215	0.015	0		9701	9555.84	2.1445	2.1217	2279.74	2.1864	9573.07	2.153	2.13	2281.61	2.1945	1.0181	1	0.0417	0.02701	0.304	1	0.99431	1.00	0	0
150086	Highpoint Health	17140	17140	17140	17140	15140	18029	4	lurban	lurban	N	0.9203						1	0	0	88	45	0	0	0.2745	0.02965	0	0.02965	0.000104	477.38	0.00011	400.74	0.436	0.042	0		1687	1640.39	1.4308	1.405			1645.53	1.4284	1.4049			0.9447	1	0.0229	0.03235	0.494	1	0.99208	0.99	0	0
150088	St Vincent Anderson Regional Hospital Inc	26900	26900	26900	26900	15470	18095	4	lurban	lurban	N	1.0266						1	0	0	122	78	0	0	0.3518	0.0456	0.07384	0.0456	0.000294	1070.19	0.000274	768.24	0.322	0.013	0		2066	2042.33	1.5704	1.5674			2044.37	1.5733	1.571			1.0181	1	0.07267	0.01331	0.444	1	0.99796	0.97	0	0
150089	Indiana University Health Ball Memorial Hospital	34620	34620	26900	34620	15170	18035	4	ourban	ourban	W	1.0125						1	0.2019	0.2642	313	213	0.10439	0.07741	0.3309	0.04129	0.0693	0.04129	0.000991	1151.12	0.000727	699.57	0.174	0.011	7		7180	7093.36	1.6413	1.6247	1140.52	1.7346	7101.15	1.6478	1.6312	1141.71	1.7273	1.0085	1	0.01572	0.00715	0.448	1	1.00312	1.00	0	0
150090	Franciscan Health Dyer	23844	23844	16974	23844	15440	18089	4	ourban	ourban	W	1.0263						1	0.0979	0.168	132	62	0.05204	0.04855	0.2178	0.01796	0.04509	0.01796	0.00029	1048.42	0.000127	360.71	0.262	0.019	0		2119	2070.29	1.7881	1.7727	341.44	1.8328	2073.76	1.8036	1.788	341.63	1.8427	1.0179	1	0.04077	0.02965	0.479	1	0.99484	0.99	0	0
150091	Parkview Huntington Hospital	15	15	23060	15	15340	18069	4	rural	rural	W	0.8566						1	0	0	36	12	0	0	0.3003	0.03	0	0.03	0.000077	1402.07	0.000062	931.4	0.269	0.023	0		484	462.06	1.2288	1.2204			464.09	1.2163	1.2094			0.8994	1	0.00531	0.00837	0.263	1.16614	1.01231	1.00	0	0
150097	Major Hospital	26900	26900	26900	26900	15720	18145	4	lurban	lurban	N	1.0266						1	0	0	61	29	0	0	0.2498	0.02456	0	0.02456	0.000143	962.68	0.000093	517.46	0.388	0.014	0		1248	1214.26	1.3535	1.3417			1219.6	1.3349	1.325			1.0181	1	0.02935	0.00701	0.477	1.08167	1.00821	1.00	0	0
150100	St Vincent Evansville	21780	21780	21780	21780	15810	18163	4	ourban	ourban	N	0.9089						1	0.0156	0.0241	405	193	0.00849	0.00682	0.3143	0.03786	0.06571	0.03786	0.000581	770.83	0.000486	523.84	0.232	0.011	0		5891	5810.56	1.8361	1.8248	1304.91	1.7689	5816.39	1.8377	1.8259	1305.66	1.7743	0.9367	1	0.02987	0.00612	0.379	1	1.00006	0.98	0	0
150101	Parkview Whitley Hospital	23060	23060	23060	23060	15910	18183	4	ourban	ourban	N	0.8566						1	0	0	30	11	0	0	0.3348	0.03	0	0.03	0.000073	1699.5	0.000052	1061.41	0.304	0.054	0		381	367.01	1.099	1.0899			367.64	1.0941	1.0851			0.8994	1	0.00541	0.03196	0.207	1.17674	1.01418	1.00	0	0
150102	Starke Hospital	15	15	23844	23844	15740	18149	4	rural	ourban	L	0.9307	LUGAR					1	0	0	50	4	0	0	0.2186	0.01812	0	0.01812	0.000038	1221.05	0.000026	601.43	0.133	0.011	14	4884.65	239	232.61	1.2345	1.2297			233.06	1.2348	1.2298			0.952	1	0	0	0.596	1.25	1.01081	1.00	0	0
150104	Witham Health Services	26900	26900	26900	26900	15050	18011	4	lurban	lurban	N	1.0266						1	0	0	68	17	0	0	0.2774	0.03	0	0.03	0.000101	915.96	0.000095	725.8	0.272	0.028	0		909	882.9	1.2989	1.2904			885.26	1.2854	1.2769			1.0181	1	0.00336	0.00629	0.373	1.11621	1.00831	1.00	0	0
150109	Franciscan Health Lafayette	29200	29200	29200	29200	15780	18157	4	ourban	ourban	N	0.9608						1	0	0	169	108	0	0	0.2863	0.03209	0.05969	0.03209	0.000468	937.3	0.000313	561.17	0.204	0.023	0		4164	4085.07	1.8863	1.8743			4094.31	1.875	1.8633			0.973	1	0.0361	0.07247	0.386	1	0.99915	1.00	0	0
150112	Columbus Regional Hospital	18020	18020	18020	18020	15020	18005	4	ourban	ourban	N	1.013				YES	0.0026	1	0	0	150	80	0	0	0.3087	0.03671	0.06451	0.03671	0.000357	803.7	0.000304	565.06	0.386	0.044	7		3731	3596.85	1.5672	1.5488			3605.39	1.5735	1.5544			1.0089	1	0.02171	0.04272	0.416	1	1.00076	1.00	0	0
150113	Community Hospital Of Anderson And Madison County	26900	26900	26900	26900	15470	18095	4	lurban	lurban	N	1.0266						1	0	0	140	59	0	0	0.2974	0.03438	0.06207	0.03438	0.000193	617.56	0.00018	475.31	0.373	0.02	0		2567	2507.89	1.6969	1.6898			2514	1.6891	1.6815			1.0181	1	0.07389	0.02139	0.428	1	1.00464	0.99	0	1
150115	Memorial Hospital And Health Care Center	15	15	21780	15	15180	18037	4	rural	rural	W	0.8821						1	0	0	111	40	0	0	0.1942	0.01343	0	0.01343	0.00012	430.49	0.00011	316.6	0.315	0.024	7		2242	2156.97	1.6508	1.6337			2164.4	1.6472	1.6296			0.9177	1	0.00034	0.00026	0.435	1	1.01156	1.00	0	0
150125	Community Hospital	23844	23844	16974	23844	15440	18089	4	ourban	ourban	W	1.0263						1	0	0	407	243	0	0	0.188	0.01243	0.0388	0.01243	0.000397	407.36	0.0004	319.89	0.292	0.018	0		7476	7371.38	1.7771	1.773			7379.74	1.7858	1.782			1.0179	1	0.02265	0.009	0.498	1	1.00123	0.99	0	0
150126	Franciscan Health Crown Point	23844	23844	16974	23844	15440	18089	4	ourban	ourban	W	1.0263						1	0.008	0.0194	210	88	0.00436	0.00549	0.1422	0	0.02921	0	0.000348	831.49		0	0.331	0.037	0		3285	3212.19	1.6484	1.6383	679.74	1.7748	3216.85	1.6703	1.659	680.49	1.7758	1.0179	1	0.04831	0.08532	0.445	1	0.99524	1.00	0	0
150128	Community Hospital South	26900	26900	26900	26900	15480	18097	4	lurban	lurban	N	1.0266						1	0.0094	0	156	91	0.00513	0	0.2238	0.0192	0.04636	0.0192	0.000193	495.39	0.000197	447.18	0.289	0.027	0		3469	3392.4	1.5753	1.561	142.09	1.7512	3405.77	1.5683	1.5562	142.69	1.7339	1.0181	1	0.03649	0.04896	0.329	1	0.99382	0.99	0	0
150133	Kosciusko Community Hospital	15	15	21140	15	15420	18085	4	rural	rural	W	0.8535						1	0	0	72	31	0	0	0.2022	0.01474	0	0.01474	0.000093	713.67	0.000103	611.16	0.128	0.014	7		907	883.56	1.4034	1.3904			886.3	1.387	1.3748			0.8972	1	0.00379	0.00773	0.354	1	1.00104	1.00	0	0
150146	Parkview Noble Hospital	15	15	21140	15	15560	18113	4	rural	rural	W	0.8535						1	0	0	31	16	0	0	0.2699	0.0287	0	0.0287	0.000083	1172.2	0.000057	688.39	0.257	0.022	0		624	589.85	1.2876	1.2777			592.15	1.2791	1.2705			0.8972	1	0.00595	0.00783	0.345	1.15091	1.00258	1.00	0	0
150149	Women'S Hospital The	21780	21780	21780	21780	15860	18173	4	ourban	ourban	N	0.9089						1	0	0	74	44	0	0	0.5089	0.03	0	0.03	0.000111	24885.87	0.000182	35251.12	0.348	0.04	0		38	38	1.1274	1.1274			38	1.114	1.114			0.9367	1	0	0	0.004	1	1.00542	1.00	0	0
150150	Dupont Hospital Llc	23060	23060	23060	23060	15010	18003	4	ourban	ourban	N	0.8566						1	0	0	131	51	0	0	0.3817	0.05176	0.08036	0.05176	0.000095	1162.53	0.000149	1524.11	0.152	0.021	0		643	626.55	1.4811	1.4601			625.68	1.5034	1.4796			0.8994	1	0.00176	0.01049	0.104	1	0.99199	1.00	0	0
150153	St Vincent Heart Center Of Indiana Llc	26900	26900	26900	26900	15480	18097	4	lurban	lurban	N	1.0266						1	0	0	107	54	0	0	0.0718	0	0.01465	0		0		0	0.224	0.017	0		2201	2183.35	3.0904	3.0824			2186.27	3.0476	3.0399			1.0181	1	0.01144	0.00723	0.538	1	1.00838	1.00	0	0
150157	St Vincent Carmel Hospital Inc	26900	26900	26900	26900	15280	18057	4	lurban	lurban	N	1.0266						1	0	0	153	43	0	0	0.1751	0.01033	0.03609	0.01033	0.000131	920.01		0	0.257	0.032	0		1116	1091.12	1.8402	1.8317			1092.62	1.8525	1.843			1.0181	1	0.01852	0.03942	0.23	1	1.00123	1.00	0	0
150158	Iu Health West Hospital	26900	26900	26900	26900	15310	18063	4	lurban	lurban	N	1.0266						1	0	0	127	76	0	0	0.1711	0.00968	0.03525	0.00968	0.000179	606.63	0.000314	877.06	0.211	0.023	0		2443	2400.87	1.5392	1.526			2405.86	1.5422	1.5292			1.0181	1	0.01078	0.02173	0.383	1	1.01028	0.99	0	0
150160	Orthoindy Hospital	26900	26900	26900	26900	15480	18097	4	lurban	lurban	N	1.0266						1	0	0	38	16	0	0	0.01827	0	0	0		0		0	0.336	0.052	0		1064	1041.54	2.3788	2.3673			1048.26	2.3305	2.3173			1.0181	1	0.00219	0.00679	0.377	1	1	1.00	0	1
150161	Indiana University Health North Hospital	26900	26900	26900	26900	15280	18057	4	lurban	lurban	N	1.0266						1	0	0	149	76	0	0	0.2426	0.02307	0.05035	0.02307	0.000239	1248.63	0.000194	900.53	0.221	0.035	0		1806	1743.17	1.7694	1.7447			1757.67	1.7779	1.755			1.0181	1	0.03857	0.12646	0.204	1	1.00542	1.00	0	0
150162	Franciscan Health Indianapolis	26900	26900	26900	26900	15480	18097	4	lurban	lurban	N	1.0266						1	0.043	0.0775	406	238	0.02322	0.02211	0.2278	0.02002	0.04721	0.02002	0.00082	886.34	0.000599	551.48	0.236	0.037	0		7884	7726.42	1.909	1.897	2077.94	2.133	7740.5	1.9122	1.9002	2082.15	2.1347	1.0181	1	0.0576	0.1757	0.394	1	0.99647	1.00	0	0
150165	Franciscan Health Munster	23844	23844	16974	23844	15440	18089	4	ourban	ourban	W	1.0263						1	0	0	55	10	0	0	0.1343	0	0	0		0		0	0.306	0.034	0		1044	1019.58	1.4977	1.4902			1022.43	1.4974	1.4896			1.0179	1	0.05248	0.08592	0.503	1	0.99466	0.99	0	0
150166	Pinnacle Hospital	23844	23844	16974	23844	15440	18089	4	ourban	ourban	W	1.0263						1	0	0	17	8	0	0	0.05497	0	0	0		0		0	0.239	0.016	0		402	399.43	2.1455	2.1517			399.53	2.1321	2.1379			1.0179	1	0.80284	0.50681	0.413	1	1	1.00	1	1
150167	Orthopaedic Hospital At Parkview North Llc	23060	23060	23060	23060	15010	18003	4	ourban	ourban	N	0.8566						1	0	0	37	14	0	0	0.05082	0	0	0		0		0	0.182	0.004	0		827	826.13	2.5116	2.5114			826.13	2.4612	2.4609			0.8994	1	0.0034	0	0.325	1	1	1.00	0	0
150168	The Orthopaedic Hospital Of Lutheran Health Networ	23060	23060	23060	23060	15010	18003	4	ourban	ourban	N	0.8566						1	0	0	39	16	0	0	0.08916	0	0	0		0		0	0.117	0.006	0		834	824.77	2.5305	2.5226			824.84	2.5026	2.4934			0.8994	1	0	0	0.303	1	1	1.00	0	0
150169	Community Hospital North	26900	26900	26900	26900	15480	18097	4	lurban	lurban	N	1.0266						1	0.0096	0.0057	289	190	0.00523	0.00161	0.2996	0.03483	0.06255	0.03483	0.000343	635.89	0.000439	679.97	0.258	0.023	0		4613	4500.96	1.6487	1.6277	1160.5	1.8388	4511.9	1.6455	1.624	1163.21	1.8386	1.0181	1	0.0297	0.03848	0.244	1	0.99108	0.99	0	0
150172	Physicians' Medical Center Llc	31140	31140	31140	31140	15210	18043	4	lurban	lurban	N	0.877						1	0	0	12	1	0	0	0.08588	0	0	0		0		0	0.425	0.023	0		157	152.25	2.0531	2.0494			153.58	2.0095	2.0052			0.914	1	0.01163	0.00518	0.295	1	1	0.99	0	0
150173	Indiana University Health Arnett Hospital	29200	29200	29200	29200	15780	18157	4	ourban	ourban	N	0.9608						1	0	0	180	101	0	0	0.2406	0.02266	0.04993	0.02266	0.000358	819.76	0.000185	342.04	0.216	0.032	0		3604	3527.69	1.7361	1.7168			3537.27	1.7069	1.6898			0.973	1	0.04527	0.12855	0.392	1	0.9954	1.00	0	0
150175	The Heart Hospital At Deaconess Gateway Llc	21780	21780	21780	21780	15860	18173	4	ourban	ourban	N	0.9089						1	0	0	24	17	0	0	0.07769	0	0	0		0		0	0.249	0.023	0		799	791.76	2.7643	2.7545			792.54	2.7772	2.7672			0.9367	1	0.02332	0.03297	0.528	1	1.00268	1.00	0	0
150176	Kentuckiana Medical Center Llc	31140	31140	31140	31140	15090	18019	4	lurban	lurban	N	0.877						1	0	0	46	28	0	0	0.1784	0.01087	0	0.01087	0.000031	282.8	0.000028	205.62	0.328	0.053	0		790	784.48	1.9341	1.926			784.59	1.9419	1.9332			0.914	1	0.04391	0.16807	0.618	1	0.9909	0.97	0	0
150177	Unity Medical And Surgical Hospital	43780	43780	43780	43780	15700	18141	4	ourban	ourban	N	0.8959						1	0	0	29	3	0	0	0.07056	0	0	0		0		0	0.307	0.032	0		143	141.31	3.1401	3.1378			141.37	3.0971	3.0941			0.9275	1	0.6519	0.95447	0.217	1	1	1.00	0	0
150179	Fairbanks	26900	26900	26900	26900	15480	18097	4	lurban	lurban	N	1.0266						1	0	0	86	56	0	0	0.4685	0.03	0	0.03	0.000057	1306.46	0.000029	512.95	0.393	0.018	0		315	313.71	1.1622	1.1631			313.76	1.2418	1.2429			1.0181	1	0	0	0.151	1	1	1.00	0	0
150181	St Vincent Fishers Hospital Inc	26900	26900	26900	26900	15280	18057	4	lurban	lurban	N	1.0266						1	0	0	46	6	0	0	0.1618	0.00817	0	0.00817	0.000067	2468.61	0.00003	909.35	0.272	0.075	0		219	209.3	1.3311	1.3144			210.49	1.3287	1.3112			1.0181	1	0	0.01197	0.156	1	1.01832	1.00	0	0
150182	Franciscan Health Carmel	26900	26900	26900	26900	15280	18057	4	lurban	lurban	N	1.0266						1	0	0	6	1	0	0	0.01415	0	0	0		0		0	0.38	0.063	0		185	161.46	2.3945	2.4086			170.79	2.3455	2.3367			1.0181	1	0.02574	0.15578	0.473	1	1	1.00	0	0
150183	Monroe Hospital	14020	14020	14020	14020	15520	18105	4	ourban	ourban	N	0.9457						1	0		32	14	0	0.52699	0.2662	0.02794	0	0.02794		0		0	0.209	0.01	0		670	653.79	1.6621	1.6433			654.79	1.6693	1.6485			0.9625	1	0.03343	0.00115	0.225	1	1	1.00	0	0
160001	Unitypoint Health-Marshalltown	16	16	19780	16	16630	19127	6	rural	rural	W	0.92						1	0	0	72	22	0	0	0.2608	0.02683	0	0.02683	0.000119	1007.64		0	0.436	0.022	17	5985.91	801	767.82	1.4787	1.4603			770.99	1.4643	1.4488			0.9445	1	0.03919	0.01792	0.468	1.08083	1.01086	1.00	0	0
160005	St Anthony Regional Hospital & Nursing Home	16	16	16	16	16130	19027	6	rural	rural	N	0.8249						1	0	0	59	16	0	0	0.265	0.02769	0	0.02769		0		0	0.487	0.059	16	5886.72	733	728.34	1.2987	1.2963			728.74	1.291	1.2878			0.8765	1	0.04321	0.08404	0.499	1	1.00802	1.00	0	0
160008	Keokuk Area Hospital	16	16	16	16	16550	19111	6	rural	rural	N	0.8249						1	0	0	49	8	0	0	0.1751	0.01033	0	0.01033	0.000024	309.47	0.00003	310.04	0.493	0.042	14	6325.84	618	608.2	1.053	1.046			609.05	1.0538	1.0471			0.8765	1	0.00394	0.00511	0.722	1.21356	0.98636	0.98	0	0
160013	Trinity Muscatine	16	16	16	16	16690	19139	6	rural	rural	N	0.8895				YES	0.0646	1	0	0	48	10	0	0	0.3538	0.03	0	0.03		0		0	0.438	0.05	16	6995.64	429	411.01	1.3132	1.3002			412.39	1.313	1.3			0.9229	1	0.012	0.02543	0.317	1.18515	1.00388	1.00	0	0
160016	Trinity Regional Medical Center	16	16	11180	16	16930	19187	6	rural	rural	W	0.8731						1	0.0542	0.0576	105	38	0.02917	0.01639	0.2905	0.03295	0	0.03295		0		0	0.302	0.022	17	6029.71	1845	1787.93	1.651	1.6315	110.76	1.7493	1792.83	1.6525	1.633	110.89	1.7655	0.9113	1	0.0195	0.01749	0.491	1	1.00244	1.00	0	0
160024	Iowa Lutheran Hospital	19780	19780	19780	19780	16760	19153	6	ourban	ourban	N	0.92						1	0.0712	0.1463	164	96	0.03813	0.04215	0.4545	0.06678	0.0964	0.06678	0.000203	621.9	0.000217	575.7	0.235	0.011	0		2770	2720.79	1.4149	1.4121	449.39	1.5164	2728.93	1.4092	1.407	449.99	1.5085	0.9445	1	0.02724	0.00833	0.384	1	1.01054	0.98	0	0
160028	Chi Health Mercy Council Bluffs	36540	36540	36540	36540	16770	19155	6	ourban	ourban	N	0.9281						1	0	0	145	68	0	0	0.4768	0.07138	0.10137	0.07138	0.000206	820.25	0.000235	754.5	0.238	0.023	0		1956	1928.1	1.5307	1.5272			1930.54	1.5343	1.5308			0.9502	1	0.01799	0.02356	0.348	1	1.01229	1.00	0	0
160029	Mercy Hospital	26980	26980	26980	26980	16510	19103	6	ourban	ourban	N	0.9886						1	0	0	218	66	0	0	0.173	0.00999	0.03565	0.00999	0.000099	285.73		0	0.309	0.053	0		2792	2762.27	1.7393	1.7349			2764.81	1.7258	1.7218			0.9922	1	0.01004	0.04825	0.432	1	1.01413	1.00	0	0
160030	Mary Greeley Medical Center	11180	11180	11180	11180	16840	19169	6	ourban	ourban	N	0.9366						1	0	0	158	76	0	0	0.1518	0.00654	0.03122	0.00654	0.000084	226.22		0	0.313	0.029	7		3204	3172.48	1.5509	1.5487			3175	1.5383	1.5364			0.9561	1	0.0472	0.0572	0.456	1	0.99907	1.00	0	0
160032	Skiff Medical Center	16	16	19780	19780	16490	19099	6	rural	ourban	L	0.92	LUGAR					1	0	0	48	10	0	0	0.13416	0	0	0		0		0	0.586	0.031	14	6289.96	494	483.53	1.1429	1.1343			484.12	1.1468	1.1383			0.9445	1	0.00977	0.00256	0.556	1.2153	1	0.99	1	0
160033	Genesis Medical Center-Davenport	19340	19340	19340	19340	16810	19163	6	ourban	ourban	N	0.9497						1	0.0538	0.0926	248	158	0.02896	0.02648	0.2559	0.02582	0.05319	0.02582	0.000238	291.1	0.000311	325.78	0.287	0.02	0		6991	6849.94	1.6705	1.6629	1460.68	1.7197	6860.46	1.6712	1.6634	1462.1	1.7211	0.9653	1	0.04373	0.02879	0.43	1	0.99774	1.00	0	0
160040	Sartori Memorial Hospital	47940	47940	47940	47940	16060	19013	6	ourban	ourban	N	0.844						1	0	0	35	10	0	0	0.10974	0	0	0		0		0	0.337	0.005	0		536	528.07	1.6146	1.611			528.62	1.5997	1.5952			0.8903	1	0.01918	0	0.528	1	0.99117	1.00	0	0
160045	St Lukes Hospital	16300	16300	26980	16300	16560	19113	6	ourban	ourban	W	0.9304						1	0.0249	0.0554	265	178	0.01351	0.01576	0.4196	0.05958	0.08868	0.05958	0.00028	520.88	0.000354	537.02	0.265	0.018	0		4432	4344.3	1.902	1.8929	926.51	1.9487	4357.07	1.8721	1.8637	929.55	1.9119	0.9518	1	0.01741	0.0106	0.292	1	1.00468	1.00	0	0
160047	Methodist Jennie Edmundson	36540	36540	36540	36540	16770	19155	6	ourban	ourban	N	0.9281						1	0.0062	0.01	110	57	0.00338	0.00283	0.3594	0.04716	0.07549	0.04716	0.000107	403.68	0.000133	417.09	0.318	0.016	0		2285	2244.69	1.5129	1.5081	446.28	1.5498	2247.71	1.5113	1.5064	446.67	1.5581	0.9502	1	0.02126	0.00535	0.423	1	1.00359	1.00	0	0
160057	Great River Medical Center	16	16	26980	16	16280	19057	6	rural	rural	W	0.9304						1	0	0	138	62	0	0	0.2352	0.02155	0	0.02155	0.000229	678.92	0.000189	469.74	0.328	0.038	7		2933	2861.18	1.6552	1.6454			2867.04	1.6656	1.6562			0.9518	1	0.00787	0.01716	0.503	1	1.0067	0.99	0	0
160058	University Of Iowa Hospital & Clinics	26980	26980	26980	26980	16510	19103	6	ourban	ourban	N	0.9886						1	0.6011	0.8158	627	486	0.28352	0.25888	0.4046	0.05649	0.08538	0.05649	0.000933	770.46	0.001458	1053.76	0.26	0.019	0		10659	10526.6	2.1881	2.1735	1537.55	2.3335	10534.2	2.1963	2.1818	1538.25	2.3458	0.9922	1	0.05787	0.04175	0.296	1	0.99564	1.00	0	0
160064	Mercy Medical Center-North Iowa	16	16	24	16	16160	19033	6	rural	rural	W	0.8628						1	0.1387	0.1637	176	113	0.07292	0.04728	0.2867	0.03217	0	0.03217		0		0	0.253	0.019	17	6065.98	5225	5142.92	1.8261	1.8066	155.13	1.7475	5149.12	1.8275	1.8089	155.2	1.7557	0.9039	1	0.01537	0.01306	0.528	1	0.99708	1.00	0	0
160067	Covenant Medical Center	47940	47940	47940	47940	16060	19013	6	ourban	ourban	N	0.844						1	0.0593	0.141	215	80	0.03187	0.04059	0.452	0.06626	0.09585	0.06626	0.000248	932.09	0.000234	691.44	0.295	0.01	0		2151	2119.85	1.5333	1.5213	244.43	1.699	2122.04	1.5364	1.5246	244.85	1.6825	0.8903	1	0.03798	0.00273	0.297	1	1	1.00	0	0
160069	Mercy Medical Center-Dubuque	20220	20220	20220	20220	16300	19061	6	ourban	ourban	N	0.8726						1	0	0	184	83	0	0	0.1727	0.00994	0.03559	0.00994	0.000086	164.38	0.000108	172.35	0.277	0.024	0		4396	4309.34	1.6293	1.6128			4327.52	1.6287	1.6136			0.9109	1	0.01032	0.0117	0.547	1	1.01259	0.99	0	0
160079	Mercy Medical Center - Cedar Rapids	16300	16300	26980	16300	16560	19113	6	ourban	ourban	W	0.9304						1	0.0179	0.0301	194	96	0.00974	0.00853	0.2203	0.01847	0.04562	0.01847	0.000223	468.8	0.000142	243.66	0.255	0.024	0		3797	3746.43	1.5925	1.5855	976.86	1.5629	3752.16	1.5858	1.579	979.17	1.5504	0.9518	1	0.00704	0.00967	0.425	1	1.01248	1.00	0	0
160080	Mercy Medical Center-Clinton	16	16	19340	16	16220	19045	6	rural	rural	W	0.9194						1	0	0	139	43	0	0	0.3099	0.03695	0	0.03695		0		0	0.398	0.037	17	6786.53	1908	1859	1.322	1.3016			1862.65	1.3273	1.3059			0.9441	1	0.02674	0.03637	0.568	1	1.0021	0.99	0	0
160082	Iowa Methodist Medical Center	19780	19780	19780	19780	16760	19153	6	ourban	ourban	N	0.92						1	0.1106	0.1836	456	323	0.05859	0.05318	0.2919	0.03324	0.06089	0.03324	0.000458	420.09	0.000585	456.47	0.222	0.012	0		9208	9079.71	1.8412	1.8377	1258.32	1.918	9093.67	1.8399	1.8363	1259.44	1.9221	0.9445	1	0.02817	0.00881	0.362	1	0.99689	1.00	0	0
160083	Mercy Medical Center-Des Moines	19780	19780	19780	19780	16760	19153	6	ourban	ourban	N	0.92						1	0.0692	0.097	543	430	0.03708	0.02775	0.3352	0.04217	0.07023	0.04217	0.000724	568.22	0.000964	628.04	0.233	0.014	0		10559	10437.4	2.0301	2.0198	1978.82	1.7886	10450.6	2.0271	2.0172	1980.3	1.7899	0.9445	1	0.03832	0.01614	0.341	1	0.99511	1.00	0	0
160089	Ottumwa Regional Health Center	16	16	26980	16	16890	19179	6	rural	rural	W	0.9304						1	0	0	88	21	0	0	0.3789	0.05119	0	0.03		0		0	0.264	0.059	17	6066.45	1007	973.3	1.6639	1.6387			976.04	1.6564	1.6306			0.9518	1	0.0023	0.01577	0.456	1.09508	1.00561	1.00	0	0
160101	Broadlawns Medical Center	19780	19780	19780	19780	16760	19153	6	ourban	ourban	N	0.92						1	0.263	0.4594	101	54	0.13389	0.13842	0.7164	0.1208	0.15612	0.1208	0.000311	4630.49	0.000368	4702.76	0.546	0.021	0		534	529.09	1.2963	1.2944	79.85	1.3318	529.21	1.3094	1.3077	79.86	1.3379	0.9445	1	0.05478	0.01404	0.246	1	1	1.00	0	0
160104	Unity Point Health Trinity	19340	19340	19340	19340	16810	19163	6	ourban	ourban	N	0.9497						1	0.0317	0.1701	75	33	0.01717	0.04917	0.3133	0.03	0	0.03	0.000074	448.96	0.000057	302.13	0.326	0.017	0		1410	1366.95	1.7886	1.7773	372.23	1.8784	1370.57	1.7751	1.7618	373.04	1.8626	0.9653	1	0.01264	0.00499	0.35	1	1.01288	0.99	0	0
160110	Allen Hospital	47940	47940	47940	47940	16060	19013	6	ourban	ourban	N	0.844						1	0.0254	0.0525	187	90	0.01378	0.01493	0.3178	0.03858	0.06647	0.03858	0.000173	394.83	0.000208	347.97	0.376	0.019	0		3091	2966.33	1.7558	1.739	1167.33	1.83	2978.04	1.7425	1.7249	1174.25	1.8038	0.8903	1	0.00791	0.00163	0.449	1	1.00336	0.99	0	0
160112	Spencer Municipal Hospital	16	16	16	16	16200	19041	6	rural	rural	N	0.8249						1	0	0	54	19	0	0	0.1652	0.00872	0	0.00872	0.000022	180.88		0	0.369	0.031	14	5829.68	1027	1005.45	1.5706	1.5663			1006.88	1.5613	1.554			0.8765	1	0.01017	0.01087	0.577	1.14152	1.00737	1.00	0	0
160117	Finley Hospital	20220	20220	20220	20220	16300	19061	6	ourban	ourban	N	0.8726						1	0	0	98	43	0	0	0.2162	0.01763	0	0.01763	0.000065	274.69	0.000066	211.26	0.386	0.016	0		1748	1709.68	1.5276	1.519			1713.91	1.5075	1.4981			0.9109	1	0.01014	0.00089	0.543	1	1.00727	0.98	0	0
160122	Fort Madison Community Hospital	16	16	16	16	16550	19111	6	rural	rural	N	0.8249						1	0	0	50	16	0	0	0.2808	0.03095	0	0.03	0.000037	535.44	0.000041	451.49	0.365	0.039	14	5443.89	516	507.14	1.3096	1.3098			507.9	1.2973	1.2973			0.8765	1	0.00342	0.0085	0.454	1.16871	1.01385	1.00	0	0
160124	Lakes Regional Healthcare	16	16	16	16	16290	19059	6	rural	rural	N	0.8249						1	0	0	44	7	0	0	0.17044	0.00957	0	0.00957		0	0.000015	260.52	0.509	0.048	14	6319.4	444	437.61	1.3812	1.3821			438.17	1.3631	1.3635			0.8765	1	0.02671	0.0397	0.579	1.23402	1.01235	1.00	0	0
160146	St Lukes Regional Medical Center	43580	43580	43580	43580	16960	19193	6	ourban	ourban	N	0.843						1	0.0354	0.0644	162	94	0.01915	0.01834	0.4425	0.0643	0.09374	0.0643	0.000193	639.81	0.000281	773.11	0.356	0.022	0		2474	2431.82	1.69	1.6842	502.35	1.5703	2437	1.6772	1.6707	502.78	1.5692	0.8896	1	0.04369	0.02814	0.278	1	0.99956	1.00	0	0
160147	Grinnell Regional Medical Center	16	16	16	16	16780	19157	6	rural	rural	N	0.8249						1	0	0	49	11	0	0	0.2057	0.01546	0	0.01546		0	0.000022	299.95	0.484	0.037	0		502	493.26	1.2663	1.2624			493.8	1.2822	1.2786			0.8765	1	0.03147	0.02803	0.415	1.19159	1.01664	1.00	0	0
160153	Mercy Medical Center-Sioux City	43580	43580	36540	16	16960	19193	6	ourban	rural	S	0.9281		YES	YES			1	0.0321	0.0488	160	99	0.01739	0.01387	0.2229	0.01901	0	0.01901	0.000193	473.38	0.000173	337.91	0.29	0.036	7		3211	3175.06	1.7966	1.7796	450.89	1.8543	3177.03	1.8033	1.7865	451.47	1.8695	0.9502	1	0.03469	0.07103	0.493	1	0.99307	1.00	0	0
170006	Via Christi Hospital Pittsburg Inc	17	17	27900	17	17180	20037	6	rural	rural	W	0.7718						1	0	0	68	28	0	0	0.2379	0.0221	0	0.0221		0		0	0.4	0.04	22	5973.51	1216	1188.66	1.498	1.4884			1191.25	1.5046	1.4956			0.8375	1	0.01796	0.0319	0.482	1.04326	1.00099	1.00	0	0
170009	Saint John Hospital	28140	28140	28140	28140	17510	20103	6	lurban	lurban	N	0.9165						1	0	0	56	7	0	0	0.1034	0	0	0		0		0	0.238	0.056	0		610	565.73	1.268	1.2464			567.95	1.2754	1.2534			0.942	1	0	0	0.592	1	1.01678	1.00	0	0
170012	Salina Regional Health Center	17	17	17	17	17840	20169	6	rural	rural	N	0.7718						1	0.0609	0.128	174	89	0.03271	0.03678	0.1656	0.00879	0	0.00879		0		0	0.247	0.022	16	6232.16	3512	3466.15	1.7894	1.7758	211.1	1.8507	3470.6	1.7999	1.7863	211.76	1.862	0.8375	1	0.0422	0.05253	0.556	1	0.99704	0.99	0	0
170013	Hays Medical Center	17	17	28	17	17250	20051	6	rural	rural	W	0.8591						1	0	0	126	51	0	0	0.12808	0	0	0		0		0	0.27	0.025	17	7343.32	2363	2311.91	1.8413	1.8414			2315.26	1.8408	1.8421			0.9012	1	0.03419	0.04455	0.557	1	0.9995	0.99	0	0
170014	Ransom Memorial Hospital	17	17	28140	28140	17290	20059	6	rural	lurban	L	0.9165	LUGAR					1	0	0	47	10	0	0	0.1862	0.01213	0	0.01213		0		0	0.475	0.031	16	7248.76	664	642.48	1.4192	1.4072			643.62	1.4164	1.4022			0.942	1	0.00432	0.00263	0.558	1.19432	1.01283	0.99	0	0
170016	University Of Kansas Hlth System St Francis Campus	45820	45820	45820	45820	17880	20177	6	ourban	ourban	N	0.8972						1	0.0045	0.0101	217	78	0.00246	0.00285	0.2073	0.01579	0.04287	0.01579	0.000252	589.98	0.000232	415.95	0.24	0.018	0		3246	3207.07	1.7189	1.7126	441.35	1.7767	3210.72	1.7083	1.7019	441.73	1.7661	0.9284	1	0.04849	0.03751	0.462	1	0.99699	1.00	0	0
170017	Susan B Allen Memorial Hospital	48620	48620	48620	48620	17070	20015	6	ourban	ourban	N	0.8407						1	0	0	53	11	0	0	0.2019	0.01468	0	0.01468	0.000073	892.91	0.000054	581.94	0.313	0.033	0		737	719.4	1.3713	1.3685			720.06	1.3723	1.3692			0.888	1	0.0164	0.0261	0.473	1.19	0.99873	1.00	0	0
170020	Hutchinson Regional Medical Center Inc	17	17	48620	17	17770	20155	6	rural	rural	W	0.8407						1	0	0	129	54	0	0	0.1525	0.00666	0	0.00666		0		0	0.256	0.019	17	6673.4	2704	2649.44	1.7758	1.7719			2654.34	1.7775	1.7727			0.888	1	0.0225	0.01696	0.596	1	0.9981	1.00	0	0
170023	St Catherine Hospital	17	17	17	17	17270	20055	6	rural	rural	N	0.7718						1	0	0	80	34	0	0	0.2481	0.02421	0	0.02421		0		0	0.304	0.018	16	8520.7	1340	1324.74	1.4974	1.4909			1325.53	1.4994	1.4925			0.8375	1	0.04841	0.02654	0.41	1.02545	1.00465	0.99	0	0
170027	Pratt Regional Medical Center	17	17	17	17	17750	20151	6	rural	rural	N	0.7718						1	0	0	35	15	0	0	0.10638	0	0	0		0		0	0.489	0.06	16	7175.82	745	735.37	1.6666	1.669			736.21	1.6518	1.6536			0.8375	1	0.01098	0.02552	0.577	1.19159	1.01452	1.00	0	0
170039	Sumner Regional Medical Center	48620	48620	17	17	17950	20191	6	ourban	rural	S	0.7718		YES				1	0	0	42	2	0	0	0.2095	0.01625	0	0.01625	0.000012	663.8	0.000014	591.04	0.667	0.041	0		125	122.5	0.988	0.9757			122.54	0.9871	0.9737			0.8375	1	0	0	0.495	1.25	1	1.00	0	0
170040	University Of Kansas Hospital	28140	28140	28140	28140	17986	20209	6	lurban	lurban	N	0.9165						1	0.2745	0.4136	687	513	0.13935	0.1238	0.3	0.03491	0.06263	0.03491	0.001419	1132.86	0.001157	785.55	0.186	0.014	0		10690	10546.7	2.1502	2.1368	2449.54	2.1257	10559.7	2.1499	2.1369	2451.42	2.1326	0.942	1	0.10048	0.08212	0.307	1	1.00476	1.00	0	0
170049	Olathe Medical Center	28140	28140	28140	28140	17450	20091	6	lurban	lurban	N	0.9165						1	0	0	235	107	0	0	0.1145	0	0.02346	0		0		0	0.29	0.022	0		4164	4085.64	1.7055	1.6889			4094.23	1.707	1.6898			0.942	1	0.02934	0.02312	0.459	1	0.99932	0.98	0	0
170058	Mercy Hospital-Fort Scott	17	17	28140	17	17050	20011	6	rural	rural	W	0.9165						1	0	0	46	10	0	0	0.3158	0.03817	0	0.03		0	0.000044	505.75	0.304	0.034	14	4932.07	396	385.08	1.2253	1.2119			385.37	1.2323	1.2185			0.942	1	0.00012	0.00101	0.454	1.19197	1.00658	0.99	0	0
170068	Southwest Medical Center	17	17	11100	17	17870	20175	6	rural	rural	W	0.8154						1	0	0	68	16	0	0	0.2588	0.02642	0	0.02642		0		0	0.325	0.034	17	7392.77	639	619.62	1.6648	1.6511			621.18	1.6561	1.6426			0.8696	1	0.12279	0.1934	0.329	1.13379	0.99762	1.00	0	0
170074	Geary Community Hospital	17	17	17	17	17300	20061	6	rural	rural	N	0.7718						1	0	0	49	7	0	0	0.21	0.01635	0	0.01635		0	0.000051	834.2	0.395	0.094	0		383	374.52	1.296	1.281			375.08	1.2954	1.28			0.8375	1	0.14723	0.75368	0.439	1	1.002	0.99	0	0
170075	"Mercy Hospital, Inc"	17	17	17	17	17560	20113	6	rural	rural	N	0.7718						1	0	0	21	2	0	0	0.03095	0	0	0		0		0	0.335	0.053	0		156	155.09	0.9211	0.9192			155.12	0.9162	0.9146			0.8375	1	0	0	0.632	1.25	1	1.00	0	0
170086	Stormont Vail Hospital	45820	45820	45820	45820	17880	20177	6	ourban	ourban	N	0.8972						1	0.0024	0.0036	391	249	0.00131	0.00102	0.2831	0.03143	0.059	0.03143	0.000522	481.85	0.000589	464.19	0.223	0.019	0		9467	9343.54	1.7223	1.7111	841.65	1.6876	9353.84	1.7287	1.7174	842.48	1.6949	0.9284	1	0.02623	0.0277	0.441	1	0.99677	1.00	0	0
170103	Newton Medical Center	48620	48620	48620	48620	17390	20079	6	ourban	ourban	N	0.8407						1	0	0	76	25	0	0	0.11784	0	0	0		0	0.00007	391.89	0.361	0.036	0		1115	1087.91	1.5703	1.558			1092.33	1.5519	1.541			0.888	1	0.02641	0.03832	0.522	1.09977	1.0098	1.00	0	0
170104	Shawnee Mission Medical Center	28140	28140	28140	28140	17450	20091	6	lurban	lurban	N	0.9165						1	0.003	0.0049	328	204	0.00164	0.00138	0.181	0.01129	0.03733	0.01129	0.000499	725.44	0.000404	473.37	0.158	0.019	0		5527	5421.58	1.6668	1.6561	1343.36	1.7531	5433.67	1.667	1.6568	1345.81	1.7456	0.942	1	0.01565	0.03236	0.285	1	1.00538	1.00	0	0
170105	Mcpherson Hospital Inc	17	17	17	17	17560	20113	6	rural	rural	N	0.7718						1	0	0	37	8	0	0	0.11148	0	0	0		0		0	0.446	0.033	14	6733.93	392	382.98	1.2833	1.2724			383.48	1.2892	1.2783			0.8375	1	0.00379	0.00307	0.534	1.22189	1.00508	1.00	0	0
170109	Miami County Medical Center	28140	28140	28140	28140	17600	20121	6	lurban	lurban	N	0.9165						1	0	0	18	3	0	0	0.0667	0	0	0		0		0	0.448	0.03	0		286	274.13	1.2949	1.2941			275.38	1.2825	1.2824			0.942	1	0	0	0.49	1.25	1.01678	0.99	0	0
170110	Bob Wilson Memorial Grant County Hospital	17	17	17	17	17330	20067	6	rural	rural	N	0.7718						1	0	0	22	2	0	0	0.13543	0	0	0		0		0	1.048	0.023	16	8104.78	105	102.71	1.0359	1.027			102.9	1.0311	1.0219			0.8375	1	0.18909	0.00178	0.648	1.25	1	1.00	0	1
170120	Labette Health	17	17	27900	17	17490	20099	6	rural	rural	W	0.7718						1	0	0	45	18	0	0	0.2472	0.02402	0	0.02402		0		0	0.316	0.039	17	5976.56	985	946.17	1.6537	1.6495			949.52	1.6312	1.6251			0.8375	1	0.00839	0.02008	0.534	1.12189	1.00711	1.00	0	0
170122	"Via Christi Hospitals Wichita, Inc"	48620	48620	48620	48620	17860	20173	6	ourban	ourban	N	0.8407						1	0.1766	0.2732	660	395	0.09191	0.08015	0.2612	0.02691	0.05432	0.02691	0.001254	883.33	0.001248	727.98	0.214	0.018	0		11439	11211	1.9197	1.9055	1740.58	1.784	11231.3	1.9104	1.896	1742.56	1.778	0.888	1	0.04707	0.05091	0.409	1	0.99735	1.00	0	0
170123	Wesley Medical Center	48620	48620	48620	48620	17860	20173	6	ourban	ourban	N	0.8407						1	0.1777	0.3122	571	357	0.09246	0.0921	0.324	0.03986	0.06781	0.03986	0.000902	904.36	0.000843	717.47	0.116	0.012	0		8756	8639.55	1.9409	1.9299	1051.7	1.9877	8647.52	1.9476	1.9365	1052.82	1.9907	0.888	1	0.02908	0.04536	0.3	1	0.99642	1.00	0	0
170133	Saint Luke'S Cushing Hospital	28140	28140	28140	28140	17510	20103	6	lurban	lurban	N	0.9165						1	0	0	20	6	0	0	0.2273	0.01992	0	0.01992	0.000079	1850.43	0.000076	1380.34	0.296	0.042	0		376	363.97	1.2634	1.2496			365.17	1.2476	1.237			0.942	1	0.00005	0.009	0.348	1	1.0008	1.00	0	0
170137	Lawrence Memorial Hospital	29940	29940	28140	17	17220	20045	6	ourban	rural	S	0.9165		YES	YES			1	0	0	122	44	0	0	0.1691	0.00935	0	0.00935		0		0	0.26	0.019	16	6104.77	2650	2555.82	1.5191	1.5011			2563.13	1.5162	1.4987			0.942	1	0.00689	0.00512	0.406	1	1.00754	1.00	0	0
170142	"Via Christi Hospital Manhattan, Inc"	31740	31740	45820	31740	17800	20161	6	ourban	ourban	W	0.8972						1	0	0	87	36	0	0	0.195	0.01356	0	0.01356	0.000108	468.08	0.000101	364.96	0.335	0.027	7		1958	1913.67	1.5911	1.5771			1915.54	1.6083	1.5929			0.9284	1	0.00672	0.00703	0.433	1	1.00111	1.00	0	0
170145	"Coffeyville Regional Medical Center, Inc"	17	17	17	17	17620	20125	6	rural	rural	N	0.7776				YES	0.0058	1	0	0	47	14	0	0	0.2709	0.02891	0	0.02891		0		0	0.382	0.029	16	5149.95	882	863.05	1.4183	1.4082			863.65	1.4225	1.4108			0.8418	1	0.00014	0.00015	0.559	1.16538	0.99873	1.00	0	0
170146	Providence Medical Center	28140	28140	28140	28140	17986	20209	6	lurban	lurban	N	0.9165						1	0	0	158	102	0	0	0.225	0.01944	0.04662	0.01944	0.000168	382.29	0.000266	487.51	0.172	0.025	0		3483	3414.78	1.7195	1.697			3420.73	1.7159	1.6938			0.942	1	0.01138	0.03505	0.414	1	1.00809	0.98	0	0
170150	South Central Ks  Med Center	17	17	17	17	17170	20035	6	rural	rural	N	0.7832				YES	0.0114	1	0	0	37	7	0	0	0.2112	0.0166	0	0.0166		0		0	0.483	0.122	16	5334.28	449	443.28	1.1789	1.1706			444.14	1.1657	1.1603			0.8459	1	0.0025	0.01596	0.566	1.22432	1.00306	1.00	0	0
170166	Morton County Hospital	17	17	17	17	17640	20129	6	rural	rural	N	0.7718						1	0	0	30	2	0	0	0.0188	0	0	0		0		0	0.947	0.055	16	6054.23	133	131.79	0.9685	0.9663			131.87	0.9697	0.9681			0.8375	1	0.17639	0.1073	0.763	1.25	1	1.00	0	0
170175	Western Plains Medical Complex	17	17	48620	17	17280	20057	6	rural	rural	W	0.8407						1	0	0	60	16	0	0	0.325	0.03	0	0.03		0		0	0.268	0.027	16	5822.35	621	601.7	1.5216	1.5006			602.85	1.5185	1.4985			0.888	1	0.02374	0.03664	0.408	1.12985	1.01211	1.00	0	0
170176	Overland Park Reg Med Ctr	28140	28140	28140	28140	17450	20091	6	lurban	lurban	N	0.9165						1	0	0	268	142	0	0	0.2905	0.03295	0.06059	0.03295	0.000353	1122.74	0.000303	855.11	0.127	0.017	0		2762	2711.02	1.5197	1.5067			2715.2	1.5235	1.5103			0.942	1	0.03263	0.07844	0.196	1	1.00107	0.98	0	0
170182	Menorah Medical Center	28140	28140	28140	28140	17450	20091	6	lurban	lurban	N	0.9165						1	0	0	142	69	0	0	0.0551	0	0.01122	0		0		0	0.162	0.014	0		3040	2978.63	1.7073	1.7018			2984.06	1.7113	1.7058			0.942	1	0.02362	0.02421	0.402	1	0.99497	1.00	0	0
170183	Kansas Surgery & Recovery Center	48620	48620	48620	48620	17860	20173	6	ourban	ourban	N	0.8407						1	0	0	24	11	0	0	0.01911	0	0	0		0		0	0.307	0.023	0		874	872.45	2.2366	2.2359			872.55	2.1826	2.1818			0.888	1	0	0	0.508	1	1	1.00	0	0
170185	Saint Luke'S South Hospital	28140	28140	28140	28140	17450	20091	6	lurban	lurban	N	0.9165						1	0	0	88	41	0	0	0.07308	0	0	0		0		0	0.19	0.023	0		2300	2259.96	1.5059	1.5001			2264.83	1.4928	1.4875			0.942	1	0.01871	0.03809	0.464	1	1.00749	1.00	0	0
170186	Kansas Heart Hospital	48620	48620	48620	48620	17860	20173	6	ourban	ourban	N	0.8407						1	0	0	46	22	0	0	0.04189	0	0	0		0		0	0.37	0.021	0		1176	1164.13	2.6126	2.5948			1164.1	2.6373	2.6186			0.888	1	0.0099	0.0032	0.683	1	1.01531	1.00	0	0
170187	Salina Surgical Hospital	17	17	17	17	17840	20169	6	rural	rural	N	0.7718						1	0	0	15	5	0	0	0.03206	0	0	0		0		0	0.349	0.036	0		495	494.46	2.0892	2.0888			494.62	2.0356	2.0353			0.8375	1	0	0	0.59	1	1	1.00	0	0
170188	Kansas City Orthopaedic Institute	28140	28140	28140	28140	17450	20091	6	lurban	lurban	N	0.9165						1	0	0	9	5	0	0	0	0	0	0		0		0	0.313	0.035	0		364	361.91	2.1493	2.1489			362.73	2.0892	2.0886			0.942	1	0	0	0.482	1	1	1.00	0	0
170190	Manhattan Surgical Hospital Llc	31740	31740	31740	31740	17800	20161	6	ourban	ourban	N	0.8649						1	0	0	13	2	0	0	0.02693	0	0	0		0		0	0.301	0.047	0		258	256.9	2.1131	2.1123			257.23	2.0586	2.0577			0.9054	1	0	0	0.426	1	1	0.97	0	0
170191	Great Bend Regional Hospital	17	17	17	17	17040	20009	6	rural	rural	N	0.7718						1	0	0	33	13	0	0	0.2531	0.02524	0	0.02524		0		0	0.422	0.074	16	7058.17	708	703.25	1.5642	1.5597			703.8	1.5447	1.54			0.8375	1	0.00247	0.00966	0.379	1.16879	1.00051	1.00	0	0
170194	Doctors Hospital Llc	28140	28140	28140	28140	17450	20091	6	lurban	lurban	N	0.9165						1	0	0	9	1	0	0	0.3185	0.03	0	0.03	0.000006	470.92	0.000003	199.8	0.213	0.033	0		53	51.6	4.1628	4.2028			51.64	4.112	4.1484			0.942	1	0.0024	0.0392	0.616	1	1	1.00	0	0
170196	"Kansas Spine & Specialty Hospital, Llc"	48620	48620	48620	48620	17860	20173	6	ourban	ourban	N	0.8407						1	0	0	36	12	0	0	0.08194	0	0	0		0		0	0.205	0.018	0		859	851.32	2.9094	2.9114			851.62	2.8964	2.8977			0.888	1	0.00025	0.00035	0.411	1	1	1.00	0	0
170197	Kansas Medical Center Llc	48620	48620	48620	48620	17070	20015	6	ourban	ourban	N	0.8407						1	0	0	56	26	0	0	0.04783	0	0	0		0		0	0.353	0.053	0		1510	1490.85	2.2061	2.2003			1491.49	2.2037	2.196			0.888	1	0.00574	0.02618	0.632	1	1.00465	0.99	0	0
170198	"Summit Surgical, Llc"	17	17	17	17	17770	20155	6	rural	rural	N	0.7718						1	0	0	10	2	0	0	0.0282	0	0	0		0		0	0.422	0.058	0		144	143.67	2.0922	2.0923			143.82	2.0341	2.0342			0.8375	1	0	0	0.476	1	1	1.00	0	0
170199	Minimally Invasive Surgery Hospital	28140	28140	28140	28140	17450	20091	6	lurban	lurban	N	0.9165						1	0	0	9	0	0	0	0.2	0.01438	0	0.01438		0	0	32.63	0.213	0.023	0		42	42	1.7067	1.7067			42	1.7057	1.7057			0.942	1	0.31016	0.55066	0.483	1	1	1.00	0	0
170200	"Via Christi Hospital Wichita St Teresa, Inc"	48620	48620	48620	48620	17860	20173	6	ourban	ourban	N	0.8407						1	0	0	39	13	0	0	0.05973	0	0	0		0		0	0.24	0.033	0		763	751.38	1.447	1.4433			752.43	1.454	1.4509			0.888	1	0.03266	0.07832	0.586	1	1.00118	0.99	0	0
170201	"Blue Valley Hospital, Inc"	28140	28140	28140	28140	17450	20091	6	lurban	lurban	N	0.9165						1	0	0	4	2	0	0	0.7923	0.03	0	0.03	0.000008	800.68	0.000004	523.13	0.116	0.005	0		92	91.52	1.9434	1.9362			91.53	1.9402	1.9329			0.942	1	0.17439	0.04364	0.246	1	1	1.00	1	0
170203	Premier Surgical Institute	17	17	22220	17	17100	20021	6	rural	rural	W	0.8						1	0	0	36	8	0	0	0.02732	0	0	0		0		0	0.223	0.061	0		751	747.69	3.2964	3.2889			747.87	3.246	3.2386			0.8583	1	0	0.00144	0.646	1	1	1.00	0	0
180001	St Elizabeth Ft Thomas	17140	17140	17140	17140	18180	21037	5	lurban	lurban	N	0.9203						1	0	0	137	87	0	0	0.3395	0.04306	0.07117	0.04306	0.000149	471.78	0.000125	316.64	0.298	0.03	0		2390	2355.01	1.3958	1.3892			2357.6	1.4056	1.3991			0.9447	1	0.0445	0.06512	0.408	1	0.99228	0.99	0	0
180002	Whitesburg Arh Hospital	18	18	18	18	18660	21133	5	rural	rural	N	0.7965						1	0	0	90	36	0	0	0.4602	0.03	0	0.03	0.00007	442.89	0.0001	514.87	0.228	0.015	16	5009.03	1298	1275.34	1.2402	1.2373			1277.2	1.2113	1.2083			0.8557	1	0.00454	0.00289	0.453	1	1.01462	0.98	0	0
180004	Owensboro Health Muhlenberg Community Hospital	18	18	18	18	18880	21177	5	rural	rural	N	0.7965						1	0	0	51	16	0	0	0.3119	0.03	0	0.03	0.000038	439.65	0.000059	534.92	0.344	0.014	0		649	632.09	1.2552	1.2395			632.76	1.2517	1.2355			0.8557	1	0.00965	0.00094	0.589	1.20212	0.99964	0.99	0	0
180005	Highlands Regional Medical Center	18	18	26580	18	18350	21071	5	rural	rural	W	0.825						1	0	0	127	50	0	0	0.4717	0.07033	0	0.07033	0.000105	517.01	0.000134	546.98	0.358	0.026	7		1571	1543.94	1.3001	1.2937			1545.28	1.3004	1.2941			0.8766	1	0.02589	0.02295	0.447	1	0.99526	0.99	0	0
180009	King'S Daughters' Medical Center	26580	26580	26580	26580	18090	21019	5	ourban	ourban	N	0.8369						1	0	0	461	174	0	0	0.4111	0.05783	0.08681	0.05783	0.000386	515.31	0.000544	561.39	0.254	0.03	0		6246	6163.85	1.6887	1.6791			6170.55	1.6924	1.6828			0.8852	1	0.02253	0.05272	0.447	1	0.99844	0.98	0	0
180010	Saint Joseph Hospital	30460	30460	30460	30460	18330	21067	5	ourban	ourban	N	0.9022						1	0.0094	0.011	258	185	0.00513	0.00311	0.2465	0.02388	0.05118	0.02388	0.000281	422.26	0.000243	282.74	0.344	0.04	0		5257	5153.48	2.145	2.1299	2054.56	2.0642	5167.32	2.143	2.1282	2059.08	2.0645	0.9319	1	0.04647	0.08864	0.448	1	0.99541	1.00	0	0
180011	Saint Joseph London	18	18	18	18	18620	21125	5	rural	rural	N	0.7965						1	0	0	150	55	0	0	0.5202	0.08033	0	0.08033	0.000165	665.62	0.000208	656.79	0.261	0.043	7		2116	2080	1.7159	1.699			2084.54	1.6974	1.6807			0.8557	1	0.00383	0.02485	0.409	1	1.00648	1.00	0	0
180012	Hardin Memorial Hospital	21060	21060	31140	21060	18460	21093	5	ourban	ourban	W	0.877						1	0	0	270	137	0	0	0.3031	0.03555	0.0633	0.03555	0.000284	465.57	0.000297	387.51	0.395	0.005	7		4942	4865.7	1.5324	1.5239			4871.43	1.5289	1.5199			0.914	1	0.02228	0.00033	0.455	1	1.00489	1.00	0	0
180013	The Medical Center At Bowling Green	14540	14540	34980	14540	18986	21227	5	ourban	ourban	W	0.8577						1	0.0373	0	301	220	0.02017	0	0.3843	0.0523	0.08093	0.0523	0.000317	422.81	0.000463	505.51	0.244	0.013	7		6267	6205.53	1.7131	1.7046	1142.61	1.8327	6210.3	1.7133	1.705	1143.41	1.8438	0.9002	1	0.01039	0.00393	0.429	1	0.99585	0.98	0	0
180016	Jewish Hospital - Shelbyville	31140	31140	18	18	18978	21211	5	ourban	rural	S	0.7965		YES				1	0	0	30	9	0	0	0.2442	0.0234	0	0.0234	0.000037	647.27	0.00003	349.48	0.338	0.055	14	4409.4	417	393.8	1.3263	1.3057			395.97	1.3137	1.2984			0.8557	1	0.00208	0.01585	0.491	1.21288	1	0.99	1	0
180017	T J Samson Community Hospital	18	18	34980	18	18040	21009	5	rural	rural	W	0.8577						1	0.0944	0.2231	119	49	0.05023	0.06498	0.4291	0.06154	0	0.06154	0.0002	755.46	0.000202	622.9	0.324	0.026	7		2157	2085.8	1.5462	1.5283	218.75	1.6674	2090.18	1.5526	1.5344	219.38	1.6634	0.9002	1	0.00601	0.00684	0.429	1	0.99536	1.00	0	0
180018	St Claire Regional Medical Center	18	18	18	18	18975	21205	5	rural	rural	N	0.7965						1	0.1131	0.2272	91	42	0.05987	0.06622	0.4797	0.07198	0	0.03	0.000101	486.09	0.000124	500.24	0.283	0.023	17	4275.38	1737	1691.69	1.4691	1.461	383.05	1.457	1695.33	1.4663	1.4579	383.81	1.4685	0.8557	1	0.00982	0.01156	0.42	1	1.0021	1.00	0	0
180019	Meadowview Regional Medical Center	18	18	18	18	18800	21161	5	rural	rural	N	0.7965						1	0	0	100	19	0	0	0.3991	0.03	0	0.05535	0.000051	400.21	0.00006	382.17	0.17	0.015	0		1052	1010.58	1.5795	1.5524			1014.54	1.5868	1.5589			0.8557	1	0.01061	0.01395	0.428	1.09811	1.01093	1.00	0	0
180020	Middlesboro Appalachian Regional Healthcare Hospit	18	18	18	18	18060	21013	5	rural	rural	N	0.7965						1	0	0	73	21	0	0	0.4349	0.03	0	0.03	0.000061	731.12	0.000081	686.82	0.262	0.016	0		587	571.03	1.4734	1.4697			571.86	1.4663	1.4625			0.8557	1	0.00281	0.00041	0.476	1	1.00862	0.99	0	0
180021	Southeastern Ky Medical Center	18	18	18	18	18060	21013	5	rural	rural	N	0.7965						1	0	0	104	18	0	0	0.50847	0.03	0	0.07791	0.000035	367.32	0.000053	399.17	0.475	0.021	0		692	677.66	1.0313	1.0261			678.47	1.0322	1.0268			0.8557	1	0	0	0.557	1	1.01563	0.99	0	0
180024	Spring View Hospital	18	18	18	18	18770	21155	5	rural	rural	N	0.7965						1	0	0	75	12	0	0	0.4645	0.03	0	0.03	0.000039	739.99	0.000049	642.76	0.269	0.03	0		348	329.19	1.3285	1.3059			330.01	1.342	1.3143			0.8557	1	0.00051	0.00271	0.371	1.17879	1.00658	1.00	0	0
180025	Flaget Memorial Hospital	18	18	31140	31140	18890	21179	5	rural	lurban	L	0.877	LUGAR					1	0	0	40	19	0	0	0.2996	0.03	0	0.03	0.000059	612.13	0.000036	305.66	0.248	0.024	0		809	779.34	1.6793	1.6735			781.67	1.6611	1.6546			0.914	1	0.00811	0.01315	0.441	1.13917	1.01081	1.00	0	0
180027	Murray-Calloway County Hospital	18	18	18	18	18170	21035	5	rural	rural	N	0.7965						1	0	0	128	49	0	0	0.2819	0.03118	0	0.03118	0.000071	356.44	0.000096	370.72	0.272	0.024	7		1565	1554.07	1.3856	1.3837			1555.57	1.3848	1.3829			0.8557	1	0.01318	0.01648	0.473	1	1.002	0.99	0	0
180029	Hazard Arh Regional Medical Center	18	18	30460	18	18960	21193	5	rural	rural	W	0.8887						1	0.03	0.0388	202	119	0.01626	0.01101	0.4607	0.06806	0	0.06806	0.000257	529.86	0.000349	580.27	0.235	0.01	7		3988	3921.55	1.6211	1.6082	441.93	1.6106	3927.41	1.6125	1.6	442.75	1.5947	0.9224	1	0.02575	0.00481	0.492	1	1	0.97	0	0
180035	St Elizabeth Medical Center North	17140	17140	17140	17140	18580	21117	5	lurban	lurban	N	0.9203						1	0.054	0.0814	472	318	0.02906	0.02324	0.3238	0.03982	0.06777	0.03982	0.00058	608.11	0.000584	503.42	0.267	0.024	0		7631	7550.32	1.7164	1.7095	3010.67	1.7439	7555.58	1.7216	1.7146	3012.53	1.7396	0.9447	1	0.04863	0.0592	0.324	1	0.99976	0.99	0	0
180036	Our Lady Of Bellefonte Hospital	26580	26580	26580	26580	18440	21089	5	ourban	ourban	N	0.8369						1	0.0312	0.0666	135	82	0.0169	0.01897	0.3951	0.05453	0.0833	0.05453	0.000128	371.98	0.000147	350.6	0.253	0.016	0		2817	2770.32	1.5234	1.5126	493.06	1.499	2774.26	1.525	1.5135	494.59	1.4911	0.8852	1	0.02803	0.01454	0.459	1	1.00455	0.98	0	0
180038	Owensboro Health Regional Hospital	36980	36980	21780	18	18290	21059	5	ourban	rural	S	0.8821		YES	YES			1	0	0	434	207	0	0	0.3219	0.03943	0	0.03943		0		0	0.343	0.068	17	7223.07	6348	6221.13	1.7337	1.7125			6232.84	1.7256	1.7043			0.9177	1	0.10366	0.43545	0.414	1	0.99102	1.00	0	0
180040	Jewish Hospital & St Mary'S Healthcare	31140	31140	31140	31140	18550	21111	5	lurban	lurban	N	0.877						1	0.0461	0.0722	708	501	0.02487	0.02058	0.5448	0.0854	0.11664	0.0854	0.000987	790.14	0.001475	917.13	0.253	0.031	0		9764	9588.95	2.026	2.013	3332.61	1.9114	9607.34	2.0281	2.0153	3337.42	1.9012	0.914	1	0.05129	0.11986	0.297	1	0.99517	0.99	0	0
180043	Memorial Hospital	18	18	18	18	18250	21051	5	rural	rural	N	0.7965						1	0	0	63	19	0	0	0.6192	0.10075	0	0.03	0.000069	728.08	0.000101	789.97	0.252	0.018	17	5207.38	766	733.12	1.2794	1.2734			735.81	1.2759	1.2716			0.8557	1	0.00414	0.0037	0.423	1.12795	1.01601	0.99	0	0
180044	Pikeville Medical Center	18	18	26580	18	18970	21195	5	rural	rural	W	0.825						1	0.0502	0.0831	211	176	0.02705	0.02373	0.4091	0.05741	0	0.05741		0		0	0.14	0.013	17	7579.31	6872	6795.17	1.909	1.8878	877.82	1.9413	6800	1.927	1.9057	878.09	1.9594	0.8766	1	0.05976	0.0776	0.454	1	1.00205	0.99	0	0
180045	St Elizabeth Florence	17140	17140	17140	17140	18070	21015	5	lurban	lurban	N	0.9203						1	0	0	153	103	0	0	0.3315	0.04141	0.06943	0.04141	0.000205	523.23	0.000169	363.7	0.265	0.026	0		3139	3078.72	1.3988	1.3895			3083.68	1.4016	1.3917			0.9447	1	0.02117	0.03138	0.371	1	1.00167	0.99	0	0
180046	Bourbon Community Hospital	30460	30460	30460	30460	18080	21017	5	ourban	ourban	N	0.9022						1	0	0	34	11	0	0	0.6434	0.03	0	0.03	0.000028	725.88	0.000035	795.39	0.247	0.019	0		304	297.98	1.0954	1.0884			298.36	1.0931	1.0865			0.9319	1	0.06365	0.05689	0.308	1	1	1.00	0	0
180048	Ephraim Mcdowell Regional Medical Center	18	18	30460	18	18100	21021	5	rural	rural	W	0.8887						1	0	0	170	80	0	0	0.3651	0.04834	0	0.04834	0.000171	486.24	0.000222	513.36	0.322	0.03	7		2952	2895.99	1.6466	1.6319			2903.13	1.6356	1.6207			0.9224	1	0.01336	0.01993	0.476	1	1.00151	0.99	0	0
180049	Baptist Health Richmond	18	18	30460	18	18750	21151	5	rural	rural	W	0.8887						1	0	0	73	31	0	0	0.3962	0.05475	0	0.03	0.000072	531.74	0.000111	667.63	0.23	0.013	7		1068	1038.85	1.5492	1.5423			1040.13	1.5555	1.5475			0.9224	1	0.02474	0.01046	0.356	1.0078	1.00559	0.99	0	0
180050	Harlan Arh Hospital	18	18	18	18	18470	21095	5	rural	rural	N	0.7965						1	0	0	73	37	0	0	0.504	0.07699	0	0.03	0.000082	417.46	0.000114	461.11	0.273	0.012	17	5044.09	1499	1467.17	1.1867	1.1716			1468.91	1.1912	1.1761			0.8557	1	0.0037	0.0004	0.437	1	1.00778	0.97	0	0
180051	Jennie Stuart Medical Center	17300	17300	34980	18	18230	21047	5	ourban	rural	S	0.8577		YES	YES			1	0	0	194	49	0	0	0.3739	0.03	0	0.05015		0		0	0.294	0.025	16	5894.26	1980	1943.5	1.3603	1.3422			1945.41	1.3608	1.3417			0.9002	1	0.01028	0.01179	0.458	1	0.99971	0.98	0	0
180053	Fleming County Hospital	18	18	18	18	18340	21069	5	rural	rural	N	0.7965						1	0	0	52	9	0	0	0.3148	0.03797	0	0.03	0.000024	439.85	0.000027	338.25	0.401	0.06	14	4999.58	353	338.89	1.2426	1.2242			340.22	1.2283	1.2119			0.8557	1	0	0	0.511	1.21106	1.00889	0.99	0	0
180056	Methodist Hospital	21780	21780	21780	21780	18500	21101	5	ourban	ourban	N	0.9089						1	0.0562	0.1173	121	48	0.03023	0.03366	0.4421	0.06422	0.09365	0.06422	0.000148	851.51	0.000176	761.25	0.278	0.027	0		1315	1277.49	1.3453	1.3273	405.82	1.4264	1280.51	1.3528	1.3358	406.41	1.4409	0.9367	1	0.02569	0.03616	0.359	1	0.99218	0.98	0	0
180064	Saint Joseph Mount Sterling	18	18	18	18	18860	21173	5	rural	rural	N	0.8163				YES	0.0198	1	0	0	42	20	0	0	0.3996	0.03	0	0.03	0.000062	766.79	0.000058	553.03	0.43	0.1	0		614	597.29	1.572	1.5579			598.66	1.5349	1.5183			0.8702	1	0.03319	0.13638	0.42	1.15356	1.00171	0.99	0	0
180066	Logan Memorial Hospital	18	18	18	18	18700	21141	5	rural	rural	N	0.8323				YES	0.0358	1	0	0	75	11	0	0	0.2683	0.02837	0	0.02837	0.000019	297.4	0.000017	205.04	0.206	0.03	14	4643	498	487.16	1.3124	1.3047			488.17	1.3054	1.2986			0.8819	1	0.00304	0.01213	0.634	1.21705	1.01081	1.00	0	0
180067	University Of Kentucky Hospital	30460	30460	30460	30460	18330	21067	5	ourban	ourban	N	0.9022						1	0.3298	0.4076	829	687	0.16519	0.1219	0.5658	0.08973	0.1214	0.08973	0.001653	1568.77	0.002052	1640.05	0.256	0.022	0		9190	9061.4	2.2535	2.2313	2450.06	2.1011	9070.82	2.2724	2.2509	2451.73	2.1204	0.9319	1	0.15234	0.17562	0.241	1	0.99683	0.99	0	0
180069	Tug Valley Arh Regional Medical Center	18	18	26580	18	18970	21195	5	rural	rural	W	0.825						1	0	0	88	22	0	0	0.49	0.0741	0	0.03	0.00006	450.02	0.000072	449.84	0.22	0.005	7		1082	1061.79	1.2261	1.2188			1063.95	1.2196	1.2127			0.8766	1	0.00168	0	0.518	1	1.0138	0.97	0	0
180070	Twin Lakes Regional Medical Center	18	18	18	18	18420	21085	5	rural	rural	N	0.7965						1	0	0	75	24	0	0	0.4732	0.07064	0	0.03	0.00005	427.29	0.000068	448.65	0.339	0.036	14	5138.67	838	808.99	1.3013	1.2831			810.72	1.2994	1.281			0.8557	1	0.00495	0.00909	0.481	1.09515	1.00792	1.00	0	0
180078	Paul B Hall Regional Medical Center	18	18	26580	18	18570	21115	5	rural	rural	W	0.825						1	0	0	72	18	0	0	0.3888	0.03	0	0.03	0.000033	320.17	0.000061	492.61	0.093	0.01	0		854	833.62	1.2546	1.2421			835.46	1.2611	1.2503			0.8766	1	0.01038	0.02091	0.528	1	1.01317	1.00	0	0
180079	Harrison Memorial Hospital	18	18	18	18	18480	21097	5	rural	rural	N	0.8229				YES	0.0264	1	0	0	61	12	0	0	0.3814	0.0517	0	0.03	0.000041	594.34	0.000044	536.93	0.488	0.057	14	4319.75	616	603.42	1.1537	1.1489			604.46	1.1498	1.1459			0.875	1	0.05519	0.12911	0.424	1	1.0085	1.00	0	0
180080	Baptist Health Corbin	18	18	18	18	18990	21235	5	rural	rural	N	0.7965						1	0	0	248	109	0	0	0.5426	0.08495	0	0.08495	0.000246	670.45	0.0003	648.61	0.252	0.017	7		2875	2831.05	1.5162	1.4983			2834.85	1.5117	1.4971			0.8557	1	0.02503	0.01922	0.373	1	0.99995	0.99	0	0
180087	Taylor Regional Hospital	18	18	18	18	18981	21217	5	rural	rural	N	0.7965						1	0	0	90	28	0	0	0.3348	0.04209	0	0.03	0.000049	347.31	0.000067	386.02	0.273	0.028	14	6098.08	1111	1081.73	1.383	1.3678			1083.34	1.4032	1.3884			0.8557	1	0.0051	0.00872	0.521	1.06288	0.99892	1.00	0	0
180088	Norton Hospital / Norton Healthcare Pavilion / Nor	31140	31140	31140	31140	18550	21111	5	lurban	lurban	N	0.877						1	0.1068	0.1463	1362	965	0.05664	0.04215	0.4548	0.06684	0.09647	0.06684	0.001879	881.01	0.002516	1008.69	0.209	0.013	0		18207	17881.5	1.8413	1.8267	5733.51	1.9062	17930.9	1.8448	1.8314	5750.11	1.9086	0.914	1	0.02302	0.00939	0.259	1	0.99409	1.00	0	0
180092	Clark Regional Medical Center	30460	30460	30460	30460	18240	21049	5	ourban	ourban	N	0.9022						1	0	0	54	21	0	0	0.4901	0.03	0	0.03	0.000076	658.17	0.000081	614.78	0.177	0.018	0		968	942.01	1.2633	1.2557			944.22	1.2635	1.2563			0.9319	1	0.00164	0.00241	0.304	1	1.01024	1.00	0	0
180093	Baptist Health Madisonville	18	18	21780	18	18530	21107	5	rural	rural	W	0.8821						1	0.1249	0.1797	154	97	0.06591	0.05202	0.3283	0.04075	0	0.04075		0		0	0.234	0.029	17	6116.66	2874	2814.92	1.5999	1.5855	580.91	1.5769	2819.39	1.6133	1.598	581.63	1.6049	0.9177	1	0.03578	0.08617	0.449	1	0.99455	0.99	0	0
180095	Crittenden Health System	18	18	18	18	18270	21055	5	rural	rural	N	0.7965						1	0	0	48	11	0	0	0.273	0.02934	0	0.02934	0.000017	291.31	0.000017	223.64	0.398	0.043	16	4378.52	442	435.69	1.0762	1.0548			436.03	1.079	1.0579			0.8557	1	0	0	0.552	1.21197	1	0.99	0	0
180101	Georgetown Community Hospital	30460	30460	30460	30460	18977	21209	5	ourban	ourban	N	0.9022						1	0	0	75	16	0	0	0.3486	0.03	0	0.03	0.00006	794.25	0.000046	510.09	0.189	0.016	0		638	622.65	1.4181	1.4142			623.26	1.4118	1.407			0.9319	1	0.00196	0.00262	0.325	1	1.00383	1.00	0	0
180102	Lourdes Hospital	18	18	14	18	18720	21145	5	rural	rural	W	0.8486						1	0	0	275	120	0	0	0.2597	0.0266	0	0.0266	0.000136	254.14	0.000174	263.05	0.226	0.016	7		4567	4489.76	1.8186	1.8076			4495.39	1.824	1.8132			0.8937	1	0.01014	0.00648	0.524	1	0.99955	0.98	0	0
180103	Baptist Health Lexington	30460	30460	30460	30460	18330	21067	5	ourban	ourban	N	0.9022						1	0.0052	0.008	360	216	0.00284	0.00226	0.2812	0.03104	0.0586	0.03104	0.00035	497.97	0.00041	490.07	0.212	0.032	0		5938	5858.56	1.9875	1.9759	2066.37	2.0134	5867.5	1.9965	1.9849	2070.32	2.0125	0.9319	1	0.09189	0.25873	0.323	1	0.99868	1.00	0	0
180104	Baptist Health Paducah	18	18	14	18	18720	21145	5	rural	rural	W	0.8486						1	0	0	271	136	0	0	0.3029	0.03551	0	0.03551	0.00027	490.83	0.00025	356.33	0.229	0.016	7		4212	4161.46	1.6637	1.6524			4163.13	1.6749	1.6636			0.8937	1	0.08552	0.06126	0.425	1	0.992	0.99	0	0
180105	Monroe County Medical Center	18	18	18	18	18850	21171	5	rural	rural	N	0.7965						1	0	0	49	16	0	0	0.3407	0.03	0	0.03	0.000027	292.77	0.000047	393.13	0.396	0.028	16	4074.4	697	683.43	0.9047	0.8996			684.26	0.9028	0.8979			0.8557	1	0	0	0.606	1.17879	0.99117	0.98	0	0
180106	The Medical Center At Albany	18	18	18	18	18260	21053	5	rural	rural	N	0.7965						1	0	0	38	8	0	0	0.4482	0.06548	0	0.03	0.000028	526.93	0.00004	519.1	0.421	0.03	14	5467.05	425	417.42	0.9713	0.9627			417.57	0.9728	0.9635			0.8557	1	0	0	0.681	1.25	0.99387	0.99	0	0
180115	Rockcastle Regional Hospital & Respiratory Care Ct	18	18	18	18	18974	21203	5	rural	rural	N	0.7965						1	0	0	26	8	0	0	0.3603	0.04735	0	0.03	0.000031	512.98	0.000037	498.99	0.377	0.028	14	4477.57	519	512.21	0.9833	0.9814			512.45	0.9897	0.9879			0.8557	1	0.0097	0.00899	0.627	1	1	0.99	0	0
180116	Jackson Purchase Medical Center	18	18	14	18	18410	21083	5	rural	rural	W	0.8486						1	0	0	107	38	0	0	0.3116	0.03731	0	0.03731	0.000065	341.67	0.00008	348.76	0.182	0.016	7		1620	1599.17	1.4491	1.4337			1601.7	1.4426	1.4277			0.8937	1	0.00371	0.00524	0.486	1	1.00065	0.97	0	0
180124	Tristar Greenview Regional Hospital	14540	14540	34980	14540	18986	21227	5	ourban	ourban	W	0.8577						1	0	0	186	47	0	0	0.1909	0.0129	0.03941	0.0129	0.000089	332.07	0.000048	156.39	0.192	0.018	7		2463	2408.62	1.6527	1.6466			2417.41	1.652	1.647			0.9002	1	0.01081	0.01455	0.526	1	1.00234	0.97	0	0
180127	Frankfort Regional Medical Center	18	18	17140	18	18360	21073	5	rural	rural	W	0.9203						1	0	0	110	61	0	0	0.305	0.03594	0	0.03594	0.000128	619.48	0.000122	504.19	0.161	0.014	7		1816	1786.88	1.5185	1.5116			1789.11	1.5193	1.5138			0.9447	1	0.00585	0.0067	0.339	1	0.99844	0.99	0	0
180128	Three Rivers Medical Center	18	18	18	18	18630	21127	5	rural	rural	N	0.7965						1	0	0	65	15	0	0	0.4738	0.03	0	0.03	0.000042	454.36	0.000059	518.47	0.132	0.013	16	5019.59	765	739.44	1.2163	1.2032			740.39	1.2243	1.2119			0.8557	1	0.00034	0.00142	0.465	1.14947	1.00537	1.00	0	0
180130	Baptist Health Louisville	31140	31140	31140	31140	18550	21111	5	lurban	lurban	N	0.877						1	0	0	468	331	0	0	0.16	0.00788	0.03293	0.00788	0.000291	234.6		0	0.224	0.014	0		10173	10008.1	1.9021	1.8902			10035.1	1.9037	1.8924			0.914	1	0.06835	0.03151	0.431	1	0.99429	1.00	0	0
180132	Lake Cumberland Regional Hospital	18	18	30460	18	18972	21199	5	rural	rural	W	0.8887						1	0.0145	0.0208	258	122	0.00789	0.00589	0.491	0.07431	0	0.07431	0.000225	427.09	0.000325	488.47	0.124	0.009	17	4959.61	4082	4017.24	1.6023	1.5983	794.39	1.696	4021.2	1.6149	1.6106	795.03	1.712	0.9224	1	0.01339	0.01257	0.447	1	0.99579	0.99	0	0
180138	Baptist Health La Grange	31140	31140	31140	31140	18920	21185	5	lurban	lurban	N	0.877						1	0	0	90	18	0	0	0.3437	0.03	0	0.03	0.000061	912.25	0.000061	710.87	0.215	0.013	0		588	568.22	1.6959	1.68			569.72	1.6999	1.6842			0.914	1	0.00986	0.00505	0.299	1.11394	1.01163	1.00	0	0
180139	Kentucky River Medical Center	18	18	18	18	18120	21025	5	rural	rural	N	0.7965						1	0	0	49	16	0	0	0.7345	0.03	0	0.03	0.000043	460.41	0.000058	501.76	0.126	0.039	16	4172.79	805	788.2	1.214	1.2003			788.62	1.2256	1.2105			0.8557	1	0.00136	0.02224	0.403	1.11508	1.00041	0.99	0	0
180141	University Of Louisville Hospital	31140	31140	31140	31140	18550	21111	5	lurban	lurban	N	0.877						1	0.6398	0.8275	333	256	0.29939	0.26304	0.5349	0.08336	0.1144	0.08336	0.000537	1172.83	0.000803	1355.64	0.174	0.013	0		3457	3402.04	2.0715	2.0412	1032.19	2.0656	3404.58	2.0922	2.0629	1033.88	2.0841	0.914	1	0.06396	0.04946	0.23	1	0.9906	1.00	0	0
180143	Saint Joseph East	30460	30460	30460	30460	18330	21067	5	ourban	ourban	N	0.9022						1	0	0	164	87	0	0	0.4544	0.06676	0.09638	0.06676	0.000257	968.17	0.000298	941.11	0.326	0.043	0		2151	2077.14	1.8203	1.8041			2097.31	1.8036	1.7905			0.9319	1	0.01192	0.02952	0.201	1	1.00116	0.97	0	0
180149	T J Health Columbia	18	18	18	18	18000	21001	5	rural	rural	N	0.7965						1	0	0	49	3	0	0	0.52771	0.08188	0	0.03	0.000016	1261.55	0.000014	529.55	0.273	0.026	14	5060.04	13	12.04	0.8963	0.8891			12.12	0.8981	0.8912			0.8557	1	0	0	0.713	1.25	1	1.00	0	0
190002	Lafayette General Medical Center	29180	29180	29180	29180	19270	22055	7	ourban	ourban	N	0.7818						1	0.0504	0.0666	288	213	0.02715	0.01897	0.4026	0.05607	0.08494	0.05607	0.000458	467.35	0.000524	477.76	0.189	0.013	0		8527	8377.31	1.9229	1.9103	1187.24	1.9933	8392.9	1.9199	1.9068	1188.9	1.994	0.8449	1	0.05468	0.0347	0.415	1	1.00119	0.99	0	0
190004	Thibodaux Regional Medical Center	26380	26380	35380	26380	19280	22057	7	ourban	ourban	W	0.8213						1	0	0	145	75	0	0	0.21	0.01635	0.04344	0.01635	0.000152	428.9	0.000156	346.84	0.195	0.019	0		2804	2727.91	1.6739	1.659			2735.37	1.6764	1.662			0.8739	1	0.0139	0.01917	0.424	1	1.00539	0.99	0	0
190005	University Medical Center New Orleans	35380	35380	35380	35380	19350	22071	7	lurban	lurban	N	0.8332						1	1.3078	1.5	200	140	0.54421	0.52699	0.7819	0.1343	0.17156	0.1343	0.003092	20728.48	0.002027	12986.79	0.316	0.11	0		1447	1428.71	2.0007	1.9888	654.88	2.0581	1429.47	2.02	2.0078	655.12	2.0702	0.8825	1	0.13955	1.29969	0.112	1	0.99958	1.00	0	0
190006	University Hospital & Clinics	29180	29180	29180	29180	19270	22055	7	ourban	ourban	N	0.7818						1	0.3629	1.5	116	39	0.18035	0.52699	0.9463	0.16821	0.21122	0.16821	0.001254	22159.07	0.000861	12774.57	0.444	0.066	0		473	464.92	1.4053	1.4041	57.14	1.489	465.38	1.4238	1.4233	57.46	1.4781	0.8449	1	0.0907	0.34597	0.143	1	1.00581	1.00	0	0
190007	Natchitoches Regional Medical Center	19	19	43340	19	19340	22069	7	rural	rural	W	0.8331						1	0	0	81	26	0	0	0.3507	0.03	0	0.03		0		0	0.31	0.026	16	5903.27	861	836.25	1.3596	1.3353			839.26	1.3552	1.3323			0.8825	1	0.00598	0.00673	0.403	1.09864	1.01495	1.00	0	0
190008	Terrebonne General Medical Center	26380	26380	35380	19	19540	22109	7	ourban	rural	S	0.8213		YES	YES			1	0	0	188	106	0	0	0.3515	0.04553	0	0.04553	0.000237	544.9	0.000319	598.95	0.294	0.036	7		3598	3535.24	1.8396	1.825			3541.65	1.8299	1.8152			0.8739	1	0.03365	0.07129	0.436	1	1.00378	0.99	0	0
190011	University Health Conway	33740	33740	33740	33740	19360	22073	7	ourban	ourban	N	0.7968						1	0.1994	0.4955	125	45	0.10316	0.15008	0.7798	0.13387	0.17106	0.13387	0.000445	7016.28	0.000221	3072.11	0.257	0.025	0		578	566.24	1.4303	1.416	91.37	1.3865	567.07	1.4274	1.4143	91.37	1.3968	0.8559	1	0.0566	0.10588	0.111	1	0.99593	1.00	0	0
190013	West Calcasieu Cameron Hospital	29340	29340	29340	29340	19090	22019	7	ourban	ourban	N	0.7723						1	0	0	107	29	0	0	0.2555	0.02573	0.0531	0.02573	0.000116	753.51	0.000093	451.83	0.417	0.027	0		1133	1107.7	1.5559	1.5378			1109.32	1.5597	1.5421			0.8378	1	0.01051	0.00624	0.487	1	1.00865	0.98	0	0
190014	Teche Regional Medical Center	19	19	12940	19	19500	22101	7	rural	rural	W	0.7971						1	0	0	140	21	0	0	0.4173	0.03	0	0.05911		0		0	0.161	0.014	16	6478.91	787	767.47	1.3562	1.3477			769.26	1.362	1.3544			0.8562	1	0.00618	0.00809	0.456	1.11523	1.00537	0.99	0	0
190015	"North Oaks Medical Center, L L C"	25220	25220	25220	25220	19520	22105	7	ourban	ourban	N	0.8321				YES	0.0003	1	0	0	344	156	0	0	0.4085	0.05729	0.08624	0.05729	0.000399	882.7	0.000542	972.77	0.125	0.012	7		3876	3800.81	1.6111	1.6013			3807.38	1.6135	1.6044			0.8817	1	0.04645	0.0617	0.344	1	0.9944	1.00	0	0
190017	Opelousas General Health System	19	19	12940	29180	19480	22097	7	rural	ourban	L	0.7971	LUGAR					1	0	0	163	59	0	0	0.479	0.07183	0.10186	0.07183	0.000254	868.14	0.000311	821.01	0.322	0.023	7		2370	2288.6	1.6565	1.6417			2294.82	1.6571	1.6434			0.8562	1	0.02742	0.02159	0.442	1	0.99565	1.00	0	0
190019	Christus St Frances Cabrini Hospital	10780	10780	10780	10780	19390	22079	7	ourban	ourban	N	0.8894						1	0	0	276	169	0	0	0.2788	0.03054	0.05808	0.03054	0.000649	1166.13	0.000462	695.17	0.22	0.011	0		4772	4683.81	1.7169	1.7019			4690.97	1.7201	1.7047			0.9229	1	0.03033	0.00845	0.38	1	0.99399	1.00	0	0
190020	Lane Regional Medical Center	12940	12940	12940	12940	19160	22033	7	ourban	ourban	N	0.7971						1	0	0	113	47	0	0	0.3563	0.04652	0.07482	0.04652	0.000148	927.35	0.000149	754.98	0.201	0.015	0		1333	1297.5	1.4714	1.4526			1302.8	1.4513	1.4327			0.8562	1	0.00641	0.00518	0.309	1	1.00479	0.97	0	1
190025	Savoy Medical Center	19	19	19	19	19190	22039	7	rural	rural	N	0.7299				YES	0.0232	1	0	0	132	9	0	0	0.3687	0.03	0	0.04908	0.000058	1139.91	0.000058	922.01	0.28	0.013	0		408	396.55	1.2025	1.1782			397.53	1.1932	1.1703			0.8061	1	0.03225	0.0085	0.65	1	1.00003	1.00	0	0
190026	Rapides Regional Medical Center	10780	10780	10780	10780	19390	22079	7	ourban	ourban	N	0.8894						1	0.0293	0.0438	357	237	0.01588	0.01244	0.469	0.06977	0.09963	0.06977	0.000732	1064.41	0.000789	940.92	0.102	0.005	0		5736	5675.56	1.7619	1.7542	642.68	1.9354	5680.36	1.7725	1.7648	643.04	1.9618	0.9229	1	0.01385	0.00447	0.383	1	0.99509	0.99	0	0
190027	Christus St Patrick Hospital	29340	29340	13140	19	19090	22019	7	ourban	rural	S	0.8548		YES	YES			1	0	0	100	70	0	0	0.1679	0.00916	0	0.00916	0.000215	609.54	0.00013	298.14	0.201	0.008	15	7401.21	2984	2880.87	1.8841	1.8745			2890.01	1.8794	1.8687			0.8981	1	0.0391	0.00556	0.553	1	0.99406	0.99	0	0
190034	Abbeville General Hospital	29180	29180	19	19	19560	22113	7	ourban	rural	S	0.7067		YES				1	0	0	44	16	0	0	0.3628	0.04787	0	0.03	0.000088	1218.89	0.000082	969.66	0.402	0.036	14	5723.98	613	593.31	1.4575	1.4457			594.61	1.4564	1.4446			0.7884	1	0.02899	0.0456	0.514	1.19008	1.00679	1.00	0	0
190036	Ochsner Medical Center	35380	35380	35380	35380	19250	22051	7	lurban	lurban	N	0.8332						1	0.2812	0.4284	844	542	0.14251	0.12851	0.3627	0.04784	0.07621	0.04784	0.001127	1039.13	0.001406	1104.82	0.256	0.022	0		9099	8871.05	2.1291	2.1215	7146.22	1.9225	8900.19	2.1333	2.1258	7179.07	1.93	0.8825	1	0.09711	0.1109	0.234	1	0.9994	0.99	0	0
190039	West Jefferson Medical Center	35380	35380	35380	35380	19250	22051	7	lurban	lurban	N	0.8332						1	0.086	0.1474	405	131	0.04587	0.04247	0.3798	0.05137	0.07994	0.05137	0.000454	1590.9	0.000505	1361.57	0.235	0.007	0		2227	2173.36	1.7505	1.7384	1745.59	1.7243	2177.79	1.7579	1.7459	1748.42	1.7263	0.8825	1	0.02635	0.00204	0.235	1	0.99398	1.00	0	0
190040	Slidell Memorial Hospital	35380	35380	25220	35380	19510	22103	7	lurban	lurban	W	0.8318						1	0.0075	0.0242	228	73	0.00409	0.00685	0.3609	0.04747	0.07582	0.04747	0.000176	628.33	0.000195	612.55	0.14	0.015	0		2625	2548.52	1.555	1.542	1268.95	1.7574	2552.56	1.561	1.5487	1272.17	1.7449	0.8815	1	0.0107	0.02022	0.293	1	1.00323	0.99	0	0
190041	Christus Health Shreveport - Bossier	43340	43340	43340	43340	19080	22017	7	ourban	ourban	N	0.8441						1	0.0052	0.0122	201	86	0.00284	0.00345	0.2944	0.03376	0.06143	0.03376	0.000253	631.61	0.000331	730.01	0.192	0.014	0		3583	3473.02	1.6771	1.6572	639.89	1.7412	3484.31	1.6884	1.6682	640.73	1.7503	0.8904	1	0.02336	0.0171	0.435	1	1.00048	0.97	0	0
190044	Acadia General Hospital	29180	29180	29180	29180	19000	22001	7	ourban	ourban	N	0.7818						1	0	0	140	31	0	0	0.3929	0.05407	0.08281	0.05407	0.000107	781.85	0.000106	689.85	0.403	0.012	0		1271	1236.92	1.3805	1.3654			1240.16	1.3851	1.3727			0.8449	1	0.04681	0.00467	0.468	1.09947	1.0021	1.00	0	0
190045	St Tammany Parish Hospital	35380	35380	25220	35380	19510	22103	7	lurban	lurban	W	0.8318						1	0	0	217	120	0	0	0.2397	0.02248	0.04974	0.02248	0.000261	688.45	0.000341	741.45	0.217	0.024	0		3158	3075.37	1.8159	1.8134			3081.91	1.8151	1.8131			0.8815	1	0.08016	0.1584	0.293	1	1.00565	0.99	0	0
190046	Touro Infirmary	35380	35380	35380	35380	19350	22071	7	lurban	lurban	N	0.8332						1	0.1458	0.2295	236	142	0.0765	0.06691	0.5498	0.08643	0.11777	0.08643	0.000365	1271.66	0.000552	1563.47	0.151	0.014	0		2257	2209.54	1.7068	1.6985	1279.06	1.7518	2213.35	1.717	1.7094	1281.95	1.7542	0.8825	1	0.04976	0.06413	0.234	1	1.00037	1.00	0	0
190050	Beauregard Memorial Hospital	19	19	19	19	19050	22011	7	rural	rural	N	0.712				YES	0.0053	1	0	0	64	26	0	0	0.3105	0.03	0	0.03	0.00009	732.75	0.000083	515.56	0.248	0.017	0		946	933.14	1.1446	1.1391			934.01	1.1606	1.1536			0.7925	1	0.00339	0.00288	0.43	1.09614	1.00797	0.99	0	0
190053	Jennings American Legion Hospital	19	19	29340	29340	19260	22053	7	rural	ourban	L	0.7516	LUGAR					1	0	0	53	28	0	0	0.3334	0.03	0	0.03	0.000075	490.44	0.000089	460.6	0.412	0.023	0		1237	1205.84	1.2796	1.2711			1209.77	1.2715	1.2652			0.8224	1	0.00834	0.00271	0.488	1.06326	1.00217	0.98	0	0
190054	Iberia General Hospital And Medical Center	29180	29180	29180	29180	19220	22045	7	ourban	ourban	N	0.7818						1	0	0	99	33	0	0	0.3367	0.03	0	0.03	0.000107	441.55	0.000094	352.95	0.194	0.006	0		2243	2165.83	1.5452	1.5096			2173.05	1.5553	1.5223			0.8449	1	0.00091	0	0.424	1	0.99666	1.00	0	0
190060	Lake Charles Memorial Hospital	29340	29340	13140	19	19090	22019	7	ourban	rural	S	0.8548		YES	YES			1	0.0643	0.1172	263	152	0.03451	0.03363	0.4963	0.0754	0	0.0754	0.001025	2230.03	0.000804	1470.7	0.286	0.021	7		3958	3892.53	1.861	1.847	447.64	1.829	3906.21	1.8522	1.8401	449.23	1.8156	0.8981	1	0.02687	0.02551	0.329	1	0.99995	0.99	0	0
190064	Our Lady Of The Lake Regional Medical Center	12940	12940	12940	12940	19160	22033	7	ourban	ourban	N	0.7971						1	0.233	0.2738	730	429	0.11951	0.08033	0.3739	0.05015	0.07865	0.05015	0.001144	1224.21	0.001144	997.22	0.273	0.026	0		7724	7572.82	1.9464	1.9381	4505.3	1.8541	7588.87	1.9477	1.9391	4513.51	1.8506	0.8562	1	0.04652	0.07118	0.252	1	0.99449	1.00	0	0
190065	Baton Rouge General Medical Center	12940	12940	35380	19	19160	22033	7	ourban	rural	S	0.8213		YES	YES			1	0.2074	0.2961	350	190	0.10708	0.08715	0.2704	0.02881	0	0.02881	0.000577	1053.89	0.000735	1039.71	0.352	0.024	7		4521	4375.73	1.9638	1.949	2197.76	2.0212	4391.06	1.9578	1.9417	2204.84	2.0103	0.8739	1	0.0332	0.02416	0.324	1	0.99576	0.99	0	0
190079	St Charles Parish Hospital	35380	35380	35380	35380	19440	22089	7	lurban	lurban	N	0.8332						1	0	0	39	12	0	0	0.348	0.03	0	0.03	0.000129	3923.27	0.000104	2511.9	0.405	0.07	0		285	272.79	1.5316	1.5299			273.92	1.5244	1.5225			0.8825	1	0.12921	0.35164	0.273	1	0.99907	0.99	0	0
190081	West Carroll Memorial Hospital	19	19	19	19	19610	22123	7	rural	rural	N	0.7067						1	0	0	33	8	0	0	0.2899	0.03	0	0.03	0.000072	1547.16	0.000061	917.91	0.503	0.04	0		341	335.33	1.0254	1.021			335.96	1.0124	1.0087			0.7884	1	0	0	0.465	1.20515	0.9983	1.00	0	0
190086	Northern Louisiana Medical Center	19	19	43340	19	19300	22061	7	rural	rural	W	0.8331						1	0	0	146	53	0	0	0.3682	0.04898	0	0.04898	0.000151	685.87	0.000148	522.58	0.127	0.008	7		1759	1725.38	1.4599	1.4435			1728.06	1.4649	1.4484			0.8825	1	0.00315	0.00205	0.435	1	0.99151	0.99	0	0
190088	Springhill Medical Center	43340	43340	19	19	19590	22119	7	ourban	rural	S	0.7067		YES				1	0	0	46	7	0	0	0.2849	0.03	0	0.03	0.000039	675.23	0.000032	420.19	0.549	0.039	16	3795.5	465	451.78	1.1032	1.096			452.86	1.1031	1.0961			0.7884	1	0.00012	0.00008	0.601	1	1.01447	1.00	0	1
190090	Winn Parish Medical Center	19	19	19	19	19630	22127	7	rural	rural	N	0.7067						1	0	0	60	11	0	0	0.3125	0.03749	0	0.03	0.000037	626.89	0.000037	501.51	0.4	0.023	14	5330.08	484	476.28	0.9563	0.9478			476.79	0.9537	0.9448			0.7884	1	0.01614	0.00927	0.584	1.21788	1.00677	1.00	0	0
190098	University Health Shreveport	43340	43340	43340	43340	19080	22017	7	ourban	ourban	N	0.8441						1	0.4749	0.8569	424	250	0.23009	0.27356	0.6933	0.11603	0.15073	0.11603	0.002913	7440.05	0.002078	4390.8	0.398	0.044	0		3316	3275.37	2.0393	2.0145	436.11	2.1422	3278.51	2.0565	2.0331	436.54	2.1639	0.8904	1	0.09519	0.19184	0.179	1	0.99339	1.00	0	0
190099	Avoyelles Hospital	19	19	19	19	19040	22009	7	rural	rural	N	0.7388				YES	0.0321	1	0	0	51	11	0	0	0.3088	0.03673	0	0.03	0.000033	458.75	0.000037	410.58	0.299	0.026	14	4456.05	577	565.11	1.0914	1.0729			566.87	1.0732	1.0599			0.8128	1	0.02064	0.02586	0.677	1.21076	0.9929	1.00	0	0
190102	"Our Lady Of Lourdes Regional Medical Center, Inc"	29180	29180	29180	29180	19270	22055	7	ourban	ourban	N	0.7818						1	0	0	170	125	0	0	0.1977	0.014	0.04085	0.014	0.000281	519.07	0.000318	465.7	0.288	0.033	0		4503	4389.61	1.84	1.8212			4395.9	1.8521	1.8324			0.8449	1	0.06341	0.12079	0.501	1	0.99632	1.00	0	0
190106	Oakdale Community Hospital	19	19	19	19	19010	22003	7	rural	rural	N	0.7067						1	0	0	60	9	0	0	0.3988	0.05529	0	0.03	0.000028	645.6	0.000034	646.7	0.265	0.021	14	4389.78	380	377.13	1.1037	1.103			377.44	1.104	1.1031			0.7884	1	0.0481	0.0515	0.574	1.24008	1	1.00	0	0
190111	"Willis Knighton Medical Center, Inc"	43340	43340	43340	43340	19080	22017	7	ourban	ourban	N	0.8441						1	0.0231	0.0364	596	398	0.01254	0.01033	0.3025	0.03543	0.06317	0.03543	0.000895	665.15	0.000853	514.13	0.247	0.02	0		10936	10785	1.8444	1.8363	2093.95	1.7852	10799.6	1.8491	1.8411	2095.7	1.7864	0.8904	1	0.04942	0.04848	0.43	1	0.99924	1.00	0	0
190114	Claiborne Memorial Medical Center	19	19	19	19	19130	22027	7	rural	rural	N	0.7326				YES	0.0259	1	0	0	36	13	0	0	0.2791	0.03	0	0.03	0.000036	510.2	0.000041	461.82	0.383	0.021	0		559	550.4	1.1314	1.1227			551.32	1.1214	1.1134			0.8081	1	0.00384	0.00197	0.561	1.20803	0.99444	1.00	0	0
190116	Morehouse General Hospital	19	19	19	19	19330	22067	7	rural	rural	N	0.7253				YES	0.0186	1	0	0	49	9	0	0	0.554	0.03	0	0.03	0.000055	1052.13	0.000059	815.03	0.39	0.035	0		440	435.13	0.9831	0.9756			435.73	0.9771	0.9709			0.8026	1	0.01623	0.024	0.324	1.19902	1.00051	1.00	0	0
190118	Desoto Regional Health System	43340	43340	43340	43340	19150	22031	7	ourban	ourban	N	0.8441						1	0	0	38	6	0	0	0.2501	0.02462	0	0.02462	0.000037	901.91	0.000032	548.65	0.424	0.037	16	3939.65	250	240.66	0.9156	0.9121			241.32	0.9058	0.9025			0.8904	1	0	0	0.686	1.235	0.99887	1.00	0	0
190125	St Francis Medical Center	33740	33740	33740	33740	19360	22073	7	ourban	ourban	N	0.7968						1	0	0	502	166	0	0	0.3745	0.05028	0.07879	0.05028	0.000391	713.82	0.000505	701.46	0.239	0.015	0		4301	4238.68	1.7682	1.7521			4241.8	1.7809	1.7648			0.8559	1	0.02366	0.0123	0.38	1	1.00141	1.00	0	0
190128	Woman'S Hospital	12940	12940	12940	12940	19160	22033	7	ourban	ourban	N	0.7971						1	0	0	216	131	0	0	0.7129	0.12007	0.1553	0.12007	0.00043	32944.86	0.000697	38991.08	0.405	0.078	0		90	90	1.5071	1.5071			90	1.5408	1.5408			0.8562	1	0.17347	0.6281	0.008	1	0.99964	1.00	0	1
190133	Allen Parish Hospital	19	19	19	19	19010	22003	7	rural	rural	N	0.7067						1	0	0	25	2	0	0	0.259	0.02646	0	0.02646	0.000025	2375.17	0.000018	1714.63	0.432	0.017	14	6084.98	95	93.48	0.8845	0.8815			93.62	0.8791	0.8769			0.7884	1	0.00234	0	0.439	1.25	1	1.00	1	0
190140	Franklin Medical Center	19	19	19	19	19200	22041	7	rural	rural	N	0.7169				YES	0.0102	1	0	0	39	5	0	0	0.3807	0.05156	0	0.03	0.000056	1211.85	0.000047	778.75	0.391	0.022	14	5495.47	388	375.33	1.1134	1.1072			376.03	1.1144	1.1083			0.7962	1	0.00003	0	0.569	1.24061	1	0.98	0	1
190144	Minden Medical Center	43340	43340	43340	43340	19590	22119	7	ourban	ourban	N	0.8441						1	0	0	129	29	0	0	0.5173	0.07973	0.11044	0.07973	0.000117	865.05	0.000143	794.69	0.165	0.014	7		1038	1007.41	1.4295	1.4029			1010.07	1.435	1.409			0.8904	1	0.00335	0.00369	0.359	1.04492	1.00472	1.00	0	0
190145	Lasalle General Hospital	19	19	19	19	19290	22059	7	rural	rural	N	0.7284				YES	0.0217	1	0	0	49	5	0	0	0.182	0.01145	0	0.01145	0.000029	737.5		0	0.352	0.031	14	4348.82	295	290.74	0.9291	0.9261			290.93	0.924	0.9209			0.8049	1	0.00065	0.00193	0.695	1.25	1	1.00	0	0
190146	East Jefferson General Hospital	35380	35380	35380	35380	19250	22051	7	lurban	lurban	N	0.8332						1	0.0877	0.1768	339	153	0.04675	0.05116	0.1864	0.01217	0.03847	0.01217	0.000424	907.94	0.000367	627.85	0.27	0.022	0		3911	3809.49	1.7163	1.7015	2850.52	1.836	3817.22	1.7227	1.7078	2856.89	1.8328	0.8825	1	0.04727	0.04794	0.277	1	1.00486	1.00	0	0
190151	Richardson Medical Center	19	19	19	19	19410	22083	7	rural	rural	N	0.7067						1	0	0	38	9	0	0	0.3817	0.05176	0	0.03	0.00004	813.85	0.000032	537.73	0.527	0.036	14	5150.38	379	373.64	0.9364	0.9321			373.82	0.9367	0.9322			0.7884	1	0	0	0.574	1.22591	0.99907	0.99	0	0
190160	Glenwood Regional Medical Center	33740	33740	33740	33740	19360	22073	7	ourban	ourban	N	0.7968						1	0	0	205	126	0	0	0.3601	0.04731	0.07564	0.04731	0.0002	355.77	0.00029	418.24	0.141	0.009	0		4316	4279.74	1.6014	1.5964			4284.08	1.6089	1.6039			0.8559	1	0.0215	0.01228	0.485	1	1.00214	0.99	0	0
190164	Byrd Regional Hospital	19	19	10780	19	19570	22115	7	rural	rural	W	0.8684						1	0	0	52	23	0	0	0.3517	0.04558	0	0.03	0.000067	515.02	0.000074	395.22	0.136	0.019	14	4634.54	859	840.62	1.1917	1.1813			841.98	1.1946	1.1852			0.9079	1	0.03505	0.09161	0.551	1	1.0026	0.97	0	0
190167	Mercy Regional Medical Center	19	19	10780	19	19190	22039	7	rural	rural	W	0.8684						1	0	0	99	38	0	0	0.5104	0.07831	0	0.03	0.00012	625.79	0.000162	656.22	0.19	0.02	14	4583.52	1519	1471.99	1.3045	1.2955			1477.18	1.3108	1.3029			0.9079	1	0.01405	0.02418	0.45	1	1.00417	1.00	0	0
190176	Tulane Medical Center	35380	35380	35380	35380	19350	22071	7	lurban	lurban	N	0.8332						1	0.5555	0.9613	339	188	0.26451	0.31164	0.5722	0.09105	0.12285	0.09105	0.000753	2128.12	0.000872	2194.69	0.109	0.007	0		3324	3264.29	1.9232	1.9132	1378.72	2.0015	3267.47	1.9263	1.9167	1380.4	2.0135	0.8825	1	0.09844	0.06853	0.211	1	1.00004	1.00	0	0
190177	Lakeview Regional Medical Center	35380	35380	25220	35380	19510	22103	7	lurban	lurban	W	0.8318						1	0	0	151	67	0	0	0.3507	0.04537	0.0736	0.04537		0		0	0.125	0.012	0		1197	1163.57	1.8489	1.8364			1165.67	1.8692	1.8571			0.8815	1	0.01953	0.0254	0.28	1	1.00442	0.99	0	0
190183	Leonard J Chabert Medical Center	26380	26380	26380	26380	19540	22109	7	ourban	ourban	N	0.7375						1	0.1157	0.4916	73	23	0.06121	0.14881	0.6482	0.03	0	0.03	0.000757	8848.17	0.000495	5010.08	0.497	0.026	0		780	756.96	1.4102	1.3972	83.99	1.539	758.51	1.4074	1.3956	84.26	1.5402	0.8118	1	0.02105	0.01551	0.256	1	1.00903	1.00	0	0
190184	Citizens Medical Center	19	19	10780	19	19100	22021	7	rural	rural	W	0.8684						1	0	0	40	6	0	0	0.3032	0.03557	0	0.03	0.000027	806.12	0.000026	641.08	0.69	0.036	14	8426.14	283	279.61	0.9894	0.9855			279.99	0.9806	0.9771			0.9079	1	0.0394	0.0211	0.666	1	1.01024	1.00	0	0
190190	"Caldwell Memorial Hospital, Inc"	19	19	10780	19	19100	22021	7	rural	rural	W	0.8684						1	0	0	37	8	0	0	0.5335	0.03	0	0.03	0.00007	1712.56	0.00006	1182.31	0.397	0.015	0		341	331.03	0.9925	0.9883			332.31	0.9991	0.9962			0.9079	1	0.00915	0.0024	0.427	1	1.03046	1.00	0	0
190201	Christus Lake Area Hospital	29340	29340	29340	29340	19090	22019	7	ourban	ourban	N	0.7723						1	0	0	108	31	0	0	0.454	0.06668	0.09629	0.06668	0.00008	1296.01	0.00013	1874.58	0.097	0.006	0		507	498.25	1.503	1.5005			499.34	1.5059	1.5043			0.8378	1	0.02015	0.01249	0.141	1	1.00109	0.97	0	0
190202	Ochsner Medical Center - Baton Rouge	12940	12940	12940	12940	19160	22033	7	ourban	ourban	N	0.7971						1	0	0	159	69	0	0	0.4501	0.06587	0.09543	0.06587	0.000263	1523.28	0.00025	1222	0.251	0.025	0		1416	1368.39	1.6796	1.6578			1371.73	1.6758	1.6529			0.8562	1	0.01183	0.02102	0.194	1	0.99999	1.00	0	0
190204	"Ochsner Medical Center - Northshore, L L C"	35380	35380	25220	35380	19510	22103	7	lurban	lurban	W	0.8318						1	0	0	153	53	0	0	0.2655	0.0278	0.05524	0.0278	0.000121	715.6	0.000127	646.85	0.177	0.013	0		1423	1370.51	1.6336	1.6137			1374.28	1.6433	1.6217			0.8815	1	0.03238	0.0249	0.323	1	0.99825	0.99	0	0
190205	Women'S And Children'S Hospital	29180	29180	29180	29180	19270	22055	7	ourban	ourban	N	0.7818						1	0	0	182	102	0	0	0.8547	0.14932	0.18896	0.14932	0.000356	3902.52	0.000654	3099.06	0.129	0.013	0		25	24.35	1.1412	1.1324			24.32	1.1605	1.1509			0.8449	1	0.00125	0.03028	0.043	1	1.0078	1.00	0	0
190208	East Carroll Parish Hospital	19	19	4	19	19170	22035	7	rural	rural	W	0.7098						1	0	0	23	5	0	0	0.4503	0.03	0	0.03	0.000053	1645.68	0.000056	1400.06	0.751	0.046	0		263	257.81	0.8496	0.8479			258.43	0.8364	0.8349			0.7908	1	0.00296	0.00308	0.457	1.24182	1	1.00	0	0
190218	Sabine Medical Center	19	19	19	19	19420	22085	7	rural	rural	N	0.7067						1	0	0	48	5	0	0	0.318	0.03	0	0.03	0.000041	1163.61	0.000031	674.32	0.695	0.107	16	4479.97	290	283.95	0.9031	0.8928			283.96	0.8989	0.8877			0.7884	1	0.00147	0.0138	0.615	1.24932	1	1.00	0	0
190236	Willis Knighton Bossier Health Center	43340	43340	43340	43340	19070	22015	7	ourban	ourban	N	0.8441						1	0	0	147	83	0	0	0.224	0.01924	0.0464	0.01924		0	0.000176	383.97	0.222	0.014	0		3043	2966.4	1.4777	1.4621			2976.95	1.4707	1.4556			0.8904	1	0.00993	0.00577	0.411	1	0.99705	1.00	0	0
190241	Physicians Medical Center	26380	26380	26380	26380	19540	22109	7	ourban	ourban	N	0.7375						1	0	0	30	1	0	0	0.097	0	0	0		0		0	0.637	0.124	0		49	48.83	1.489	1.4871			48.91	1.4634	1.4624			0.8118	1	0.23074	0.793	0.257	1	1	1.00	1	1
190242	St Elizabeth Hospital	12940	12940	35380	12940	19020	22005	7	ourban	ourban	W	0.8213						1	0	0	78	29	0	0	0.3083	0.03	0	0.03	0.00013	1637.7	0.00009	946.05	0.513	0.024	0		654	632.44	1.4997	1.4846			633.87	1.5058	1.49			0.8739	1	0.10847	0.04321	0.261	1.10114	0.99844	1.00	0	0
190245	Monroe Surgical Hospital	33740	33740	33740	33740	19360	22073	7	ourban	ourban	N	0.7968						1	0	0	10	2	0	0	0.0257	0	0	0		0		0	0.318	0.05	0		100	95.99	2.6632	2.6278			96.02	2.6765	2.6405			0.8559	1	0.03773	0.16658	0.274	1	1	1.00	0	0
190246	P & S Surgical Hospital	33740	33740	33740	33740	19360	22073	7	ourban	ourban	N	0.7968						1	0	0	22	2	0	0	0.08515	0	0	0		0	0.000003	137.67	0.417	0.046	0		179	174.43	2.3399	2.3231			175.78	2.3235	2.303			0.8559	1	0.08165	0.17092	0.405	1	1	1.00	0	0
190250	Louisiana Heart Hospital	35380	35380	25220	35380	19510	22103	7	lurban	lurban	W	0.8318						1	0	0	137	36	0	0	0.0775	0	0.01582	0		0		0	0.23	0.015	0		524	507.45	2.0679	2.0693			509.4	2.0682	2.0693			0.8815	1	0.02628	0.01363	0.41	1	1	1.00	0	0
190251	Surgical Specialty Center Of Baton Rouge	12940	12940	12940	12940	19180	22037	7	ourban	ourban	N	0.7971						1	0	0	16	1	0	0	0.09016	0	0	0		0		0	0.438	0.059	0		80	78.82	2.713	2.7228			79.03	2.6793	2.6865			0.8562	1	0.00485	0.0211	0.069	1	1	1.00	1	1
190255	Park Place Surgical Hospital	29180	29180	29180	29180	19270	22055	7	ourban	ourban	N	0.7818						1	0	0	10	2	0	0	0.0188	0	0	0		0		0	0.274	0.045	0		119	115.67	2.0235	2.0226			117.18	1.9744	1.9741			0.8449	1	0	0	0.218	1	1	1.00	0	1
190256	Sterling Surgical Hospital	35380	35380	25220	35380	19510	22103	7	lurban	lurban	W	0.8318						1	0	0	10	1	0	0	0.0233	0	0	0		0		0	0.241	0.061	0		38	37.37	3.2031	3.2235			37.6	3.216	3.23			0.8815	1	0.7546	3.514	0.349	1	1	1.00	0	0
190259	Lafayette Surgical Specialty Hospital	29180	29180	29180	29180	19270	22055	7	ourban	ourban	N	0.7818						1	0	0	20	5	0	0	0.0713	0	0	0		0		0	0.211	0.03	0		264	253.44	2.8187	2.8283			257.06	2.7944	2.7941			0.8449	1	0.06678	0.26241	0.292	1	1	1.00	0	0
190263	Heart Hospital Of Lafayette	29180	29180	29180	29180	19270	22055	7	ourban	ourban	N	0.7818						1	0	0	32	15	0	0	0.08697	0	0	0		0		0	0.247	0.015	0		1038	1009.11	2.6824	2.6636			1011.17	2.6855	2.6626			0.8449	1	0.00172	0.00068	0.601	1	1.00292	1.00	0	0
190266	The Spine Hospital Of Louisiana	12940	12940	12940	12940	19160	22033	7	ourban	ourban	N	0.7971						1	0	0	23	6	0	0	0.0676	0	0	0		0		0	0.212	0.016	0		310	308.19	3.8178	3.8113			308.15	3.8156	3.8084			0.8562	1	0.00146	0.00099	0.175	1	1	1.00	0	0
190267	Fairway Medical Center	35380	35380	25220	35380	19510	22103	7	lurban	lurban	W	0.8318						1	0	0	21	1	0	0	0.00707	0	0	0		0		0	0.435	0.069	0		120	115.89	2.8073	2.8267			117.44	2.776	2.7859			0.8815	1	0.48203	1.44405	0.173	1	1	1.00	0	0
190268	Lafayette General Surgical Hospital	29180	29180	29180	29180	19270	22055	7	ourban	ourban	N	0.7818						1	0	0	10	0	0	0	0.045	0	0	0		0		0	0.239	0.032	0		60	59.65	1.9338	1.9305			59.7	1.9007	1.8964			0.8449	1	0.08638	0.19399	0.447	1	1	0.97	0	0
190270	Southern Surgical Hospital	35380	35380	25220	35380	19510	22103	7	lurban	lurban	W	0.8318						1	0	0	37	5	0	0	0.0984	0	0	0		0		0	0.21	0.041	0		217	215.35	2.0337	2.0302			215.93	2.0235	2.0204			0.8815	1	0.05351	0.23426	0.389	1	1	1.00	0	1
190274	Ochsner Medical Center-Kenner	35380	35380	35380	35380	19250	22051	7	lurban	lurban	N	0.8332						1	0.3291	0.5752	115	63	0.16487	0.17624	0.39	0.05348	0.08218	0.05348	0.000242	1534.3	0.000285	1641.43	0.203	0.016	0		1393	1341.63	1.7119	1.7033	1224.9	1.6127	1346.37	1.7184	1.7093	1230.12	1.6033	0.8825	1	0.06705	0.06163	0.234	1	0.99798	0.99	0	0
190278	Specialists Hospital Shreveport	43340	43340	43340	43340	19080	22017	7	ourban	ourban	N	0.8441						1	0	0	15	7	0	0	0.0308	0	0	0		0		0	0.197	0.012	0		595	591.38	2.8385	2.8352			591.46	2.7979	2.789			0.8904	1	0.01182	0.00297	0.471	1	1	0.97	0	0
190297	Doctors Hospital At Deer Creek L L C	19	19	19	19	19570	22115	7	rural	rural	N	0.7067						1	0	0	10	5	0	0	0.1071	0	0	0		0		0	0.299	0.033	0		318	309.19	1.3554	1.3381			309.76	1.3431	1.3268			0.7884	1	0.09922	0.19849	0.656	1	1	0.98	0	0
190298	Central Louisiana Surgical Hospital	10780	10780	10780	10780	19390	22079	7	ourban	ourban	N	0.8894						1	0	0	24	8	0	0	0.0666	0	0	0		0		0	0.178	0.022	0		642	637.98	2.3219	2.3162			638.61	2.2888	2.2835			0.9229	1	0.00543	0.0152	0.516	1	1	1.00	0	0
190300	St Charles Surgical Hospital Llc	35380	35380	35380	35380	19350	22071	7	lurban	lurban	N	0.8332						1	0	0	39	4	0	0	0	0	0	0		0		0	0.153	0.025	0		44	44	1.5309	1.5309			43.96	1.543	1.5429			0.8825	1	0.1101	0.51765	0.092	1	1	1.00	1	1
190302	"Omega Hospital, Llc"	35380	35380	35380	35380	19250	22051	7	lurban	lurban	N	0.8332						1	0		16	1	0	0.52699	0.0741	0	0	0		0		0	0.228	0.027	0		9	8.67	2.0543	2.0543			8.82	1.9898	1.9898			0.8825	1	0	0	0.106	1	1	1.00	1	1
190303	Cypress Pointe Surgical Hospital	25220	25220	25220	25220	19520	22105	7	ourban	ourban	N	0.8321				YES	0.0003	1	0	0	30	4	0	0	0.0762	0	0	0	0.000001	58.08	0.000003	128.55	0.259	0.049	0		173	171.96	3.2703	3.2723			171.98	3.2402	3.242			0.8817	1	0.06798	0.38726	0.333	1	1	1.00	0	0
190308	St Bernard Parish Hospital	35380	35380	35380	35380	19430	22087	7	lurban	lurban	N	0.8332						1	0	0	40	18	0	0	0.3345	0.03	0	0.03	0.000127	2327.32	0.000092	1168.74	0.329	0.061	0		314	308.4	1.5167	1.5117			308.96	1.5155	1.511			0.8825	1	0.13616	0.55803	0.387	1	1.00364	1.00	0	0
190312	Our Lady Of The Angels Hospital	19	19	19	19	19580	22117	7	rural	rural	N	0.7504				YES	0.0437	1	0.0326	0	31	18	0.01765	0	0.4804	0.03	0	0.03	0.000546	6921.97		0	0.448	0.039	0		660	633.27	1.3481	1.3275			634.61	1.3532	1.3343			0.8215	1	0.0054	0.0145	0.43	1.16333	1.00889	1.00	0	0
190313	New Orleans East Hospital	35380	35380	35380	35380	19350	22071	7	lurban	lurban	N	0.8332						1	0	0	80	8	0	0	0.6921	0.03	0	0.03	0.000371	16772.75		0	0.412	0.021	0		200	195.49	1.1661	1.1549			196.16	1.1618	1.1534			0.8825	1	0.14538	0.1139	0.322	1	1	1.00	0	1
200001	St Joseph Hospital	12620	12620	12620	12620	20090	23019	1	ourban	ourban	N	1.0045						1	0	0	112	52	0	0	0.164	0.00853	0.03377	0.00853	0.000147	538.12	0.000114	345.65	0.441	0.02	0		2247	2211.93	1.5149	1.5076			2215.61	1.5094	1.5019			1.0031	1	0.02298	0.00599	0.554	1	1.00475	0.99	0	0
200008	Mercy Hospital	38860	38860	38860	38860	20020	23005	1	ourban	ourban	N	1.0364						1	0	0	123	56	0	0	0.2019	0.01468	0.04173	0.01468	0.000293	1254.82	0.00024	768.62	0.416	0.039	0		1748	1678.79	1.8337	1.8227			1693.2	1.8237	1.8148			1.0248	1	0.03114	0.04113	0.388	1	1.00874	1.00	0	0
200009	Maine Medical Center	38860	38860	38860	38860	20020	23005	1	ourban	ourban	N	1.0364						1	0.2869	0.4804	611	378	0.1452	0.14519	0.3021	0.03535	0.06309	0.03535	0.001186	1030.79	0.000787	552.75	0.397	0.029	0		9300	9108.61	2.2351	2.2274	2512.61	2.287	9135.75	2.2273	2.2204	2519.75	2.2798	1.0248	1	0.16	0.12318	0.334	1	0.99576	1.00	0	0
200018	Aroostook Medical Center	20	20	20	20	20010	23003	1	rural	rural	N	0.8804						1	0	0	38	23	0	0	0.2768	0.03013	0	0.03		0	0.000097	628.85	0.355	0.023	14	8092.18	1084	1056.27	1.369	1.3562			1058.08	1.3696	1.3578			0.9165	1	0.08524	0.05919	0.521	1.14114	1.01351	0.99	0	0
200019	Southern Maine Health Care	38860	38860	38860	38860	20150	23031	1	ourban	ourban	N	1.0364						1	0	0	134	73	0	0	0.203	0.01491	0.04196	0.01491	0.000302	806.59	0.000293	630.19	0.41	0.029	0		3130	3038.93	1.3989	1.3894			3048.63	1.3948	1.3852			1.0248	1	0.00738	0.0053	0.493	1	0.9987	1.00	0	0
200020	York Hospital	38860	38860	38860	38860	20150	23031	1	ourban	ourban	N	1.0364						1	0	0	66	36	0	0	0.06935	0	0	0		0		0	0.404	0.018	0		1456	1422.02	1.4616	1.4551			1427.57	1.458	1.4539			1.0248	1	0.07298	0.02082	0.556	1	1.01259	0.99	0	0
200021	Mid Coast Hospital	38860	38860	38860	38860	20020	23005	1	ourban	ourban	N	1.0364						1	0	0	92	56	0	0	0.1899	0.01273	0	0.01273	0.000186	792.88	0.000144	511.74	0.432	0.026	0		1929	1895.66	1.3064	1.302			1899.11	1.3145	1.3093			1.0248	1	0.03379	0.02083	0.426	1	1.0021	0.99	0	0
200024	Central Maine Medical Center	30340	30340	38860	20	20000	23001	1	ourban	rural	S	0.972		YES	YES			1	0.0782	0.1537	228	117	0.0418	0.04433	0.241	0.02274	0	0.02274	0.000355	730.65	0.00031	530.1	0.333	0.028	7		4057	3948.58	1.8734	1.8649	1279.15	1.9478	3959.19	1.8733	1.8644	1280.65	1.9499	0.9807	1	0.05647	0.06151	0.415	1	0.993	1.00	0	0
200031	Cary Medical Center	20	20	20	20	20010	23003	1	rural	rural	N	0.8804						1	0	0	49	21	0	0	0.2273	0.01992	0	0.01992	0.000072	641.1	0.000053	355.87	0.437	0.021	14	6146.6	830	807.91	1.3448	1.3361			809.24	1.3463	1.3381			0.9165	1	0.01236	0.00429	0.582	1.14402	1.015	0.99	0	0
200033	Eastern Maine Medical Center	12620	12620	12620	12620	20090	23019	1	ourban	ourban	N	1.0045						1	0.0784	0.0946	314	265	0.04191	0.02706	0.3016	0.03524	0.06298	0.03524	0.000733	750.02	0.000737	620.11	0.378	0.025	0		8173	8070.7	1.8504	1.8438	950.99	1.9659	8081.17	1.8577	1.8518	952.51	1.9844	1.0031	1	0.07479	0.04576	0.433	1	0.99233	0.99	0	0
200034	St Mary'S Regional Medical Center	30340	30340	38860	30340	20000	23001	1	ourban	ourban	W	0.972						1	0	0	140	61	0	0	0.383	0.05203	0.08064	0.05203	0.000373	2037.98	0.000249	1059.31	0.294	0.013	0		1371	1343.03	1.4464	1.4324			1345.63	1.453	1.4397			0.9807	1	0.01236	0.00217	0.316	1	0.99882	1.00	0	0
200037	Franklin Memorial Hospital	20	20	20	20	20030	23007	1	rural	rural	N	0.8804						1	0	0	48	22	0	0	0.257	0.02604	0	0.02604		0		0	0.392	0.025	16	7664.31	774	755.91	1.3044	1.2971			758.72	1.2885	1.2825			0.9165	1	0.01447	0.00925	0.5	1.12674	1.00725	1.00	0	1
200039	Mainegeneral Medical Center	20	20	38860	20	20050	23011	1	rural	rural	W	0.972						1	0.1677	0.1973	172	140	0.08748	0.05726	0.31	0.03698	0	0.03698	0.000418	904.59	0.000429	748.79	0.357	0.048	7		3734	3686.59	1.5356	1.5298	1114.19	1.6315	3690.35	1.5401	1.5336	1116.38	1.618	0.9807	1	0.03083	0.0807	0.438	1	1.00202	1.00	0	0
200041	Inland Hospital	20	20	20	20	20050	23011	1	rural	rural	N	0.8804						1	0	0	46	13	0	0	0.3022	0.03537	0	0.03		0	0.000071	928.72	0.576	0.03	14	9561.99	477	462.14	1.3065	1.3			463.17	1.3035	1.2964			0.9165	1	0.0719	0.03387	0.405	1.19386	1.00682	1.00	0	0
200050	Maine Coast Memorial Hospital	20	20	12620	20	20040	23009	1	rural	rural	W	1.0045						1	0	0	48	19	0	0	0.2275	0.01996	0	0.01996		0	0.000074	475.9	0.51	0.026	14	6610.04	1150	1118.06	1.3753	1.3664			1119.44	1.3727	1.3622			1.0031	1	0.02443	0.01092	0.503	1.1172	1.01274	0.99	0	0
200052	Northern Maine Medical Center	20	20	20	20	20010	23003	1	rural	rural	N	0.8804						1	0	0	43	12	0	0	0.2722	0.02918	0	0.02918		0		0	0.547	0.056	16	8493.08	630	611.26	1.3355	1.3308			612.23	1.3307	1.3259			0.9165	1	0.00102	0.00217	0.513	1.20871	1.02596	1.00	0	0
200063	Penobscot Bay Medical Center	20	20	38860	20	20060	23013	1	rural	rural	W	0.972						1	0	0	81	51	0	0	0.2892	0.03	0	0.03		0		0	0.5	0.039	16	7517.47	1341	1306.46	1.3275	1.3203			1308.33	1.3201	1.3122			0.9807	1	0.05609	0.05072	0.515	1	1.00287	1.00	0	0
210001	Meritus Medical Center	25180	25180	25180	25180	21210	24043	3	ourban	ourban	N	0.9132				YES	0.0259	1	0	0	243	185	0	0	0.286	0.03203	0.05962	0.03203		0		0	0.713	0.048	0		7087	6973.39	1.499	1.492			6978.79	1.5034	1.4964			0.9397	1			0.492	1			0	0
210002	University Of Maryland Medical Center	12580	12580	12580	12580	21030	24510	3	lurban	lurban	N	0.9463						1	0.3745	0.6422	711	578	0.18562	0.19869	0.4521	0.06628	0.09587	0.06628		0		0	0.725	0.076	0		8100	8005.1	2.7615	2.743	582.77	2.3094	8012.63	2.7796	2.7627	583.15	2.3268	0.9629	1			0.321	1			0	0
210003	University Of Md Prince George'S Hospital Ctr	47894	47894	47894	47894	21160	24033	3	lurban	lurban	N	0.9998						1	0.1669	0.2156	248	176	0.08708	0.06273	0.5242	0.08115	0.11199	0.08115		0		0	0.848	0.031	0		3685	3633.53	1.7062	1.6994	189.31	1.7222	3636.12	1.7067	1.7005	189.47	1.7318	0.9999	1			0.329	1			0	0
210004	Holy Cross Hospital	43524	43524	43524	43524	21150	24031	3	lurban	lurban	N	0.9782				YES	0.0144	1	0.0365	0.052453374	469	334	0.01974	0.01491	0.349	0.04502	0.07323	0.04502		0		0	0.702	0.042	0		7484	7285.85	1.7068	1.6997	154.59	1.632	7300.74	1.7124	1.7053	155.13	1.6334	0.985	1			0.291	1			0	0
210005	Frederick Memorial Hospital	43524	43524	43524	43524	21100	24021	3	lurban	lurban	N	0.9638						1	0	0	233	171	0	0	0.2667	0.02804	0.05549	0.02804		0		0	0.661	0.062	0		7272	7123.98	1.4886	1.4783			7141.76	1.4875	1.4773			0.9751	1			0.437	1			0	0
210006	University Of Maryland Harford Memorial Hospital	12580	12580	12580	12580	21120	24025	3	lurban	lurban	N	0.9463						1	0	0	84	60	0	0	0.3039	0.03	0	0.03		0		0	0.864	0.07	0		1966	1919.79	1.3092	1.3039			1921.54	1.3204	1.3137			0.9629	1			0.505	1			0	0
210008	Mercy Medical Center Inc	12580	12580	12580	12580	21030	24510	3	lurban	lurban	N	0.9463						1	0.2599	0.3035	210	148	0.13242	0.08942	0.485	0.07307	0.1032	0.07307		0		0	0.731	0.094	0		3899	3839.98	2.2822	2.2868	248.01	1.56	3846.66	2.2685	2.2735	248.48	1.5568	0.9629	1			0.308	1			0	0
210009	"Johns Hopkins Hospital, The"	12580	12580	12580	12580	21030	24510	3	lurban	lurban	N	0.9463						1	0.4955	0.7062	993	853	0.23899	0.22054	0.359	0.04708	0.07541	0.04708		0		0	0.772	0.072	0		12120	12010	2.1033	2.0929	571.5	1.9142	12017.2	2.1102	2.1	571.74	1.9265	0.9629	1			0.297	1			0	0
210011	Saint Agnes Hospital	12580	12580	12580	12580	21030	24510	3	lurban	lurban	N	0.9463						1	0.1603	0.1906	275	203	0.08379	0.05526	0.3255	0.04017	0.06813	0.04017		0		0	0.65	0.056	0		6395	6328.83	1.5445	1.5386	516.49	1.4664	6333.87	1.5478	1.5418	516.85	1.4681	0.9629	1			0.443	1			0	0
210012	Sinai Hospital Of Baltimore	12580	12580	12580	12580	21030	24510	3	lurban	lurban	N	0.9463						1	0.2157	0.3259	470	310	0.11113	0.09633	0.3918	0.05385	0.08257	0.05385		0		0	0.633	0.062	0		6851	6764.56	1.911	1.8965	528.12	1.862	6770.3	1.9139	1.9008	528.7	1.8735	0.9629	1			0.444	1			0	0
210013	Bon Secours Hospital	12580	12580	12580	12580	21030	24510	3	lurban	lurban	N	0.9463						1	0	0	72	49	0	0	0.8653	0.03	0	0.03		0		0	0.636	0.056	0		859	850.25	1.3809	1.3746			850.53	1.4014	1.3945			0.9629	1			0.307	1			0	0
210015	Medstar Franklin Square Medical Center	12580	12580	12580	12580	21020	24005	3	lurban	lurban	N	0.9463						1	0.2043	0.3338	386	264	0.10556	0.09878	0.3528	0.0458	0.07406	0.0458		0		0	0.715	0.067	0		8629	8475.67	1.4351	1.4277	1091.98	1.4953	8485.15	1.4439	1.4364	1093.05	1.4941	0.9629	1			0.43	1			0	0
210016	Adventist Healthcare Washington Adventist Hospital	43524	43524	43524	43524	21150	24031	3	lurban	lurban	N	0.9782				YES	0.0144	1	0	0	232	153	0	0	0.4725	0.07049	0.10041	0.07049		0		0	0.764	0.04	0		3677	3606.99	1.9039	1.8869			3612.17	1.9067	1.8892			0.985	1			0.397	1			0	0
210017	Garrett County Memorial Hospital	21	21	21	21	21110	24023	3	rural	rural	N	0.8763						1	0	0	25	19	0	0	0.2616	0.02699	0	0.02699		0		0	0.784	0.067	0		990	966.52	1.4077	1.4022			967.92	1.4008	1.3949			0.9135	1			0.495	1			0	0
210018	Medstar Montgomery Medical Center	43524	43524	43524	43524	21150	24031	3	lurban	lurban	N	0.9782				YES	0.0144	1	0	0	122	80	0	0	0.2334	0.02118	0.0484	0.02118		0		0	0.779	0.13	0		3724	3641.23	1.4279	1.4206			3650.27	1.4204	1.4132			0.985	1			0.525	1			0	0
210019	Peninsula Regional Medical Center	41540	41540	41540	41540	21220	24045	3	ourban	ourban	N	0.9142						1	0	0	364	200	0	0	0.2868	0.03219	0.0598	0.03219		0		0	0.678	0.055	0		8642	8530.39	1.7108	1.6994			8539.53	1.7145	1.7022			0.9404	1			0.534	1			0	0
210022	Suburban Hospital	43524	43524	43524	43524	21150	24031	3	lurban	lurban	N	0.9782				YES	0.0144	1	0.0085	0.035549367	236	159	0.00464	0.01008	0.1702	0.00953	0.03507	0.00953		0		0	0.783	0.045	0		7317	7123.33	1.7655	1.7521			7162.81	1.7532	1.7401			0.985	1			0.55	1			0	0
210023	Anne Arundel Medical Center	12580	12580	12580	12580	21010	24003	3	lurban	lurban	N	0.9563				YES	0.01	1	0	0	375	268	0	0	0.1673	0.00906	0.03446	0.00906		0		0	0.752	0.075	0		10391	10259.3	1.5738	1.5692			10273.1	1.5717	1.5673			0.9699	1			0.423	1			0	0
210024	Medstar Union Memorial Hospital	12580	12580	12580	12580	21030	24510	3	lurban	lurban	N	0.9463						1	0.2988	0.395688535	211	153	0.15078	0.11814	0.3267	0.04042	0.06839	0.04042		0		0	0.665	0.044	0		5262	5185.08	2.0823	2.0657	715.86	1.924	5192.56	2.0746	2.0573	717.05	1.9139	0.9629	1			0.507	1			0	0
210027	Western Maryland Regional Medical Center	19060	19060	19060	19060	21000	24001	3	ourban	ourban	N	0.8763						1	0	0	195	143	0	0	0.285	0.03182	0.05941	0.03182		0		0	0.871	0.064	16	2242.31	6150	6062.83	1.5669	1.5598			6069.11	1.5793	1.5721			0.9135	1			0.611	1			0	0
210028	Medstar Saint Mary'S Hospital	15680	15680	15680	15680	21180	24037	3	ourban	ourban	N	0.8941				YES	0.0178	1	0	0	91	78	0	0	0.2656	0.02782	0	0.02782		0		0	0.886	0.061	0		3178	3132.06	1.3523	1.3476			3134.39	1.3507	1.3449			0.9262	1			0.474	1			0	0
210029	Johns Hopkins Bayview Medical Center	12580	12580	12580	12580	21030	24510	3	lurban	lurban	N	0.9463						1	0.2597	0.4804	442	311	0.13232	0.14519	0.3883	0.05312	0.0818	0.05312		0		0	0.853	0.081	0		7462	7367.98	1.5111	1.5054	501.82	1.6132	7373.9	1.5162	1.5104	503.03	1.628	0.9629	1			0.42	1			0	0
210030	University Of Md Shore Medical Ctr At Chestertown	21	21	21	21	21140	24029	3	rural	rural	N	0.9483				YES	0.072	1	0	0	30	23	0	0	0.1634	0.00843	0	0.00843		0		0	0.682	0.094	0		1157	1136.17	1.2195	1.21			1136.97	1.2199	1.21			0.9643	1			0.61	1			0	0
210032	Union Hospital Of Cecil County	48864	48864	48864	48864	21070	24015	3	ourban	ourban	N	1.1303						1	0	0	110	64	0	0	0.3519	0.04562	0.07386	0.04562		0		0	0.752	0.062	0		2498	2426.12	1.2985	1.2886			2432.03	1.3037	1.2943			1.0875	1			0.502	1			0	0
210033	Carroll Hospital Center	12580	12580	12580	12580	21060	24013	3	lurban	lurban	N	0.9463						1	0	0	140	101	0	0	0.1916	0.01301	0.03956	0.01301		0		0	0.729	0.079	0		5095	4986.59	1.3797	1.3655			4995.89	1.3846	1.3704			0.9629	1			0.541	1			0	0
210034	Medstar Harbor Hospital	12580	12580	12580	12580	21030	24510	3	lurban	lurban	N	0.9463						1	0.2754	0.446047619	113	76	0.13977	0.13414	0.4904	0.07418	0.1044	0.07418		0		0	0.586	0.032	0		2526	2488.58	1.5136	1.5064	262.6	1.4985	2491.94	1.5186	1.5123	263.02	1.5109	0.9629	1			0.395	1			0	0
210035	University Of Md Charles Regional  Medical Center	47894	47894	47894	47894	21080	24017	3	lurban	lurban	N	0.9998						1	0	0	110	66	0	0	0.2422	0.02299	0.05027	0.02299		0		0	0.733	0.053	0		3269	3210.02	1.4023	1.3872			3215.48	1.4034	1.3893			0.9999	1			0.528	1			0	0
210037	University Of Md Shore Medical Center At Easton	21	21	21	21	21200	24041	3	rural	rural	N	0.8875				YES	0.0112	1	0	0	179	124	0	0	0.283	0.03	0	0.03141		0		0	0.669	0.066	0		5374	5308.63	1.3154	1.306			5316.01	1.3182	1.3098			0.9215	1			0.603	1			0	0
210038	University Of Md Medical Center Midtown Campus	12580	12580	12580	12580	21030	24510	3	lurban	lurban	N	0.9463						1	0.2539	0.3458	187	88	0.12955	0.1025	0.5605	0.08864	0.12019	0.08864		0		0	0.661	0.067	0		1615	1581.48	1.6821	1.6528	225.74	1.4252	1583.79	1.6755	1.6464	226.44	1.4074	0.9629	1			0.393	1			0	0
210039	Calverthealth Medical Center	47894	47894	47894	47894	21040	24009	3	lurban	lurban	N	0.9998						1	0	0	77	55	0	0	0.235	0.02151	0	0.02151		0		0	0.72	0.089	0		2258	2202.33	1.3976	1.3876			2205.62	1.4051	1.3952			0.9999	1			0.467	1			0	0
210040	Northwest Hospital Center	12580	12580	12580	12580	21020	24005	3	lurban	lurban	N	0.9463						1	0	0	199	141	0	0	0.3494	0.0451	0.07332	0.0451		0		0	0.589	0.067	0		5340	5217.13	1.3047	1.2898			5227.31	1.3056	1.2903			0.9629	1			0.554	1			0	0
210043	University Of Md Balto Washington  Medical Center	12580	12580	12580	12580	21010	24003	3	lurban	lurban	N	0.9563				YES	0.01	1	0	0	303	209	0	0	0.2402	0.02258	0.04984	0.02258		0		0	0.72	0.075	0		7932	7808.51	1.5509	1.5426			7820.03	1.5547	1.547			0.9699	1			0.544	1			0	0
210044	Greater Baltimore Medical Center	12580	12580	12580	12580	21020	24005	3	lurban	lurban	N	0.9463						1	0.0848	0.1243	333	192	0.04524	0.0357	0.1066	0	0.02182	0		0		0	0.72	0.049	0		6308	6192.89	1.4357	1.4284	197.33	1.3063	6201.78	1.4394	1.4317	197.44	1.3037	0.9629	1			0.397	1			0	0
210045	Edward Mccready Memorial Hospital	41540	41540	41540	41540	21190	24039	3	ourban	ourban	N	0.9142						1	0	0	4	3	0	0	0.1882	0.01246	0	0.01246		0		0	0.776	0.077	0		190	185.11	0.9788	0.9695			185.37	0.9687	0.959			0.9404	1			0.748	1			0	0
210048	Howard County General Hospital	12580	12580	12580	12580	21130	24027	3	lurban	lurban	N	0.9463						1	0	0	266	191	0	0	0.2141	0.0172	0.04431	0.0172		0		0	0.76	0.058	0		6262	6154.46	1.4175	1.4128			6162.7	1.4194	1.4149			0.9629	1			0.387	1			0	0
210049	University Of M D Upper Chesapeake Medical Center	12580	12580	12580	12580	21120	24025	3	lurban	lurban	N	0.9463						1	0	0	183	130	0	0	0.1784	0.01087	0.03679	0.01087		0		0	0.804	0.045	0		5515	5355.18	1.6028	1.5935			5369.82	1.615	1.6052			0.9629	1			0.575	1			0	0
210051	Doctors'  Community Hospital	47894	47894	47894	47894	21160	24033	3	lurban	lurban	N	0.9998						1	0	0	163	141	0	0	0.2517	0.02495	0.05229	0.02495		0		0	0.764	0.083	0		4746	4691.18	1.5206	1.5176			4695.19	1.523	1.5204			0.9999	1			0.525	1			0	0
210055	University Of Md Laurel Regional Hospital	47894	47894	47894	47894	21160	24033	3	lurban	lurban	N	0.9998						1	0	0	134	68	0	0	0.3103	0.03704	0.06485	0.03704		0		0	0.808	0.041	0		1650	1605.01	1.5281	1.5188			1606.35	1.5371	1.5285			0.9999	1			0.45	1			0	0
210056	Medstar Good Samaritan Hospital	12580	12580	12580	12580	21030	24510	3	lurban	lurban	N	0.9463						1	0.1551	0.1232	216	144	0.08118	0.03538	0.2686	0.02844	0.0559	0.02844		0		0	0.71	0.059	0		4863	4764.78	1.4417	1.4314	473.91	1.5827	4764.38	1.4477	1.4385	473.76	1.5869	0.9629	1			0.579	1			0	0
210057	Adventist Healthcare Shady Grove Medical Center	43524	43524	43524	43524	21150	24031	3	lurban	lurban	N	0.9782				YES	0.0144	1	0	0	329	208	0	0	0.3373	0.04261	0.07069	0.04261		0		0	0.701	0.065	0		5735	5645.59	1.5664	1.563			5656.51	1.5521	1.5484			0.985	1			0.35	1			0	0
210058	Univ Of Md Rehabilitation &  Orthopaedic Institute	12580	12580	12580	12580	21030	24510	3	lurban	lurban	N	0.9463						1	0.0078	0.009313044	125	89	0.00425	0.00263	0.3024	0.03541	0.06315	0.03541		0		0	0.845	0.069	0		1094	1061.9	1.3825	1.3831			1055.38	1.4392	1.4407			0.9629	1			0.398	1			0	0
210060	Fort Washington Hospital	47894	47894	47894	47894	21160	24033	3	lurban	lurban	N	0.9998						1	0	0	31	24	0	0	0.1298	0	0	0		0		0	0.979	0.065	0		1290	1255.32	1.195	1.1803			1256.71	1.1973	1.1823			0.9999	1			0.566	1			0	0
210061	Atlantic General Hospital	41540	41540	41540	41540	21230	24047	3	ourban	ourban	N	0.9142						1	0	0	48	33	0	0	0.1078	0	0	0		0		0	0.628	0.064	0		2030	1955.52	1.4991	1.4804			1962.72	1.5041	1.4857			0.9404	1			0.687	1			0	0
210062	Medstar Southern Maryland Hospital Center	47894	47894	47894	47894	21160	24033	3	lurban	lurban	N	0.9998						1	0	0	208	132	0	0	0.3196	0.03896	0.06686	0.03896		0		0	0.717	0.081	0		4449	4334.08	1.5041	1.4951			4340.48	1.5108	1.5009			0.9999	1			0.461	1			0	0
210063	University Of Maryland St Joseph Medical Center	12580	12580	12580	12580	21020	24005	3	lurban	lurban	N	0.9463						1	0	0	267	175	0	0	0.1933	0.01329	0.03992	0.01329		0		0	0.691	0.08	0		6719	6533.75	1.8151	1.8064			6574.47	1.8134	1.8062			0.9629	1			0.454	1			0	0
210064	Levindale Hebrew Geriatric Center And Hospital	12580	12580	12580	12580	21020	24005	3	lurban	lurban	N	0.9463						1	0	0	120	99	0	0	0.10581	0	0.02166	0		0		0	0.613	0.02	0		1151	1143.32	1.2546	1.2523			1143.26	1.3139	1.3117			0.9629	1			0.868	1			0	0
210065	Holy Cross Germantown Hospital	43524	43524	43524	43524	21150	24031	3	lurban	lurban	N	0.9782				YES	0.0144	1	0	0	93	39	0	0	0.3537	0.03	0	0.03		0		0	0.736	0.064	0		1875	1817.66	1.4473	1.4328			1822.23	1.4477	1.4329			0.985	1			0.406	1			0	0
220001	Health Alliance - Clinton Hospital	49340	49340	14454	49340	22170	25027	1	ourban	ourban	W	1.3545						1	0.0809	0.1297	107	73	0.04321	0.03728	0.3427	0.04372	0.07186	0.04372	0.000153	590.3	0.000172	568.42	0.381	0.022	0		2219	2160.36	1.427	1.4125	869.65	1.4168	2164.99	1.4325	1.4183	873.1	1.4114	1.231	1	0.00709	0.00374	0.318	1	1.00194	0.9922	0	0
220002	Mount Auburn Hospital	15764	15764	14454	15764	22090	25017	1	lurban	lurban	W	1.3545						1	0.3979	0.5444	182	123	0.19615	0.16606	0.1764	0.01054	0.03637	0.01054	0.000154	324.66	0.00016	275.21	0.571	0.051	0		3969	3898.99	1.5398	1.5322	1138.19	1.5775	3904.32	1.5469	1.5388	1139.49	1.5765	1.231	1	0.01097	0.01368	0.346	1	1.00334	1.00	0	0
220008	Sturdy Memorial Hospital	39300	39300	14454	39300	22020	25005	1	lurban	lurban	W	1.3545						1	0	0	127	77	0	0	0.2356	0.02163	0.04887	0.02163	0.000139	344.08	0.000136	285.82	0.614	0.035	0		3443	3373.24	1.3154	1.3051			3377.69	1.3177	1.3074			1.231	1	0.00828	0.00303	0.554	1	0.99284	0.98	0	0
220010	Lawrence General Hospital	15764	15764	15764	15764	22040	25009	1	lurban	lurban	N	1.3545						1	0.1068	0.2011	189	114	0.05664	0.05839	0.5113	0.07849	0.10909	0.07849	0.000333	670.43	0.000434	730.09	0.516	0.026	0		4361	4263.87	1.4265	1.4188	639.37	1.4694	4272.22	1.4335	1.4258	641.39	1.4719	1.231	1	0.00609	0.00124	0.396	1	0.99993	0.99	0	0
220011	Cambridge Health Alliance	15764	15764	14454	15764	22090	25017	1	lurban	lurban	W	1.3545						1	0.4793	1.0254	198	92	0.232	0.33558	0.603	0.0875	0.1189	0.0875	0.001208	4717.94	0.000959	2880.16	0.648	0.044	0		2093	2024.82	1.3498	1.3416	532.61	1.3242	2030.28	1.3516	1.3437	533.59	1.3422	1.231	1	0.0203	0.01286	0.259	1	1.00545	1.00	0	0
220012	Cape Cod Hospital	12700	12700	12700	12700	22000	25001	1	ourban	ourban	N	1.3629				YES	0.0084	1	0.013	0.0187	239	172	0.00708	0.00529	0.1741	0.01017	0.03588	0.01017		0		0	0.453	0.029	16	8716.55	8485	8242.61	1.788	1.7715	1051.44	1.6486	8264.66	1.7843	1.767	1055.27	1.6505	1.2362	1	0.04021	0.02086	0.579	1	1.00422	1.00	0	0
220015	"Cooley Dickinson Hospital Inc,The"	44140	44140	49340	22	22080	25015	1	ourban	rural	S	1.3545		YES	YES			1	0	0	118	59	0	0	0.2072	0.01577	0	0.01577	0.00008	242.79	0.0001	254.51	0.431	0.038	7		2693	2634.38	1.3898	1.3854			2638.36	1.3915	1.3872			1.231	1	0.01172	0.01395	0.494	1	0.99401	1.00	0	0
220016	Baystate Franklin Medical Center	22	22	44140	44140	22060	25011	1	rural	ourban	L	1.3545	LUGAR					1	0	0	90	53	0	0	0.4042	0.03	0	0.03	0.000098	403.1	0.000131	470.35	0.553	0.028	0		2059	1986.09	1.2481	1.2393			1992.05	1.2408	1.2323			1.231	1	0.00338	0.00129	0.427	1	1.00414	1.00	0	0
220017	Carney Hospital	14454	14454	14454	14454	22160	25025	1	lurban	lurban	N	1.3545						1	0.4481	0.9445	110	59	0.2184	0.30544	0.6151	0.0999	0.13265	0.0999	0.000159	879.24	0.00019	876.5	0.924	0.062	0		1478	1414.43	1.41	1.3921	467.61	1.4114	1419.15	1.4211	1.4046	469.53	1.4163	1.231	1	0.02435	0.01671	0.335	1	0.99531	1.00	0	0
220019	Harrington Memorial Hospital-1	49340	49340	14454	49340	22170	25027	1	ourban	ourban	W	1.3545						1	0	0	112	36	0	0	0.266	0.0279	0.05534	0.0279	0.000077	456.03	0.000096	506.24	0.539	0.035	0		1519	1484.22	1.2227	1.2116			1487.13	1.2252	1.214			1.231	1	0.00414	0.00186	0.385	1	1.00128	0.99	0	0
220020	Saint Anne'S Hospital	39300	39300	39300	39300	22020	25005	1	lurban	lurban	N	1.3545						1	0.0152	0.0608	144	97	0.00827	0.01731	0.3133	0.03766	0.0655	0.03766	0.000162	335.65	0.000164	304.42	0.497	0.023	0		4186	4095.95	1.4234	1.4163	1063.54	1.4386	4106.31	1.423	1.4168	1066.73	1.4442	1.231	1	0.00866	0.00227	0.504	1	1.00942	0.99	0	0
220024	Holyoke Medical Center	44140	44140	44140	44140	22070	25013	1	ourban	ourban	N	1.3545						1	0	0	165	45	0	0	0.3925	0.05399	0.08273	0.05399	0.000114	448.9	0.000148	492.84	0.691	0.032	0		2148	2099.96	1.3341	1.325			2102.45	1.3341	1.3251			1.231	1	0.00686	0.00191	0.433	1	1.00711	0.99	0	0
220029	Anna Jaques Hospital	15764	15764	15764	15764	22040	25009	1	lurban	lurban	N	1.3545						1	0	0	120	68	0	0	0.2344	0.02138	0.04861	0.02138	0.00008	263.88	0.000101	263.42	0.57	0.023	0		2494	2421.32	1.2282	1.2205			2426.55	1.2297	1.2223			1.231	1	0.00133	0.00029	0.397	1	1.0007	0.98	0	0
220030	Baystate Wing Hospital And Medical Centers	44140	44140	44140	44140	22070	25013	1	ourban	ourban	N	1.3545						1	0	0	46	21	0	0	0.1906	0.01285	0	0.01285	0.000043	292.51	0.00004	233.9	0.421	0.022	0		1334	1291.06	1.207	1.1947			1293.94	1.2025	1.1904			1.231	1	0	0	0.605	1	1.00317	1.00	0	0
220031	Boston Medical Center Corporation-	14454	14454	14454	14454	22160	25025	1	lurban	lurban	N	1.3545						1	0.9243	1.1996	446	315	0.4098	0.40288	0.7075	0.11896	0.15404	0.11896	0.002882	4669.84	0.002583	3336.97	0.473	0.046	0		5243	5138.86	1.9352	1.9238	1613.74	1.808	5146.93	1.9422	1.9313	1616.8	1.8123	1.231	1	0.05776	0.09065	0.236	1	1.00149	0.99	0	0
220033	Beverly Hospital Corporation	15764	15764	15764	15764	22040	25009	1	lurban	lurban	N	1.3545						1	0	0	296	187	0	0	0.2859	0.032	0.0596	0.032	0.000291	355.24	0.000365	373.39	0.564	0.038	0		6850	6664.64	1.3974	1.3915			6678.72	1.4002	1.3938			1.231	1	0.01224	0.00707	0.396	1	1.00097	1.00	0	0
220035	North Shore Medical Center -	15764	15764	14454	15764	22040	25009	1	lurban	lurban	W	1.3545						1	0.0851	0.1463	344	206	0.0454	0.04215	0.343	0.04378	0.07193	0.04378	0.00062	709.59	0.000596	547.49	0.379	0.042	0		6912	6772.41	1.3759	1.3704	1153.33	1.3562	6782.57	1.3747	1.3688	1155.67	1.3505	1.231	1	0.03391	0.05659	0.449	1	1.00706	1.00	0	0
220036	St Elizabeth'S Medical Center	14454	14454	14454	14454	22160	25025	1	lurban	lurban	N	1.3545						1	0.6685	1.0753	203	135	0.31102	0.35452	0.3876	0.05298	0.08165	0.05298	0.000204	464.2	0.00026	481.01	0.665	0.037	0		3789	3707.03	2.1368	2.1317	633.52	2.1905	3714.99	2.1478	2.1429	634.57	2.1985	1.231	1	0.11695	0.04192	0.349	1	1.00037	0.99	0	0
220046	Berkshire Medical Center Inc - 1	38340	38340	38340	38340	22010	25003	1	ourban	ourban	N	1.3545						1	0.307	0.5301	214	143	0.15461	0.16136	0.3656	0.04844	0.07684	0.04844	0.000261	334.27	0.000331	361.86	0.486	0.033	0		6568	6382.41	1.5233	1.513	304.13	1.4374	6408.09	1.5098	1.5001	304.55	1.4351	1.231	1	0.01617	0.0095	0.556	1	0.99635	1.00	0	0
220049	Marlborough Hospital	15764	15764	14454	15764	22090	25017	1	lurban	lurban	W	1.3545						1	0	0	67	45	0	0	0.3228	0.03	0	0.03	0.00009	499.99	0.000105	481.09	0.418	0.017	0		1525	1483.93	1.295	1.2856			1485.81	1.292	1.2809			1.231	1	0.01344	0.00472	0.41	1	1.00099	1.00	0	0
220052	Signature Healthcare Brockton Hospital	14454	14454	14454	14454	22150	25023	1	lurban	lurban	N	1.3545						1	0.1012	0.1453	175	108	0.05375	0.04186	0.4366	0.06309	0.09244	0.06309	0.000319	709.01	0.000388	702.29	0.406	0.025	0		3687	3592.73	1.3718	1.3624	651.54	1.5903	3600.26	1.3684	1.3598	652.65	1.5735	1.231	1	0.05748	0.03394	0.386	1	1.00673	0.99	0	0
220058	Clinton Hospital Association	49340	49340	14454	49340	22170	25027	1	ourban	ourban	W	1.3545						1	0	0	21	6	0	0	0.1784	0.01087	0	0.01087		0	0.000008	217.11	0.412	0.021	0		238	228.26	1.1257	1.1152			229.04	1.1094	1.0989			1.231	1	0	0	0.462	1	1	1.00	0	0
220060	Beth Israel Deaconess Hospital - Plymouth	14454	14454	14454	14454	22150	25023	1	lurban	lurban	N	1.3545						1	0	0	136	90	0	0	0.1955	0.01364	0.04038	0.01364	0.000104	185.07	0.000134	218.77	0.563	0.032	0		5305	5168.08	1.4475	1.441			5177.98	1.4443	1.4371			1.231	1	0.01605	0.00576	0.532	1	1.00015	0.99	0	0
220062	Adcare Hospital Of Worcester Inc	49340	49340	14454	49340	22170	25027	1	ourban	ourban	W	1.3545						1	0	0	114	104	0	0	0.5473	0.08592	0.1172	0.08592	0.000138	415.33	0.000249	609.6	0.387	0.013	0		2713	2696.27	0.9607	0.9612			2696.59	1.0105	1.0111			1.231	1	0	0	0.473	1	1	1.00	0	0
220063	Lowell General Hospital	15764	15764	14454	15764	22090	25017	1	lurban	lurban	W	1.3545						1	0	0	396	218	0	0	0.3662	0.04857	0.07697	0.04857	0.000448	520.19	0.000576	577.76	0.453	0.039	0		7129	6982.85	1.4382	1.4309			6999.33	1.4378	1.4311			1.231	1	0.01449	0.01565	0.381	1	0.9975	0.98	0	0
220065	Baystate Noble Hospital	44140	44140	44140	44140	22070	25013	1	ourban	ourban	N	1.3545						1	0	0	62	20	0	0	0.1949	0.01355	0	0.01355	0.000048	362	0.000042	244.72	0.441	0.022	0		1010	968.15	1.3008	1.2858			972.52	1.2953	1.2837			1.231	1	0.00316	0.00132	0.515	1	1.01178	1.00	0	0
220066	Mercy Medical Ctr	44140	44140	44140	44140	22070	25013	1	ourban	ourban	N	1.3545						1	0	0	263	141	0	0	0.5334	0.08305	0.11406	0.08305	0.000265	568.59	0.000447	802.95	0.428	0.019	0		3906	3825.22	1.4469	1.4314			3832.33	1.4524	1.4369			1.231	1	0.00257	0.00016	0.268	1	0.99414	0.99	0	0
220070	Hallmark Health System	15764	15764	14454	15764	22090	25017	1	lurban	lurban	W	1.3545						1	0.0051	0.0094	194	112	0.00278	0.00266	0.2079	0.01592	0.043	0.01592	0.000159	302.06	0.000181	273.71	0.562	0.051	0		4082	3985.72	1.3516	1.3464	823.58	1.5041	3993.78	1.3539	1.3482	825.2	1.5018	1.231	1	0.00799	0.0097	0.506	1	1.00403	0.98	0	0
220071	Massachusetts General Hospital	14454	14454	14454	14454	22160	25025	1	lurban	lurban	N	1.3545						1	0.5435	0.6749	975	800	0.25946	0.2098	0.2715	0.02903	0.05652	0.02903	0.00151	701.66	0.001715	652.86	0.258	0.022	0		17653	17400.7	2.193	2.1824	1933.34	2.2047	17424	2.2087	2.1983	1934.75	2.2266	1.231	1	0.11957	0.13274	0.4	1	1.00666	1.00	0	0
220073	Morton Hospital	39300	39300	14454	39300	22020	25005	1	lurban	lurban	W	1.3545						1	0	0	106	50	0	0	0.2692	0.02856	0.05603	0.02856	0.000113	324.08	0.000132	312.07	0.671	0.042	0		2956	2868.67	1.4007	1.3864			2874.64	1.4072	1.3922			1.231	1	0.00185	0.0008	0.557	1	0.99969	0.99	0	0
220074	"Southcoast Hospital Group, Inc"	39300	39300	39300	39300	22020	25005	1	lurban	lurban	N	1.3545						1	0	0	835	406	0	0	0.3164	0.0383	0.06617	0.0383	0.000781	430.52	0.001017	454.06	0.383	0.034	0		14538	14288.6	1.5717	1.5658			14313.3	1.5742	1.5681			1.231	1	0.0163	0.01854	0.469	1	1.00325	0.97	0	0
220075	Massachusetts Eye And Ear Infirmary -	14454	14454	14454	14454	22160	25025	1	lurban	lurban	N	1.3545						1	0.9076	1.5	41	13	0.4036	0.52699	0.2064	0.01561	0	0.01561	0.000079	1755.17	0.000052	1004.12	0.467	0.046	0		440	435.05	1.8608	1.802	50.57	1.773	435.08	1.9005	1.842	50.56	1.7966	1.231	1	0.01614	0.02594	0.377	1	1	1.00	0	0
220077	Baystate Medical Center	44140	44140	49340	22	22070	25013	1	ourban	rural	S	1.3545		YES	YES			1	0.3818	0.5455	682	501	0.18891	0.16642	0.429	0.06152	0	0.06152	0.000951	596.65	0.001369	740.66	0.422	0.03	7		13781	13556.6	1.8066	1.7976	2870.84	1.7878	13575.2	1.8093	1.8001	2876.87	1.7896	1.231	1	0.01565	0.01254	0.36	1	0.99939	1.00	0	0
220080	Holy Family Hospital	15764	15764	15764	15764	22040	25009	1	lurban	lurban	N	1.3545						1	0	0	328	153	0	0	0.4147	0.05857	0.0876	0.05857	0.000291	470.42	0.000398	572.6	0.608	0.034	0		5102	4965.59	1.4062	1.3956			4979.2	1.4094	1.3993			1.231	1	0.01884	0.00844	0.425	1	1.00066	0.99	0	0
220083	Beth Israel Deaconess Hospital - Needham	14454	14454	14454	14454	22130	25021	1	lurban	lurban	N	1.3545						1	0.0068	0.0237	58	20	0.00371	0.00671	0.07285	0	0	0		0		0	0.586	0.081	0		1482	1409.74	1.3802	1.3657			1416.94	1.3741	1.359			1.231	1	0.00062	0.00283	0.641	1	1.00609	0.99	0	0
220084	Emerson Hospital -	15764	15764	14454	15764	22090	25017	1	lurban	lurban	W	1.3545						1	0	0	119	56	0	0	0.10321	0	0.02112	0		0		0	0.452	0.047	0		1826	1747.63	1.5416	1.5282			1753.9	1.5456	1.5313			1.231	1	0.00804	0.01194	0.318	1	1.00389	1.00	0	0
220086	Beth Israel Deaconess Medical Center	14454	14454	14454	14454	22160	25025	1	lurban	lurban	N	1.3545						1	0.7518	0.9395	614	524	0.34412	0.3036	0.29	0.03285	0.06048	0.03285	0.000723	508.84	0.000917	543.12	0.426	0.03	0		11893	11610.3	2.0641	2.054	2289.08	1.9481	11629.3	2.0766	2.0666	2295.59	1.9436	1.231	1	0.07309	0.05692	0.338	1	1.00222	0.98	0	0
220088	New England Baptist Hospital	14454	14454	14454	14454	22160	25025	1	lurban	lurban	N	1.3545						1	0.0628	0.0874	98	68	0.03371	0.02497	0.0088	0	0	0		0		0	0.588	0.039	0		3328	3267.65	2.408	2.4097			3286.91	2.3615	2.3609			1.231	1	0.00446	0.00153	0.426	1	1.0146	1.00	0	0
220090	Milford Regional Medical Center	49340	49340	14454	49340	22170	25027	1	ourban	ourban	W	1.3545						1	0.0907	0.1523	145	75	0.04831	0.04392	0.1848	0.01191	0.03813	0.01191	0.000137	327.9	0.00014	287.71	0.565	0.042	0		3667	3543.7	1.3644	1.3576	559.09	1.365	3551.27	1.372	1.3643	561.14	1.3736	1.231	1	0.00674	0.00524	0.424	1	1.00471	0.98	0	0
220095	Heywood Hospital -	49340	49340	14454	49340	22170	25027	1	ourban	ourban	W	1.3545						1	0	0	114	45	0	0	0.3628	0.04787	0.07623	0.04787	0.000088	550.25	0.000118	570.1	0.623	0.037	0		1323	1292.18	1.2566	1.2463			1295.22	1.2487	1.2387			1.231	1	0.00262	0.00121	0.36	1	0.99974	1.00	0	0
220098	Nashoba Valley Medical Center	15764	15764	14454	15764	22090	25017	1	lurban	lurban	W	1.3545						1	0	0	57	15	0	0	0.06402	0	0	0		0		0	0.516	0.034	0		736	707.97	1.1978	1.1854			709.02	1.2007	1.1883			1.231	1	0.00846	0.00571	0.533	1	1.00003	0.99	0	0
220100	South Shore Hospital	14454	14454	14454	14454	22130	25021	1	lurban	lurban	N	1.3545						1	0	0	368	271	0	0	0.198	0.01405	0.04091	0.01405	0.000348	262.38	0.000447	296.19	0.482	0.019	0		11338	11113.7	1.3957	1.3873			11124.2	1.4043	1.3955			1.231	1	0.00682	0.00047	0.449	1	1.00481	0.99	0	0
220101	Newton-Wellesley Hospital	15764	15764	14454	22	22090	25017	1	ourban	rural	S	1.3545		YES	YES			1	0.1744	0.2596	217	126	0.09082	0.07601	0.11907	0	0	0		0		0	0.392	0.034	7		4963	4776.75	1.5066	1.5025	627.26	1.5912	4790.38	1.5058	1.5016	628.89	1.5935	1.231	1	0.01442	0.0159	0.307	1	1.01209	1.00	0	0
220105	Winchester Hospital	15764	15764	14454	15764	22090	25017	1	lurban	lurban	W	1.3545						1	0.0106	0.0166	205	125	0.00578	0.0047	0.0494	0	0.01005	0		0		0	0.663	0.067	0		3805	3724.64	1.4119	1.4039	877.99	1.3974	3733.72	1.3977	1.3898	879.93	1.3807	1.231	1	0.00778	0.0113	0.382	1	1.01351	1.00	0	0
220108	Beth Israel Deaconess Hospital-Milton Inc	14454	14454	14454	14454	22130	25021	1	lurban	lurban	N	1.3545						1	0	0	88	52	0	0	0.12697	0	0	0		0		0	0.39	0.033	0		2843	2771.12	1.4715	1.4586			2776.06	1.4735	1.4591			1.231	1	0.00048	0.00054	0.579	1	1.00388	0.99	0	0
220110	Brigham And Women'S Hospital	14454	14454	22	22	22160	25025	1	ourban	rural	S	1.3545		YES				1	0.6102	0.6964	762	652	0.28727	0.21716	0.2678	0.02827	0	0.02827	0.000961	586.82	0.001288	670.23	0.244	0.031	0		14072	13818.3	2.2542	2.238	1711.38	2.169	13848.3	2.2634	2.2477	1714	2.1771	1.231	1	0.09804	0.22368	0.336	1	1.00649	1.00	0	0
220111	Good Samaritan Medical Center	14454	14454	14454	14454	22130	25021	1	lurban	lurban	N	1.3545						1	0.0199	0.0346	248	171	0.01082	0.00981	0.4098	0.05756	0.08652	0.05756	0.000334	499.28	0.000436	534.66	0.67	0.039	0		5472	5359.32	1.4374	1.429	1273.86	1.4143	5367.86	1.4411	1.4323	1275.28	1.4176	1.231	1	0.0329	0.01386	0.366	1	1.00246	0.98	0	0
220116	Tufts Medical Center	14454	14454	14454	14454	22160	25025	1	lurban	lurban	N	1.3545						1	0.7849	1.2321	362	231	0.35702	0.41581	0.4716	0.07031	0.10021	0.07031	0.000491	852.27	0.000738	1038.19	0.382	0.028	0		4912	4786.18	2.3902	2.3751	975.53	2.3642	4794.64	2.4019	2.3862	978.05	2.3638	1.231	1	0.03867	0.02589	0.284	1	1.00209	0.99	0	0
220119	Brigham And Women'S Faulkner Hospital	14454	14454	14454	14454	22160	25025	1	lurban	lurban	N	1.3545						1	0.2095	0.3624	114	80	0.10811	0.10768	0.3103	0.03704	0.06485	0.03704	0.000204	476.06	0.00012	243.6	0.317	0.021	0		3747	3625.18	1.4232	1.4154	398.09	1.3732	3637.67	1.4218	1.4149	401.13	1.3619	1.231	1	0.00562	0.00338	0.481	1	1.01486	0.99	0	0
220126	Norwood Hospital	14454	14454	14454	14454	22130	25021	1	lurban	lurban	N	1.3545						1	0	0	167	94	0	0	0.1724	0.00989	0.03553	0.00989	0.000112	233.96		0	0.615	0.045	0		3990	3893.22	1.3584	1.3492			3899.76	1.3663	1.3565			1.231	1	0.01585	0.01196	0.501	1	0.99438	0.99	0	0
220135	Falmouth Hospital	12700	12700	12700	12700	22000	25001	1	ourban	ourban	N	1.3629				YES	0.0084	1	0	0	95	68	0	0	0.1913	0.01296	0	0.01296	0.000078	184.63	0.000086	165.58	0.467	0.021	0		3424	3326.9	1.533	1.5219			3334.37	1.5411	1.5291			1.2362	1	0.01274	0.00294	0.615	1	1.00454	0.97	0	0
220163	Umass Memorial Medical Center Inc	49340	49340	14454	22	22170	25027	1	ourban	rural	S	1.3545		YES	YES			1	0.7841	0.9009	565	494	0.35671	0.28947	0.3863	0.05271	0	0.05271	0.001137	826.27	0.001418	858.58	0.331	0.022	7		11008	10776.2	1.8913	1.8736	3105.66	1.9709	10793.9	1.9047	1.8875	3112.09	1.9821	1.231	1	0.0791	0.05526	0.308	1	1.00269	1.00	0	0
220171	"Lahey Hospital & Medical Center, Burlington"	15764	15764	14454	22	22090	25017	1	ourban	rural	S	1.3545		YES	YES			1	0.4225	0.4091	345	294	0.20711	0.12238	0.1137	0	0	0		0		0	0.531	0.041	7		11114	10836.4	1.7901	1.7794	2331.16	1.9085	10859	1.7904	1.7795	2337.78	1.9109	1.231	1	0.04482	0.04188	0.48	1	1.00528	0.98	0	0
220175	Metrowest Medical Center	15764	15764	14454	15764	22090	25017	1	lurban	lurban	W	1.3545						1	0.1847	0.3985	247	106	0.09592	0.11902	0.3319	0.04149	0.06952	0.04149	0.000254	575.95	0.00024	417.02	0.479	0.031	0		3292	3157.37	1.4641	1.4516	753.25	1.46	3166.12	1.4628	1.4495	755.89	1.4553	1.231	1	0.00834	0.00378	0.384	1	0.99933	1.00	0	0
220176	St Vincent Hospital	49340	49340	14454	49340	22170	25027	1	ourban	ourban	W	1.3545						1	0.4707	0.6075	259	185	0.22827	0.18701	0.2843	0.03167	0.05926	0.03167	0.000235	403.76	0.000324	487.68	0.381	0.022	0		5061	4929.52	1.5537	1.544	2905.2	1.6221	4941.19	1.5542	1.5443	2915.57	1.6217	1.231	1	0.03853	0.01235	0.26	1	0.99885	1.00	0	0
220177	Nantucket Cottage Hospital	22	22	22	22	22120	25019	1	rural	rural	N	1.3545						1	0	0	19	4	0	0	0.2989	0.03	0	0.03	0.000049	2299.21	0.000031	1335.68	1.131	0.084	0		223	218.09	1.0847	1.0786			218.37	1.0702	1.0645			1.231	1	0.08124	0.08147	0.306	1.25	1.02237	1.00	0	0
230002	St Mary Mercy Hospital	19804	19804	19804	19804	23810	26163	4	lurban	lurban	N	0.9258				YES	0.0215	1	0.5057	0.7135	248	162	0.24337	0.22305	0.1633	0.00841	0.03362	0.00841	0.000167	194.54	0.000167	158.47	0.336	0.023	0		6955	6830.96	1.4647	1.4532	2288.04	1.4651	6839.98	1.4717	1.4601	2293.7	1.4681	0.9486	1	0.00293	0.00147	0.493	1	1.00167	0.99	0	0
230003	Spectrum Health Zeeland Community Hospital	24340	24340	34740	24340	23690	26139	4	ourban	ourban	W	0.9099						1	0	0	57	18	0	0	0.2025	0.0148	0	0.0148	0.000045	760.85	0.000039	526.19	0.482	0.056	0		436	420.01	1.3508	1.3364			421.17	1.3428	1.3287			0.9374	1	0.0063	0.01496	0.205	1	1.02116	1.00	0	0
230005	Promedica Bixby Hospital	23	23	11460	23	23450	26091	4	rural	rural	S	0.9481	LUGAR	YES	YES			1	0	0	88	37	0	0	0.2728	0.0293	0	0.0293	0.000108	627.74	0.000106	503.16	0.287	0.017	0		1448	1412.08	1.5048	1.4896			1416.63	1.4826	1.4674			0.9642	1	0.00521	0.00091	0.454	1	1.00956	1.00	0	0
230013	Pontiac General Hospital	47664	47664	22420	47664	23620	26125	4	lurban	lurban	W	1.0072						1	0.3318	1.5	47	3	0.16611	0.52699	0.7063	0.03	0	0.03	0.00002	997.61	0.000027	1121.71	0.175	0.012	0		260	257.8	1.0491	1.0406	6	1.3673	257.9	1.0523	1.0437	6	1.3825	1.0049	1	0.18616	0.10954	0.369	1	1	1.00	0	1
230015	Three Rivers Health	23	23	23	23	23740	26149	4	rural	rural	N	0.9025				YES	0.0556	1	0	0	48	8	0	0	0.2914	0.03	0	0.03	0.000052	1127.38	0.000044	742.66	0.378	0.023	0		361	341.38	1.3718	1.3598			343.55	1.362	1.3519			0.9322	1	0	0	0.397	1.20955	1.00816	1.00	0	1
230017	Bronson Methodist Hospital	28020	28020	28020	28020	23380	26077	4	ourban	ourban	N	1.0015						1	0.1962	0.3432	410	274	0.10159	0.1017	0.4388	0.06354	0.09292	0.06354	0.000788	1067.61	0.000981	1052.32	0.355	0.022	0		6230	6143.82	1.9114	1.9061	2919.2	1.8587	6152.01	1.9077	1.9017	2923.95	1.8612	1.001	1	0.0421	0.01938	0.26	1	1.00071	1.00	0	0
230019	Providence - Providence Park Hospital	47664	47664	22420	23	23620	26125	4	ourban	rural	S	1.0072		YES	YES			1	0.2698	0.3855	575	377	0.13712	0.11493	0.238	0.02213	0	0.02213	0.000477	334.08	0.000634	353.98	0.288	0.021	7		11460	11282.5	1.763	1.751	3943.23	1.75	11306.5	1.757	1.7453	3954.82	1.746	1.0049	1	0.00969	0.00741	0.402	1	1.00382	1.00	0	0
230020	Beaumont Hospital - Dearborn	19804	19804	11460	23	23810	26163	4	ourban	rural	S	0.9481		YES	YES			1	0.1654	0.2813	632	428	0.08634	0.08262	0.4115	0.05791	0	0.05791	0.000769	607.4	0.001241	760.46	0.239	0.02	7		9921	9778.79	1.8343	1.8222	3498.44	1.9344	9794.91	1.8419	1.8304	3503.65	1.9498	0.9642	1	0.0213	0.02409	0.376	1	1.00436	0.98	0	0
230021	"Lakeland Hospital, St Joseph"	35660	35660	28020	35660	23100	26021	4	ourban	ourban	W	0.956						1	0.2274	0.3721	268	131	0.11681	0.11072	0.3371	0.04256	0.07065	0.04256	0.000401	737.87	0.000471	656.45	0.37	0.033	0		4151	4018.34	1.7133	1.7002	1504.67	1.7407	4032.39	1.7122	1.6983	1508.15	1.7472	0.9697	1	0.03923	0.04473	0.381	1	0.99847	1.00	0	0
230022	Community Health Center Of Branch County	23	23	29620	23	23110	26023	4	rural	rural	W	0.9708						1	0.0777	0.1709	87	33	0.04154	0.04941	0.3074	0.03644	0	0.03	0.000065	437.56	0.000074	371.34	0.38	0.022	7		1141	1120.57	1.2518	1.2391	231.03	1.2565	1122.35	1.2561	1.244	231.25	1.2543	0.9799	1	0.01351	0.00778	0.423	1	0.99401	0.99	0	0
230024	Sinai-Grace Hospital	19804	19804	47664	23	23810	26163	4	ourban	rural	S	0.9534		YES	YES			1	0.5606	0.6867	355	238	0.26665	0.21384	0.6245	0.10184	0	0.10184	0.000673	846.87	0.000897	871.92	0.29	0.023	7		5923	5841.67	1.6241	1.5925	1494.41	1.6934	5847.51	1.6357	1.6047	1496.19	1.7064	0.9678	1	0.03978	0.04811	0.359	1	0.99905	0.99	0	0
230029	St Joseph Mercy Oakland	47664	47664	22420	47664	23620	26125	4	lurban	lurban	W	1.0072						1	0.2896	0.4529	369	206	0.14647	0.13634	0.2848	0.03178	0.05937	0.03178	0.000323	376.62	0.000405	385.11	0.351	0.025	0		7083	6985.12	1.8153	1.7958	2383.01	1.881	6998.79	1.8079	1.7893	2388.64	1.871	1.0049	1	0.00694	0.00405	0.393	1	1.00426	1.00	0	0
230030	Midmichigan Medical Center-Gratiot	23	23	24340	23	23280	26057	4	rural	rural	W	0.8928						1	0.0754	0	49	28	0.04034	0	0.3076	0.03648	0	0.03	0.000065	386.11	0.000077	356.63	0.34	0.03	15	5324.66	1320	1261.91	1.3697	1.3533			1265.99	1.3655	1.3486			0.9253	1	0.00049	0.0009	0.441	1	0.99338	1.00	0	0
230031	Lake Huron Medical Center	47664	47664	47664	47664	23730	26147	4	lurban	lurban	N	0.9685						1	0	0	154	49	0	0	0.2239	0.01922	0.04638	0.01922	0.000049	212.39	0.000052	178.63	0.44	0.018	0		1728	1686.88	1.6726	1.6499			1689.62	1.6738	1.6517			0.9783	1	0.13432	0.02237	0.455	1	1.00968	0.97	0	0
230035	Spectrum Health United Hospital	24340	24340	24340	24340	23580	26117	4	ourban	ourban	N	0.8928						1	0	0	43	22	0	0	0.3189	0.03	0	0.03	0.000075	636.47	0.000076	521.72	0.38	0.022	0		958	922.66	1.3488	1.3418			926.05	1.3445	1.338			0.9253	1	0.00377	0.00164	0.4	1.05848	1.01438	1.00	0	0
230036	Midmichigan Medical Center - Alpena	23	23	23	23	23030	26007	4	rural	rural	N	0.8469						1	0	0	96	37	0	0	0.233	0.02109	0	0.02109		0		0	0.366	0.012	17	7156.38	1995	1930.23	1.4388	1.4248			1935.84	1.4342	1.4211			0.8924	1	0.01048	0.00098	0.552	1	0.99647	0.99	0	0
230037	Hillsdale Hospital	23	23	11460	23	23290	26059	4	rural	rural	W	0.9481						1	0.0855	0.1969	43	17	0.04561	0.05714	0.3578	0.04683	0	0.03	0.000067	671.13	0.000065	498.14	0.391	0.04	7		751	714.11	1.3442	1.3206	152.27	1.2778	717.95	1.337	1.3139	152.84	1.2696	0.9642	1	0	0	0.439	1.12508	1.00612	1.00	0	0
230038	Spectrum Health - Butterworth Campus	24340	24340	34740	23	23400	26081	4	ourban	rural	S	0.9099		YES	YES			1	0.1957	0.2792	1038	739	0.10135	0.08198	0.3881	0.05308	0	0.05308	0.001272	819.94	0.001863	999.59	0.361	0.028	7		12876	12693.1	1.9902	1.9779	7868.67	2.0138	12711.3	1.9972	1.9855	7890.08	2.0172	0.9374	1	0.08469	0.08395	0.227	1	1.00186	1.00	0	0
230040	Spectrum Health Pennock	24340	24340	23	23	23070	26015	4	ourban	rural	S	0.8469		YES				1	0	0	49	24	0	0	0.1776	0.01074	0	0.01074	0.000064	650.92	0.000059	454.61	0.428	0.019	14	6331.94	749	729.23	1.3884	1.3814			731.57	1.3847	1.3786			0.8924	1	0.00968	0.00072	0.363	1.10227	1.00896	0.99	0	0
230041	Mclaren Bay Region	13020	13020	13020	13020	23080	26017	4	ourban	ourban	N	0.9593						1	0.0235	0.0458	297	171	0.01276	0.01301	0.1973	0.01394	0.04076	0.01394	0.000208	253.08	0.000261	258.28	0.278	0.015	0		6806	6733.37	1.7908	1.7781	1728.19	1.7661	6740.62	1.7905	1.778	1729.33	1.7712	0.9719	1	0.01303	0.0035	0.553	1	0.99763	0.99	0	0
230046	University Of Michigan Health System	11460	11460	11460	11460	23800	26161	4	ourban	ourban	N	1.0129						1	0.773	0.9474	915	740	0.3524	0.30651	0.3631	0.04793	0.0763	0.04793	0.001605	1147.07	0.002011	1159.89	0.306	0.025	0		11418	11223.9	2.2876	2.2777	3195.98	2.4401	11249.6	2.3016	2.2915	3201.08	2.4634	1.0088	1	0.18289	0.18491	0.271	1	1.00384	1.00	0	0
230047	Henry Ford Macomb Hospital	47664	47664	47664	47664	23490	26099	4	lurban	lurban	N	0.9685						1	0.2629	0.6058	321	199	0.13384	0.18644	0.1726	0.00992	0.03557	0.00992	0.00023	289.49	0.000274	271.82	0.352	0.03	0		6213	6058.5	1.7635	1.7534	2647.72	1.7502	6076.2	1.7599	1.749	2654.31	1.7522	0.9783	1	0.00949	0.00951	0.433	1	0.99621	0.99	0	0
230053	Henry Ford Hospital	19804	19804	47664	23	23810	26163	4	ourban	rural	S	0.9534		YES	YES			1	0.8758	1.1457	676	512	0.3917	0.3817	0.4148	0.05859	0	0.05859	0.00181	1654.69	0.002415	1792.56	0.323	0.023	7		9089	8931.22	2.1501	2.1401	5100.97	2.1253	8947.73	2.1599	2.1496	5120.26	2.1322	0.9678	1	0.10824	0.0858	0.291	1	0.99794	0.99	0	0
230054	Up Health System - Marquette	23	23	24580	23	23510	26103	4	rural	rural	W	0.9081						1	0.0578	0.1457	210	98	0.03107	0.04197	0.2703	0.02879	0	0.02879		0		0	0.241	0.014	17	7425.36	3589	3495.97	1.891	1.8878	1070.87	1.9342	3507.31	1.8982	1.8948	1076.41	1.9446	0.9361	1	0.0115	0.00357	0.371	1	0.99487	1.00	0	0
230055	Dickinson County Memorial Hospital	23	23	23	23	23210	26043	4	rural	rural	N	0.8469						1	0	0	96	25	0	0	0.2368	0.02188	0	0.02188		0		0	0.342	0.021	16	5945.93	1167	1123.13	1.5084	1.488			1127.73	1.4791	1.459			0.8924	1	0.00928	0.00424	0.479	1	1	0.99	1	0
230058	Munson Healthcare Grayling Hospital	23	23	23	23	23190	26039	4	rural	rural	N	0.8469						1	0	0	58	25	0	0	0.2732	0.02939	0	0.02939		0		0	0.344	0.011	16	6735.86	1315	1256.48	1.4489	1.4341			1261.09	1.4435	1.4267			0.8924	1	0.00227	0	0.546	1	1.00595	1.00	0	0
230059	Saint Mary'S Health Care	24340	24340	34740	24340	23400	26081	4	ourban	ourban	W	0.9099						1	0.2701	0.3955	255	178	0.13726	0.11808	0.3	0.03491	0.06263	0.03491	0.000447	822.89	0.000407	621.63	0.426	0.04	0		4571	4452.34	1.7801	1.7587	2397.41	1.7974	4465.1	1.7783	1.7575	2406.53	1.7911	0.9374	1	0.02683	0.03841	0.285	1	1.00451	1.00	0	0
230066	Mercy Health Muskegon	34740	34740	34740	34740	23600	26121	4	ourban	ourban	N	0.9409						1	0.1212	0.0975	257	164	0.06402	0.0279	0.2958	0.03405	0.06173	0.03405	0.00033	558.25	0.000409	803.68	0.441	0.023	0		6063	5926.03	1.9125	1.8899	2683.61	2.0319	5937.28	1.9193	1.8967	2688.95	2.0421	0.9591	1	0.02113	0.00681	0.364	1	0.99617	1.00	0	0
230069	Saint Joseph Mercy Livingston Hospital	47664	47664	47664	47664	23460	26093	4	lurban	lurban	N	0.9685						1	0.5937	1.2038	55	21	0.28045	0.40454	0.1309	0	0	0		0		0	0.379	0.027	0		1154	1113.79	1.4043	1.3908	428.89	1.3944	1117.15	1.4061	1.3933	431.06	1.3977	0.9783	1	0.00463	0.00276	0.481	1	1.00247	0.99	0	0
230070	Covenant Medical Center	40980	40980	40980	40980	23720	26145	4	ourban	ourban	N	0.8969						1	0.0869	0.1375	460	346	0.04634	0.03957	0.3506	0.04535	0.07358	0.04535	0.000515	441.15	0.000718	506.26	0.228	0.015	0		9676	9571.26	1.7368	1.728	2941.38	1.7151	9580.81	1.7305	1.7215	2944.15	1.7071	0.9282	1	0.01597	0.00748	0.398	1	0.99796	0.99	0	0
230071	Straith Hospital For Special Surgery	47664	47664	22420	47664	23620	26125	4	lurban	lurban	W	1.0072						1	0	0	34	13	0	0	0.0565	0	0	0		0		0	0.657	0.06	0		697	670.63	1.237	1.2364			636.36	1.3333	1.3306			1.0049	1	0	0	0.902	1	1	1.00	0	0
230072	Holland Community Hospital	24340	24340	34740	24340	23690	26139	4	ourban	ourban	W	0.9099						1	0	0	173	66	0	0	0.2643	0.02755	0.05498	0.02755	0.000189	791.77	0.000175	605.66	0.307	0.028	0		1873	1825.43	1.5644	1.5508			1829.19	1.5663	1.552			0.9374	1	0.01122	0.01554	0.25	1	1.01943	1.00	0	0
230075	Bronson Battle Creek Hospital	12980	12980	29620	23	23120	26025	4	ourban	rural	S	0.9708		YES	YES			1	0	0	179	90	0	0	0.3309	0.04129	0	0.04129	0.000196	498.66	0.000243	463.57	0.316	0.022	7		3043	2969.68	1.6435	1.626			2974.91	1.6511	1.6334			0.9799	1	0.01293	0.00953	0.447	1	0.99326	1.00	0	0
230077	St Mary'S Of Michigan Medical Center	40980	40980	47664	23	23720	26145	4	ourban	rural	S	0.9534		YES	YES			1	0.0847	0.1581	202	135	0.04519	0.04563	0.2375	0.02202	0	0.02202	0.000235	443.28	0.000222	333.85	0.298	0.015	7		4259	4194.35	1.9077	1.8948	1337.3	1.8349	4200.68	1.9099	1.8976	1338.17	1.85	0.9678	1	0.01775	0.00436	0.484	1	1.00176	1.00	0	0
230078	Lakeland Hospital Watervliet	35660	35660	23	23	23100	26021	4	ourban	rural	S	0.8469		YES				1	0	0	26	4	0	0	0.1939	0.01338	0	0.01338	0.000033	1847.16	0.000026	778.67	0.383	0.024	0		78	75.91	1.7778	1.7891			75.96	1.7507	1.761			0.8924	1	0.02201	0.0147	0.409	1.24712	1	1.00	0	0
230080	Mclaren Central Michigan	23	23	23	23	23360	26073	4	rural	rural	N	0.8469						1	0	0	78	27	0	0	0.3179	0.0386	0	0.03	0.00007	448.06	0.000087	426.98	0.336	0.022	7		1179	1141.14	1.3776	1.3563			1144.77	1.3715	1.3504			0.8924	1	0.00269	0.00129	0.413	1	1.00691	1.00	0	0
230081	Munson Healthcare Cadillac Hospital	23	23	23	23	23830	26165	4	rural	rural	N	0.8469						1	0	0	82	33	0	0	0.2487	0.02433	0	0.02433		0		0	0.387	0.018	16	6054.67	1518	1473.35	1.4163	1.4051			1479.59	1.4065	1.3963			0.8924	1	0.00258	0.00057	0.467	1	1.0132	0.99	0	0
230085	Bronson South Haven Hospital	28020	28020	28020	28020	23790	26159	4	ourban	ourban	N	1.0015						1	0	0	29	5	0	0	0.2186	0.01812	0	0.01812	0.000042	1339.33	0.000045	1105.15	0.528	0.024	0		227	218.87	1.4183	1.4091			220.15	1.3959	1.3882			1.001	1	0	0	0.43	1.23803	1.00889	1.00	0	0
230089	"Beaumont Hospital, Grosse Pointe"	19804	19804	19804	19804	23810	26163	4	lurban	lurban	N	0.9258				YES	0.0215	1	0.0686	0.1297	226	126	0.03677	0.03728	0.2885	0.03254	0.06016	0.03254	0.000177	288.46	0.000233	327.94	0.267	0.033	0		5351	5278.85	1.428	1.4193	1568.84	1.5425	5288.55	1.4234	1.4153	1571.64	1.5355	0.9486	1	0.00839	0.01903	0.445	1	1.01396	0.99	0	0
230092	Henry Ford Allegiance Health	27100	27100	27100	27100	23370	26075	4	ourban	ourban	N	1.013				YES	0.0283	1	0.2687	0.2471	325	187	0.1366	0.07222	0.3119	0.03737	0.0652	0.03737	0.000458	554.91	0.000504	492.42	0.271	0.012	0		6764	6612.58	1.696	1.6769	1591.08	1.7407	6626.82	1.6974	1.6781	1593.37	1.7406	1.0089	1	0.01545	0.00295	0.446	1	1.00502	0.99	0	0
230093	Spectrum Health Big Rapids Hospital	23	23	23	23	23530	26107	4	rural	rural	N	0.8703				YES	0.0234	1	0	0	49	14	0	0	0.4127	0.03	0	0.03	0.00006	826.45	0.00006	651.71	0.49	0.033	16	5506.06	572	534.15	1.3271	1.3077			537.14	1.3317	1.313			0.9093	1	0.00649	0.00417	0.289	1.09424	1.01495	0.99	0	0
230095	Midmichigan Medical Center - West Branch	23	23	23	23	23640	26129	4	rural	rural	N	0.8469						1	0	0	88	27	0	0	0.1604	0.00794	0	0.00794		0		0	0.41	0.028	16	6133.08	1269	1239.25	1.4461	1.4378			1240.68	1.4398	1.4309			0.8924	1	0.0143	0.00668	0.625	1	1.00651	1.00	0	1
230096	Sturgis Hospital	23	23	23	23	23740	26149	4	rural	rural	N	0.9025				YES	0.0556	1	0	0	49	10	0	0	0.2634	0.02736	0	0.02736	0.000045	627.55	0.000045	496.17	0.61	0.035	0		554	545.09	1.1327	1.1286			545.88	1.1301	1.1264			0.9322	1	0.02785	0.01511	0.409	1.19833	0.99541	1.00	0	0
230097	Munson Medical Center	23	23	33220	23	23270	26055	4	rural	rural	W	0.9086						1	0.0489	0.0633	365	260	0.02636	0.01802	0.236	0.02171	0	0.02171		0		0	0.333	0.019	17	7172.47	8711	8470.7	1.9304	1.9238	2529.59	2.0134	8524.64	1.9256	1.9191	2561.82	2.0073	0.9365	1	0.03456	0.01299	0.444	1	1.00572	1.00	0	0
230099	Promedica Monroe Regional Hospital	33780	33780	11460	33780	23570	26115	4	ourban	ourban	W	0.9481						1	0.1762	0.1967	168	77	0.09171	0.05708	0.2566	0.02596	0.05334	0.02596	0.000221	605.8	0.000181	362.04	0.397	0.034	0		2482	2423.52	1.4457	1.4325	621.36	1.434	2430.38	1.4355	1.423	622.52	1.4292	0.9642	1	0.00835	0.0093	0.481	1	0.99675	0.99	0	0
230100	Tawas St Joseph Hospital	23	23	23	23	23340	26069	4	rural	rural	N	0.8469						1	0	0	47	9	0	0	0.2636	0.02741	0	0.02741		0		0	0.638	0.074	16	6103.49	642	601.25	1.4867	1.4704			603.49	1.4816	1.4648			0.8924	1	0.00095	0.00295	0.461	1.18705	1.00277	1.00	0	0
230104	Harper University Hospital	19804	19804	47664	23	23810	26163	4	ourban	rural	S	0.9534		YES	YES			1	0.671	1.0824	344	239	0.31203	0.35724	0.6998	0.11737	0	0.11737	0.000607	873.29	0.001033	1189.78	0.284	0.028	7		5524	5477.28	1.8476	1.8359	1407.62	1.7958	5482.52	1.8473	1.8361	1409.31	1.7921	0.9678	1	0.07536	0.12064	0.287	1	1.00015	0.99	0	0
230105	Mclaren Northern Michigan	23	23	13020	23	23230	26047	4	rural	rural	W	0.9593						1	0	0	187	99	0	0	0.16989	0.00948	0	0.00948		0		0	0.365	0.02	17	6901.6	4309	4193.09	1.9643	1.9497			4204.65	1.9651	1.9511			0.9719	1	0.01807	0.00602	0.495	1	1.01063	1.00	0	0
230108	Up Health System Portage	23	23	23	23	23300	26061	4	rural	rural	N	0.8469						1	0	0	36	11	0	0	0.1725	0.00991	0	0.00991		0		0	0.363	0.03	16	6744.55	408	386.63	1.3046	1.3011			387.61	1.3045	1.3012			0.8924	1	0.00958	0.01033	0.301	1.18553	1.01341	1.00	0	0
230110	Spectrum Health Ludington Hospital	23	23	23	23	23520	26105	4	rural	rural	N	0.8469						1	0	0	49	21	0	0	0.2617	0.02701	0	0.02701		0		0	0.472	0.021	16	6577.84	960	932.34	1.3923	1.3827			934.88	1.3937	1.3841			0.8924	1	0.00897	0.00102	0.447	1.12644	1.00258	1.00	0	0
230117	Borgess Medical Center	28020	28020	28020	28020	23380	26077	4	ourban	ourban	N	1.0015						1	0.2876	0.4616	286	184	0.14553	0.13913	0.2189	0.01819	0.04532	0.01819	0.000268	361.75	0.000358	376.95	0.31	0.014	0		5715	5640.85	1.9708	1.9526	2478.55	1.8851	5649.37	1.9666	1.9486	2481.7	1.8733	1.001	1	0.05156	0.01022	0.393	1	1.00208	1.00	0	0
230118	Huron Medical Center	23	23	23	23	23310	26063	4	rural	rural	N	0.8469						1	0	0	53	12	0	0	0.3049	0.03	0	0.03		0		0	0.601	0.037	16	6213.78	628	591.68	1.5454	1.5283			594.4	1.541	1.5239			0.8924	1	0.00413	0.00084	0.468	1.17235	1.01746	1.00	0	0
230121	Memorial Healthcare	23	23	29620	29620	23770	26155	4	rural	ourban	L	0.9708	LUGAR					1	0	0	107	27	0	0	0.2918	0.03322	0.06087	0.03322	0.000061	448.54	0.000069	424.1	0.227	0.019	0		1158	1126.54	1.3966	1.3825			1128.07	1.3998	1.3856			0.9799	1	0.00111	0.0012	0.431	1.09136	1.00176	1.00	0	0
230130	"Beaumont Hospital, Royal Oak"	47664	47664	22420	23	23620	26125	4	ourban	rural	S	1.0072		YES	YES			1	0.3286	0.4146	979	760	0.16464	0.12412	0.2467	0.02392	0	0.02392	0.000847	337.05	0.001151	372.24	0.282	0.028	7		19977	19718.2	1.7687	1.7613	5742.64	1.8395	19751.2	1.7725	1.7656	5756.3	1.8499	1.0049	1	0.05218	0.07827	0.406	1	1.00264	0.99	0	0
230132	Hurley Medical Center	22420	22420	22420	22420	23240	26049	4	ourban	ourban	N	1.1019						1	0.2733	0.3899	370	252	0.13878	0.11631	0.6558	0.1083	0.14202	0.1083	0.000598	1067.31	0.000993	1456.94	0.267	0.014	0		4549	4509.6	1.5741	1.5656	1205.98	1.5019	4509.9	1.5896	1.5813	1206.89	1.5147	1.0687	1	0.04969	0.01429	0.274	1	0.99328	0.98	0	0
230133	Munson Healthcare Otsego Memorial Hospital	23	23	23	23	23680	26137	4	rural	rural	N	0.8469						1	0	0	46	17	0	0	0.2973	0.03	0	0.03		0		0	0.385	0.012	16	6219.31	878	858.31	1.4165	1.4032			860.27	1.4075	1.3958			0.8924	1	0.00161	0	0.434	1.13386	1.01394	1.00	0	0
230141	Mclaren Flint	22420	22420	22420	22420	23240	26049	4	ourban	ourban	N	1.1019						1	0.2488	0.2922	284	228	0.12711	0.08595	0.2456	0.02369	0.05099	0.02369	0.000309	305.73	0.000406	316.16	0.289	0.017	0		8117	7978.21	1.8157	1.8013	2659.52	1.8424	7991.26	1.818	1.8043	2661.9	1.8508	1.0687	1	0.02772	0.00957	0.504	1	0.99364	0.98	0	0
230142	Beaumont Hospital - Wayne	19804	19804	19804	19804	23810	26163	4	lurban	lurban	N	0.9258				YES	0.0215	1	0.1793	0.3651	175	78	0.09325	0.10853	0.3617	0.04764	0.07599	0.04764	0.000206	533.74	0.000249	504.11	0.237	0.021	0		2986	2931.17	1.4475	1.4379	987.81	1.5136	2936.87	1.449	1.4403	990.11	1.5269	0.9486	1	0.00527	0.00644	0.439	1	1.00546	0.99	0	0
230144	Forest Health Medical Center	11460	11460	11460	11460	23800	26161	4	ourban	ourban	N	1.0129						1	0	0	24	5	0	0	0.12345	0	0	0		0		0	0.399	0.07	0		253	253	1.6634	1.6634			253	1.6591	1.6591			1.0088	1	0.01695	0.08264	0.232	1	1	1.00	0	1
230146	Henry Ford Wyandotte Hospital	19804	19804	47664	23	23810	26163	4	ourban	rural	S	0.9534		YES	YES			1	0.1694	0.2512	261	163	0.08833	0.07346	0.2434	0.02324	0	0.02324	0.000346	575.99	0.000442	558	0.349	0.023	7		4696	4573.63	1.6006	1.5812	2163.36	1.6401	4587.95	1.5995	1.5815	2170.58	1.6478	0.9678	1	0.01522	0.01066	0.422	1	0.99402	0.98	0	0
230151	Beaumont Hospital - Farmington Hills	47664	47664	22420	23	23620	26125	4	ourban	rural	S	1.0072		YES	YES			1	0.5654	0.8761	236	161	0.26867	0.28048	0.3195	0.03893	0	0.03893	0.000277	429.15	0.000336	421.61	0.262	0.011	7		5198	5088.82	1.5108	1.4936	1647.66	1.5322	5095.68	1.5348	1.5164	1651.58	1.5497	1.0049	1	0.01082	0.00089	0.452	1	1.0028	0.99	0	0
230156	St Joseph Mercy Hospital	11460	11460	11460	11460	23800	26161	4	ourban	ourban	N	1.0129						1	0.2654	0.3567	457	330	0.13503	0.1059	0.2126	0.01689	0.04399	0.01689	0.000423	321.4	0.000461	279	0.285	0.01	0		10271	10105	1.7621	1.7543	3892.98	1.8632	10122.1	1.7615	1.7532	3899.8	1.8591	1.0088	1	0.01988	0.00253	0.368	1	1.00114	0.99	0	0
230165	St John Hospital And Medical Center	19804	19804	47664	23	23810	26163	4	ourban	rural	S	0.9534		YES	YES			1	0.3144	0.4827	573	351	0.15806	0.14593	0.4814	0.07233	0	0.07233	0.000678	691.05	0.001075	854.08	0.314	0.021	7		7655	7541.71	1.905	1.886	2322	1.9062	7555.53	1.9078	1.8902	2326.96	1.9097	0.9678	1	0.02473	0.01644	0.317	1	0.99145	1.00	0	0
230167	Mclaren Greater Lansing	29620	29620	29620	29620	23320	26065	4	ourban	ourban	N	1.0015						1	0.2994	0.6206	283	131	0.15107	0.19141	0.329	0.04089	0.06889	0.04089	0.000335	582.44	0.000349	487.45	0.3	0.02	0		4598	4500.61	1.7654	1.7523	1229.51	1.8688	4520.39	1.7602	1.7476	1239.06	1.8635	1.001	1	0.02294	0.01129	0.449	1	1.00023	1.00	0	0
230174	North Ottawa Community Health System	24340	24340	34740	24340	23690	26139	4	ourban	ourban	W	0.9099						1	0	0	81	12	0	0	0.2043	0.01517	0	0.01517	0.000032	668	0.000032	492.23	0.516	0.063	0		339	329.62	1.3891	1.3824			330.22	1.3832	1.3758			0.9374	1	0.00535	0.01505	0.342	1	0.99146	1.00	0	0
230176	Beaumont Hospital - Trenton	19804	19804	19804	19804	23810	26163	4	lurban	lurban	N	0.9258				YES	0.0215	1	0.2507	0.4608	186	96	0.12802	0.13887	0.1731	0.01	0.03567	0.01	0.000102	225.91	0.000135	244.58	0.209	0.02	0		3752	3673.91	1.58	1.5682	1614.8	1.5465	3680.7	1.5878	1.5764	1619.19	1.5591	0.9486	1	0.00672	0.00972	0.456	1	1.00381	0.99	0	0
230180	Midmichigan Medical Center-Clare	23	23	23	23	23170	26035	4	rural	rural	N	0.8469						1	0	0	49	8	0	0	0.2428	0.02312	0	0.02312	0.000037	560.6	0.000025	294.47	0.366	0.027	14	5583.4	517	492.2	1.2839	1.2688			494.55	1.2779	1.2639			0.8924	1	0	0	0.588	1.20826	1.00927	0.99	0	0
230193	Mclaren Lapeer Region	47664	47664	22420	47664	23430	26087	4	lurban	lurban	W	1.0072						1	0	0	183	68	0	0	0.1834	0.01168	0.03784	0.01168	0.000111	339.3	0.000136	332.53	0.272	0.017	0		2686	2597.54	1.5658	1.5388			2604.38	1.5568	1.5286			1.0049	1	0.00693	0.00345	0.486	1	1.00441	1.00	0	0
230195	St John Macomb-Oakland Hospital-Macomb Center	47664	47664	47664	47664	23490	26099	4	lurban	lurban	N	0.9685						1	0.3445	0.4423	451	292	0.17195	0.13294	0.3047	0.03588	0.06365	0.03588	0.000399	342.12	0.000563	379.62	0.285	0.013	0		9274	9162.23	1.6244	1.6101	3084.32	1.6151	9172.26	1.6292	1.6152	3087.1	1.6096	0.9783	1	0.00646	0.00059	0.474	1	0.99706	1.00	0	0
230197	Genesys Regional Medical Center - Health Park	22420	22420	22420	22420	23240	26049	4	ourban	ourban	N	1.1019						1	0.3832	0.5131	346	249	0.18954	0.1558	0.1831	0.01163	0.03777	0.01163	0.00025	276.39	0.000336	292.26	0.361	0.015	0		6994	6888.76	1.838	1.8201	3183.98	1.9345	6901.07	1.8191	1.8016	3187.92	1.9235	1.0687	1	0.02166	0.00248	0.429	1	0.99971	0.99	0	0
230207	Mclaren Oakland	47664	47664	22420	47664	23620	26125	4	lurban	lurban	W	1.0072						1	0.7807	1.3712	119	60	0.35539	0.47249	0.4184	0.05933	0.08842	0.05933	0.000176	798.28	0.000199	736.33	0.34	0.029	0		1787	1762.47	1.4957	1.4857	398.24	1.434	1764.4	1.5094	1.4994	398.85	1.4564	1.0049	1	0.00813	0.00818	0.479	1	0.99969	1.00	0	0
230208	Sparrow Carson Hospital	24340	24340	24340	24340	23580	26117	4	ourban	ourban	N	0.8928						1	0.0145	0	48	9	0.00789	0	0.3604	0.03	0	0.03	0.000055	1125.4	0.000048	726.63	0.56	0.079	7		339	331.82	1.4073	1.4011	39.77	1.6307	332.54	1.3915	1.3852	39.8	1.6133	0.9253	1	0.00269	0.00786	0.346	1.16955	0.99791	0.99	0	0
230216	Mclaren Port Huron	47664	47664	47664	47664	23730	26147	4	lurban	lurban	N	0.9685						1	0	0	163	99	0	0	0.262	0.02708	0.05449	0.02708	0.000146	283.04	0.000198	326.91	0.332	0.017	0		4567	4449.12	1.5433	1.5329			4459.89	1.5454	1.5348			0.9783	1	0.00568	0.00049	0.495	1	1.00458	0.98	0	0
230217	Oaklawn Hospital	12980	12980	12980	12980	23120	26025	4	ourban	ourban	N	0.9521				YES	0.0019	1	0	0	78	37	0	0	0.3737	0.03	0	0.03	0.000085	569.02	0.000091	488.14	0.306	0.038	0		1236	1172.22	1.7534	1.7418			1177.6	1.7503	1.7375			0.9669	1	0.0953	0.21876	0.302	1	1.01438	0.99	0	0
230222	Midmichigan Medical Center-Midland	33220	33220	33220	23	23550	26111	4	ourban	rural	S	0.9361		YES		YES	0.0059	1	0.0613	0.1554	316	122	0.03292	0.04483	0.2484	0.02427	0	0.02427		0		0	0.326	0.022	17	6902.93	5648	5529.05	1.8917	1.8789	1553.17	1.9196	5542.08	1.8846	1.8723	1555.96	1.916	0.9558	1	0.01785	0.00965	0.453	1	1.01112	1.00	0	0
230227	Mclaren Macomb	47664	47664	47664	47664	23490	26099	4	lurban	lurban	N	0.9685						1	0.2578	0.4083	279	157	0.13141	0.12212	0.2565	0.02594	0.05331	0.02594	0.000308	424.22	0.000345	384.49	0.297	0.025	0		5829	5658.75	1.6791	1.6612	1650.03	1.7404	5678.39	1.6879	1.6715	1654.56	1.7643	0.9783	1	0.01211	0.0128	0.442	1	1.00073	0.98	0	0
230230	Edward W Sparrow Hospital	29620	29620	29620	29620	23320	26065	4	ourban	ourban	N	1.0015						1	0.2875	0.3934	525	388	0.14548	0.11741	0.3446	0.04411	0.07227	0.04411	0.00092	765.8	0.000858	569.77	0.25	0.019	0		9562	9395.21	1.7513	1.7363	2353.97	1.8004	9422.58	1.7482	1.7334	2361.03	1.8046	1.001	1	0.02773	0.02306	0.331	1	0.99671	0.99	0	0
230236	Metro Health Hospital	24340	24340	34740	23	23400	26081	4	ourban	rural	S	0.9099		YES	YES			1	0.2789	0.518	178	86	0.14143	0.1574	0.2711	0.02895	0	0.02895	0.000211	792.18	0.000272	814.99	0.417	0.043	0		2168	2102.38	1.9762	1.9667	1601.97	2.0229	2107.96	1.9811	1.9716	1608.71	2.0094	0.9374	1	0.0682	0.11347	0.26	1	0.99812	1.00	0	0
230239	Chippewa County War Memorial Hospital	23	23	23	23	23160	26033	4	rural	rural	N	0.8469						1	0	0	82	28	0	0	0.2747	0.02969	0	0.02969		0		0	0.407	0.023	16	7802.95	976	958.5	1.319	1.3155			959.93	1.3134	1.3101			0.8924	1	0.02741	0.01368	0.453	1.0947	1.01623	1.00	0	0
230241	St John River District Hospital	47664	47664	47664	47664	23730	26147	4	lurban	lurban	N	0.9685						1	0	0.0042	68	14	0	0.00119	0.317	0.03	0	0.03	0.000029	353.36	0.000034	330.03	0.492	0.032	0		657	633.2	1.317	1.3002			634.91	1.3133	1.2971			0.9783	1	0	0	0.411	1	1.00638	1.00	0	0
230244	Garden City Hospital	19804	19804	19804	19804	23810	26163	4	lurban	lurban	N	0.9258				YES	0.0215	1	0.4315	0.6376	141	92	0.21109	0.19713	0.3573	0.04673	0.07504	0.04673	0.000185	432.15	0.000215	396.11	0.198	0.018	0		3147	3070.29	1.7894	1.7739	1152.32	1.6605	3076.68	1.7929	1.7776	1153.71	1.6908	0.9486	1	0.01145	0.01459	0.457	1	0.99257	0.99	0	0
230254	Ascension Crittenton Hospital	47664	47664	22420	47664	23620	26125	4	lurban	lurban	W	1.0072						1	0.3057	0.6326	189	93	0.15401	0.19545	0.1168	0	0.02393	0		0		0	0.246	0.042	0		3322	3256.06	1.7116	1.7017	1194.43	1.7836	3263.35	1.7134	1.7035	1196.72	1.7774	1.0049	1	0.0045	0.01753	0.413	1	0.99334	0.99	0	0
230259	St Joseph Mercy Chelsea	11460	11460	11460	11460	23800	26161	4	ourban	ourban	N	1.0129						1	0	0	97	28	0	0	0.0451	0	0	0		0		0	0.339	0.03	0		1345	1309.1	1.6185	1.6168			1314.68	1.5988	1.5979			1.0088	1	0.00068	0.00088	0.32	1	1.01803	1.00	0	0
230264	Southeast Michigan Surgical Hospital	47664	47664	47664	47664	23490	26099	4	lurban	lurban	N	0.9685						1	0.52	1.5	13	0	0.24949	0.52699	0.459	0.03	0	0.03	0.000003	1489.36	0.000001	294.26	0.278	0.028	0		15	14.49	3.1451	3.0266	3	2.9168	14.5	3.1296	3.019	3	2.9566	0.9783	1	0.11931	0.17789	0.357	1	1	1.00	0	0
230269	"Beaumont Hospital, Troy"	47664	47664	22420	23	23620	26125	4	ourban	rural	S	1.0072		YES	YES			1	0.043	0.0431	433	375	0.02322	0.01224	0.1768	0.01061	0	0.01061	0.000358	218.29	0.00048	245.63	0.206	0.027	7		13487	13289	1.5317	1.5242	3697.73	1.6087	13303.6	1.5367	1.5292	3701.47	1.6207	1.0049	1	0.00652	0.01677	0.421	1	1.00692	0.99	0	0
230270	Beaumont Hospital - Taylor	19804	19804	19804	19804	23810	26163	4	lurban	lurban	N	0.9258				YES	0.0215	1	0.2449	0.4076	99	58	0.12524	0.1219	0.2889	0.03	0	0.03	0.000131	488.71	0.000168	475.07	0.243	0.018	0		2046	1999.61	1.489	1.472	608.11	1.5632	2004.12	1.4848	1.4686	609.49	1.5772	0.9486	1	0.00315	0.00259	0.49	1	0.99868	0.99	0	0
230273	Detroit Receiving Hospital & Univ Health Center	19804	19804	19804	19804	23810	26163	4	lurban	lurban	N	0.9258				YES	0.0215	1	0.9436	0.9568	212	175	0.41693	0.30998	0.7411	0.12589	0.16192	0.12589	0.00058	1252.83	0.0007	1184.85	0.23	0.02	0		3489	3425.46	1.6467	1.6201	825.67	1.6938	3427.68	1.6672	1.6399	826.69	1.7064	0.9486	1	0.05424	0.0674	0.317	1	0.99464	0.99	0	0
230275	Healthsource Saginaw	40980	40980	40980	40980	23720	26145	4	ourban	ourban	N	0.8969						1	0	0	7	4	0	0	0.8754	0.03	0	0.03	0.000013	1056.59	0.000014	875.37	0.215	0.013	0		77	76.76	0.7634	0.7634			76.76	0.7896	0.7895			0.9282	1	0	0	0.206	1	1	1.00	0	0
230277	Huron Valley-Sinai Hospital	47664	47664	22420	47664	23620	26125	4	lurban	lurban	W	1.0072						1	0.124	0.1301	111	82	0.06545	0.0374	0.1908	0.01288	0.03939	0.01288	0.000119	367.24	0.000156	365.98	0.316	0.033	0		2599	2540.77	1.573	1.5608	930.4	1.5176	2547.76	1.5788	1.5678	931.5	1.5146	1.0049	1	0.04604	0.07241	0.374	1	0.99841	0.99	0	0
230279	Brighton Hospital	47664	47664	47664	47664	23460	26093	4	lurban	lurban	N	0.9685						1	0	0	99	51	0	0	0.1522	0.00661	0	0.00661		0		0	0.905	0.04	0		80	78.78	1.1856	1.1869			78.91	1.2686	1.2704			0.9783	1	0	0	0.025	1	1	1.00	0	0
230297	Karmanos Cancer Center	19804	19804	19804	19804	23810	26163	4	lurban	lurban	N	0.9258				YES	0.0215	1	0.0294	0.152	123	65	0.01594	0.04383	0.2999	0.03489	0.06261	0.03489	0.000097	805.8	0.000141	883.25	0.411	0.019	0		935	923.65	2.1406	2.1412	346.76	2.2172	924.54	2.1536	2.154	346.82	2.2443	0.9486	1	0.2566	0.06517	0.275	1	1.00792	1.00	0	0
230301	Oakland Regional Hospital	47664	47664	22420	47664	23620	26125	4	lurban	lurban	W	1.0072						1	0	0	30	4	0	0	0.1078	0	0	0		0		0	0.665	0.129	0		211	209.44	1.5561	1.5473			210.24	1.5283	1.5236			1.0049	1	0.00857	0.05926	0.922	1	1	1.00	0	0
230302	Henry Ford West Bloomfield Hospital	47664	47664	22420	47664	23620	26125	4	lurban	lurban	W	1.0072						1	0	0	191	151	0	0	0.1892	0.01262	0.03906	0.01262	0.000206	459.27	0.000259	467.34	0.346	0.038	0		3546	3427.68	1.6629	1.6525			3449.76	1.6549	1.645			1.0049	1	0.03016	0.05552	0.304	1	1.00253	0.98	0	0
230303	Munson Healthcare Manistee Hospital	23	23	34740	23	23500	26101	4	rural	rural	W	0.9099						1	0	0	45	14	0	0	0.2305	0.02058	0	0.02058		0		0	0.461	0.034	16	8262.21	697	686.19	1.3468	1.3418			687.35	1.3552	1.3502			0.9374	1	0.01252	0.00922	0.508	1.17697	1.01678	0.98	0	0
240001	North Memorial Medical Center	33460	33460	33460	33460	24260	27053	6	lurban	lurban	N	1.1038						1	0.0623	0.1045	371	194	0.03345	0.02993	0.3328	0.04168	0.06971	0.04168	0.000317	423.86	0.000457	539.05	0.314	0.002	0		6770	6601.39	1.8839	1.8731	1694.64	1.6948	6615.98	1.8926	1.8813	1698.28	1.6963	1.07	1	0.04329	0	0.343	1	1.00066	1.00	0	0
240002	Essentia Health St Mary'S Medical Center	20260	20260	20260	20260	24680	27137	6	ourban	ourban	N	0.991						1	0.0388	0.052	327	209	0.02097	0.01478	0.2989	0.03469	0.0624	0.03469	0.000353	412.81	0.000457	453.21	0.385	0.019	0		7248	7190.38	2.0829	2.0663	1103.97	2.0176	7194.01	2.0895	2.0724	1104.11	2.0345	0.9938	1	0.08044	0.02219	0.424	1	1.00004	1.00	0	0
240004	Hennepin County Medical Center 1	33460	33460	33460	33460	24260	27053	6	lurban	lurban	N	1.1038						1	0.8201	1.2515	335	228	0.37057	0.42358	0.6509	0.10729	0.14089	0.10729	0.000941	1768.59	0.001202	1873.4	0.303	0.013	0		4302	4218.76	1.8991	1.8783	975.85	1.6102	4223.6	1.9214	1.9012	977.1	1.6237	1.07	1	0.09026	0.01368	0.264	1	1.00393	1.00	0	0
240006	Olmsted Medical Center	40340	40340	40340	40340	24540	27109	6	ourban	ourban	N	1.0691						1	0	0	61	13	0	0	0.3963	0.03	0	0.03	0.000141	2742.63	0.000102	1868.42	0.515	0.035	0		472	465.68	1.4056	1.4066			466.04	1.3825	1.3829			1.0468	1	0.02629	0.02086	0.151	1	1.01664	1.00	0	0
240010	Mayo Clinic Hospital Rochester	40340	40340	40340	40340	24540	27109	6	ourban	ourban	N	1.0691						1	0.4709	0.708	1079	765	0.22836	0.22116	0.1882	0.01246	0.03885	0.01246		0		0	0.407	0.021	16	8796.33	20542	20368.5	2.3999	2.394	2594.52	2.3092	20382.1	2.4089	2.4025	2598.68	2.3109	1.0468	1	0.13893	0.05135	0.383	1	1.01295	1.00	0	0
240014	Northfield Hospital	33460	33460	33460	33460	24180	27037	6	lurban	lurban	N	1.1038						1	0	0	37	12	0	0	0.177	0.01064	0	0.01064	0.00003	382.84	0.000025	278.17	0.347	0.026	0		677	661.31	1.4254	1.4201			663.07	1.4057	1.4015			1.07	1	0.0066	0.00549	0.317	1.1575	1.01577	1.00	0	0
240018	Mayo Clinic Health System - Red Wing	24	24	33460	33460	24240	27049	6	rural	lurban	L	1.077	LUGAR					1	0	0	50	12	0	0	0.2062	0.01557	0	0.01557	0.000078	888.96	0.000036	359.26	0.637	0.026	0		742	717.53	1.5737	1.5696			719.43	1.5599	1.5559			1.0521	1	0.01225	0.00209	0.401	1.12826	1.01722	1.00	0	0
240019	Essentia Health Duluth	20260	20260	20260	20260	24680	27137	6	ourban	ourban	N	0.991						1	0	0.0297	102	50	0	0.00842	0.6607	0.10931	0.14315	0.10931	0.000238	2382.37	0.000179	1456.35	0.723	0.032	0		835	823.3	1.697	1.6902			823.93	1.6988	1.6924			0.9938	1	0.42084	0.15679	0.339	1	1.00253	1.00	0	0
240020	Cambridge Medical Center	33460	33460	33460	33460	24290	27059	6	lurban	lurban	N	1.1038						1	0	0	59	21	0	0	0.3044	0.03	0	0.03	0.000072	727.77	0.00009	740.48	0.467	0.024	0		811	756.66	1.3918	1.3714			761.74	1.3819	1.363			1.07	1	0.00541	0.00153	0.305	1.10242	1.01216	1.00	0	0
240022	Sanford Worthington Medical Center	24	24	24	24	24520	27105	6	rural	rural	N	0.9013						1	0	0	48	9	0	0	0.5084	0.03	0	0.03		0		0	0.545	0.032	16	6537.47	350	337.75	1.2823	1.279			339.12	1.2654	1.2629			0.9313	1	0.00392	0.0022	0.269	1.19485	1.01669	1.00	0	0
240030	Douglas County Hospital	24	24	24	24	24200	27041	6	rural	rural	N	0.9013						1	0	0	99	33	0	0	0.1702	0.00953	0	0.00953		0		0	0.355	0.022	17	6621.55	1621	1587.3	1.8211	1.8193			1590.19	1.8013	1.7992			0.9313	1	0.00241	0.00074	0.465	1	1.0021	1.00	0	0
240036	St Cloud Hospital	41060	41060	33460	24	24720	27145	6	ourban	rural	S	1.077		YES	YES			1	0.0264	0.0399	473	309	0.01432	0.01132	0.284	0.03	0	0.03161		0		0	0.321	0.028	16	7949.25	11328	11146.6	2.044	2.0334	1269.8	1.8137	11167.3	2.0378	2.0282	1274.78	1.819	1.0521	1	0.04384	0.05102	0.408	1	1.00961	1.00	0	0
240038	United Hospital	33460	33460	33460	33460	24610	27123	6	lurban	lurban	N	1.1038						1	0.0501	0.069	317	233	0.02699	0.01966	0.2958	0.03405	0.06173	0.03405	0.000332	362.36	0.000507	474.85	0.32	0.017	0		7914	7780.6	1.896	1.8743	1607.11	1.669	7791.44	1.8965	1.8748	1609.83	1.676	1.07	1	0.0585	0.01826	0.349	1	0.9971	1.00	0	0
240040	University Medical Center-Mesabi/ Mesaba Clinics	20260	20260	20260	20260	24680	27137	6	ourban	ourban	N	0.991						1	0	0	60	32	0	0	0.4601	0.03	0	0.03	0.000076	699.62	0.000101	740.25	0.374	0.018	0		867	842.22	1.3242	1.3143			844.01	1.3268	1.3169			0.9938	1	0.14308	0.0672	0.367	1.09379	1.00138	1.00	0	0
240043	Mayo Clinic Health System - Albert Lea And Austin	24	24	24	24	24230	27047	6	rural	rural	N	0.9013						1	0	0	142	32	0	0	0.2887	0.03	0	0.03258		0		0	0.708	0.036	16	7683.33	1765	1709.24	1.4815	1.4722			1713.75	1.4619	1.4522			0.9313	1	0.0428	0.01439	0.459	1	1.00985	1.00	0	0
240044	Winona Health Services	24	24	24	24	24840	27169	6	rural	rural	N	0.9082				YES	0.0069	1	0	0	53	18	0	0	0.2306	0.0206	0	0.0206		0		0	0.598	0.046	16	7520.65	850	833.01	1.2761	1.269			834.69	1.269	1.2618			0.9362	1	0.06246	0.05602	0.451	1.13311	1.01382	0.99	0	0
240047	St Lukes Hospital	20260	20260	33460	24	24680	27137	6	ourban	rural	S	1.077		YES	YES			1	0.0337	0.0426	238	127	0.01824	0.01209	0.2898	0.03281	0	0.03281	0.000166	305.7	0.000291	467.4	0.3	0.015	7		4788	4742.07	1.8026	1.7968	613.35	1.792	4745.88	1.8025	1.7964	614.45	1.7943	1.0521	1	0.04739	0.01597	0.473	1	0.99942	0.99	0	0
240050	Fairview Lakes Medical Center	33460	33460	33460	33460	24810	27163	6	lurban	lurban	N	1.1038						1	0	0	54	23	0	0	0.21	0.01635	0	0.01635	0.000056	432.59	0.000056	369.09	0.385	0.038	0		1170	1127.8	1.5307	1.5175			1131.86	1.527	1.5126			1.07	1	0.01086	0.01579	0.345	1.07106	1.01332	1.00	0	0
240052	Lake Region Healthcare Corporation	24	24	24	24	24550	27111	6	rural	rural	N	0.9013						1	0	0	80	17	0	0	0.2006	0.01447	0	0.01447		0		0	0.381	0.02	16	5630.48	1081	1052.7	1.4797	1.4699			1054.62	1.4688	1.4589			0.9313	1	0.02251	0.00435	0.488	1.12841	1.00658	1.00	0	0
240053	Park Nicollet Methodist Hospital	33460	33460	33460	33460	24260	27053	6	lurban	lurban	N	1.1038						1	0.0835	0.1665	385	197	0.04457	0.04811	0.1834	0.01168	0.03784	0.01168	0.000272	257.95	0.000289	236.02	0.459	0.034	0		9095	8949.21	1.7053	1.6998	1402.2	1.7016	8962.77	1.7002	1.6939	1405.95	1.6976	1.07	1	0.02818	0.0204	0.427	1	1.00847	1.00	0	0
240056	Ridgeview Medical Center	33460	33460	33460	33460	24090	27019	6	lurban	lurban	N	1.1038						1	0	0	112	49	0	0	0.1236	0	0.02534	0		0		0	0.487	0.04	0		2422	2366.47	1.4676	1.4582			2369.03	1.4657	1.4546			1.07	1	0.01881	0.01718	0.327	1	1.00494	1.00	0	0
240057	Abbott Northwestern Hospital	33460	33460	33460	33460	24260	27053	6	lurban	lurban	N	1.1038						1	0.0667	0.0913	579	416	0.03577	0.0261	0.2921	0.03328	0.06093	0.03328	0.000474	316.21	0.000742	413.99	0.289	0.014	0		12766	12620.8	2.2824	2.2757	2038.52	1.9685	12633.9	2.2791	2.2723	2041.5	1.9695	1.07	1	0.07119	0.01931	0.368	1	1.00029	1.00	0	0
240059	Regina Hospital	33460	33460	33460	33460	24180	27037	6	lurban	lurban	N	1.1038						1	0	0	20	9	0	0	0.1745	0.01023	0	0.01023	0.000032	487.84	0.00003	366.74	0.497	0.041	0		531	515.08	1.4523	1.4514			515.87	1.4477	1.4456			1.07	1	0.00129	0.00134	0.37	1.17462	1.01884	1.00	0	0
240063	St Joseph'S Hospital	33460	33460	33460	33460	24610	27123	6	lurban	lurban	N	1.1038						1	0.0612	0.0882	227	148	0.03287	0.0252	0.3955	0.05461	0.08338	0.05461	0.000289	573.55	0.000447	755.49	0.331	0.026	0		4302	4209.56	1.9598	1.9421	1097.39	1.8842	4217.97	1.9671	1.9499	1101.41	1.885	1.07	1	0.06647	0.0568	0.385	1	1.00725	1.00	0	0
240064	Grand Itasca Clinic And Hospital	24	24	24	24	24300	27061	6	rural	rural	N	0.9179				YES	0.0166	1	0	0	36	12	0	0	0.2447	0.02351	0	0.02351		0		0	0.487	0.061	16	6025.05	775	756.84	1.1927	1.1848			758.36	1.1878	1.1805			0.943	1	0.0045	0.01113	0.4	1.16773	1.01356	1.00	0	0
240066	Lakeview Memorial Hospital	33460	33460	33460	33460	24810	27163	6	lurban	lurban	N	1.1038						1	0	0	68	29	0	0	0.0488	0	0	0		0		0	0.433	0.005	0		1881	1845.61	1.6249	1.622			1848.67	1.6043	1.6011			1.07	1	0.00307	0	0.42	1	1.01698	1.00	0	0
240069	Owatonna Hospital	24	24	33460	24	24730	27147	6	rural	rural	W	1.077						1	0	0	30	16	0	0	0.2447	0.02351	0	0.02351	0.000041	445.11	0.000051	472.56	0.409	0.034	0		799	776.88	1.3778	1.3697			778.27	1.3663	1.3581			1.0521	1	0.00178	0.00199	0.342	1.12758	1.01433	0.99	0	0
240071	District One Hospital	24	24	40340	33460	24650	27131	6	rural	lurban	L	1.048	LUGAR					1	0	0	26	12	0	0	0.3168	0.03	0	0.03	0.000071	1014.31	0.000065	747.08	0.499	0.033	0		570	556.05	1.2165	1.2131			557.21	1.2143	1.2109			1.0326	1	0.00277	0.00188	0.368	1.1603	1.01091	1.00	0	0
240075	Essentia Health St Joseph'S Medical Center	24	24	33460	24	24170	27035	6	rural	rural	W	1.077						1	0	0	140	45	0	0	0.2446	0.02349	0	0.02349		0		0	0.409	0.03	17	6794.47	2313	2267.96	1.5707	1.5668			2271.43	1.5649	1.5607			1.0521	1	0.01387	0.0105	0.458	1	1.01967	0.99	0	0
240076	Buffalo Hospital	33460	33460	33460	33460	24850	27171	6	lurban	lurban	N	1.1038						1	0	0	44	15	0	0	0.2227	0.01897	0	0.01897	0.00005	562.33	0.000053	511.96	0.464	0.032	0		742	716.1	1.5058	1.4964			718.84	1.487	1.4767			1.07	1	0.00373	0.00203	0.306	1.10644	1.01259	1.00	0	0
240078	Fairview Southdale Hospital	33460	33460	33460	33460	24260	27053	6	lurban	lurban	N	1.1038						1	0	0	319	181	0	0	0.1452	0	0.02984	0		0		0	0.318	0.021	0		6368	6261.03	1.9533	1.9421			6272.18	1.9534	1.9422			1.07	1	0.0492	0.03016	0.385	1	1.00339	1.00	0	0
240080	"University Of Minnesota  Medical Center, Fairview"	33460	33460	33460	33460	24260	27053	6	lurban	lurban	N	1.1038						1	0.4992	0.6816	606	438	0.24059	0.21209	0.3983	0.05519	0.084	0.05519	0.000709	866.49	0.001144	1176.23	0.275	0.018	0		7089	6992.99	2.3524	2.337	1105.01	2.2775	6999.65	2.3697	2.3537	1107.04	2.2904	1.07	1	0.21934	0.13751	0.255	1	0.99183	1.00	0	0
240084	Essentia Health Virginia	20260	20260	20260	20260	24680	27137	6	ourban	ourban	N	0.991						1	0	0	48	11	0	0	0.2985	0.03	0	0.03	0.000046	625.18	0.000048	542.61	0.535	0.016	0		592	574.28	1.4234	1.4022			575.71	1.4092	1.3892			0.9938	1	0.03178	0.00129	0.419	1.21	1.01033	0.99	0	0
240088	Carris Health Llc	24	24	41060	24	24330	27067	6	rural	rural	W	1.0054						1	0	0	93	33	0	0	0.3896	0.05339	0	0.03		0		0	0.47	0.109	17	7607.43	1346	1318.08	1.3446	1.3292			1319.72	1.3432	1.3279			1.0037	1	0.02329	0.12416	0.376	1.03523	1.00354	1.00	0	0
240093	Mayo Clinic Health System - Mankato	31860	31860	33460	31860	24060	27013	6	ourban	ourban	W	1.077						1	0.0394	0.1008	190	99	0.02129	0.02885	0.2586	0.02637	0.05376	0.02637	0.000243	521.81	0.000256	450	0.482	0.019	17	6705.45	3950	3889.74	1.6144	1.6048	517.76	1.5082	3895.12	1.6193	1.6096	519.2	1.4983	1.0521	1	0.08874	0.01885	0.429	1	1.00184	1.00	0	0
240100	Sanford Bemidji Medical Center	24	24	24	24	24030	27007	6	rural	rural	N	0.9013						1	0	0	89	37	0	0	0.4211	0.05989	0	0.03	0.000204	768.66	0.000193	623.85	0.375	0.016	17	5872.49	2437	2394.44	1.7349	1.7259			2396.8	1.7386	1.7292			0.9313	1	0.02108	0.00389	0.406	1	1.01529	1.00	0	0
240101	Essentia Health St Marys - Detroit Lakes	24	24	24	24	24020	27005	6	rural	rural	N	0.92				YES	0.0187	1	0	0	37	15	0	0	0.3249	0.03	0	0.03		0		0	0.418	0.036	16	7928.73	829	797.63	1.4648	1.4482			799.97	1.4567	1.4403			0.9445	1	0.00237	0.00286	0.371	1.13	1.01702	1.00	0	0
240104	St Francis Regional Medical Center	33460	33460	33460	33460	24690	27139	6	lurban	lurban	N	1.1038						1	0	0	80	41	0	0	0.2362	0.02175	0	0.02175	0.000089	425.59	0.000097	410.01	0.486	0.034	0		1862	1825.52	1.4207	1.4138			1828.9	1.4117	1.4062			1.07	1	0.01598	0.01117	0.299	1	1.0086	1.00	0	0
240106	Regions Hospital	33460	33460	33460	33460	24610	27123	6	lurban	lurban	N	1.1038						1	0.3487	0.4139	402	326	0.17388	0.1239	0.4266	0.06102	0.09023	0.06102	0.000687	631.55	0.000976	778.07	0.295	0.004	0		9663	9537.38	1.8673	1.8571	1069.43	1.7972	9548.22	1.8789	1.8696	1071.26	1.8091	1.07	1	0.05751	0.00097	0.371	1	0.99645	1.00	0	0
240115	Mercy Hospital	33460	33460	33460	33460	24010	27003	6	lurban	lurban	N	1.1038						1	0.0088	0.0143	254	192	0.0048	0.00404	0.251	0.02481	0.05214	0.02481	0.000423	453.76	0.000633	641.96	0.327	0.015	0		9647	9488.25	1.7375	1.7308	2587.84	1.7277	9503.23	1.7376	1.7312	2593.98	1.7226	1.07	1	0.06124	0.01708	0.365	1	1.00468	1.00	0	0
240132	Unity Hospital	33460	33460	33460	33460	24010	27003	6	lurban	lurban	N	1.1038						1	0.0023	0.0048	151	102	0.00126	0.00136	0.2628	0.02724	0.05466	0.02724		0		0	0.296	0.017	0		752	734.34	1.4582	1.4544	206.43	1.4987	735.3	1.4565	1.452	206.88	1.4931	1.07	1	0.00991	0.00316	0.355	1	1.00932	1.00	0	0
240141	Fairview Northland Regional Hospital	33460	33460	33460	33460	24700	27141	6	lurban	lurban	N	1.1038						1	0	0	34	13	0	0	0.2747	0.02969	0	0.02969	0.00004	615.8	0.000042	554.72	0.407	0.021	0		610	588.24	1.6337	1.628			591.02	1.6122	1.6044			1.07	1	0.0081	0.00224	0.318	1.16364	1.01627	1.00	0	0
240166	Mayo Clinic Health System - Fairmont	24	24	24	24	24450	27091	6	rural	rural	N	0.9013						1	0	0	59	15	0	0	0.1805	0.01121	0	0.01121		0		0	0.63	0.029	16	7365.79	668	653.15	1.3233	1.3185			654.04	1.309	1.3041			0.9313	1	0.01997	0.0037	0.52	1.16538	1.00942	0.99	0	0
240187	Hutchinson Health	24	24	33460	24	24420	27085	6	rural	rural	W	1.077						1	0	0	45	12	0	0	0.2851	0.03	0	0.03		0		0	0.511	0.034	16	7124.79	733	709.06	1.5286	1.5131			711.67	1.5156	1.5003			1.0521	1	0.01907	0.01122	0.481	1.17492	1.01259	1.00	0	0
240196	Phillips Eye Institute	33460	33460	33460	33460	24260	27053	6	lurban	lurban	N	1.1038						1	0	0	8	0	0	0	0.04444	0	0	0		0		0	0.357	0.022	0		5	5	1.3337	1.3337			5	1.3458	1.3458			1.07	1	0	0	0.578	1	1	1.00	0	1
240206	Red Lake Hospital A	24	99	99	99	24030	27007	6	rural	rural	N	1.4448						1	0	0	23	4	0	0	0.6538	0.03	0	0.03	0.000009	2587.32	0.000012	1396.92	0.467	0.021	8		10	9.86	0.8819	0.878			9.88	0.8818	0.8787			1.2866	1			0.191	1.25	1	1.00	0	1
240207	Fairview Ridges Hospital	33460	33460	33460	33460	24180	27037	6	lurban	lurban	N	1.1038						1	0	0	173	109	0	0	0.2387	0.02227	0.04952	0.02227	0.000168	405.21	0.000215	446.88	0.325	0.034	0		3571	3511.77	1.7369	1.7306			3517.75	1.723	1.716			1.07	1	0.04658	0.06625	0.313	1	1.00579	0.99	0	0
240210	Healtheast St John'S Hospital	33460	33460	33460	33460	24610	27123	6	lurban	lurban	N	1.1038						1	0.0475	0.0782	184	99	0.02561	0.02231	0.3061	0.03617	0.06395	0.03617	0.00022	506.44	0.000273	511.98	0.292	0.02	0		3581	3496.82	1.5751	1.5622	1055.19	1.6259	3505.96	1.5663	1.5542	1059.4	1.6328	1.07	1	0.02493	0.01527	0.312	1	1.0021	1.00	0	0
240213	Healtheast Woodwinds Hospital	33460	33460	33460	33460	24810	27163	6	lurban	lurban	N	1.1038						1	0	0.0025	86	53	0	0.00071	0.1712	0.0097	0	0.0097	0.000131	455.03	0.000124	385.36	0.319	0.022	0		2488	2427.01	1.8306	1.8236			2433.66	1.8051	1.7971			1.07	1	0.00153	0.00042	0.298	1	1.01373	1.00	0	0
240214	Maple Grove Hospital	33460	33460	33460	33460	24260	27053	6	lurban	lurban	N	1.1038						1	0	0	108	66	0	0	0.2794	0.03066	0.05821	0.03066	0.000134	750.31	0.000154	767.05	0.23	0.034	0		1532	1493.05	1.6557	1.6517			1496.44	1.6443	1.6402			1.07	1	0	0	0.112	1	1.01803	1.00	0	0
250001	University Of Mississippi Med Center	27140	27140	27140	27140	25240	28049	5	ourban	ourban	N	0.8117						1	0.4615	0.6505	732	542	0.22426	0.2015	0.5848	0.09365	0.12572	0.09365	0.002701	3174.55	0.002191	2160.68	0.251	0.014	0		7082	6990.19	2.0751	2.0562	1181.31	2.0188	6997.18	2.0865	2.0674	1182.5	2.0329	0.8669	1	0.071	0.03277	0.213	1	0.99347	1.00	0	0
250002	Tishomingo Health Services Inc	25	25	25	25	25700	28141	5	rural	rural	N	0.7197						1	0	0	48	6	0	0	0.1512	0.00645	0	0.00645		0	0.000009	142.1	0.517	0.032	14	5171.11	426	406.04	1.1028	1.0898			407.78	1.1051	1.0927			0.7983	1	0.00222	0.00039	0.804	1.23674	1.00484	1.00	0	0
250004	North Mississippi Medical Center	25	25	32820	25	25400	28081	5	rural	rural	W	0.8421						1	0.0462	0.0767	517	312	0.02492	0.02188	0.2963	0.03415	0	0.03415	0.000996	680.94	0.000801	465.84	0.237	0.019	17	1770.85	12583	12343.6	1.8468	1.8356	757.42	1.9071	12371.4	1.8485	1.8377	757.94	1.9125	0.889	1	0.03124	0.03201	0.529	1	0.99953	1.00	0	0
250006	Baptist Memorial Hospital Union County	25	25	25	25	25720	28145	5	rural	rural	N	0.7197						1	0	0	92	25	0	0	0.4985	0.03	0	0.03	0.000141	1115.39	0.000164	979.95	0.287	0.02	0		982	962.12	1.3292	1.3214			966.07	1.3029	1.2975			0.7983	1	0.00393	0.00326	0.373	1.04727	1.00142	1.00	0	0
250007	Merit Health Biloxi	25060	25060	25060	25060	25230	28047	5	ourban	ourban	N	0.7902						1	0	0	132	86	0	0	0.4367	0.06311	0.09246	0.06311	0.000325	1396.6	0.000344	1163.1	0.123	0.013	0		1823	1797.43	1.5575	1.5475			1799.18	1.5596	1.5493			0.8511	1	0.04115	0.07007	0.353	1	0.99801	1.00	0	0
250009	Magnolia Regional Health Center	25	25	32820	25	25010	28003	5	rural	rural	W	0.8421						1	0.1483	0.2998	151	87	0.07776	0.08829	0.2479	0.02417	0	0.02417	0.00026	466.41	0.000246	385.09	0.228	0.021	7		4830	4732.63	1.4888	1.4818	108.54	1.7165	4745.98	1.467	1.4595	108.87	1.6994	0.889	1	0.02063	0.0287	0.613	1	1.00153	0.98	0	0
250012	Alliance Healthcare System	32820	32820	32820	32820	25460	28093	5	lurban	lurban	N	0.8713						1	0	0	27	5	0	0	0.3414	0.03	0	0.03	0.000014	466.33	0.000019	501.07	0.494	0.045	16	4277.61	191	190.11	0.8529	0.8486			190.25	0.8468	0.845			0.91	1	0	0.00117	0.701	1.25	1	1.00	1	1
250017	Trace Regional Hosp And Swing Bed	25	25	25	25	25080	28017	5	rural	rural	N	0.7197						1	0	0	39	1	0	0	0.2582	0.02629	0	0.02629	0.00001	711.97	0.000012	414.65	0.576	0.025	14	3896.71	77	75	1.0488	1.036			75.05	1.0482	1.0338			0.7983	1	0.00557	0	0.744	1.25	1	1.00	1	1
250018	Jasper General Hospital	25	25	25	25	25300	28061	5	rural	rural	N	0.7197						1	0	0	20	1	0	0	0.027	0	0	0		0		0	0.301	0.024	14	13761.85	7	7	0.8874	0.8874			7	0.8895	0.8895			0.7983	1	0	0	0.138	1.25	1	1.00	1	0
250019	Memorial Hospital At Gulfport	25060	25060	25060	25060	25230	28047	5	ourban	ourban	N	0.7902						1	0	0	421	210	0	0	0.3197	0.03898	0.06688	0.03898	0.000883	1215.82	0.000913	1054.81	0.113	0.009	0		6316	6218.99	1.7534	1.7445			6228.34	1.7547	1.7456			0.8511	1	0.14173	0.15804	0.397	1	0.99794	0.99	0	0
250020	Webster General Hospital/ Swing Bed	25	25	46220	25	25770	28155	5	rural	rural	W	0.7768						1	0	0	38	11	0	0	0.2341	0.02132	0	0.02132	0.000037	444.71	0.000023	213.62	0.301	0.021	16	4139.77	658	646.26	1.0814	1.0758			647.45	1.0819	1.0769			0.8412	1	0	0	0.735	1.20576	0.99945	0.97	0	0
250025	Gilmore Memorial Hospital	25	25	25	25	25470	28095	5	rural	rural	N	0.7197						1	0	0	95	23	0	0	0.4721	0.03	0	0.03	0.000093	813.53	0.000118	771	0.174	0.019	0		889	869.09	1.3078	1.3002			871.44	1.2859	1.2783			0.7983	1	0.0175	0.03643	0.368	1.0978	1.00268	0.99	0	0
250027	Winston Medical Center & Swingbed	25	25	25	25	25790	28159	5	rural	rural	N	0.7197						1	0	0	10	3	0	0	0.1883	0.01247	0	0.01247		0		0	0.537	0.041	16	6245.02	211	209.15	0.8788	0.8774			209.29	0.8741	0.8731			0.7983	1	0	0	0.698	1.25	1	1.00	1	0
250031	Merit Health River Region	25	25	27140	25	25740	28149	5	rural	rural	W	0.7766						1	0	0	261	103	0	0	0.4847	0.07301	0	0.07301	0.000302	977.01	0.000417	1022.11	0.115	0.012	17	5654.78	2421	2381.14	1.6125	1.5936			2384.72	1.6201	1.6013			0.841	1	0.04941	0.08425	0.407	1	0.99388	0.99	0	0
250034	Baptist Memorial Hospital North Ms	25	25	32820	25	25350	28071	5	rural	rural	W	0.8421						1	0	0	204	87	0	0	0.2711	0.02895	0	0.02895	0.000253	556.02	0.000274	516.14	0.217	0.041	7		4071	3973.92	1.7744	1.7617			3984.91	1.7679	1.755			0.889	1	0.01212	0.06011	0.521	1	0.99298	1.00	0	0
250036	George Regional Health System	25	25	25	25	25190	28039	5	rural	rural	N	0.7197						1	0	0	41	12	0	0	0.4885	0.03	0	0.03	0.000079	1573.18	0.000066	935.13	0.459	0.034	16	4079.44	379	352.53	1.2877	1.2592			357.16	1.2047	1.1739			0.7983	1	0.00138	0.00169	0.367	1.17348	1.01582	1.00	0	0
250038	Merit Health Madison	27140	27140	27140	27140	25440	28089	5	ourban	ourban	N	0.8117						1	0	0	67	12	0	0	0.6786	0.03	0	0.03	0.000109	2375.44	0.000123	2108.52	0.205	0.028	0		405	388.79	1.2886	1.2515			390.27	1.2812	1.2443			0.8669	1	0.00287	0.01952	0.304	1.1872	1.00802	0.99	0	0
250040	Singing River Hospital	25060	25060	25060	25060	25290	28059	5	ourban	ourban	N	0.7902						1	0	0	350	182	0	0	0.279	0.03058	0.05812	0.03058	0.000789	1126.13	0.000593	708.37	0.167	0.014	0		5935	5849.68	1.6745	1.6689			5860.03	1.6759	1.6704			0.8511	1	0.03404	0.03664	0.398	1	0.99216	0.99	0	0
250042	Northwest Mississippi Medical Center	25	25	32820	25	25130	28027	5	rural	rural	W	0.8421						1	0	0	181	38	0	0	0.645	0.10607	0	0.10607	0.000172	1107.92	0.000242	1124.67	0.144	0.016	7		1116	1097.99	1.5089	1.4974			1100.96	1.4986	1.4876			0.889	1	0.02229	0.04361	0.397	1	1.00621	0.99	0	0
250043	Neshoba County General Hospital	25	25	25	25	25490	28099	5	rural	rural	N	0.7197						1	0	0	38	13	0	0	0.2875	0.03	0	0.03	0.00009	1198.07	0.000065	696.24	0.383	0.039	16	4072.7	596	587.75	0.9272	0.9221			588.82	0.9176	0.9131			0.7983	1	0	0	0.536	1.17712	1.01312	1.00	0	0
250044	Baptist Memorial Hospital Booneville	25	25	25	25	25580	28117	5	rural	rural	N	0.7197						1	0	0	38	10	0	0	0.1998	0.01434	0	0.01434	0.000045	667.99	0.000037	385.84	0.354	0.021	14	5930.81	508	496.84	1.2532	1.2429			497.66	1.26	1.2499			0.7983	1	0.00178	0.0006	0.747	1.22023	1	1.00	1	0
250048	St Dominic-Jackson Memorial Hospital	27140	27140	27140	27140	25240	28049	5	ourban	ourban	N	0.8117						1	0	0	535	349	0	0	0.2784	0.03046	0.058	0.03046	0.00086	710.4	0.00079	556.49	0.329	0.023	0		9917	9802.01	1.7365	1.7258			9817.8	1.7461	1.7364			0.8669	1	0.02701	0.01897	0.474	1	0.99968	1.00	0	0
250049	Beacham Memorial Hospital	25	25	25	25	25560	28113	5	rural	rural	N	0.7197						1	0	0	37	8	0	0	0.2359	0.02169	0	0.02169	0.000013	315.69	0.000017	321.09	0.596	0.045	14	4410.96	256	254.07	0.9107	0.9069			254.22	0.9072	0.9038			0.7983	1	0	0	0.655	1	1.01293	1.00	0	0
250050	Och Regional Medical Center	25	25	25	25	25520	28105	5	rural	rural	N	0.7197						1	0	0	88	24	0	0	0.4459	0.03	0	0.03	0.00013	1321.18	0.000133	1115.2	0.388	0.046	0		737	717.87	1.6153	1.6093			719.45	1.6089	1.6027			0.7983	1	0.02025	0.05374	0.404	1.1197	1.01019	0.99	0	0
250057	King'S Daughters Medical Center-Brookhaven	25	25	27140	25	25420	28085	5	rural	rural	W	0.7766						1	0	0	112	23	0	0	0.3744	0.03	0	0.05026		0		0	0.377	0.026	16	5778.54	960	911.94	1.6748	1.6443			915.01	1.6801	1.6479			0.841	1	0.0109	0.0077	0.396	1.07545	1.00378	1.00	0	0
250058	South Central Reg Med Ctr	25	25	25	25	25330	28067	5	rural	rural	N	0.7197						1	0	0	268	99	0	0	0.3424	0.04366	0	0.04366		0		0	0.361	0.033	17	5798	3148	3106.41	1.2945	1.2872			3109.25	1.2847	1.2771			0.7983	1	0.01507	0.02045	0.497	1	1.00761	0.98	0	0
250060	Jefferson County Hospital	25	25	27140	25	25310	28063	5	rural	rural	W	0.7766						1	0	0	12	1	0	0	0.4955	0.03	0	0.03	0.000007	805.81	0.000007	786.55	0.277	0.021	0		92	91.54	0.8187	0.8188			91.58	0.8131	0.8132			0.841	1	0	0	0.601	1.25	1	1.00	1	0
250061	Yalobusha General Hospital	25	25	32820	25	25800	28161	5	rural	rural	W	0.8421						1	0	0	26	5	0	0	0.1778	0.01077	0	0.01077	0.000012	290.56	0.000007	172.44	0.639	0.072	14	4246.81	387	384.4	0.9111	0.9101			384.66	0.9028	0.9022			0.889	1	0	0	0.672	1.25	1.01158	1.00	0	0
250067	Clay County Medical Center	25	25	46220	25	25120	28025	5	rural	rural	W	0.7768						1	0	0	60	14	0	0	0.5613	0.03	0	0.03	0.000093	1757.91	0.000066	786.86	0.425	0.028	0		358	344.87	1.2765	1.2697			345.12	1.2856	1.2732			0.8412	1	0.0024	0.00132	0.357	1.16939	1.00123	1.00	0	0
250069	Rush Foundation Hospital	25	25	46220	25	25370	28075	5	rural	rural	W	0.7768						1	0	0	182	75	0	0	0.22	0.01841	0	0.01841	0.000427	1535.98	0.000304	798.93	0.283	0.03	7		2023	1981.26	1.4786	1.4557			1983.34	1.4788	1.4555			0.8412	1	0.01403	0.0275	0.393	1	0.9851	0.99	0	0
250072	Merit Health Central	27140	27140	27140	27140	25240	28049	5	ourban	ourban	N	0.8117						1	0	0	345	87	0	0	0.5169	0.07965	0.11035	0.07965	0.000557	2668.81	0.000318	1135.92	0.117	0.008	0		1530	1505.79	2.0539	2.0268			1507.44	2.0653	2.0388			0.8669	1	0.18526	0.15485	0.299	1	0.99515	0.99	0	0
250077	Wayne General Hospital	25	25	25	25	25760	28153	5	rural	rural	N	0.7197						1	0	0	70	23	0	0	0.442	0.03	0	0.03	0.000094	1137.27	0.000097	947.56	0.464	0.021	16	4260.44	666	658.35	1.0709	1.0612			658.6	1.0791	1.0689			0.7983	1	0.00715	0.00056	0.444	1.14985	0.9996	1.00	0	0
250078	Forrest General Hospital	25620	25620	27140	25620	25170	28035	5	ourban	ourban	W	0.7766						1	0.0409	0.0277	373	289	0.0221	0.00785	0.3708	0.04952	0.07798	0.04952	0.001057	846.64	0.00095	650.56	0.23	0.019	7		10612	10323.9	1.8669	1.8468	1341.95	1.7199	10345.8	1.8705	1.8503	1344.66	1.7191	0.841	1	0.014	0.01509	0.393	1	0.99544	0.97	0	0
250079	Sharkey Issaquena Community Hospital	25	25	25	25	25620	28125	5	rural	rural	N	0.7197						1	0	0	19	2	0	0	0.387	0.05286	0	0.03	0.00001	445.71	0.000015	526.82	0.935	0.07	14	5620.81	185	184.34	0.8596	0.8592			184.31	0.8614	0.8608			0.7983	1	0	0	0.685	1.25	1	1.00	1	1
250082	Delta Regional Medical Center	25	25	27140	25	25750	28151	5	rural	rural	W	0.7766						1	0	0	177	86	0	0	0.5421	0.08485	0	0.08485	0.000303	927.89	0.000417	1015.8	0.333	0.018	7		2586	2548.3	1.4832	1.4723			2549.26	1.4861	1.4751			0.841	1	0.01408	0.00688	0.447	1	0.99398	1.00	0	0
250084	Merit Health Natchez	25	25	25	25	25000	28001	5	rural	rural	N	0.7197						1	0	0	147	22	0	0	0.5279	0.03	0	0.08192		0	0.000105	656.19	0.15	0.011	16	6989.31	1712	1683.12	1.2959	1.2889			1685.8	1.2981	1.2917			0.7983	1	0.06671	0.05427	0.516	1.17129	0.99911	1.00	0	0
250085	Marion General Hospital	25	25	25	25	25450	28091	5	rural	rural	N	0.7197						1	0	0	49	11	0	0	0.2331	0.02111	0	0.02111		0	0.000043	546.15	0.479	0.031	14	5254.22	371	360.07	1.1109	1.1022			361.53	1.0856	1.079			0.7983	1	0.00991	0.00665	0.662	1.23152	0.99194	1.00	0	0
250093	Bolivar Medical Center	25	25	32820	25	25050	28011	5	rural	rural	W	0.8421						1	0	0	152	26	0	0	0.4953	0.03	0	0.07519	0.000123	756.57	0.000154	814.21	0.161	0.011	16	4211.3	1402	1371.33	1.3101	1.3062			1373.65	1.3146	1.3089			0.889	1	0.0205	0.01395	0.487	1.07667	1.00694	0.99	0	0
250094	Merit Health Wesley	25620	25620	25620	25620	25170	28035	5	ourban	ourban	N	0.7734						1	0.0945	0	187	71	0.05028	0	0.404	0.05636	0.08525	0.05636	0.000182	615.25	0.000235	635.12	0.103	0.004	7		2380	2337.28	1.6344	1.6307	186.29	1.4938	2338.87	1.6473	1.6428	186.73	1.4842	0.8386	1	0.04782	0.01062	0.407	1	0.99768	0.99	0	0
250095	South Sunflower County Hospital	25	25	25	25	25660	28133	5	rural	rural	N	0.7197						1	0	0	48	9	0	0	0.6252	0.03	0	0.03	0.000063	1322.31	0.000068	1108.88	0.742	0.036	16	4969.01	356	352.52	1.0782	1.0745			352.88	1.0757	1.0725			0.7983	1	0.03751	0.01624	0.402	1.21152	1.01434	1.00	0	0
250096	Merit Health Rankin	27140	27140	27140	27140	25600	28121	5	ourban	ourban	N	0.8117						1	0	0	114	24	0	0	0.1652	0.00872	0.03402	0.00872	0.000084	726.61	0.0001	667.69	0.138	0.013	0		841	828.17	1.6892	1.6768			828.76	1.6946	1.6814			0.8669	1	0.03511	0.04637	0.575	1	0.99748	0.99	0	0
250097	Southwest Ms Regional Medical Center	25	25	27140	25	25560	28113	5	rural	rural	W	0.7766						1	0	0	160	62	0	0	0.3793	0.05127	0	0.05127	0.000275	950.76	0.000284	794.9	0.365	0.03	7		2213	2138.26	1.6308	1.6151			2145.23	1.6313	1.6162			0.841	1	0.01096	0.01466	0.453	1	0.99926	1.00	0	0
250099	Greenwood Leflore Hospital	25	25	27140	25	25410	28083	5	rural	rural	W	0.7766						1	0	0	173	62	0	0	0.4549	0.06686	0	0.06686	0.000277	879.43	0.00032	803.94	0.298	0.021	7		2441	2393.81	1.5075	1.4979			2397.37	1.512	1.5028			0.841	1	0.0061	0.00606	0.488	1	0.99117	0.99	0	0
250100	Baptist Mem Hosp/ Golden Triangle Inc	25	25	46220	25	25430	28087	5	rural	rural	W	0.7768						1	0	0	262	64	0	0	0.3312	0.04135	0	0.04135	0.000315	811.83	0.000309	666.78	0.243	0.017	7		3441	3359.15	1.9681	1.9577			3366.71	1.943	1.9328			0.8412	1	0.01266	0.00948	0.469	1	0.99821	0.99	0	0
250102	Mississippi Baptist Medical Center	27140	27140	27140	27140	25240	28049	5	ourban	ourban	N	0.8117						1	0.0001	0.0001	442	268	0.00005	0.00003	0.2386	0.02225	0.0495	0.02225	0.000332	289.96	0.000366	267.65	0.236	0.02	0		9549	9381.52	1.7647	1.7482	570.77	3.0452	9401.6	1.7621	1.7451	571.55	3.0437	0.8669	1	0.02573	0.02788	0.481	1	1.00127	1.00	0	0
250104	Anderson Regional Medical Ctr	25	25	27140	25	25370	28075	5	rural	rural	W	0.7766						1	0	0	260	130	0	0	0.3028	0.03549	0	0.03549	0.000297	493.93	0.000384	513.62	0.269	0.027	7		5007	4913.89	1.6869	1.6699			4922.97	1.6794	1.6619			0.841	1	0.01124	0.02069	0.538	1	1.00027	0.99	0	0
250117	Highland Community  Hospital	25	25	25	25	25540	28109	5	rural	rural	N	0.7517				YES	0.032	1	0	0	50	14	0	0	0.3635	0.03	0	0.03		0	0.000103	1188.1	0.345	0.072	0		640	618.48	1.2674	1.2588			620.41	1.269	1.261			0.8225	1	0.02068	0.12993	0.378	1.15568	1.00869	1.00	0	0
250123	Garden Park Medical Center	25060	25060	25060	25060	25230	28047	5	ourban	ourban	N	0.7902						1	0	0	118	39	0	0	0.2938	0.03363	0.0613	0.03363	0.000194	1381.22	0.000096	522.82	0.132	0.012	0		1134	1115.94	1.5729	1.5525			1117.76	1.5764	1.5567			0.8511	1	0.07375	0.08341	0.351	1	0.99945	0.98	0	0
250124	Magee General Hospital	27140	27140	27140	27140	25630	28127	5	ourban	ourban	N	0.8117						1	0	0	64	13	0	0	0.2236	0.01916	0	0.01916	0.000052	908.69	0.000063	783.69	0.424	0.059	0		405	395.54	0.9664	0.9592			396.53	0.9538	0.9475			0.8669	1	0	0	0.436	1.18856	1.00041	1.00	0	0
250126	North Oak Regional Medical Center	32820	32820	32820	32820	25680	28137	5	lurban	lurban	N	0.8713						1	0	0	29	8	0	0	0.2996	0.03	0	0.03	0.000034	884.5	0.000032	627.05	0.415	0.028	0		230	227.79	0.8892	0.8874			227.93	0.886	0.8843			0.91	1	0	0	0.61	1.22788	0.99425	0.99	0	0
250127	Choctaw Health Center	25	99	99	99	25490	28099	5	rural	rural	N	1.4448						1	0	0	24	2	0	0	0.2993	0.03	0	0.03	0.000004	819.55	0.000004	846.87	0.277	0.021	8		41	40.13	0.9035	0.8988			40.22	0.911	0.9081			1.2866	1			0.299	1.25	1	1.00	1	1
250128	Panola Medical Center	25	25	25	25	25530	28107	5	rural	rural	N	0.7327				YES	0.013	1	0	0	90	29	0	0	0.6548	0.03	0	0.03	0.000137	1614.7	0.000169	1453.35	0.277	0.031	0		660	640.7	1.0564	1.0488			642.56	1.0618	1.0553			0.8082	1	0.00293	0.01466	0.294	1.10705	0.99668	1.00	0	0
250134	Whitfield Medical Surgical Hospital	27140	27140	27140	27140	25600	28121	5	ourban	ourban	N	0.8117						1	0	0	32	4	0	0	0.3974	0.03	0	0.03	0.000004	453.35	0.000003	385	0.225	0.021	0		110	106	1.0365	1.024			106.12	1.0323	1.0192			0.8669	1	0	0	0.111	1	1	1.00	0	1
250136	Merit Health Women'S Hospital	27140	27140	27140	27140	25600	28121	5	ourban	ourban	N	0.8117						1	0	0	60	13	0	0	0.2485	0.02429	0	0.02429	0.000036	16464.02	0.000059	26814.34	0.128	0.017	0		23	22.83	1.3924	1.3952			22.86	1.4064	1.409			0.8669	1	0	0	0.005	1	1	1.00	0	0
250138	Merit Health River Oaks	27140	27140	27140	27140	25600	28121	5	ourban	ourban	N	0.8117						1	0	0	158	46	0	0	0.448	0.06544	0.09496	0.06544	0.000168	1328.34	0.000224	1440.41	0.118	0.015	0		1021	1003.32	1.9235	1.9049			1004.52	1.9124	1.8914			0.8669	1	0.02065	0.05078	0.187	1	0.99632	1.00	0	0
250141	Baptist Memorial Hospital Desoto	32820	32820	32820	32820	25160	28033	5	lurban	lurban	N	0.8713						1	0.0073	0.0132	309	189	0.00398	0.00373	0.3014	0.0352	0.06293	0.0352	0.000541	761.22	0.000604	698.35	0.204	0.017	0		5901	5831.08	1.7636	1.7504	1548.91	1.7392	5836.34	1.7675	1.7541	1549.44	1.736	0.91	1	0.01538	0.01574	0.446	1	0.99146	0.98	0	0
250151	Alliance Health Center	25	25	25	25	25370	28075	5	rural	rural	N	0.7197						1	0	0	9	13	0	0	0.5033	0.03	0	0.03	0.00002	467.3	0.000027	667.42	0.223	0.026	0		453	452.88	0.8974	0.8974			452.88	0.9298	0.9299			0.7983	1	0	0	0.366	1	1	1.00	1	1
250162	Ochsner Medical Center-Hancock	25060	25060	25060	25060	25220	28045	5	ourban	ourban	N	0.7902						1	0	0	102	14	0	0	0.3259	0.04025	0.06822	0.04025	0.000109	1985.71	0.000083	1026.77	0.379	0.053	0		356	344.29	1.3883	1.3808			345.17	1.3901	1.381			0.8511	1	0.02078	0.05472	0.309	1.16144	1.01336	0.99	0	0
250167	Methodist Healthcare - Olive Branch Hospital	32820	32820	32820	32820	25160	28033	5	lurban	lurban	N	0.8713						1	0	0	51	18	0	0	0.2611	0.02689	0	0.02689	0.000169	1860.56		0	0.253	0.045	0		881	851.95	1.6062	1.5859			854.42	1.603	1.5824			0.91	1	0.0169	0.07499	0.355	1	1.00773	1.00	0	0
250168	University Of Mississippi Medical Center- Grenada	25	25	25	25	25210	28043	5	rural	rural	N	0.7197						1	0	0	128	27	0	0	0.4632	0.03	0	0.06857	0.000172	1229.46		0	0.484	0.038	0		1033	1007.14	1.3128	1.3011			1009.37	1.3071	1.2956			0.7983	1	0.0326	0.03755	0.533	1.10326	0.99526	1.00	0	0
260001	Mercy Hospital Joplin	27900	27900	22220	26	26480	29097	6	ourban	rural	S	0.8		YES	YES			1	0	0	239	134	0	0	0.3105	0.03708	0	0.03708	0.000461	956.72	0.000338	606.98	0.27	0.048	7		4075	4010.44	1.836	1.8145			4016.03	1.8328	1.8117			0.8583	1	0.0815	0.34508	0.4	1	0.99704	0.99	0	0
260004	Cooper County Memorial Hospital	26	26	26	26	26260	29053	6	rural	rural	N	0.7698						1	0	0	46	2	0	0	0.0694	0	0	0		0		0	0.606	0.053	16	5642.05	117	114.66	0.9459	0.9409			115.15	0.9329	0.9295			0.836	1	0	0	0.704	1.25	1	1.00	0	0
260005	Ssm Health St Joseph Hospital-St Charles	41180	41180	41180	41180	26910	29183	6	lurban	lurban	N	0.9107						1	0	0	364	166	0	0	0.2938	0.03363	0.0613	0.03363	0.000463	1126.47	0.000507	1004.88	0.263	0.02	0		3302	3256.74	1.7144	1.6965			3261.99	1.7146	1.6978			0.938	1	0.01808	0.01522	0.293	1	0.9955	0.99	0	0
260006	Mosaic Life Care At St Joseph	41140	41140	41140	26	26100	29021	6	ourban	rural	S	0.9728		YES				1	0	0	352	175	0	0	0.2667	0.02804	0	0.02804		0		0	0.311	0.033	16	7747.01	7037	6930.64	1.7539	1.7459			6942.56	1.7534	1.7458			0.9813	1	0.0121	0.0215	0.469	1	1.01065	1.00	0	0
260009	Bothwell Regional Health Center	26	26	28140	26	26790	29159	6	rural	rural	W	0.9165						1	0	0	107	39	0	0	0.2002	0.01441	0	0.01441		0		0	0.301	0.023	17	5514.08	1890	1860.34	1.441	1.4336			1862.18	1.4461	1.438			0.942	1	0.00309	0.00243	0.535	1	1.01356	0.98	0	1
260011	Ssm Health St. Mary'S Hospital - Jefferson City	27620	27620	27620	27620	26250	29051	6	ourban	ourban	N	0.8551						1	0	0	167	75	0	0	0.2353	0.02157	0.0488	0.02157	0.00024	760.72	0.000241	611.48	0.407	0.055	7		2521	2471.66	1.594	1.5849			2477.93	1.5895	1.5808			0.8983	1	0.04564	0.12738	0.423	1	1.00347	0.98	0	0
260015	Twin Rivers Regional Medical Center	26	26	26	26	26340	29069	6	rural	rural	N	0.7698						1	0	0	100	23	0	0	0.8119	0.03	0	0.14049	0.000131	1628.33	0.000169	1591.75	0.139	0.007	0		648	630.58	1.1944	1.1798			631.63	1.2017	1.1875			0.836	1	0.02698	0.01252	0.256	1.0253	1.0072	0.99	0	0
260017	Phelps County Regional Medical Center	26	26	27620	26	26800	29161	6	rural	rural	W	0.8551						1	0	0	172	40	0	0	0.2763	0.03002	0	0.03002		0		0	0.233	0.025	17	7638.13	2193	2130.42	1.4295	1.4115			2134.82	1.43	1.4127			0.8983	1	0.03607	0.06786	0.481	1	0.99072	0.99	0	0
260020	Mercy Hospital St Louis	41180	41180	41180	41180	26940	29189	6	lurban	lurban	N	0.9107						1	0.1139	0.1832	768	501	0.06028	0.05306	0.2738	0.02951	0.05701	0.02951	0.001481	1489.51	0.001268	1062.62	0.272	0.026	0		8586	8453.99	1.9565	1.9491	2598.26	2.0197	8466.71	1.9682	1.9611	2601.98	2.0266	0.938	1	0.08165	0.11109	0.197	1	1.00485	1.00	0	0
260022	Northeast Regional Medical Center	26	26	16	26	26000	29001	6	rural	rural	W	0.8249						1	0.5346	1.2123	93	24	0.25569	0.40792	0.2311	0.0207	0	0.0207		0		0	0.156	0.021	17	8079.12	1070	1045.32	1.8	1.7847	26.05	1.681	1047.44	1.8082	1.795	26.08	1.6941	0.8765	1	0.02304	0.05467	0.52	1.10326	1.01308	1.00	0	0
260023	Mercy Hospital Jefferson	41180	41180	41180	41180	26490	29099	6	lurban	lurban	N	0.9107						1	0	0	154	90	0	0	0.1869	0.01225	0.03857	0.01225	0.000346	858.25	0.000266	518.57	0.251	0.032	0		3139	3044.59	1.7877	1.7732			3054.1	1.7916	1.7778			0.938	1	0.01218	0.0295	0.499	1	0.99488	0.97	0	0
260024	Texas County Memorial Hospital	26	26	26	26	26989	29215	6	rural	rural	N	0.7698						1	0	0	47	10	0	0	0.3778	0.03	0	0.03	0.000065	865.87	0.000067	704.48	0.358	0.053	16	4921.88	606	595.66	1.0378	1.0334			596.04	1.0398	1.0352			0.836	1	0	0	0.554	1.18894	1.01476	1.00	0	0
260025	Hannibal Regional Hospital	26	26	41180	26	26630	29127	6	rural	rural	W	0.9107						1	0	0	91	43	0	0	0.1949	0.01355	0	0.01355		0		0	0.288	0.022	17	6821.77	2037	1983.1	1.5778	1.5625			1996.03	1.5691	1.5566			0.938	1	0.0219	0.01757	0.589	1	1.00258	0.98	0	0
260027	Research Medical Center	28140	28140	28140	28140	26470	29095	6	lurban	lurban	N	0.9165						1	0.1181	0.1748	330	227	0.06243	0.05057	0.3061	0.03617	0.06395	0.03617	0.00098	1868.37	0.000553	852.97	0.139	0.009	0		4175	4126.6	1.8812	1.8764	1999.05	1.845	4129.61	1.8944	1.89	2000.77	1.8567	0.942	1	0.05931	0.04147	0.293	1	0.99484	1.00	0	0
260032	Barnes Jewish Hospital	41180	41180	41180	41180	26950	29510	6	lurban	lurban	N	0.9107						1	0.4892	0.7552	1206	812	0.23628	0.23753	0.2986	0.03462	0.06233	0.03462	0.002492	1241.36	0.002217	896.04	0.333	0.022	0		16064	15750.1	2.4207	2.4083	3810.97	2.43	15788.6	2.4457	2.4329	3815.98	2.4536	0.938	1	0.18813	0.1169	0.359	1	0.99799	1.00	0	0
260034	Bates County Memorial Hospital	28140	28140	26	26	26060	29013	6	ourban	rural	S	0.7698		YES				1	0	0	49	8	0	0	0.1466	0	0	0		0		0	0.33	0.024	16	7827.1	537	522.1	1.1503	1.1469			522.66	1.1469	1.1438			0.836	1	0.02635	0.02188	0.582	1.22379	1.00754	0.98	0	0
260040	Cox Medical Centers	44180	44180	44180	44180	26380	29077	6	ourban	ourban	N	0.7943						1	0.035	0.059	598	396	0.01894	0.01679	0.3258	0.04023	0.0682	0.04023	0.001531	1514.94	0.001425	1106.83	0.228	0.015	0		8193	8108.9	1.9275	1.9082	3901.27	1.8591	8117.25	1.929	1.91	3905.62	1.8576	0.8541	1	0.01889	0.01107	0.3	1	0.99628	0.99	0	0
260047	Capital Region Medical Center	27620	27620	27620	26	26250	29051	6	ourban	rural	S	0.8551		YES				1	0.1243	0.2431	100	42	0.0656	0.07101	0.1964	0.01379	0	0.01379	0.000128	485.2	0.000115	352.54	0.307	0.031	15	6958.97	2245	2201.18	1.5321	1.5225	379.14	1.5312	2204.38	1.537	1.5263	379.96	1.5352	0.8983	1	0.00744	0.01296	0.491	1	1.00354	1.00	0	0
260048	Truman Medical Center Hospital Hill	28140	28140	28140	28140	26470	29095	6	lurban	lurban	N	0.9165						1	0.5776	0.6853	236	190	0.27376	0.21336	0.7272	0.12302	0.15865	0.12302	0.002206	8253.95	0.001717	5224.97	0.481	0.018	0		2039	2026.98	1.5333	1.5176	664.83	1.623	2023.76	1.5318	1.5167	665.23	1.6302	0.942	1	0.04689	0.01196	0.185	1	0.99211	1.00	0	0
260050	Ssm Health St Francis Hospital - Maryville	26	26	41140	26	26730	29147	6	rural	rural	W	0.9728						1	0	0	43	6	0	0	0.2979	0.03	0	0.03		0		0	0.461	0.03	16	8044.93	314	303.63	1.163	1.1554			303.82	1.1602	1.152			0.9813	1	0.0045	0.00202	0.321	1.2203	1.01072	1.00	0	0
260052	Mercy Hospital Washington	41180	41180	41180	41180	26350	29071	6	lurban	lurban	N	0.9107						1	0	0	148	51	0	0	0.2007	0.01449	0.04148	0.01449	0.000361	1664.56	0.000243	881.98	0.257	0.039	0		1803	1721.88	1.7871	1.7585			1727.43	1.7914	1.7597			0.938	1	0.01079	0.04295	0.294	1	1.00913	1.00	0	0
260057	Cameron Regional Medical Center	28140	28140	28140	28140	26240	29049	6	lurban	lurban	N	0.9165						1	0	0	34	17	0	0	0.2123	0.01682	0	0.01682	0.000091	837.6	0.000071	519.87	0.394	0.028	0		881	867.87	1.1293	1.1241			868.81	1.1289	1.1238			0.942	1	0.00603	0.00479	0.553	1.15621	0.99861	1.00	0	0
260059	Mercy Hospital Lebanon	26	26	26	26	26520	29105	6	rural	rural	N	0.7735				YES	0.0037	1	0	0	49	17	0	0	0.2735	0.02945	0	0.02945		0		0	0.382	0.046	16	6948.67	769	751.31	1.3812	1.3673			752.52	1.367	1.3538			0.8387	1	0.03208	0.06973	0.366	1.13932	1.00638	0.99	0	0
260061	Nevada Regional Medical Center	26	26	26	26	26990	29217	6	rural	rural	N	0.7698						1	0	0	41	7	0	0	0.4467	0.03	0	0.03	0.000082	1985.88	0.000055	1138.47	0.428	0.061	0		354	345.29	1.1695	1.1588			345.73	1.1716	1.1611			0.836	1	0.0001	0.00655	0.346	1.21917	1.00542	1.00	0	0
260062	Saint Lukes North Hospital	28140	28140	28140	28140	26230	29047	6	lurban	lurban	N	0.9165						1	0	0	108	67	0	0	0.2238	0.0192	0.04636	0.0192	0.0003	1256.88	0.000239	864.67	0.194	0.023	0		2178	2126.13	1.4222	1.4142			2130.28	1.4198	1.4114			0.942	1	0.00605	0.01704	0.279	1	0.99998	1.00	0	0
260064	Ssm Health St. Mary'S Hospital-Audrain	26	26	27620	26	26030	29007	6	rural	rural	W	0.8551						1	0	0	49	15	0	0	0.2001	0.01439	0	0.01439		0		0	0.462	0.053	17	6290.43	731	710.67	1.4661	1.4505			712.25	1.46	1.4441			0.8983	1	0.01479	0.03082	0.538	1.15242	1.015	1.00	0	0
260065	Mercy Hospital Springfield	44180	44180	44180	44180	26380	29077	6	ourban	ourban	N	0.7943						1	0	0	589	433	0	0	0.2882	0.03248	0.0601	0.03248	0.001638	1355.98	0.001394	922.02	0.271	0.018	0		9995	9845.22	1.9601	1.9453			9857.79	1.9628	1.948			0.8541	1	0.09054	0.05813	0.297	1	0.9976	0.99	0	0
260068	Boone Hospital Center	17860	17860	17860	17860	26090	29019	6	ourban	ourban	N	0.8239						1	0	0	309	169	0	0	0.1057	0	0.02163	0		0		0	0.315	0.036	0		6892	6785.8	2.0618	2.0533			6806.83	2.0636	2.0553			0.8758	1	0.03556	0.07123	0.491	1	0.99314	1.00	0	0
260070	Pemiscot County Memorial Hospital	26	26	26	26	26770	29155	6	rural	rural	N	0.7698						1	0	0	49	17	0	0	0.3701	0.03	0	0.03	0.000086	1004.21	0.000109	975.06	0.298	0.011	0		625	620.39	1.0541	1.0492			620.87	1.0445	1.0402			0.836	1	0.00197	0	0.551	1.17098	1.00181	0.97	0	0
260074	Moberly Regional Medical Center	26	26	27620	26	26870	29175	6	rural	rural	W	0.8551						1	0	0	52	8	0	0	0.20058	0.01447	0	0.01447		0		0	0.174	0.033	16	7143.22	548	529.11	1.3755	1.3722			530.12	1.3794	1.3723			0.8983	1	0.06118	0.32472	0.63	1.21098	1.00305	1.00	0	0
260077	St Anthony'S Medical Center	41180	41180	41180	41180	26950	29510	6	lurban	lurban	N	0.9107						1	0	0	548	225	0	0	0.1174	0	0.02406	0		0		0	0.341	0.025	0		8059	7895.07	1.695	1.6852			7908.14	1.6963	1.6866			0.938	1	0.02959	0.02198	0.396	1	0.99913	0.99	0	0
260078	Ozarks Medical Center	26	26	44180	26	26450	29091	6	rural	rural	W	0.7943						1	0	0	103	56	0	0	0.3502	0.04527	0	0.04527		0		0	0.258	0.025	17	5643.81	2027	1963.47	1.4425	1.4244			1967.57	1.4458	1.4274			0.8541	1	0.00197	0.00361	0.441	1	1.00874	1.00	0	0
260080	Southeast Health Center Of Ripley County	26	26	26	26	26900	29181	6	rural	rural	N	0.7698						1	0	0	21	2	0	0	0.2298	0.02043	0	0.02043	0.000022	1091.08	0.000016	621.49	0.39	0.034	14	5283.74	159	157.01	0.9287	0.9269			157.12	0.9199	0.9179			0.836	1	0.00151	0.00611	0.657	1.25	1	1.00	0	0
260081	Ssm Health St Clare Hospital - Fenton	41180	41180	41180	41180	26940	29189	6	lurban	lurban	N	0.9107						1	0	0	180	111	0	0	0.1509	0.0064	0.03103	0.0064	0.000267	611.39	0.000227	431.8	0.27	0.022	0		3484	3410.38	1.7884	1.7782			3417.46	1.7832	1.7734			0.938	1	0.01198	0.01175	0.359	1	1.00355	0.99	0	0
260085	St Joseph Medical Center	28140	28140	28140	28140	26470	29095	6	lurban	lurban	N	0.9165						1	0	0	173	104	0	0	0.1001	0	0.02048	0		0		0	0.249	0.032	0		3279	3157.12	1.8338	1.8058			3165.92	1.8385	1.8095			0.942	1	0.05883	0.12026	0.489	1	1.00735	0.99	0	0
260091	Ssm Health St Mary'S Hospital - St Louis	41180	41180	41180	41180	26940	29189	6	lurban	lurban	N	0.9107						1	0.3198	0.4977	529	347	0.16057	0.15079	0.6235	0.10163	0.13458	0.10163	0.001183	2475.34	0.001611	2630.77	0.247	0.019	0		3764	3722.58	1.7042	1.6952	1894.43	1.7037	3729.19	1.7009	1.6925	1896.79	1.7003	0.938	1	0.01664	0.01576	0.16	1	0.99787	1.00	0	0
260094	Cox Medical Center Branson	26	26	44180	26	26988	29213	6	rural	rural	W	0.7943						1	0	0	97	68	0	0	0.2337	0.02124	0	0.02124	0.000266	926.57		0	0.221	0.015	17	5501.06	2384	2344.09	1.6368	1.6278			2347.94	1.629	1.6191			0.8541	1	0.01759	0.01211	0.44	1	1.00299	0.99	0	0
260095	Centerpoint Medical Center	28140	28140	28140	28140	26470	29095	6	lurban	lurban	N	0.9165						1	0.0004	0.0003	217	173	0.00022	0.00008	0.199	0.01421	0.04112	0.01421	0.000475	813.36	0.000285	394.08	0.124	0.013	0		4611	4510.85	1.5828	1.5662	2735.21	1.6455	4518.16	1.5893	1.5732	2741.4	1.6475	0.942	1	0.01367	0.02279	0.329	1	0.99662	0.97	0	0
260096	North Kansas City Hospital	28140	28140	28140	28140	26230	29047	6	lurban	lurban	N	0.9165						1	0	0	365	236	0	0	0.1573	0.00744	0.03237	0.00744	0.000594	650.84		0	0.234	0.013	0		7406	7273.02	1.7523	1.747			7290.33	1.7445	1.7396			0.942	1	0.0328	0.01133	0.387	1	1.00101	0.98	0	0
260097	Western Missouri Medical Center	26	26	26	26	26500	29101	6	rural	rural	N	0.816				YES	0.0462	1	0	0	72	21	0	0	0.2088	0.0161	0	0.0161		0		0	0.392	0.06	16	8266.05	953	924.41	1.3428	1.3324			926.9	1.3353	1.3252			0.87	1	0.00853	0.03009	0.381	1.09795	1.01173	1.00	0	0
260102	Truman Medical Center Lakewood	28140	28140	28140	28140	26470	29095	6	lurban	lurban	N	0.9165						1	0.4939	0.9642	107	49	0.23831	0.31271	0.5052	0.07724	0.10772	0.07724	0.000737	8902	0.000586	5578.65	0.695	0.042	0		627	614.38	1.2926	1.2866	251.15	1.2123	613.26	1.3025	1.2969	251.4	1.2129	0.942	1	0.08597	0.07459	0.22	1	1.01646	1.00	0	0
260104	Ssm Health Depaul Hospital St Louis	41180	41180	41180	41180	26940	29189	6	lurban	lurban	N	0.9107						1	0.0296	0.0336	390	277	0.01604	0.00953	0.3297	0.04104	0.06904	0.04104	0.000781	997.39	0.00083	871.42	0.247	0.015	0		6452	6379.84	1.7243	1.7149	2752.68	1.8919	6389.68	1.7245	1.7169	2758.84	1.8848	0.938	1	0.01428	0.00576	0.316	1	1	1.00	0	0
260105	Ssm Health Saint Louis University Hospital	41180	41180	41180	41180	26940	29189	6	lurban	lurban	N	0.9107						1	0.9376	1.205	286	243	0.41472	0.40502	0.4113	0.05787	0.08686	0.05787	0.00065	1122.55	0.000589	824.37	0.214	0.015	0		4645	4567.88	2.0764	2.0623	1455.85	1.7816	4575.49	2.0915	2.0786	1457.37	1.802	0.938	1	0.11862	0.07924	0.327	1	0.98761	1.00	0	0
260108	Missouri Baptist Medical Center	41180	41180	41180	41180	26940	29189	6	lurban	lurban	N	0.9107						1	0.0066	0.0097	424	238	0.0036	0.00274	0.1006	0	0.02058	0		0		0	0.304	0.028	0		7399	7239.85	2.061	2.0451	1834.85	2.093	7255.4	2.0677	2.0515	1838.17	2.1033	0.938	1	0.03764	0.04913	0.41	1	1.00056	0.99	0	0
260110	Southeasthealth	16020	16020	16060	16020	26150	29031	6	ourban	ourban	W	0.7967						1	0	0	196	89	0	0	0.247	0.02398	0.05129	0.02398	0.000364	733.67	0.000333	546.37	0.223	0.027	7		4112	4046.33	1.973	1.9642			4050.57	1.9872	1.9789			0.8559	1	0.07946	0.18492	0.516	1	0.9955	0.99	0	0
260113	Missouri Delta Medical Center	26	26	14	26	26982	29201	6	rural	rural	W	0.8486						1	0	0	121	33	0	0	0.3489	0.045	0	0.045		0		0	0.255	0.018	17	6946.15	1559	1521.58	1.5557	1.5419			1526.88	1.5332	1.5189			0.8937	1	0.01963	0.0143	0.584	1	1.00638	1.00	0	0
260119	Poplar Bluff Regional Medical Center	26	26	16020	26	26110	29023	6	rural	rural	W	0.7786						1	0	0	209	109	0	0	0.4542	0.06672	0	0.06672		0	0.000388	654.93	0.112	0.017	17	5613.23	3685	3630.36	1.4577	1.4432			3634.05	1.4595	1.4454			0.8425	1	0.02829	0.09066	0.459	1	0.99402	0.99	0	0
260137	Freeman Health System - Freeman West	27900	27900	22220	26	26720	29145	6	ourban	rural	S	0.8		YES	YES			1	0.0238	0.0655	361	219	0.01292	0.01866	0.2923	0.03332	0	0.03332	0.000609	822.75	0.000755	839.24	0.181	0.012	7		6076	6007.83	1.8623	1.8456	1158.77	1.8432	6013.07	1.8716	1.8547	1159.71	1.8554	0.8583	1	0.01756	0.0103	0.369	1	0.99289	1.00	0	0
260138	St Lukes Hospital Of Kansas City	28140	28140	28140	28140	26470	29095	6	lurban	lurban	N	0.9165						1	0.2689	0.3991	384	285	0.13669	0.11921	0.2777	0.03031	0.05785	0.03031	0.000668	775.86	0.000673	653.75	0.194	0.018	0		7407	7321.63	2.2028	2.1896	1892.6	2.1046	7331.25	2.2032	2.1921	1895.63	2.1117	0.942	1	0.08256	0.1048	0.357	1	1.00338	1.00	0	0
260141	University Of Missouri Health Care	17860	17860	17860	17860	26090	29019	6	ourban	ourban	N	0.8239						1	0.5298	0.792	463	315	0.25365	0.25045	0.3936	0.05422	0.08297	0.05422	0.001455	1687.01	0.001195	1142.17	0.231	0.018	0		6976	6874.81	2.0154	2.0092	1391.94	2.0356	6887.55	2.0229	2.017	1393.24	2.0419	0.8758	1	0.09357	0.08543	0.31	1	0.99923	0.99	0	0
260142	Fitzgibbon Hospital	26	26	26	26	26970	29195	6	rural	rural	N	0.7698						1	0	0	38	10	0	0	0.2607	0.02681	0	0.02681	0.000078	1027.76		0	0.337	0.026	16	5614.78	614	600.39	1.123	1.1199			600.93	1.1187	1.1154			0.836	1	0.00409	0.00511	0.452	1.18189	1.00951	0.99	0	0
260160	Southeasthealth Center Of Stoddard County	26	26	26	26	26985	29207	6	rural	rural	N	0.7698						1	0	0	48	5	0	0	0.1998	0.01434	0	0.01434	0.000054	986.19		0	0.3	0.039	14	4932.21	455	438.11	1.0306	1.0253			439.39	1.0295	1.0246			0.836	1	0	0	0.635	1.22818	1	0.99	0	1
260162	Barnes-Jewish West County Hospital	41180	41180	41180	41180	26940	29189	6	lurban	lurban	N	0.9107						1	0.1916	0.5903	77	19	0.09933	0.18126	0.0697	0	0	0		0		0	0.359	0.034	0		876	819.37	1.7647	1.7423	177.03	1.7599	835.67	1.7451	1.7288	182.28	1.7599	0.938	1	0.00604	0.00709	0.359	1	1.01356	1.00	0	0
260163	Parkland Health Center	26	26	26	26	26930	29187	6	rural	rural	N	0.7814				YES	0.0116	1	0	0	77	23	0	0	0.3715	0.03	0	0.03	0.000149	825.35		0	0.35	0.035	16	5279.96	1399	1322.35	1.3867	1.3748			1327.57	1.3768	1.3659			0.8446	1	0.0002	0.00087	0.463	1	0.99733	1.00	0	0
260175	Golden Valley Memorial Hospital	26	26	28140	26	26410	29083	6	rural	rural	W	0.9165						1	0	0	53	17	0	0	0.2832	0.03145	0	0.03	0.000123	1154.17		0	0.336	0.03	17	6116.67	877	855.44	1.2907	1.2841			857.41	1.2831	1.2769			0.942	1	0.00288	0.00478	0.393	1.11939	1	1.00	1	0
260176	St Luke'S Des Peres Hospital	41180	41180	41180	41180	26940	29189	6	lurban	lurban	N	0.9107						1	0.3012	0.4759	107	42	0.15191	0.14373	0.0938	0	0.01918	0		0		0	0.226	0.013	0		1576	1557.62	2.194	2.1889	605.32	1.964	1559.32	2.1867	2.1811	606.64	1.964	0.938	1	0.05449	0.01857	0.463	1	0.99822	0.99	0	0
260177	Liberty Hospital	28140	28140	28140	28140	26230	29047	6	lurban	lurban	N	0.9165						1	0	0	208	89	0	0	0.123	0	0.02522	0		0		0	0.271	0.027	0		3072	3018.99	1.6169	1.6005			3022.84	1.6221	1.6061			0.942	1	0.01919	0.03039	0.439	1	0.99481	0.98	0	0
260179	St Lukes Hospital	41180	41180	41180	41180	26940	29189	6	lurban	lurban	N	0.9107						1	0.1004	0.2131	391	158	0.05334	0.06198	0.0497	0	0.01012	0		0		0	0.253	0.021	0		5846	5741.55	1.8688	1.8557	1558.16	2.0041	5752.26	1.8668	1.8527	1562.11	2.0025	0.938	1	0.03288	0.03245	0.451	1	1.01545	1.00	0	0
260180	Christian Hospital Northeast-Northwest	41180	41180	41180	41180	26940	29189	6	lurban	lurban	N	0.9107						1	0.0037	0.0061	439	168	0.00202	0.00172	0.2375	0.02202	0.04927	0.02202	0.000789	1422.03	0.000608	850.07	0.301	0.025	0		4253	4200.49	1.9191	1.9063	1732.27	1.9072	4205.42	1.9205	1.9082	1733.9	1.9141	0.938	1	0.04983	0.05385	0.435	1	0.99666	0.98	0	0
260183	Saint Francis Medical Center	16020	16020	16020	16020	26150	29031	6	ourban	ourban	N	0.792						1	0	0	264	150	0	0	0.309	0.03677	0.06457	0.03677	0.000438	602.41	0.0004	457.08	0.169	0.022	7		5933	5848.58	1.6501	1.6373			5857.04	1.6505	1.6379			0.8524	1	0.08664	0.20553	0.495	1	0.99995	1.00	0	0
260186	Lake Regional Health System	26	26	27620	26	26140	29029	6	rural	rural	W	0.8551						1	0	0	100	45	0	0	0.2355	0.02161	0	0.02161		0		0	0.26	0.017	17	7147.62	2132	2093.91	1.7043	1.6933			2096.64	1.7176	1.7064			0.8983	1	0.03095	0.01688	0.478	1	0.99827	1.00	0	0
260190	Lee'S Summit Medical Center	28140	28140	28140	28140	26470	29095	6	lurban	lurban	N	0.9165						1	0	0	64	37	0	0	0.07325	0	0	0		0		0	0.167	0.019	0		1505	1472.64	1.4098	1.4032			1475.86	1.3938	1.3885			0.942	1	0.02168	0.04045	0.39	1	1.00807	0.97	0	0
260191	Barnes-Jewish St Peters Hospital	41180	41180	41180	41180	26910	29183	6	lurban	lurban	N	0.9107						1	0.0097	0.0257	120	60	0.00529	0.00728	0.0611	0	0.01245	0		0		0	0.334	0.04	0		1909	1871.56	1.6552	1.6454	1052.65	1.6415	1874.68	1.6491	1.6394	1054.22	1.6366	0.938	1	0.01437	0.03142	0.479	1	1.00788	0.98	0	0
260193	St Mary'S Medical Center	28140	28140	28140	28140	26470	29095	6	lurban	lurban	N	0.9165						1	0.1845	0.2891	73	46	0.09582	0.085	0.0805	0	0	0		0		0	0.224	0.028	0		1910	1846.88	1.7213	1.7093	912.59	1.7674	1853.65	1.7028	1.6904	916.54	1.7622	0.942	1	0.00644	0.02101	0.427	1	1.01267	0.98	0	0
260195	Citizens Memorial Hospital	44180	44180	26	26	26821	29167	6	ourban	rural	S	0.7698		YES				1	0	0	52	22	0	0	0.3013	0.03	0	0.03		0		0	0.309	0.022	16	6494.22	1069	1024.9	1.7061	1.6973			1028.61	1.6906	1.6824			0.836	1	0.00305	0.00233	0.353	1.06758	1.00537	1.00	0	0
260200	Ssm Health Saint Joseph Hospital-Lake Saint Louis	41180	41180	41180	41180	26910	29183	6	lurban	lurban	N	0.9107						1	0	0	115	88	0	0	0.1718	0.00979	0.0354	0.00979	0.000249	655.46	0.000228	501.79	0.253	0.018	0		3291	3223.56	1.5224	1.5151			3231.57	1.5174	1.5108			0.938	1	0.00989	0.00672	0.352	1	0.99638	1.00	0	0
260209	Fulton Medical Center Llc	27620	27620	27620	27620	26130	29027	6	ourban	ourban	N	0.8551						1	0.0879	1.3714	16	1	0.04686	0.47257	0.06917	0	0	0		0		0	0.759	0.084	0		40	38.55	0.9415	0.9367			38.59	0.943	0.9389			0.8983	1	0	0	0.61	1.25	1	1.00	0	1
260210	St Alexius Hospital	41180	41180	41180	41180	26940	29189	6	lurban	lurban	N	0.9107						1	0.0028	0.0239	133	74	0.00153	0.00677	0.5898	0.09468	0.12686	0.09468	0.00027	2124.48	0.000342	1980.17	0.325	0.02	0		970	967.27	1.3529	1.3525	108	1.2384	967.43	1.3654	1.365	108.02	1.248	0.938	1	0.24274	0.16397	0.41	1	0.99813	1.00	0	0
260214	Belton Regional Medical Center	28140	28140	28140	28140	26180	29037	6	lurban	lurban	N	0.9165						1	0	0	71	25	0	0	0.08885	0	0	0		0		0	0.165	0.022	0		1157	1139.02	1.3764	1.3715			1140.99	1.3752	1.371			0.942	1	0.00092	0.00465	0.403	1	0.99622	0.99	0	1
260216	Saint Luke'S East Lee'S Summit Hospital	28140	28140	28140	28140	26470	29095	6	lurban	lurban	N	0.9165						1	0	0	155	101	0	0	0.1238	0	0.02539	0		0		0	0.162	0.023	0		4808	4715.8	1.4592	1.4506			4723.24	1.4577	1.4496			0.942	1	0.01732	0.04555	0.373	1	1.00845	1.00	0	0
260219	Progress West Hospital	41180	41180	41180	41180	26910	29183	6	lurban	lurban	N	0.9107						1	0	0	72	29	0	0	0.1718	0.00979	0	0.00979	0.000085	873.44		0	0.371	0.05	0		757	740.88	1.5237	1.512			741.61	1.5244	1.5097			0.938	1	0.02584	0.0569	0.309	1	1.00171	0.99	0	0
260227	Black River Community Medical Center	26	26	26	26	26110	29023	6	rural	rural	N	0.7698						1	0	0	3	2	0	0	0.18951	0.01267	0	0.01267		0	0.000002	79.32	0.34	0.059	0		285	281.1	0.9759	0.9747			281.24	0.9708	0.9694			0.836	1	0	0	0.729	1	1	1.00	0	1
270003	St Peter'S Health	27	27	27	27	27240	30049	8	rural	rural	N	1						1	0	0	101	61	0	0	0.2266	0.01977	0	0.01977	0.000316	1315.7		0	0.392	0.027	16	6327.49	2002	1983.21	1.4767	1.4722			1984.83	1.4801	1.4763			1	1	0.01793	0.01362	0.402	1	1.01283	0.99	0	0
270004	Billings Clinic Hospital	13740	13740	27	27	27550	30111	8	ourban	rural	S	1		YES				1	0.0938	0.1002	271	192	0.04992	0.02868	0.3498	0.04518	0	0.04518	0.000534	809.88	0.000517	678.7	0.359	0.019	7		5803	5756.23	2.042	2.028	707.49	1.8917	5758.82	2.0564	2.0419	707.79	1.8915	1	1	0.02945	0.00922	0.36	1	1.00275	1.00	0	0
270012	Benefis Hospitals Inc	24500	24500	33540	27	27060	30013	8	ourban	rural	S	1		YES	YES			1	0	0	309	135	0	0	0.364	0.03	0	0.04811		0		0	0.289	0.027	16	6689.86	3517	3468.93	1.8071	1.7993			3474.64	1.8099	1.8028			1	1	0.03999	0.05257	0.409	1	0.997	1.00	0	0
270014	St Patrick Hospital	33540	33540	33540	33540	27310	30063	8	ourban	ourban	N	1						1	0.1265	0.1122	152	98	0.06672	0.03217	0.2183	0.01806	0.0452	0.01806	0.00037	744.65		0	0.344	0.022	7		4342	4292.98	2.0557	2.0514	780.93	2.1343	4298.27	2.0384	2.0343	781.95	2.134	1	1	0.0277	0.01698	0.492	1	1.01096	1.00	0	0
270017	St James Healthcare	27	27	27	27	27460	30093	8	rural	rural	N	1						1	0	0	67	31	0	0	0.3068	0.03632	0	0.03		0		0	0.314	0.023	17	7508.06	1471	1448.06	1.8123	1.8049			1450.02	1.8131	1.8055			1	1	0.16822	0.13699	0.476	1	1.0072	0.99	0	0
270023	Community Medical Center	33540	33540	33540	33540	27310	30063	8	ourban	ourban	N	1						1	0.0363	0.0469	143	56	0.01964	0.01332	0.4852	0.07311	0.10324	0.07311	0.000204	1262.37	0.000191	977.24	0.377	0.032	7		1410	1396.41	1.7678	1.7608	314.87	1.7379	1397.66	1.757	1.7513	315.36	1.7325	1	1	0.0601	0.06164	0.235	1	1.00605	1.00	0	0
270032	Northern Montana Hospital	27	27	27	27	27200	30041	8	rural	rural	N	1						1	0	0	49	10	0	0	0.4602	0.03	0	0.03	0.000067	1305.64	0.000058	946.81	0.332	0.022	16	5515.53	433	422.03	1.2706	1.2569			422.51	1.2608	1.2467			1	1	0.00265	0.0017	0.304	1.19136	1.00744	0.99	0	0
270049	St Vincent Healthcare	13740	13740	13740	13740	27550	30111	8	ourban	ourban	N	1						1	0.0366	0.0648	238	133	0.0198	0.01845	0.2923	0.03332	0.06098	0.03332	0.000356	684.6	0.000411	659.64	0.296	0.022	0		4432	4377.74	2.1239	2.107	551.1	1.9101	4381.04	2.1209	2.1039	551.6	1.9216	1	1	0.05492	0.04011	0.37	1	0.99845	1.00	0	0
270051	Kalispell Regional Medical Center	27	27	33540	27	27140	30029	8	rural	rural	W	1						1	0.0199	0	160	90	0.01082	0	0.3942	0.05434	0	0.05434	0.000314	936.08	0.000296	754.21	0.332	0.03	17	5660.88	2959	2910.14	1.8566	1.8466	611.25	1.9075	2914.56	1.856	1.8467	612.04	1.9049	1	1	0.02752	0.04018	0.331	1	1	1.00	1	0
270057	Bozeman Health Deaconess Hospital	27	27	27	27	27150	30031	8	rural	rural	N	1						1	0	0	81	48	0	0	0.1703	0.00955	0	0.00955	0.000282	1267.97		0	0.406	0.035	16	5604.4	1881	1834.55	1.7988	1.7996			1838.67	1.7817	1.7806			1	1	0.01644	0.01845	0.341	1	1.00653	1.00	0	1
270074	P H S Indian Hospital At Browning - Blackfeet	27	99	99	99	27170	30035	8	rural	rural	N	1.4448						1	0	0	26	5	0	0	0.7509	0.03	0	0.03	0.000027	2066.04	0.000023	1567.46	0.362	0.026	8		122	121.82	0.9297	0.9297			121.85	0.9234	0.9234			1.2866	1			0.213	1.24311	1	1.00	0	0
270086	Great Falls Clinic Hospital	24500	24500	24500	24500	27060	30013	8	ourban	ourban	N	1						1	0	0	20	4	0	0	0.09277	0	0	0		0		0	0.409	0.07	0		625	618.21	1.5846	1.5801			619.34	1.555	1.5517			1	1	0.00331	0.01504	0.453	1	1	1.00	1	0
270087	The Healthcenter	27	27	27	27	27140	30029	8	rural	rural	N	1						1	0	0	30	4	0	0	0.1861	0.01212	0	0.01212	0.000026	1129.72		0	0.537	0.059	0		181	176.92	1.685	1.6725			177.41	1.6476	1.6372			1	1	0.05549	0.07857	0.254	1	1	1.00	0	0
270089	Big Sky Medical Center	27	27	27	27	27150	30031	8	rural	rural	N	1						1	0		4	0	0	0.52699	0	0	0	0		0		0	0.387	0.026	0		15	14.93	0.9434	0.9409			14.89	0.9594	0.9551			1	1	0	0	0.354	1	1	1.00	0	0
280003	Bryan Medical Center	30700	30700	30700	30700	28540	31109	6	ourban	ourban	N	0.9638						1	0.0212	0.0435	465	262	0.01152	0.01235	0.2191	0.01823	0.04537	0.01823	0.000716	621.74	0.000562	430.9	0.276	0.024	0		9950	9787.05	1.9131	1.8847	643.89	1.7665	9798.98	1.9207	1.8916	644.47	1.7698	0.9751	1	0.02845	0.03181	0.434	1	0.99832	1.00	0	0
280009	Chi Health Good Samaritan	28	28	24260	28	28090	31019	6	rural	rural	W	0.9656						1	0.012	0.0179	203	86	0.00654	0.00506	0.2051	0.01534	0	0.01534	0.000308	949.29	0.00023	528.97	0.334	0.028	7		2589	2553.96	2.104	2.093	152.29	1.9763	2557.43	2.0916	2.0809	152.47	1.9786	0.9763	1	0.08039	0.08922	0.451	1	0.99947	1.00	0	0
280013	The Nebraska Medical Center	36540	36540	36540	36540	28270	31055	6	ourban	ourban	N	0.9281						1	0.4381	0.5598	509	393	0.21401	0.17114	0.2911	0.03308	0.06072	0.03308	0.001045	1022.75	0.001025	887.02	0.245	0.003	0		9003	8875.43	2.1521	2.1435	1236.78	2.211	8887.73	2.1614	2.153	1238.2	2.2201	0.9502	1	0.1176	0.00123	0.342	1	1.00014	1.00	0	0
280020	Chi Health St Elizabeth	30700	30700	30700	30700	28540	31109	6	ourban	ourban	N	0.9638						1	0.0158	0.0443	260	104	0.0086	0.01258	0.2505	0.0247	0.05203	0.0247	0.000321	735.29	0.00028	496.86	0.329	0.032	0		3599	3520.84	1.8797	1.859	265.28	1.8265	3531.48	1.8678	1.8495	265.23	1.84	0.9751	1	0.05763	0.07581	0.365	1	0.99772	1.00	0	0
280023	Chi Health St Francis	24260	24260	30700	24260	28390	31079	6	ourban	ourban	W	0.9638						1	0.0231	0.0399	145	62	0.01254	0.01132	0.1982	0.01408	0.04095	0.01408	0.000219	699.05	0.000163	423.15	0.298	0.022	7		2629	2585.91	1.6314	1.6203	129.34	1.7153	2588.34	1.6296	1.6175	129.72	1.6967	0.9751	1	0.02785	0.0226	0.509	1	0.99823	1.00	0	0
280032	Mary Lanning Healthcare	28	28	28	28	28000	31001	6	rural	rural	N	0.8747						1	0	0	96	34	0	0	0.2208	0.01858	0	0.01858	0.000122	634.41	0.000078	348.82	0.423	0.034	0		1680	1648.65	1.5402	1.5306			1649.72	1.5355	1.5244			0.9124	1	0.05859	0.05657	0.458	1.04129	0.99314	1.00	0	1
280040	Methodist Hospital	36540	36540	36540	36540	28270	31055	6	ourban	ourban	N	0.9281						1	0.0333	0.0561	348	238	0.01803	0.01596	0.1768	0.01061	0.03645	0.01061	0.000376	560.24	0.000309	394.48	0.312	0.035	0		5682	5597.79	1.7755	1.7693	1368.07	1.6752	5606.64	1.7788	1.773	1369.85	1.6793	0.9502	1	0.0704	0.11855	0.279	1	1.00059	1.00	0	0
280060	Chi Health Creighton University Medical Center - B	36540	36540	36540	36540	28270	31055	6	ourban	ourban	N	0.9281						1	0.3176	0.0458	380	226	0.15955	0.01301	0.3723	0.04982	0.07831	0.04982	0.001126	1851.66	0.001026	1481.38	0.245	0.022	0		5515	5447.63	1.8638	1.8482	1103.92	1.8446	5453.73	1.8689	1.854	1104.7	1.8592	0.9502	1	0.05405	0.07606	0.304	1	1.00065	0.99	0	0
280061	Regional West Medical Center	28	28	16940	28	28780	31157	6	rural	rural	W	0.8979						1	0	0	122	58	0	0	0.2448	0.02353	0	0.02353		0		0	0.312	0.022	17	7481.63	2248	2190.18	1.8031	1.7792			2194.47	1.7997	1.7755			0.9289	1	0.07486	0.05429	0.478	1	0.99916	1.00	0	0
280065	Great Plains Health	28	28	6	28	28550	31111	6	rural	rural	W	0.9726						1	0	0	80	46	0	0	0.1606	0.00797	0	0.00797		0		0	0.348	0.044	17	6424.61	2660	2614.13	1.5538	1.5471			2616.63	1.5593	1.5524			0.9812	1	0.0459	0.10309	0.614	1	1.0008	1.00	0	0
280077	Fremont Health Medical Center	28	28	36540	28	28260	31053	6	rural	rural	W	0.9281						1	0	0	84	23	0	0	0.1067	0	0	0		0		0	0.277	0.035	16	7253.65	1211	1186.73	1.3932	1.3858			1189.57	1.3921	1.3853			0.9502	1	0.01408	0.03076	0.5	1.08523	0.99738	1.00	0	0
280081	Chi Health Immanuel	36540	36540	36540	36540	28270	31055	6	ourban	ourban	N	0.9281						1	0.0553	0.0954	113	102	0.02975	0.02729	0.3591	0.0471	0.07543	0.0471	0.000432	1478.91	0.000402	1141.29	0.238	0.028	0		2317	2283.53	1.6132	1.6017	728.22	1.5441	2287.89	1.6086	1.5988	729.37	1.5368	0.9502	1	0.0172	0.04165	0.316	1	1.00152	0.99	0	0
280105	Chi Health Midlands	36540	36540	36540	36540	28760	31153	6	ourban	ourban	N	0.9281						1	0	0	40	15	0	0	0.04266	0	0	0		0		0	0.316	0.099	0		618	600.25	1.4055	1.3865			601.6	1.3996	1.3839			0.9502	1	0.01739	0.18804	0.558	1	0.99804	1.00	0	0
280111	Columbus Community Hospital	28	28	28	28	28700	31141	6	rural	rural	N	0.8747						1	0	0	47	15	0	0	0.1655	0.00877	0	0.00877		0		0	0.624	0.059	16	8272.65	775	750.16	1.4721	1.4732			752.09	1.4608	1.4614			0.9124	1	0.03683	0.0507	0.401	1.1278	1.00032	1.00	0	0
280125	Faith Regional Health Services	28	28	28	28	28590	31119	6	rural	rural	N	0.8747						1	0	0	134	52	0	0	0.1289	0	0	0		0		0	0.356	0.055	16	7355.03	2000	1950.82	2.0128	1.9938			1955.36	2.0044	1.9855			0.9124	1	0.09741	0.28973	0.422	1	0.99449	1.00	0	0
280127	Lincoln Surgical Hospital	30700	30700	30700	30700	28540	31109	6	ourban	ourban	N	0.9638						1	0	0	21	9	0	0	0.01437	0	0	0		0		0	0.438	0.062	0		708	707.7	2.1032	2.1033			707.78	2.0488	2.0488			0.9751	1	0	0	0.469	1	1	1.00	0	0
280128	Chi Health Nebraska Heart	30700	30700	30700	30700	28540	31109	6	ourban	ourban	N	0.9638						1	0	0	54	20	0	0	0.02813	0	0	0		0		0	0.516	0.013	0		1377	1358.02	3.4556	3.4387			1359.43	3.4551	3.4372			0.9751	1	0.06947	0.00005	0.657	1	0.99791	1.00	0	1
280129	Nebraska Orthopaedic Hospital	36540	36540	36540	36540	28270	31055	6	ourban	ourban	N	0.9281						1	0	0	24	11	0	0	0.01258	0	0	0		0		0	0.399	0.041	0		817	811.67	2.2081	2.207			812.64	2.1534	2.1522			0.9502	1	0.00066	0.002	0.421	1	1	1.00	0	0
280130	Chi Health Lakeside	36540	36540	36540	36540	28270	31055	6	ourban	ourban	N	0.9281						1	0	0	108	68	0	0	0.1011	0	0.02068	0		0		0	0.234	0.035	0		2675	2633.32	1.7649	1.7539			2635.33	1.7643	1.7525			0.9502	1	0.02195	0.06104	0.416	1	0.99915	1.00	0	0
280131	Midwest Surgical Hospital Llc	36540	36540	36540	36540	28270	31055	6	ourban	ourban	N	0.9281						1	0	0	19	6	0	0	0.05624	0	0	0		0		0	0.244	0.029	0		415	414.63	2.5413	2.5417			414.79	2.5191	2.5194			0.9502	1	0	0	0.378	1	1	1.00	0	0
280132	Bellevue Medical Center	36540	36540	36540	36540	28760	31153	6	ourban	ourban	N	0.9281						1	0	0	57	34	0	0	0.09586	0	0	0		0		0	0.253	0.046	0		1767	1718.29	1.2989	1.2831			1719.91	1.3061	1.2886			0.9502	1	0.02178	0.07919	0.42	1	1.00427	0.99	0	0
280133	"Nebraska Spine Hospital, Llc"	36540	36540	36540	36540	28270	31055	6	ourban	ourban	N	0.9281						1	0	0	34	7	0	0	0.07712	0	0	0		0		0	0.206	0.02	0		322	320.43	5.1994	5.1958			320.47	5.1127	5.1091			0.9502	1	0.01978	0.03	0.349	1	1	1.00	0	0
280134	Kearney Regional Medical Center	28	28	28	28	28090	31019	6	rural	rural	N	0.8747						1	0	0	30	13	0	0	0.02995	0	0	0		0		0	0.323	0.06	0		1476	1456.6	1.973	1.9681			1459.09	1.971	1.9654			0.9124	1	0.06485	0.31363	0.649	1	0.99574	0.99	0	0
290001	Renown Regional Medical Center	39900	39900	39900	39900	29150	32031	8	ourban	ourban	N	1						1	0.0711	0.1269	619	396	0.03808	0.03646	0.3543	0.04611	0.07438	0.04611	0.000707	699.07	0.000866	740.51	0.177	0.019	0		9110	9019.3	2.1001	2.0883	2410.65	2.0002	9026.79	2.1032	2.0917	2413.3	2.0044	1	1	0.01447	0.02517	0.312	1	0.98968	1.00	0	0
290003	Sunrise Hospital And Medical Center	29820	29820	29820	29820	29010	32003	8	lurban	lurban	N	1.169						1	0.0321	0.04	596	500	0.01739	0.01135	0.6244	0.10182	0.13478	0.10182	0.001288	1546.78	0.001108	1125.83	0.094	0.006	0		6920	6806.91	1.8777	1.8492	1782.24	2.2065	6816.55	1.8852	1.8574	1785.28	2.2105	1.1129	1	0.03002	0.01868	0.213	1	0.98916	0.98	0	0
290005	North Vista Hospital	29820	29820	29820	29820	29010	32003	8	lurban	lurban	N	1.169						1	0	0	127	97	0	0	0.6673	0.11067	0.14468	0.11067	0.000203	741.93	0.000211	722.06	0.155	0.007	0		2458	2423.14	1.7056	1.6899			2425.49	1.7173	1.7017			1.1129	1	0.00548	0.00076	0.292	1	1.00224	0.99	0	0
290007	University Medical Center	29820	29820	29820	29820	29010	32003	8	lurban	lurban	N	1.169						1	0.2481	0.4016	520	341	0.12678	0.12	0.6072	0.09827	0.13084	0.09827	0.001987	5666.49	0.001689	4208.23	0.192	0.009	0		3246	3201.79	2.0367	2.0176	1436.94	2.1387	3204.3	2.0521	2.0328	1437.93	2.1456	1.1129	1	0.14789	0.05411	0.15	1	0.99032	1.00	0	0
290008	Northeastern Nevada Regional Hospital	29	29	29	29	29030	32007	8	rural	rural	N	1						1	0	0	59	15	0	0	0.2225	0.01893	0	0.01893		0		0	0.237	0.05	16	7859.19	693	673.08	1.3061	1.2964			673.69	1.3066	1.295			1	1	0.01294	0.06539	0.423	1.13682	1.01067	0.98	0	0
290009	Saint Mary'S Regional Medical Center	39900	39900	5	39900	29150	32031	8	ourban	ourban	W	1.25						1	0	0	252	164	0	0	0.3601	0.04731	0.07564	0.04731	0.000298	532.03	0.000226	323.51	0.178	0.015	0		4477	4409.16	1.9188	1.9071			4415.18	1.9235	1.9119			1.1651	1	0.00692	0.00663	0.304	1	1.01194	0.99	0	0
290012	St Rose Dominican Hospitals - Rose De Lima Campus	29820	29820	29820	29820	29010	32003	8	lurban	lurban	N	1.169						1	0	0	81	58	0	0	0.2601	0.02668	0	0.02668	0.000179	931.8	0.000145	588.79	0.174	0.015	0		1458	1415.87	1.6722	1.6523			1419.69	1.6712	1.6513			1.1129	1	0.02584	0.02909	0.382	1	1.00123	1.00	0	0
290019	Carson Tahoe Regional Medical Center	16180	16180	16180	16180	29120	32510	8	ourban	ourban	N	1.0317						1	0	0	162	109	0	0	0.2308	0.02064	0.04785	0.02064		0		0	0.235	0.018	17	7886.24	5325	5229.87	1.7148	1.6968			5236.37	1.7217	1.702			1.0216	1	0.01327	0.00947	0.5	1	1.00819	0.99	0	0
290021	Valley Hospital Medical Center	29820	29820	29820	29820	29010	32003	8	lurban	lurban	N	1.169						1	0.3177	0.431	266	204	0.15959	0.12933	0.5267	0.08167	0.11255	0.08167	0.000469	1204.08	0.000519	1130	0.099	0.006	0		3381	3300.94	1.8277	1.8097	1698.26	1.8959	3308.12	1.8266	1.8078	1700.55	1.9015	1.1129	1	0.03648	0.0212	0.238	1	0.99281	0.99	0	0
290022	Desert Springs Hospital	29820	29820	29820	29820	29010	32003	8	lurban	lurban	N	1.169						1	0	0	239	149	0	0	0.3077	0.0365	0.06429	0.0365	0.000343	867.11	0.000205	461.81	0.096	0.006	0		3613	3548.2	1.6843	1.6697			3552.03	1.6948	1.6805			1.1129	1	0.01572	0.00745	0.3	1	0.99218	0.99	0	0
290032	Northern Nevada Medical Center	39900	39900	39900	39900	29150	32031	8	ourban	ourban	N	1						1	0	0	72	31	0	0	0.2214	0.0187	0	0.0187	0.000078	415.71	0.000037	184.85	0.123	0.009	0		1774	1745.35	1.7213	1.7198			1747.54	1.7113	1.709			1	1	0.00488	0.00394	0.444	1	1.00099	0.98	0	0
290039	Mountainview Hospital	29820	29820	29820	29820	29010	32003	8	lurban	lurban	N	1.169						1	0.0844	0	301	257	0.04504	0	0.323	0.03966	0.06759	0.03966	0.000424	490.99	0.000317	310.94	0.099	0.008	0		7178	6983.41	1.8155	1.798	1901.13	1.8793	6998.37	1.8213	1.8044	1904.19	1.8958	1.1129	1	0.02544	0.0278	0.385	1	1.006	0.99	0	0
290041	Summerlin Hospital Medical Center	29820	29820	29820	29820	29010	32003	8	lurban	lurban	N	1.169						1	0	0	406	245	0	0	0.3436	0.04391	0.07206	0.04391	0.000333	721.01	0.000343	647.98	0.082	0.007	0		4157	4071.87	1.7124	1.7047			4079.16	1.7083	1.7004			1.1129	1	0.02104	0.02483	0.202	1	0.99904	0.99	0	0
290042	Harmon Hospital	29820	29820	29820	29820	29010	32003	8	lurban	lurban	N	1.169						1	0	0	116	110	0	0	0	0	0	0		0		0	0.49	0.011	0		2	2	1.0415	1.0415			2	0.7935	0.7935			1.1129	1	0	0	0.003	1	1	1.00	1	1
290045	St Rose Dominican Hospitals - Siena Campus	29820	29820	29820	29820	29010	32003	8	lurban	lurban	N	1.169						1	0.0574	0.0885	326	224	0.03086	0.02529	0.2638	0.02745	0.05487	0.02745	0.000351	609.44	0.000394	605.88	0.147	0.011	0		5430	5316.86	1.9773	1.9579	1992.02	2.1232	5333.37	1.9704	1.9517	1997.08	2.1342	1.1129	1	0.03401	0.02962	0.276	1	0.99411	0.99	0	0
290046	Spring Valley Hospital Medical Center	29820	29820	29820	29820	29010	32003	8	lurban	lurban	N	1.169						1	0	0	210	173	0	0	0.3432	0.04382	0.07197	0.04382	0.000427	1256.56	0.000299	787.33	0.095	0.006	0		3213	3148.53	2.0416	2.032			3153.73	2.0462	2.0367			1.1129	1	0.02043	0.01247	0.201	1	0.99382	0.99	0	0
290047	Southern Hills Hospital And Medical Center	29820	29820	29820	29820	29010	32003	8	lurban	lurban	N	1.169						1	0	0	120	92	0	0	0.2957	0.03403	0.06171	0.03403	0.000166	538.25	0.000108	328.23	0.113	0.009	0		2831	2784.46	1.7334	1.7203			2786.85	1.7382	1.724			1.1129	1	0.02271	0.02265	0.318	1	0.99723	1.00	0	0
290049	Renown South Meadows Medical Center	39900	39900	39900	39900	29150	32031	8	ourban	ourban	N	1						1	0	0	76	25	0	0	0.1737	0.0101	0	0.0101	0.000059	402.19	0.000043	277.69	0.203	0.019	0		1517	1483.57	1.5657	1.56			1487.2	1.5626	1.5576			1	1	0.00174	0.00257	0.399	1	1.00788	1.00	0	0
290053	St Rose Dominican Hospitals - San Martin Campus	29820	29820	29820	29820	29010	32003	8	lurban	lurban	N	1.169						1	0	0	147	94	0	0	0.2647	0.02763	0.05506	0.02763	0.00017	725.92	0.000171	587.02	0.16	0.011	0		1848	1802.44	1.9614	1.9485			1809.31	1.9472	1.9349			1.1129	1	0.06073	0.03369	0.312	1	1.00271	1.00	0	0
290054	Centennial Hills Hospital Medical Center	29820	29820	29820	29820	29010	32003	8	lurban	lurban	N	1.169						1	0	0	190	128	0	0	0.324	0.03986	0.06781	0.03986	0.000205	612.93	0.000147	406.28	0.094	0.008	0		3042	2976.95	1.6591	1.6439			2984.16	1.6455	1.6309			1.1129	1	0.00848	0.01039	0.249	1	1.00251	0.99	0	0
290056	Mountain'S Edge Hospital	29820	29820	29820	29820	29010	32003	8	lurban	lurban	N	1.169						1	0		130	54	0	0.52699	0.00688	0	0.00139	0		0		0	0.132	0.023	0		98	96.01	0.9773	0.9744			96.14	0.9556	0.9529			1.1129	1	0.09721	0.20798	0.019	1	1	1.00	1	0
290057	Henderson Hospital	29820	29820	29820	29820	29010	32003	8	lurban	lurban	N	1.169						1	0		130	0	0	0.52699	0	0	0	0		0		0	0.155	0.011	0		1210	1145.32	1.7332	1.699			1148.86	1.7411	1.7071			1.1129	1	0.03582	0.01232		1	1	1.00	0	0
300001	Concord Hospital	30	30	31700	31700	30060	33013	1	rural	ourban	L	1.0956	LUGAR					1	0.1657	0.1998	177	146	0.08649	0.058	0.1691	0.00935	0.03484	0.00935	0.000504	677.18	0.000444	522.22	0.303	0.034	0		6474	6276.47	1.6891	1.6839	456.86	1.7565	6298.39	1.6956	1.6906	458.77	1.7671	1.0645	1	0.03605	0.066	0.463	1	0.99821	1.00	0	0
300003	Mary Hitchcock Memorial Hospital	30	30	30	30	30040	33009	1	rural	rural	N	1.0956						1	0.8285	1.0793	382	308	0.37378	0.35605	0.2754	0.02984	0	0.02984	0.000627	630.7	0.000512	433.26	0.346	0.021	17	8629.61	8437	8250.38	2.2662	2.2554	512.23	2.4594	8276.56	2.2808	2.2712	512.76	2.4749	1.0645	1	0.08775	0.04571	0.44	1	0.99596	1.00	0	0
300005	Lakes Region General Hospital	30	30	30	30	30000	33001	1	rural	rural	N	1.0956						1	0	0	86	54	0	0	0.1689	0.00932	0	0.00932		0		0	0.306	0.036	17	6711.26	2190	2113.24	1.7196	1.7097			2118.14	1.7231	1.7129			1.0645	1	0.03315	0.06234	0.603	1	1.00128	1.00	0	1
300011	St Joseph Hospital	31700	31700	31700	31700	30050	33011	1	ourban	ourban	N	1.1159				YES	0.0203	1	0	0	184	51	0	0	0.1281	0	0.02628	0		0		0	0.383	0.026	0		2254	2198.79	1.4708	1.4658			2203	1.4713	1.4648			1.078	1	0.03472	0.02044	0.537	1	0.99902	0.97	0	0
300012	Elliot Hospital	31700	31700	31700	31700	30050	33011	1	ourban	ourban	N	1.1159				YES	0.0203	1	0	0	195	115	0	0	0.3086	0.03669	0.06449	0.03669	0.000485	878.99	0.000356	527.48	0.46	0.025	0		4481	4346.88	1.5574	1.5472			4359.41	1.5652	1.5545			1.078	1	0.02682	0.00893	0.332	1	0.99801	0.99	0	0
300014	Frisbie Memorial Hospital	40484	40484	40484	40484	30080	33017	1	ourban	ourban	N	1.0956						1	0	0	64	33	0	0	0.2866	0.03	0	0.03	0.000142	699.61	0.000134	548.75	0.375	0.025	0		1680	1647.75	1.2849	1.277			1651.61	1.2823	1.2754			1.0645	1	0.02764	0.01984	0.542	1	1.0072	1.00	0	0
300017	Parkland Medical Center	40484	40484	40484	40484	30070	33015	1	ourban	ourban	N	1.1281				YES	0.0325	1	0	0	68	28	0	0	0.1649	0.00867	0	0.00867	0.000093	441.02		0	0.199	0.016	0		1700	1638	1.432	1.4122			1644.02	1.4321	1.4129			1.086	1	0.01199	0.01085	0.61	1	1.00075	0.98	0	0
300018	Wentworth-Douglass Hospital	40484	40484	40484	40484	30080	33017	1	ourban	ourban	N	1.0956						1	0	0	115	71	0	0	0.1777	0.01075	0.03664	0.01075	0.000199	529	0.000179	410.03	0.338	0.04	0		3290	3213.76	1.4327	1.4265			3220.7	1.4353	1.429			1.0645	1	0.0691	0.12945	0.486	1	1.00567	1.00	0	0
300019	Cheshire Medical Center	30	30	15764	30	30020	33005	1	rural	rural	W	1.1244						1	0	0	98	38	0	0	0.1636	0.00846	0	0.00846	0.000118	510.55	0.00009	359.84	0.445	0.03	15	8149.33	2243	2178.19	1.3846	1.3744			2181.82	1.3903	1.3798			1.0836	1	0.02209	0.01522	0.563	1	1.00691	1.00	0	0
300020	Southern Nh Medical Center	31700	31700	31700	31700	30050	33011	1	ourban	ourban	N	1.1159				YES	0.0203	1	0.024	0.0469	151	76	0.01303	0.01332	0.2345	0.0214	0.04863	0.0214	0.00028	751.39	0.000253	578.02	0.484	0.037	0		3243	3172.28	1.3847	1.3812	363.42	1.4096	3176.36	1.3907	1.3865	363.88	1.4123	1.078	1	0.04309	0.03562	0.393	1	1.00255	1.00	0	0
300023	Exeter Hospital Inc	40484	40484	15764	30	30070	33015	1	ourban	rural	S	1.1244		YES	YES			1	0	0	97	55	0	0	0.117	0	0	0		0		0	0.383	0.034	15	8519.04	2728	2651.55	1.4961	1.4858			2660.16	1.5005	1.4905			1.0836	1	0.03761	0.04115	0.504	1	1.00294	0.99	0	0
300029	Portsmouth Regional Hospital	40484	40484	40484	40484	30070	33015	1	ourban	ourban	N	1.1281				YES	0.0325	1	0	0	125	91	0	0	0.1491	0	0.03065	0		0		0	0.181	0.017	0		4158	4064.65	1.8369	1.8246			4083.13	1.843	1.8319			1.086	1	0.0371	0.04553	0.541	1	0.99691	0.98	0	0
300034	Catholic Medical Center	31700	31700	31700	31700	30050	33011	1	ourban	ourban	N	1.1159				YES	0.0203	1	0	0	228	139	0	0	0.2419	0.02293	0.0502	0.02293	0.00032	474.62	0.000271	346.69	0.273	0.014	0		5821	5729.18	2.0297	2.0243			5739.56	2.0319	2.0265			1.078	1	0.03689	0.00841	0.489	1	0.99782	1.00	0	0
310001	Hackensack University Medical Center	35614	35614	35614	35614	31100	34003	2	lurban	lurban	N	1.2853						1	0.2386	0.2614	664	551	0.12221	0.07656	0.2744	0.02963	0.05714	0.02963	0.001336	995.42	0.001577	928.64	0.234	0.014	0		10840	10705.1	2.1405	2.1321	2047.48	2.1593	10719.7	2.1549	2.1467	2049.82	2.1668	1.1875	1	0.08219	0.04054	0.323	1	1.00222	0.99	0	0
310002	Newark Beth Israel Medical Center	35084	35084	35614	35084	31200	34013	2	lurban	lurban	W	1.2747						1	0.3602	0.4748	470	332	0.17912	0.14338	0.5882	0.09435	0.12649	0.09435	0.001553	3140.4	0.001571	2482.6	0.183	0.009	0		3951	3926.96	2.2622	2.2482	1614.42	2.0337	3927.95	2.2636	2.2502	1614.78	2.0292	1.1808	1	0.05401	0.01825	0.249	1	0.99989	0.99	0	0
310003	Palisades Medical Center	35614	35614	35614	35614	31230	34017	2	lurban	lurban	N	1.2853						1	0.4191	0.64	192	113	0.2056	0.19795	0.4769	0.0714	0.10139	0.0714	0.000491	1317.55	0.000533	1115.22	0.136	0.009	0		2690	2650.36	1.5578	1.5501	706.17	1.4612	2652.4	1.5707	1.563	706.76	1.4596	1.1875	1	0.03067	0.02272	0.437	1	0.99984	0.98	0	0
310005	Hunterdon Medical Center	35084	35084	35084	35084	31250	34019	2	lurban	lurban	N	1.1482						1	0.0996	0.1714	170	92	0.05292	0.04956	0.1387	0	0.02848	0		0		0	0.298	0.029	0		3692	3663.42	1.5571	1.549	560.76	1.5618	3667.13	1.5624	1.5544	560.9	1.5656	1.0993	1	0.03092	0.04292	0.513	1	1.00238	1.00	0	0
310006	St Mary'S General Hospital	35614	35614	35614	35614	31320	34031	2	lurban	lurban	N	1.2853						1	0.0174	0.0337	173	86	0.00946	0.00956	0.387	0.05286	0.08152	0.05286	0.000305	913.37	0.000339	751.82	0.136	0.012	0		2470	2411.96	1.7641	1.7389	15.43	1.4451	2418.1	1.7586	1.7337	15.43	1.4816	1.1875	1	0.00392	0.00514	0.43	1	0.99452	0.99	0	0
310008	Holy Name Medical Center	35614	35614	35614	35614	31100	34003	2	lurban	lurban	N	1.2853						1	0	0	284	188	0	0	0.2319	0.02087	0.04808	0.02087	0.00024	340.86	0.000285	327.66	0.185	0.012	0		5464	5410.15	1.6439	1.6385			5417.1	1.6499	1.6451			1.1875	1	0.01024	0.00581	0.495	1	1.00547	0.99	0	0
310009	Clara Maass Medical Center	35084	35084	35614	35084	31200	34013	2	lurban	lurban	W	1.2747						1	0	0	280	172	0	0	0.3785	0.0511	0.07966	0.0511	0.000745	1327.71	0.000751	1057.73	0.17	0.007	0		4322	4276.02	1.6386	1.6212			4277.88	1.6468	1.6277			1.1808	1	0.01375	0.00268	0.419	1	1.00186	1.00	0	0
310010	Penn Medicine Princeton Medical Center	35614	35614	35614	35614	31270	34023	2	lurban	lurban	N	1.2853						1	0.1665	0.2256	206	142	0.08689	0.06573	0.1203	0	0.02466	0		0		0	0.216	0.04	0		5240	5151.06	1.4956	1.4871	646.87	1.6101	5161.26	1.4927	1.4846	648.47	1.5983	1.1875	1	0.0091	0.04172	0.47	1	1.00299	1.00	0	0
310011	Cape Regional Medical Center Inc	36140	36140	12100	36140	31180	34009	2	ourban	ourban	W	1.1897						1	0	0	149	69	0	0	0.2367	0.02186	0.0491	0.02186	0.000092	219.58	0.000123	231.63	0.216	0.015	0		3298	3228.92	1.3892	1.375			3235.41	1.3949	1.3815			1.1263	1	0.00782	0.00472	0.564	1	0.99525	0.99	0	0
310012	Valley Hospital	35614	35614	35614	35614	31100	34003	2	lurban	lurban	N	1.2853						1	0	0	408	252	0	0	0.0643	0	0.01311	0		0		0	0.237	0.019	0		8993	8854.11	1.8504	1.8426			8866.06	1.8527	1.8446			1.1875	1	0.05116	0.04615	0.492	1	1.00339	0.99	0	0
310014	Cooper University Hospital	15804	15804	37964	15804	31160	34007	2	lurban	lurban	W	1.0871						1	0.3388	0.5488	532	377	0.16934	0.16751	0.4729	0.07057	0.1005	0.07057	0.001004	1120.99	0.001197	1146.12	0.168	0.011	0		7669	7530.56	2.1507	2.1216	1270.7	2.1524	7542.02	2.1598	2.1314	1272.21	2.1679	1.0589	1	0.05583	0.02877	0.296	1	0.9914	0.98	0	0
310015	Morristown Medical Center	35084	35084	35614	35084	31300	34027	2	lurban	lurban	W	1.2747						1	0.2506	0.3059	575	484	0.12797	0.09016	0.1615	0.00812	0.03324	0.00812	0.000504	311.87	0.000518	261.68	0.16	0.014	0		13132	12967.8	2.2209	2.2148	1531.22	2.2636	12990.9	2.2206	2.2139	1533.6	2.281	1.1808	1	0.02937	0.03212	0.425	1	1.00545	1.00	0	0
310016	Carepoint Health-Christ Hospital	35614	35614	35614	35614	31230	34017	2	lurban	lurban	N	1.2853						1	0.0833	0.1242	188	101	0.04446	0.03567	0.617	0.10029	0.13308	0.10029	0.000528	2036.95	0.00052	1588.08	0.076	0.004	0		2075	2054.16	1.4692	1.4627	747.87	1.3496	2056.49	1.4802	1.4738	747.94	1.3525	1.1875	1	0.01315	0.00455	0.313	1	0.99796	0.99	0	0
310017	Chilton Medical Center	35084	35084	35614	35084	31300	34027	2	lurban	lurban	W	1.2747						1	0	0	223	127	0	0	0.0985	0	0.02015	0		0		0	0.147	0.012	0		4471	4403.67	1.4764	1.4598			4408.65	1.4861	1.4695			1.1808	1	0.01103	0.00958	0.569	1	0.99774	0.99	0	0
310019	St Joseph'S University Medical Center	35614	35614	35614	35614	31320	34031	2	lurban	lurban	N	1.2853						1	0.2355	0.3472	713	473	0.12072	0.10294	0.5047	0.07713	0.10761	0.07713	0.001893	1838.85	0.00208	1610.56	0.136	0.01	0		8095	8035.79	1.8036	1.7903	2422.78	1.6017	8043.33	1.8107	1.7978	2423.46	1.6077	1.1875	1	0.04022	0.03683	0.316	1	0.99644	0.97	0	0
310021	St Francis Medical Center	45940	45940	35084	45940	31260	34021	2	ourban	ourban	W	1.0956						1	0.1569	0.4088	144	66	0.08208	0.12228	0.4882	0.07373	0.10391	0.07373	0.000247	1458.28	0.00021	929.62	0.173	0.012	0		1195	1179.58	1.7976	1.7879	353.69	2.0494	1180.54	1.805	1.7945	354.04	2.0697	1.0645	1	0.12749	0.07863	0.429	1	0.98982	1.00	0	0
310022	Virtua West Jersey Hospitals Voorhees	15804	15804	15804	15804	31160	34007	2	lurban	lurban	N	1.0795				YES	0.0082	1	0.051	0.0748	577	411	0.02747	0.02133	0.18	0.01113	0.03712	0.01113	0.000383	255.81	0.000493	261.27	0.153	0.034	0		11385	11152	1.4832	1.4693	1912.82	1.4634	11198.1	1.483	1.4711	1923.87	1.4609	1.0538	1	0.0485	0.22127	0.396	1	0.99525	0.98	0	0
310024	Robert Wood Johnson University Hospital At Rahway	35084	35084	35084	35084	31370	34039	2	lurban	lurban	N	1.1482						1	0	0	140	75	0	0	0.1564	0.00729	0.03218	0.00729	0.000128	383.56	0.000117	266.7	0.091	0.004	0		2483	2442.22	1.6618	1.6346			2445.13	1.6772	1.6485			1.0993	1	0.00872	0.0024	0.549	1	0.99213	0.98	0	0
310025	Carepoint Health - Bayonne Medical Center	35614	35614	35614	35614	31230	34017	2	lurban	lurban	N	1.2853						1	0.1813	0.0538	141	74	0.09424	0.0153	0.2528	0.02518	0.05252	0.02518	0.000208	658.55	0.000197	502.56	0.076	0.005	0		2472	2425.49	1.4083	1.3891	508.33	1.3895	2428.18	1.4165	1.3977	508.6	1.4041	1.1875	1	0.00466	0.00353	0.509	1	1.00099	0.98	0	0
310027	Trinitas Regional Medical Center	35084	35084	35084	35084	31370	34039	2	lurban	lurban	N	1.1482						1	0.1767	0.2521	226	157	0.09196	0.07373	0.5081	0.07783	0.10837	0.07783	0.000996	2701.59	0.000997	2070.68	0.128	0.007	0		2681	2657.69	1.5792	1.5546	1083.2	1.3904	2658.33	1.5881	1.5632	1083.56	1.3881	1.0993	1	0.00172	0.00028	0.325	1	0.99442	1.00	0	0
310028	Newton Medical Center	35084	35084	35614	35084	31360	34037	2	lurban	lurban	W	1.2747						1	0	0	132	79	0	0	0.158	0.00755	0.03251	0.00755	0.000057	125.85	0.000071	129.41	0.098	0.01	0		3825	3742.75	1.4245	1.4133			3746.99	1.4326	1.4204			1.1808	1	0.00603	0.01077	0.587	1	0.99726	0.99	0	0
310029	Our Lady Of Lourdes Medical Center	15804	15804	15804	15804	31160	34007	2	lurban	lurban	N	1.0795				YES	0.0082	1	0.16	0.1939	258	150	0.08364	0.05624	0.3254	0.04015	0.06811	0.04015	0.000364	578.47	0.000393	508.44	0.118	0.007	0		5152	5063.98	2.1027	2.0768	1009.87	2.1236	5072	2.1125	2.0884	1011.12	2.1366	1.0538	1	0.0244	0.01002	0.461	1	0.99741	1.00	0	0
310031	Deborah Heart And Lung Center	15804	15804	15804	15804	31150	34005	2	lurban	lurban	N	1.0713						1	0.333	0.6226	84	53	0.16667	0.19208	0.1415	0	0	0		0		0	0.181	0.006	14	3809.91	1911	1881.88	2.6993	2.684	472.76	2.9784	1884.43	2.6987	2.6832	473.3	2.9785	1.0483	1	0.07488	0.00533	0.511	1	1.00501	0.99	0	0
310032	Inspira Medical Center Vineland	47220	47220	12100	47220	31190	34011	2	ourban	ourban	W	1.1897						1	0.3629	0.545	280	184	0.18035	0.16626	0.3738	0.05013	0.07863	0.05013	0.000354	443.41	0.000514	546.69	0.148	0.012	0		6652	6547.11	1.4359	1.4244	1022.31	1.4562	6554.09	1.4473	1.4351	1024.8	1.4602	1.1263	1	0.02175	0.02297	0.409	1	0.99638	0.99	0	0
310034	Riverview Medical Center	35614	35614	35614	35614	31290	34025	2	lurban	lurban	N	1.2853						1	0	0	246	154	0	0	0.1851	0.01195	0.03819	0.01195	0.000152	244.1	0.000158	219.08	0.149	0.007	0		5061	4990.76	1.5778	1.5661			5001.59	1.5797	1.5689			1.1875	1	0.01157	0.00317	0.473	1	1.00169	1.00	0	0
310038	Robert Wood Johnson University Hospital	35614	35614	35614	35614	31270	34023	2	lurban	lurban	N	1.2853						1	0.3092	0.3486	610	537	0.15564	0.10338	0.3028	0.03549	0.06324	0.03549	0.001242	1042.44	0.001292	849.73	0.152	0.01	0		8934	8839.3	2.1558	2.1414	1220.83	1.9863	8847.9	2.1721	2.1575	1221.77	1.9964	1.1875	1	0.12277	0.09178	0.368	1	0.99658	0.98	0	0
310039	Raritan Bay Medical Center Perth Amboy Division	35614	35614	35614	35614	31270	34023	2	lurban	lurban	N	1.2853						1	0.103	0.159	276	172	0.05468	0.04589	0.3868	0.05282	0.08148	0.05282	0.000429	753.26	0.00054	761.85	0.142	0.004	0		4499	4438.92	1.5247	1.5094	902.07	1.3415	4443.53	1.5275	1.5112	903.81	1.3428	1.1875	1	0.01678	0.00088	0.463	1	0.99749	0.98	0	0
310040	Carepoint Health-Hoboken University Medical Center	35614	35614	35614	35614	31230	34017	2	lurban	lurban	N	1.2853						1	0.2508	0.4753	113	63	0.12807	0.14354	0.5183	0.07994	0.11066	0.07994	0.00039	2272.51	0.000397	1866.15	0.081	0.005	0		1337	1319.09	1.4247	1.4205	302.27	1.3637	1320.97	1.4366	1.4323	302.67	1.3753	1.1875	1	0.0381	0.02688	0.302	1	0.99895	0.99	0	0
310041	Community Medical Center	35614	35614	35614	35614	31310	34029	2	lurban	lurban	N	1.2853						1	0	0	424	298	0	0	0.0813	0	0.0166	0		0		0	0.159	0.008	0		9995	9883.18	1.5702	1.5623			9892.78	1.5784	1.5704			1.1875	1	0.00514	0.00126	0.566	1	0.98834	0.99	0	0
310044	Capital Health Medical Center - Hopewell	45940	45940	35084	45940	31260	34021	2	ourban	ourban	W	1.0956						1	0.0044	0.0094	188	140	0.0024	0.00266	0.3435	0.04388	0.07204	0.04388	0.000381	1100.78	0.000361	756.35	0.075	0.024	0		2358	2329.2	1.6591	1.6461	772.55	1.5768	2331.5	1.6719	1.659	773.2	1.5941	1.0645	1	0.06455	0.53781	0.278	1	0.99967	0.99	0	0
310045	Englewood Hospital And Medical Center	35614	35614	35614	35614	31100	34003	2	lurban	lurban	N	1.2853						1	0.199	0.2809	286	187	0.10297	0.0825	0.1868	0.01223	0.03855	0.01223	0.000438	581.54	0.000277	305.79	0.115	0.009	0		6281	6184.26	1.8555	1.8429	988.47	1.9821	6192.13	1.8564	1.8444	989.2	1.9751	1.1875	1	0.01605	0.01601	0.452	1	0.9983	0.99	0	0
310047	Shore Medical Center	12100	12100	12100	12100	31000	34001	2	ourban	ourban	N	1.2656						1	0	0	296	97	0	0	0.2261	0.01967	0.04685	0.01967	0.000175	344.12	0.000131	208.1	0.162	0.016	0		4200	4089.96	1.474	1.4563			4107.3	1.4708	1.4551			1.175	1	0.01275	0.01673	0.508	1	1.00091	0.99	0	0
310048	Robert Wood Johnson University Hospital Somerset	35084	35084	35084	35084	31350	34035	2	lurban	lurban	N	1.1482						1	0.0739	0.1135	260	170	0.03955	0.03255	0.1637	0.00848	0.0337	0.00848	0.000281	386.22		0	0.119	0.009	0		5804	5736.11	1.4754	1.4686	661.04	1.4507	5742.84	1.4852	1.4784	661	1.4718	1.0993	1	0.01225	0.01086	0.521	1	0.99363	0.99	0	0
310050	Saint Clare'S Hospital/ Denville Campus	35084	35084	35614	35084	31300	34027	2	lurban	lurban	W	1.2747						1	0	0	325	136	0	0	0.2288	0.02023	0.04742	0.02023	0.000289	402.82	0.000275	330.57	0.167	0.01	0		5970	5799.32	1.707	1.6854			5809.65	1.7213	1.7001			1.1808	1	0.00159	0.00045	0.426	1	1.00114	0.98	0	0
310051	Overlook Medical Center	35084	35084	35614	35084	31370	34039	2	lurban	lurban	W	1.2747						1	0.1876	0.3029	443	262	0.09736	0.08924	0.1699	0.00948	0.035	0.00948	0.00036	385.53	0.000329	281.16	0.17	0.016	0		7446	7313.6	1.6428	1.6285	1515.81	1.6836	7327.82	1.6534	1.6404	1517.93	1.693	1.1808	1	0.02693	0.03364	0.413	1	0.99663	1.00	0	0
310052	Ocean Medical Center	35614	35614	35614	35614	31310	34029	2	lurban	lurban	N	1.2853						1	0	0	265	192	0	0	0.0979	0	0.02002	0		0		0	0.138	0.007	0		7622	7528.8	1.6162	1.6075			7538.19	1.6116	1.6032			1.1875	1	0.01066	0.0036	0.58	1	0.99095	0.99	0	0
310054	Hackensack-Umc Mountainside	35084	35084	35614	35084	31200	34013	2	lurban	lurban	W	1.2747						1	0.2606	0.4161	181	110	0.13275	0.1246	0.1608	0.00801	0.0331	0.00801	0.000201	386.27	0.000181	292.69	0.134	0.01	0		4320	4268.21	1.4405	1.4287	729.43	1.4217	4273.42	1.4494	1.4378	729.94	1.4326	1.1808	1	0.00651	0.0058	0.479	1	0.99812	0.99	0	0
310057	Virtua Memorial Hospital Of Burlington County	15804	15804	15804	15804	31150	34005	2	lurban	lurban	N	1.0713						1	0.0394	0.063	312	201	0.02129	0.01794	0.2315	0.02078	0.04799	0.02078	0.000251	336.07	0.000326	349.1	0.146	0.006	0		5793	5712.17	1.537	1.5255	1152.62	1.6083	5719.55	1.5422	1.531	1154.16	1.6096	1.0483	1	0.03678	0.00817	0.418	1	0.99254	1.00	0	0
310058	Bergen Regional Medical Center	35614	35614	35614	35614	31100	34003	2	lurban	lurban	N	1.2853						1	0.1131	0.1933	109	71	0.05987	0.05606	0.5917	0.0875	0.1189	0.0875	0.000282	3584.99	0.000904	9299.06	0.23	0.006	0		680	671.03	1.2901	1.2632	37.43	1.218	671.37	1.3058	1.2784	37.44	1.2348	1.1875	1	0	0	0.144	1	1.00552	0.99	0	0
310060	St Luke'S Warren Hospital	10900	10900	10900	10900	31390	34041	2	ourban	ourban	N	0.9534						1	0.149	0.291	98	54	0.07812	0.08559	0.1452	0	0	0		0		0	0.122	0.005	0		2366	2320.92	1.5946	1.5811	244.19	1.4106	2324.02	1.6097	1.5968	244.47	1.4112	0.9678	1	0.02042	0.00406	0.671	1	1.00422	1.00	0	0
310061	Lourdes Medical Center Of Burlington County	15804	15804	15804	15804	31150	34005	2	lurban	lurban	N	1.0713						1	0.0533	0.0169	100	55	0.02869	0.00478	0.255	0.02563	0.05299	0.02563	0.00011	404.25	0.000088	275.04	0.129	0.011	0		2395	2344.27	1.3658	1.3492	497.01	1.4556	2347.91	1.3734	1.3573	498.12	1.4631	1.0483	1	0.02259	0.02175	0.529	1	0.99377	0.99	0	0
310064	Atlanticare Regional Medical Center - City Campus	12100	12100	12100	12100	31000	34001	2	ourban	ourban	N	1.2656						1	0.0832	0.1187	545	343	0.04441	0.03406	0.3816	0.05174	0.08034	0.05174	0.001635	1260.51	0.001334	830.03	0.151	0.01	0		10541	10411.5	1.6661	1.6532	1194.28	1.6583	10424.5	1.6663	1.6536	1196.01	1.6651	1.175	1	0.01407	0.00908	0.423	1	1.00184	0.99	0	0
310069	Inspira Medical Center Elmer	48864	48864	48864	48864	31340	34033	2	ourban	ourban	N	1.1303						1	0	0	83	31	0	0	0.1227	0	0	0		0		0	0.187	0.007	0		1472	1446.39	1.3119	1.302			1448.07	1.316	1.306			1.0875	1	0.00939	0.00087	0.53	1	1.01084	1.00	0	0
310070	Saint Peter'S University Hospital	35614	35614	35614	35614	31270	34023	2	lurban	lurban	N	1.2853						1	0.3243	0.4569	348	221	0.16265	0.13762	0.3165	0.03832	0.06619	0.03832	0.000608	1282.29	0.000737	1280.15	0.097	0.009	0		3875	3826.25	1.5296	1.5216	544.66	1.5281	3829.26	1.5379	1.53	545.7	1.5258	1.1875	1	0.05403	0.07277	0.236	1	1.0018	0.98	0	0
310073	Jersey Shore University Medical Center	35614	35614	35614	35614	31290	34025	2	lurban	lurban	N	1.2853						1	0.1805	0.255	548	363	0.09384	0.07461	0.2319	0.02087	0.04808	0.02087	0.000486	395.1	0.000679	466.41	0.15	0.01	0		10278	10138.2	2.0763	2.0587	1323.08	2.2007	10152.5	2.0726	2.0559	1324.96	2.2071	1.1875	1	0.03435	0.0226	0.453	1	0.998	1.00	0	0
310074	Jersey City Medical Center	35614	35614	35614	35614	31230	34017	2	lurban	lurban	N	1.2853						1	0.3051	0.3882	262	196	0.15373	0.11578	0.5822	0.09312	0.12513	0.09312	0.000889	2285.13	0.001116	2290.76	0.157	0.012	0		2991	2952.06	1.921	1.9009	1006.46	1.6685	2955.54	1.9257	1.9062	1007.15	1.671	1.1875	1	0.04551	0.04737	0.264	1	1.00167	0.99	0	0
310075	Monmouth Medical Center	35614	35614	35614	35614	31290	34025	2	lurban	lurban	N	1.2853						1	0.361	0.6403	290	147	0.17949	0.19805	0.4342	0.06259	0.09191	0.06259	0.00082	1863.67	0.00079	1434.57	0.195	0.014	0		3607	3549.45	1.6137	1.6036	462.23	1.6535	3554.51	1.6182	1.6086	461.53	1.649	1.1875	1	0.02932	0.0215	0.264	1	1.00645	1.00	0	0
310076	Saint Barnabas Medical Center	35084	35084	35614	35084	31200	34013	2	lurban	lurban	W	1.2747						1	0.2681	0.3841	583	389	0.13632	0.11449	0.2646	0.02761	0.05504	0.02761	0.001038	1077.87	0.000789	670.07	0.189	0.01	0		7802	7720.3	1.8842	1.8723	1458.06	1.7532	7726.19	1.8959	1.8838	1458.59	1.7651	1.1808	1	0.05012	0.02191	0.307	1	1.00205	0.99	0	0
310081	Inspira Medical Center Woodbury	15804	15804	15804	15804	31220	34015	2	lurban	lurban	N	1.0713						1	0.0617	0.1229	231	101	0.03313	0.03529	0.2262	0.01969	0.04687	0.01969	0.000104	208.67	0.000167	276.59	0.15	0.012	0		4250	4176.22	1.4672	1.4491	557.97	1.512	4180.94	1.4787	1.4596	558.41	1.5213	1.0483	1	0.01142	0.00907	0.487	1	0.99331	0.99	0	0
310083	East Orange General Hospital	35084	35084	35614	35084	31200	34013	2	lurban	lurban	W	1.2747						1	0	0	159	61	0	0	0.4769	0.0714	0.10139	0.0714	0.000292	1502.91	0.000283	1106.36	0.12	0.005	0		1538	1518.02	1.6491	1.6304			1519.52	1.6547	1.6363			1.1808	1	0.01248	0.00216	0.428	1	1.0014	0.99	0	0
310084	Monmouth Medical Center-Southern Campus	35614	35614	35614	35614	31310	34029	2	lurban	lurban	N	1.2853						1	0	0	201	93	0	0	0.4998	0.07612	0.10651	0.07612	0.000401	1501.09	0.000406	1142.05	0.158	0.011	0		2127	2089.7	1.4951	1.4771			2092.41	1.5103	1.4918			1.1875	1	0.00653	0.00383	0.431	1	0.99531	1.00	0	0
310086	Jefferson Stratford Hospital	15804	15804	15804	15804	31160	34007	2	lurban	lurban	N	1.0795				YES	0.0082	1	0.2952	0.4325	526	321	0.1491	0.12981	0.3096	0.03689	0.0647	0.03689	0.000503	382.55	0.000643	403.15	0.123	0.008	0		10789	10595.4	1.515	1.4981	1992.26	1.448	10614.9	1.5209	1.5047	1995.86	1.4449	1.0538	1	0.02541	0.01698	0.467	1	1.00091	0.98	0	0
310091	Memorial Hospital Of Salem County	48864	48864	48864	48864	31340	34033	2	ourban	ourban	N	1.1303						1	0	0	126	30	0	0	0.2416	0.02287	0.05014	0.02287	0.000104	480.8	0.000086	328.18	0.117	0.011	0		1793	1740.99	1.2487	1.2295			1744.99	1.254	1.2355			1.0875	1	0.00104	0.00149	0.627	1	1.00304	0.99	0	0
310092	Capital Health System-Fuld Campus	45940	45940	35084	45940	31260	34021	2	ourban	ourban	W	1.0956						1	0.2056	0.2445	174	131	0.1062	0.07143	0.395	0.05451	0.08327	0.05451	0.00072	2346.62	0.000596	1408.74	0.077	0.009	0		2086	2058.68	1.6899	1.672	527.99	1.4995	2060.34	1.7116	1.6951	528.43	1.5245	1.0645	1	0.12243	0.26213	0.377	1	1.00118	1.00	0	0
310096	Saint Michael'S Medical Center	35084	35084	35614	35084	31200	34013	2	lurban	lurban	W	1.2747						1	0.5405	0.5631	147	100	0.25819	0.17223	0.4833	0.07272	0.10282	0.07272	0.000432	1435.51	0.000478	1199.1	0.24	0.023	0		2327	2258.03	2.0081	1.9796	419.33	1.7652	2261.45	2.0259	1.9978	419.22	1.79	1.1808	1	0.03323	0.05063	0.406	1	1.00797	0.99	0	0
310108	Jfk Medical Ctr - Anthony M. Yelencsics Community	35614	35614	35614	35614	31270	34023	2	lurban	lurban	N	1.2853						1	0.093	0.136	357	233	0.04951	0.03913	0.206	0.01553	0.0426	0.01553	0.000431	537.28	0.000423	432.04	0.168	0.007	0		6583	6516.52	1.6082	1.597	1311.48	1.5102	6520.89	1.6168	1.6058	1312.04	1.5112	1.1875	1	0.01015	0.00177	0.425	1	0.99582	0.98	0	0
310110	Robert Wood Johnson University Hospital Hamilton	45940	45940	35084	45940	31260	34021	2	ourban	ourban	W	1.0956						1	0	0	188	125	0	0	0.1538	0.00687	0.03163	0.00687	0.000247	518.95	0.000228	371.09	0.118	0.009	0		3408	3356.35	1.5166	1.5041			3360.54	1.5215	1.5093			1.0645	1	0.01514	0.01368	0.529	1	0.99878	0.98	0	0
310111	Centrastate Medical Center	35614	35614	35614	35614	31290	34025	2	lurban	lurban	N	1.2853						1	0.0739	0.1184	245	154	0.03955	0.03398	0.1299	0	0.02665	0		0		0	0.192	0.014	0		5260	5197.66	1.5433	1.5363	989.95	1.5438	5202.84	1.5516	1.5446	990.57	1.5452	1.1875	1	0.01044	0.00728	0.496	1	0.99997	0.99	0	0
310112	Bayshore Medical Center	35614	35614	35614	35614	31290	34025	2	lurban	lurban	N	1.2853						1	0	0	148	103	0	0	0.1595	0.00779	0.03283	0.00779	0.000089	205.18		0	0.149	0.007	0		3578	3543.58	1.5573	1.5509			3546.16	1.5627	1.5564			1.1875	1	0.02378	0.00543	0.583	1	1.00032	0.99	0	0
310113	Southern Ocean Medical Center	35614	35614	35614	35614	31310	34029	2	lurban	lurban	N	1.2853						1	0	0	133	76	0	0	0.1471	0	0.03024	0		0		0	0.137	0.005	0		3411	3317	1.5214	1.5075			3324.73	1.5236	1.5099			1.1875	1	0.00496	0.00025	0.588	1	0.99877	1.00	0	0
310115	Hackettstown Medical Center	10900	10900	10900	10900	31390	34041	2	ourban	ourban	N	0.9534						1	0	0	103	45	0	0	0.11857	0	0.0243	0		0		0	0.131	0.006	0		1790	1744.48	1.5509	1.5385			1747.7	1.5638	1.5502			0.9678	1	0.01119	0.00209	0.596	1	0.99478	0.99	0	0
310118	Hudson Regional Hospital	35614	35614	35614	35614	31230	34017	2	lurban	lurban	N	1.2853						1	0	1.5	102	32	0	0.52699	0.346	0.0444	0.07258	0.0444	0.000066	825.77	0.0001	891.72	0.155	0.015	0		547	544.77	1.5831	1.5822			544.8	1.5947	1.5939			1.1875	1	0.18745	0.17616	0.371	1	1.00176	0.99	0	0
310119	University Hospital	35084	35084	35614	35084	31200	34013	2	lurban	lurban	W	1.2747						1	0.7917	1.2078	368	284	0.35965	0.40613	0.6995	0.11731	0.15217	0.11731	0.002076	7649.35	0.002066	6342.82	0.189	0.014	0		2235	2210.17	2.0291	1.9948	855.15	1.7094	2213.05	2.0497	2.0171	855.25	1.7235	1.1808	1	0.19345	0.16709	0.159	1	0.99455	1.00	0	0
310130	Hackensack Meridian Health Pascack Valley Medical	35614	35614	35614	35614	31100	34003	2	lurban	lurban	N	1.2853						1	0	0	96	45	0	0	0.179	0.01096	0	0.01096	0.000034	156.2		0	0.161	0.021	0		1889	1852.07	1.493	1.4722			1854.13	1.5056	1.4841			1.1875	1	0.00714	0.0216	0.444	1	0.99678	1.00	0	0
320001	Unm Hospital	10740	10740	42140	32	32000	35001	8	ourban	rural	S	0.9269		YES	YES			1	0.6633	0.7923	474	390	0.30893	0.25055	0.6703	0.11129	0	0.11129	0.001908	4237.33	0.002147	4013.64	0.434	0.022	7		3811	3766.57	2.2396	2.2245	1186.28	2.1918	3771.08	2.2553	2.2419	1186.28	2.2135	0.9493	1	0.15957	0.08008	0.162	1	0.99006	1.00	0	0
320002	Christus St Vincent Regional Medical Center	42140	42140	42140	42140	32240	35049	8	ourban	ourban	N	1.122						1	0.0362	0.0784	168	117	0.01958	0.02237	0.271	0.02893	0.05641	0.02893		0		0	0.281	0.02	16	8775.71	3342	3284.92	1.7281	1.7119	920.07	1.674	3289.5	1.7281	1.7129	920.88	1.6773	1.082	1	0.04101	0.02721	0.339	1	0.996	1.00	0	0
320003	Alta Vista Regional Hospital	32	32	42140	32	32230	35047	8	rural	rural	W	0.9269						1	0	0	46	11	0	0	0.3854	0.03	0	0.03		0		0	0.195	0.015	16	7798.59	466	455.63	1.279	1.2698			456.24	1.2777	1.2684			0.9493	1	0.01992	0.0169	0.483	1.19902	1.01158	0.99	0	0
320004	Gerald Champion Regional Medical Center	32	32	32	32	32170	35035	8	rural	rural	N	0.8588						1	0.0153	0	69	25	0.00833	0	0.2987	0.03	0	0.03		0		0	0.176	0.02	16	8393.45	1230	1195.66	1.6299	1.6257	47.17	1.5755	1197.83	1.6325	1.6287	47.17	1.5785	0.901	1	0.01481	0.03151	0.415	1.05121	0.98828	0.99	0	0
320005	San Juan Regional Medical Center	22140	22140	6	32	32220	35045	8	ourban	rural	S	0.9726		YES	YES			1	0	0	184	125	0	0	0.4629	0.06851	0	0.06851		0		0	0.338	0.022	17	7924.03	3906	3862	1.7465	1.7404			3865.75	1.7493	1.7429			0.9812	1	0.086	0.0608	0.459	1	1.00446	1.00	0	0
320006	Eastern New Mexico Medical Center	32	32	10740	32	32020	35005	8	rural	rural	W	0.9073						1	0	0	162	53	0	0	0.5228	0.08087	0	0.08087	0.000117	558.65	0.000157	592.52	0.146	0.01	7		1703	1649.6	1.6442	1.6261			1653.37	1.6547	1.6359			0.9356	1	0.00671	0.00565	0.353	1	1.00571	1.00	0	0
320009	Lovelace Medical Center	10740	10740	42140	10740	32000	35001	8	ourban	ourban	W	0.9269						1	0	0	268	151	0	0	0.3163	0.03827	0.06615	0.03827	0.000164	372.47	0.000161	312.46	0.165	0.02	0		3866	3794.12	2.1531	2.1394			3801.44	2.1639	2.1501			0.9493	1	0.02747	0.05923	0.336	1	1.00085	1.00	0	0
320011	Presbyterian Espanola Hospital	32	32	42140	32	32190	35039	8	rural	rural	W	0.9269						1	0	0	45	22	0	0	0.5014	0.03	0	0.03		0		0	0.323	0.03	16	8195.95	694	680.62	1.3826	1.371			682.22	1.3691	1.3583			0.9493	1	0.00278	0.00367	0.286	1.11265	1.01091	1.00	0	0
320016	Gila Regional Medical Center	32	32	32	32	32080	35017	8	rural	rural	N	0.8588						1	0	0	58	16	0	0	0.4157	0.03	0	0.03	0.00007	784.19	0.000079	670.48	0.389	0.032	16	5572.38	691	669.33	1.4021	1.3902			670.13	1.4124	1.3994			0.901	1	0.0259	0.02778	0.395	1.14235	1.01842	1.00	0	1
320017	Lovelace Women'S Hospital	10740	10740	42140	10740	32000	35001	8	ourban	ourban	W	0.9269						1	0.011	0.0248	162	68	0.00599	0.00702	0.6637	0.10993	0.14385	0.10993	0.000173	2052.17	0.000301	3198.4	0.193	0.035	0		759	742.49	1.4039	1.3944	548.9	1.4355	744.56	1.3994	1.3919	550.38	1.4371	0.9493	1	0.01142	0.05456	0.078	1	0.9969	1.00	0	0
320018	Memorial Medical Center	29740	29740	29740	29740	32060	35013	8	ourban	ourban	N	0.8588						1	0.0389	0.105	240	93	0.02103	0.03007	0.5644	0.08945	0.12108	0.08945	0.00034	1285.12	0.000371	1084.8	0.202	0.021	0		2204	2172.63	1.6861	1.665	1099.23	1.7555	2175.66	1.686	1.6648	1100.97	1.7492	0.901	1	0.05762	0.09594	0.274	1	1.00078	1.00	0	0
320021	Presbyterian Hospital	10740	10740	42140	10740	32000	35001	8	ourban	ourban	W	0.9269						1	0.0048	0.007	671	445	0.00262	0.00198	0.4535	0.06657	0.09618	0.06657	0.001029	1058.78	0.001261	1074.86	0.269	0.02	0		8374	8217.59	1.8347	1.8246	6124.79	1.7674	8234.72	1.822	1.8121	6137.33	1.7527	0.9493	1	0.02344	0.01811	0.212	1	1.00149	1.00	0	0
320022	Plains Regional Medical Center	32	32	32	32	32040	35009	8	rural	rural	N	0.8588						1	0	0	106	29	0	0	0.4864	0.03	0	0.07336	0.000159	1253.24	0.000169	1045.06	0.262	0.023	0		986	954.12	1.4766	1.4675			956.94	1.4617	1.4523			0.901	1	0.004	0.0056	0.295	1	1.00152	0.99	0	0
320030	Artesia General Hospital	32	32	32	32	32070	35015	8	rural	rural	N	0.8588						1	0	0	34	6	0	0	0.2185	0.0181	0	0.0181	0.000114	2585.86		0	0.341	0.05	16	6600.43	362	350.89	1.5076	1.5016			351.66	1.4909	1.4886			0.901	1	0.04461	0.17018	0.555	1.23273	1	1.00	0	1
320033	Los Alamos Medical Center	32	32	42140	32	32131	35028	8	rural	rural	S	0.9269	LUGAR	YES	YES			1	0	0	47	7	0	0	0.2581	0.02627	0	0.02627		0		0	0.285	0.045	16	10120.81	339	330.51	1.3081	1.2978			331.45	1.3054	1.2942			0.9493	1	0.14018	0.35141	0.318	1.21803	1.00181	0.99	0	0
320038	Rehoboth Mckinley Christian Health Care Services	32	32	32	32	32150	35031	8	rural	rural	N	0.8588						1	0	0	60	21	0	0	0.5841	0.03	0	0.03		0		0	0.342	0.015	16	6560.11	829	819.02	1.4492	1.4387			820.06	1.4509	1.4411			0.901	1	0.01482	0.0015	0.334	1.09455	1.00874	1.00	0	0
320057	Santa Fe Phs Indian Hospital	42140	99	99	99	32240	35049	8	ourban	rural	N	1.4448						1	0	0	4	0	0	0	0.7209	0.03	0	0.03	0.000003	6807.8	0.000003	2562.03	0.269	0.022	8		1	1	0.7545	0.7545			1	0.757	0.757			1.2866	1			0.295	1.25	1	1.00	1	1
320058	Mescalero Phs Indian Hospital	32	99	99	99	32170	35035	8	rural	rural	N	1.4448						1	0	0	11	1	0	0	0.7218	0.03	0	0.03	0.000007	18225.59	0.000006	8468.52	0.24	0.022	8		4	4	0.9044	0.9044			4	0.9111	0.9111			1.2866	1			0.05	1.25	1	1.00	0	0
320059	Northern Navajo Medical Center	22140	99	99	99	32220	35045	8	ourban	rural	N	1.4448						1	0	0	59	20	0	0	0.717	0.03	0	0.03	0.000109	1656.34	0.000106	1265.68	0.269	0.022	8		513	506.62	1.1752	1.1699			506	1.1726	1.1676			1.2866	1			0.387	1.13705	1.01153	1.00	0	1
320060	Zuni Comprehensive Community Health Center	32	99	99	99	32150	35031	8	rural	rural	N	1.4448						1	0	0	27	5	0	0	0.8629	0.03	0	0.03	0.00003	2261.15	0.000031	1975.28	0.24	0.022	8		127	123.05	1.1376	1.1243			123	1.1301	1.1148			1.2866	1			0.362	1.25	1	1.00	0	1
320061	Gallup Indian Medical Center	32	99	99	99	32150	35031	8	rural	rural	N	1.4448						1	0	0	78	32	0	0	0.7534	0.03	0	0.03	0.000186	1887.84	0.000176	1452.09	0.24	0.022	8		858	844.82	1.225	1.2147			844.96	1.2169	1.2064			1.2866	1			0.32	1.05553	1.01746	0.99	0	1
320062	Crownpoint Healthcare Facility	32	99	99	99	32150	35031	8	rural	rural	N	1.4448						1	0	0	25	3	0	0	0.7653	0.03	0	0.03	0.000024	1814.62	0.000026	1521.75	0.24	0.022	8		124	122.52	0.9092	0.9031			122.55	0.9069	0.9011			1.2866	1			0.421	1.25	1	1.00	0	1
320063	Carlsbad Medical Center	32	32	32	32	32070	35015	8	rural	rural	N	0.8588						1	0	0	105	19	0	0	0.4085	0.05729	0	0.05729		0		0	0.154	0.028	17	6294.22	806	765.64	1.5068	1.4884			768.34	1.508	1.4909			0.901	1	0.00276	0.02444	0.423	1.10023	1.00549	1.00	0	0
320065	Lea Regional Medical Center	32	32	36220	32	32120	35025	8	rural	rural	W	0.8969						1	0	0	143	19	0	0	0.5082	0.07785	0	0.07785		0		0	0.198	0.027	17	7096.86	727	697.16	1.4355	1.4125			699.61	1.4365	1.4141			0.9282	1	0.00573	0.02185	0.355	1.08326	1.01149	1.00	0	0
320067	Guadalupe County Hospital	32	32	32	32	32090	35019	8	rural	rural	N	0.8588						1	0	0	10	2	0	0	0.376	0.03	0	0.03		0		0	0.635	0.088	16	14479.02	132	130.36	0.9373	0.9331			130.45	0.9294	0.9252			0.901	1	0	0	0.47	1.25	1	1.00	0	0
320074	Lovelace Westside Hospital	10740	10740	42140	10740	32000	35001	8	ourban	ourban	W	0.9269						1	0	0	70	21	0	0	0.341	0.03	0	0.03	0.00003	462.19	0.000029	419.6	0.201	0.021	0		601	583.35	1.4489	1.4427			584.57	1.4415	1.4356			0.9493	1	0.00336	0.00674	0.206	1	1.01091	1.00	0	0
320084	Roosevelt General Hospital	32	32	32	32	32200	35041	8	rural	rural	N	0.8588						1	0	0	24	4	0	0	0.366	0.03	0	0.03	0.000035	998.31	0.000013	278.42	0.358	0.036	0		258	251.7	1.0105	1.0038			252	1.0065	0.9996			0.901	1	0	0	0.547	1.24174	1	1.00	0	0
320085	Mountain View Regional Medical Center	29740	29740	29740	29740	32060	35013	8	ourban	ourban	N	0.8588						1	0.0459	0	150	104	0.02476	0	0.369	0.04914	0.07759	0.04914	0.000136	331.65	0.000197	406.08	0.146	0.011	0		3534	3480.96	1.9778	1.9572			3487.25	1.9793	1.9592			0.901	1	0.03108	0.02147	0.386	1	0.99435	0.98	0	0
320086	Lovelace Regional Hospital - Roswell	32	32	32	32	32020	35005	8	rural	rural	N	0.8588						1	0	0	26	15	0	0	0.4805	0.03	0	0.03	0.000036	471.28	0.000047	531.06	0.201	0.034	0		667	656.66	1.4632	1.4592			658.53	1.4573	1.4541			0.901	1	0.0151	0.05086	0.314	1	1	0.98	1	1
320089	Unm Sandoval Regional Medical Center	10740	10740	10740	10740	32210	35043	8	ourban	ourban	N	0.9073						1	0.0144	0.0091	60	34	0.00784	0.00257	0.3777	0.03	0	0.03	0.000111	1012.54	0.000076	610.24	0.417	0.076	0		916	898.73	1.7414	1.7356	221.49	1.7908	900.31	1.7329	1.7276	221.82	1.7877	0.9356	1	0.02409	0.10454	0.388	1	1.00297	0.99	0	0
330003	Albany Memorial Hospital	10580	10580	10580	10580	33000	36001	2	ourban	ourban	N	0.864						1	0	0	73	39	0	0	0.1851	0.01195	0	0.01195	0.000087	718.44	0.000073	448.33	0.386	0.015	0		921	905.41	1.4479	1.4385			906.35	1.4479	1.4384			0.9047	1	0.01205	0.00177	0.374	1	0.99834	1.00	0	0
330004	Healthalliance Hospital Broadway Campus	28740	28740	28740	28740	33740	36111	2	ourban	ourban	N	0.9966				YES	0.104	1	0.1152	0.1996	149	101	0.06095	0.05794	0.217	0.01779	0.04492	0.01779	0.000168	386.41	0.000184	334.65	0.188	0.01	7		3303	3254.18	1.234	1.2205	869.32	1.1716	3256.81	1.241	1.2273	869.65	1.1796	0.9977	1	0.05256	0.02743	0.555	1	0.99844	0.98	0	0
330005	Kaleida Health	15380	15380	15380	15380	33240	36029	2	lurban	lurban	N	1.028						1	0.4218	0.5323	926	660	0.2068	0.16208	0.3658	0.04848	0.07689	0.04848	0.001115	971.04	0.001812	1328.73	0.37	0.033	0		9705	9524.97	1.8992	1.8943	9137.06	1.8184	9544.68	1.9066	1.9024	9161.38	1.8241	1.0191	1	0.08311	0.09526	0.218	1	0.99717	1.00	0	0
330006	St Joseph'S Medical Center	35614	35614	35614	35614	33800	36119	2	lurban	lurban	N	1.2853						1	0.2375	0.2692	132	90	0.12168	0.07893	0.7247	0.12251	0.15807	0.12251	0.000446	2932.62	0.000502	2405.45	0.609	0.055	0		1117	1102.89	1.504	1.4969	354.07	1.3694	1103.79	1.5239	1.517	354.26	1.3726	1.1875	1	0.01791	0.0236	0.308	1	0.99704	0.99	0	0
330008	Wyoming County Community Hospital	33	33	33	33	33900	36121	2	rural	rural	N	0.8903				YES	0.0263	1	0	0	50	19	0	0	0.12975	0	0	0		0		0	0.986	0.114	16	6555.13	372	365.79	1.1598	1.1576			366.34	1.1642	1.1624			0.9235	1	0.0846	0.15114	0.359	1.16379	1.00816	1.00	0	0
330009	Bronx-Lebanon Hospital Center	35614	35614	35614	35614	33020	36005	2	lurban	lurban	N	1.2853						1	0.6771	0.9275	463	348	0.31449	0.29919	1.0209	0.1836	0.22965	0.1836	0.001968	7898.18	0.00237	7118.34	0.528	0.022	0		1932	1910.03	1.5331	1.519	3883.13	1.3043	1911.82	1.524	1.5081	3885.16	1.3032	1.1875	1	0.00151	0.00011	0.108	1	1.00222	0.99	0	0
330011	"Our Lady Of Lourdes Memorial Hospital, Inc"	13780	13780	33	33	33030	36007	2	ourban	rural	S	0.864		YES				1	0.123	0.092	148	112	0.06494	0.0263	0.2298	0.02043	0	0.02043	0.000289	671.42	0.000284	542.7	0.37	0.032	7		3536	3479.77	1.5618	1.558	1050.27	1.6282	3484.38	1.5642	1.5602	1051.65	1.648	0.9047	1	0.02745	0.03094	0.396	1	1.00434	0.99	0	0
330013	Albany Medical Center Hospital	10580	10580	10580	10580	33000	36001	2	ourban	ourban	N	0.864						1	0.4028	0.5482	683	559	0.19834	0.16731	0.3563	0.04652	0.07482	0.04652	0.000741	656.48	0.001128	877.64	0.256	0.036	0		9853	9763.4	1.9798	1.9726	4179.19	2.0661	9771.72	1.9865	1.9796	4181.71	2.0731	0.9047	1	0.09943	0.25161	0.283	1	0.99633	1.00	0	0
330014	Jamaica Hospital Medical Center	35614	35614	35004	35614	33590	36081	2	lurban	lurban	W	1.3348						1	0.4798	0.6076	325	253	0.23222	0.18704	0.6989	0.11719	0.15203	0.11719	0.001111	3741.19	0.001269	3332.36	0.318	0.013	0		2250	2218.81	1.454	1.4474	2412.79	1.4256	2222.21	1.4617	1.4548	2415.83	1.4334	1.2187	1	0.01733	0.00484	0.164	1	0.99517	0.99	0	0
330019	"New York Community Hospital Of Brooklyn, Inc."	35614	35614	35004	35614	33331	36047	2	lurban	lurban	W	1.3348						1	0.0287	0.0224	134	105	0.01556	0.00634	0.6171	0.10031	0.13311	0.10031	0.000228	511.71	0.000402	721.51	0.419	0.02	0		3642	3605.59	1.3715	1.3614	871.25	1.2823	3608.4	1.3858	1.3759	870.9	1.2912	1.2187	1	0.01108	0.00279	0.577	1	0.9983	0.98	0	0
330023	Vassar Brothers Medical Center	20524	20524	35614	20524	33230	36027	2	ourban	ourban	W	1.2747						1	0	0	365	257	0	0	0.2142	0.01722	0.04433	0.01722	0.000439	431.03	0.00048	412.15	0.305	0.018	0		8761	8653.48	1.7592	1.7512			8662.54	1.7635	1.7559			1.1808	1	0.03983	0.01774	0.452	1	0.99933	0.97	0	0
330024	Mount Sinai Hospital	35614	35614	35614	35614	33420	36061	2	lurban	lurban	N	1.2853						1	0.7064	0.8711	1014	834	0.3262	0.27868	0.4534	0.06655	0.09616	0.06655	0.001994	1194.7	0.002526	1210.02	0.285	0.018	0		13351	13148.6	2.4192	2.4008	6484.84	2.1283	13167.6	2.4253	2.407	6490.07	2.14	1.1875	1	0.09901	0.05753	0.265	1	1.00086	1.00	0	0
330027	Nassau University Medical Center	35004	35004	35004	35004	33400	36059	2	lurban	lurban	N	1.3348						1	0.6685	1.1479	377	228	0.31102	0.38256	0.5759	0.09182	0.12369	0.09182	0.001169	3087.77	0.001292	2768.58	0.303	0.017	0		3096	3040.86	1.395	1.3814	1256.1	1.3384	3043.7	1.4153	1.4023	1256.83	1.3569	1.2187	1	0.07904	0.03898	0.195	1	0.99406	1.00	0	0
330028	Richmond University Medical Center	35614	35614	35614	35614	33610	36085	2	lurban	lurban	N	1.2853						1	0.4672	0.6643	272	190	0.22675	0.20619	0.4747	0.07094	0.1009	0.07094	0.000509	1622.08	0.000745	1973.35	0.236	0.014	0		2627	2593.09	1.7891	1.7665	1244.81	1.7879	2595.83	1.8076	1.7855	1246.73	1.8129	1.1875	1	0.01642	0.00771	0.217	1	0.99519	0.99	0	0
330030	Newark-Wayne Community Hospital	40380	40380	40380	40380	33770	36117	2	lurban	lurban	N	0.864						1	0	0	104	50	0	0	0.2775	0.03027	0.0578	0.03027	0.000151	862.31	0.00013	654.32	0.346	0.022	0		1482	1460.26	1.326	1.3214			1462.1	1.3363	1.3319			0.9047	1	0.00176	0.00054	0.336	1	1.01322	0.98	0	0
330033	"Chenango Memorial Hospital, Inc"	33	33	33	33	33080	36017	2	rural	rural	N	0.864						1	0	0	58	14	0	0	0.3158	0.03	0	0.03		0	0.000064	771.21	0.459	0.019	16	6540.02	441	433.96	1.2633	1.2592			434.87	1.2451	1.2427			0.9047	1	0.04497	0.0061	0.425	1.18197	1.01158	0.99	0	0
330043	Southside Hospital	35004	35004	35004	35004	33700	36103	2	lurban	lurban	N	1.3348						1	0.1213	0.1402	242	210	0.06407	0.04036	0.3151	0.03803	0.06589	0.03803	0.000602	956.32	0.000534	733.76	0.219	0.014	0		5707	5656.42	1.8023	1.793	1786.36	1.876	5662.82	1.8047	1.7959	1789.26	1.8682	1.2187	1	0.05341	0.03033	0.334	1	0.99158	0.99	0	0
330044	Faxton-St Luke'S Healthcare	46540	46540	46540	46540	33510	36065	2	ourban	ourban	N	0.8893						1	0.0259	0.0375	247	178	0.01405	0.01064	0.3669	0.04871	0.07713	0.04871	0.000308	594.14	0.000373	550.1	0.327	0.024	0		3924	3894.4	1.4185	1.4142	986.4	1.3846	3896.59	1.4339	1.43	986.97	1.3998	0.9228	1	0.03416	0.0274	0.396	1	0.98872	0.99	0	0
330045	Huntington Hospital	35004	35004	35004	35004	33700	36103	2	lurban	lurban	N	1.3348						1	0.0445	0.0459	271	180	0.02402	0.01304	0.1579	0.00753	0.03249	0.00753	0.000183	221.95	0.000213	218.23	0.259	0.015	0		7012	6907.77	1.5891	1.5815	923.79	1.4879	6916.73	1.5908	1.5832	924.63	1.4931	1.2187	1	0.01862	0.00773	0.502	1	0.99809	0.98	0	0
330046	Mount Sinai West	35614	35614	35004	33	33420	36061	2	ourban	rural	S	1.3348		YES	YES			1	0.643	0.8618	614	447	0.3007	0.27532	0.5571	0.08794	0	0.08794	0.001401	1770	0.002043	2062.27	0.245	0.022	7		6608	6472.99	1.7986	1.7804	4019.11	1.868	6487.67	1.8005	1.7832	4026.41	1.8719	1.2187	1	0.05754	0.077	0.232	1	1.00607	0.99	0	0
330047	St Mary'S Hospital At Amsterdam	33	33	10580	10580	33380	36057	2	rural	ourban	L	0.864	LUGAR					1	0	0	100	72	0	0	0.3648	0.04828	0.07667	0.04828	0.000128	564.1	0.000159	569.93	0.387	0.005	14	6494.25	1816	1781.76	1.3621	1.3504			1783.93	1.3586	1.3471			0.9047	1	0.01058	0	0.385	1	1.00369	1.00	0	0
330049	Northern Dutchess Hospital	20524	20524	35614	20524	33230	36027	2	ourban	ourban	W	1.2747						1	0	0	58	35	0	0	0.1919	0.01306	0	0.01306	0.000059	299.35	0.000049	228.6	0.37	0.027	0		1829	1796.69	1.4681	1.4598			1801.43	1.4649	1.4575			1.1808	1	0.00723	0.00585	0.384	1	1.00176	1.00	0	0
330055	New York-Presbyterian/Queens	35614	35614	35004	33	33590	36081	2	ourban	rural	S	1.3348		YES	YES			1	0.3501	0.4269	454	422	0.17452	0.12803	0.5028	0.07674	0	0.07674	0.000979	1114.64	0.001528	1464.23	0.251	0.016	7		7695	7593.57	1.7546	1.7396	4637.46	1.7068	7600.14	1.7685	1.7532	4640.82	1.7195	1.2187	1	0.02565	0.0163	0.317	1	0.99754	0.99	0	0
330056	Brooklyn Hospital Center At Downtown Campus	35614	35614	35614	35614	33331	36047	2	lurban	lurban	N	1.2853						1	0.8133	0.9566	309	232	0.36796	0.3099	0.6998	0.11737	0.15224	0.11737	0.000504	1781.51	0.000931	2467.1	0.163	0.012	0		2232	2197.37	1.7536	1.7389	2047.62	1.587	2198.31	1.7714	1.7567	2048.07	1.5937	1.1875	1	0.01268	0.00985	0.192	1	0.99843	0.98	0	0
330057	St Peter'S Hospital	10580	10580	10580	10580	33000	36001	2	ourban	ourban	N	0.864						1	0.0412	0.0589	482	362	0.02226	0.01676	0.2594	0.02654	0.05393	0.02654	0.00037	418.54	0.000481	473.9	0.277	0.02	0		7783	7710.52	1.8452	1.8396	4533.83	1.8753	7719	1.8468	1.8412	4542.02	1.8867	0.9047	1	0.03604	0.02953	0.288	1	0.99979	1.00	0	0
330058	Geneva General Hospital	40380	40380	40380	40380	33530	36069	2	lurban	lurban	N	0.864						1	0	0	117	48	0	0	0.1598	0.00784	0.03289	0.00784	0.000075	428.57	0.000089	426.18	0.336	0.039	0		1462	1435.25	1.4529	1.4499			1436.79	1.4537	1.4498			0.9047	1	0.02132	0.03974	0.443	1	1.01192	0.98	0	0
330059	Montefiore Medical Center	35614	35614	35004	33	33020	36005	2	ourban	rural	S	1.3348		YES	YES			1	0.7938	0.7813	1455	1268	0.36046	0.24668	0.6057	0.09796	0	0.09796	0.003307	1890.69	0.005465	2504.5	0.16	0.012	7		14198	14023.2	1.8274	1.8177	14511.2	1.61	14038.1	1.8298	1.8201	14525.7	1.6122	1.2187	1	0.04615	0.04432	0.211	1	1.00334	0.99	0	0
330061	New York-Presbyterian Lawrence Hospital	35614	35614	35614	35614	33800	36119	2	lurban	lurban	N	1.2853						1	0	0	288	136	0	0	0.2045	0.01522	0.04228	0.01522	0.000167	446.56	0.000192	419.12	0.322	0.019	0		3051	3009.1	1.454	1.445			3012.51	1.4608	1.4518			1.1875	1	0.04333	0.02183	0.402	1	0.99634	0.98	0	0
330065	Niagara Falls Memorial Medical Center	15380	15380	15380	15380	33500	36063	2	lurban	lurban	N	1.028						1	0.0716	0.132	133	68	0.03834	0.03795	0.5809	0.09285	0.12483	0.09285	0.000174	1326.33	0.000261	1592.53	0.352	0.02	0		1054	1043.63	1.385	1.38	700.14	1.236	1045.18	1.3871	1.3839	700.82	1.2309	1.0191	1	0.00808	0.00438	0.317	1	0.99666	1.00	0	0
330073	United Memorial Medical Center	33	33	40380	40380	33290	36037	2	rural	lurban	L	0.864	LUGAR					1	0.0721	0.1619	131	52	0.03861	0.04675	0.4588	0.06767	0.09736	0.06767	0.000134	1220.49	0.000173	1294.92	0.451	0.034	0		933	900.4	1.3816	1.3712	600.71	1.403	904.01	1.3708	1.3607	602.24	1.3935	0.9047	1	0.00531	0.0047	0.223	1	1.01529	0.99	0	0
330074	F F Thompson Hospital	40380	40380	40380	40380	33530	36069	2	lurban	lurban	N	0.864						1	0	0	113	60	0	0	0.115	0	0.02356	0		0		0	0.529	0.046	0		1256	1231.45	1.4509	1.4395			1233.43	1.4394	1.4275			0.9047	1	0.04958	0.05487	0.3	1	1.00109	0.99	0	0
330078	Sisters Of Charity Hospital	15380	15380	15380	15380	33240	36029	2	lurban	lurban	N	1.028						1	0.1223	0.1977	371	209	0.06458	0.05738	0.3244	0.03995	0.0679	0.03995	0.000333	1068.66	0.0005	1239.28	0.373	0.02	0		2640	2616.95	1.6408	1.6359	3020.97	1.5657	2619.09	1.6563	1.6515	3023.18	1.5653	1.0191	1	0.06722	0.02978	0.187	1	0.99389	0.99	0	0
330079	Adirondack Medical Center	33	33	15540	33	33270	36033	2	rural	rural	W	1.0175						1	0	0	83	22	0	0	0.2789	0.03056	0	0.03		0		0	0.469	0.025	17	6589.37	793	782.52	1.5868	1.5822			783.34	1.5796	1.5755			1.012	1	0.02991	0.01179	0.423	1.13455	1.00821	1.00	0	0
330080	Lincoln Medical & Mental Health Center	35614	35614	35614	35614	33020	36005	2	lurban	lurban	N	1.2853						1	0.8726	1.0629	287	234	0.3905	0.34979	1.0074	0.18081	0.2263	0.18081	0.00172	9168.48	0.001746	6879.96	0.376	0.017	0		1416	1386.31	1.509	1.5062	2330.94	1.352	1387.91	1.5202	1.5178	2332.73	1.3631	1.1875	1	0.01861	0.00752	0.089	1	0.99788	0.99	0	0
330084	Alice Hyde Medical Center	33	33	33	33	33270	36033	2	rural	rural	N	0.864						1	0	0	76	18	0	0	0.2886	0.03	0	0.03		0		0	0.698	0.035	16	6549.26	590	567.88	1.3395	1.3287			569.94	1.3365	1.3263			0.9047	1	0.02677	0.00883	0.457	1.13402	1.01457	1.00	0	0
330085	Aurelia Osborn Fox Memorial Hospital	33	33	10580	33	33570	36077	2	rural	rural	W	0.864						1	0	0	60	32	0	0	0.2047	0.01526	0	0.01526		0		0	0.594	0.041	17	5993.11	1123	1101.87	1.1629	1.1589			1102.97	1.1648	1.1606			0.9047	1	0.00125	0.0007	0.542	1.10364	1.00816	0.99	0	0
330086	Montefiore Mount Vernon Hospital	35614	35614	35614	35614	33800	36119	2	lurban	lurban	N	1.2853						1	0.4204	0.6242	63	45	0.20618	0.19262	0.4877	0.03	0	0.03	0.000121	1327.44	0.000135	1148.6	0.228	0.009	0		738	727.06	1.3887	1.3831	400.57	1.3367	727.53	1.4043	1.3989	400.86	1.3455	1.1875	1	0.01085	0.00279	0.309	1	0.99059	1.00	0	0
330088	Eastern Long Island Hospital	35004	35004	35004	35004	33700	36103	2	lurban	lurban	N	1.3348						1	0	0	67	36	0	0	0.5559	0.03	0	0.03	0.000077	1100.97	0.000127	1342.93	0.247	0.018	0		541	534.99	1.1951	1.1889			535.34	1.2064	1.2003			1.2187	1	0.00184	0.00164	0.247	1.13424	0.99502	1.00	0	1
330090	Arnot Ogden Medical Center	21300	21300	21300	21300	33070	36015	2	ourban	ourban	N	0.8702						1	0.286	0.2286	239	136	0.14478	0.06664	0.312	0.03739	0.06522	0.03739	0.000228	539.3	0.000249	446.93	0.316	0.015	0		3440	3393.19	1.5944	1.5891	1195.56	1.6156	3398.06	1.5909	1.5867	1196.8	1.6178	0.9092	1	0.01958	0.0041	0.306	1	0.99446	0.97	0	0
330094	Columbia Memorial Hospital	33	33	38340	33	33200	36021	2	rural	rural	W	1.056						1	0	0	93	70	0	0	0.2476	0.02411	0	0.02411	0.00011	419.9	0.000143	422.41	0.352	0.027	7		1930	1899.39	1.402	1.396			1901.43	1.4129	1.4069			1.038	1	0.00701	0.00611	0.475	1	0.99709	1.00	0	0
330096	Jones Memorial Hospital	33	33	33	33	33010	36003	2	rural	rural	N	0.864						1	0	0	70	17	0	0	0.3036	0.03	0	0.03	0.000044	610.55	0.000038	458.27	0.474	0.033	16	5078.86	645	627.68	1.2572	1.2464			628.12	1.2691	1.258			0.9047	1	0.00947	0.00754	0.391	1.16106	1.00513	1.00	0	0
330100	N Y Eye And Ear Infirmary	35614	35614	35614	35614	33420	36061	2	lurban	lurban	N	1.2853						1	1.1207	1.5	27	2	0.48045	0.52699	0.5419	0.03	0	0.03	0.000103	33984.31	0.000077	18586.8	0.577	0.06	0		21	20.48	1.6831	1.6495	14	1.2656	20.47	1.7262	1.6925	14	1.3171	1.1875	1	0	0	0.091	1	1	1.00	0	0
330101	New York-Presbyterian Hospital	35614	35614	35004	33	33420	36061	2	ourban	rural	S	1.3348		YES	YES			1	0.5907	0.7253	1942	1725	0.27921	0.22713	0.4729	0.07057	0	0.07057	0.003755	1245.68	0.005262	1387.27	0.237	0.021	7		24888	24497.7	2.2209	2.2139	8604.89	1.9297	24525.6	2.2329	2.2254	8616.14	1.9403	1.2187	1	0.24569	0.29996	0.262	1	1.0048	1.00	0	0
330102	Kenmore Mercy Hospital	15380	15380	15380	15380	33240	36029	2	lurban	lurban	N	1.028						1	0	0	164	88	0	0	0.1696	0.00944	0.03494	0.00944	0.000097	471.03	0.000099	390.44	0.355	0.028	0		1680	1656.81	1.7298	1.7308			1658.32	1.7242	1.725			1.0191	1	0.02654	0.02425	0.27	1	0.9955	1.00	0	0
330103	Olean General Hospital	33	33	33	33	33040	36009	2	rural	rural	N	0.8897				YES	0.0257	1	0.0075	0.017	150	60	0.00409	0.00481	0.2499	0.02458	0	0.02458	0.000092	449.75	0.000119	484.49	0.507	0.043	7		1733	1711.28	1.4494	1.4443	729.19	1.5805	1712.7	1.4642	1.4591	729.36	1.5887	0.9231	1	0.02384	0.02687	0.381	1	0.99765	1.00	0	0
330104	Nyack Hospital	35614	35614	35614	35614	33620	36087	2	lurban	lurban	N	1.2853						1	0	0	235	175	0	0	0.3853	0.05251	0.08115	0.05251	0.000276	576.35	0.000406	651.15	0.178	0.008	0		3747	3693.56	1.5873	1.5777			3698.25	1.5937	1.5833			1.1875	1	0.02755	0.00695	0.424	1	0.99725	0.99	0	0
330106	North Shore University Hospital	35004	35004	35004	35004	33400	36059	2	lurban	lurban	N	1.3348						1	0.4267	0.4665	756	731	0.20897	0.1407	0.2296	0.02039	0.04759	0.02039	0.00118	651.49	0.0012	550.85	0.182	0.01	0		15297	15170.4	1.9465	1.9376	5227.9	2.0597	15181.8	1.9514	1.9428	5232.31	2.0531	1.2187	1	0.07307	0.03523	0.344	1	1.00435	0.99	0	0
330107	Peconic Bay Medical Center	35004	35004	35004	35004	33700	36103	2	lurban	lurban	N	1.3348						1	0.2319	0.3232	117	87	0.11898	0.0955	0.2072	0.01577	0.04285	0.01577	0.000244	536.83	0.000222	442.4	0.233	0.011	0		4022	3958.87	1.358	1.3512	440.8	1.2649	3965.53	1.3549	1.3481	441.36	1.2718	1.2187	1	0.01502	0.00445	0.471	1	0.99826	0.99	0	0
330108	"St Joseph'S Hospital, Inc"	21300	21300	33	33	33070	36015	2	ourban	rural	S	0.864		YES				1	0	0	34	21	0	0	0.6548	0.03	0	0.03	0.00006	1620.76	0.000109	2255.92	0.31	0.017	0		248	240.09	0.9339	0.9239			240.35	0.9396	0.93			0.9047	1	0	0	0.214	1	1	0.99	0	0
330111	Bertrand Chaffee Hospital	15380	15380	15380	15380	33240	36029	2	lurban	lurban	N	1.028						1	0	0	21	9	0	0	0.0731	0	0	0		0		0	0.694	0.029	0		304	294.52	1.0562	1.023			295.01	1.052	1.0185			1.0191	1	0	0	0.348	1.21265	0.9904	0.98	0	0
330115	Oneida Healthcare	45060	45060	45060	45060	33360	36053	2	ourban	ourban	N	0.9977						1	0	0	101	27	0	0	0.2817	0.03114	0.0587	0.03114	0.000067	658.97	0.000076	601.06	0.519	0.046	0		745	736.87	1.3094	1.3058			737.65	1.3061	1.3028			0.9984	1	0.00225	0.00302	0.335	1.07455	1.00795	1.00	0	0
330119	Lenox Hill Hospital	35614	35614	35004	33	33420	36061	2	ourban	rural	S	1.3348		YES	YES			1	0.5198	0.6379	427	306	0.2494	0.19724	0.2653	0.02776	0	0.02776	0.000683	935.79	0.000622	639.33	0.222	0.013	7		5830	5746.47	2.0146	2.0006	2873.5	2.0226	5755.94	2.0225	2.009	2876.3	2.0266	1.2187	1	0.09429	0.04622	0.273	1	1.00474	1.00	0	0
330125	Rochester General Hospital	40380	40380	40380	40380	33370	36055	2	lurban	lurban	N	0.864						1	0.2379	0.2746	470	401	0.12188	0.08057	0.2546	0.02555	0.05291	0.02555	0.000882	1237.78	0.000884	1048.98	0.345	0.028	0		6160	6028.77	1.9327	1.9238	7278.54	1.9686	6041.56	1.9331	1.9259	7298.12	1.9722	0.9047	1	0.08609	0.08946	0.235	1	1.00496	0.99	0	0
330126	Orange Regional Medical Center	35614	35614	35614	35614	33540	36071	2	lurban	lurban	N	1.2853						1	0.1682	0.063	329	244	0.08773	0.01794	0.245	0.02357	0.05086	0.02357	0.000474	503.39	0.000456	405.67	0.244	0.031	0		7974	7900.32	1.5601	1.553	1116.04	1.552	7907.31	1.5574	1.55	1116.88	1.5346	1.1875	1	0.02677	0.05732	0.468	1	0.99823	0.98	0	0
330127	Jacobi Medical Center	35614	35614	35614	35614	33020	36005	2	lurban	lurban	N	1.2853						1	0.8948	1.1419	326	253	0.39883	0.38022	0.8044	0.13895	0.17691	0.13895	0.001764	7268.24	0.001791	5922.04	0.359	0.028	0		2062	2035.98	1.5588	1.5526	1591.61	1.3259	2037.03	1.5743	1.5685	1592.36	1.3407	1.1875	1	0.05064	0.06042	0.151	1	0.99636	1.00	0	0
330128	Elmhurst Hospital Center	35614	35614	35004	35614	33590	36081	2	lurban	lurban	W	1.3348						1	0.6282	0.81	358	281	0.29466	0.25682	0.8185	0.14185	0.18027	0.14185	0.001788	7971.39	0.001869	6628.04	0.346	0.022	0		1803	1787.7	1.4539	1.4508	1468.36	1.4445	1788.98	1.4664	1.4638	1468.74	1.4446	1.2187	1	0.05898	0.04865	0.137	1	0.99263	0.99	0	0
330132	Tlc Network	33	33	33	33	33040	36009	2	rural	rural	N	0.8897				YES	0.0257	1	0	0	25	5	0	0	0.189	0.01259	0	0.01259	0.000028	1163.39		0	0.602	0.121	0		183	176.05	1.2487	1.2423			176.67	1.2463	1.2404			0.9231	1	0	0.00838	0.357	1	1.00118	0.98	0	0
330135	Bon Secours Community Hospital	35614	35614	35614	35614	33540	36071	2	lurban	lurban	N	1.2853						1	0	0	98	41	0	0	0.4951	0.03	0	0.03	0.000141	996.29	0.000172	923.12	0.172	0.014	0		1112	1086.76	1.3979	1.3806			1089.28	1.4008	1.3841			1.1875	1	0.01048	0.01035	0.394	1	1.01202	1.00	0	0
330136	Mary Imogene Bassett Hospital	33	33	45060	33	33570	36077	2	rural	rural	W	0.9526						1	0.3513	0.4585	160	115	0.17506	0.13813	0.2356	0.02163	0	0.02163		0		0	0.369	0.021	17	9230.83	3630	3568.29	1.7835	1.773	716.51	1.9993	3572.86	1.7912	1.7814	718.2	2.0089	0.9673	1	0.03117	0.01061	0.485	1	1.00158	1.00	0	0
330140	St Joseph'S Hospital Health Center	45060	45060	45060	45060	33520	36067	2	ourban	ourban	N	0.9977						1	0.1243	0.1419	451	363	0.0656	0.04086	0.2314	0.02076	0.04797	0.02076	0.000493	474.64	0.000579	435.88	0.334	0.034	0		8148	8051.81	1.9529	1.948	3866.09	1.9965	8062.63	1.9573	1.9516	3870.05	2.0021	0.9984	1	0.0437	0.06378	0.409	1	1.00541	0.99	0	0
330141	Brookhaven Memorial Hospital Medical Center	35004	35004	35004	35004	33700	36103	2	lurban	lurban	N	1.3348						1	0.0902	0.0933	225	203	0.04805	0.02668	0.2527	0.02516	0.0525	0.02516	0.000431	647.75	0.000413	491.21	0.182	0.009	0		5526	5456.91	1.6163	1.6107	923.75	1.6431	5463.24	1.6249	1.6189	924.68	1.635	1.2187	1	0.03177	0.01043	0.517	1	0.99589	0.99	0	0
330144	"Ira Davenport Memorial Hospital, Inc"	33	33	33	33	33690	36101	2	rural	rural	N	0.864						1	0	0	15	6	0	0	0.2743	0.02961	0	0.02961	0.000013	519.3	0.000013	350.5	0.57	0.036	14	6068.68	147	140.99	1.0135	1.0036			141.28	1.0016	0.9915			0.9047	1	0	0	0.491	1.24212	1	1.00	0	0
330151	St James Mercy Hospital	33	33	33	33	33690	36101	2	rural	rural	N	0.864						1	0	0	103	15	0	0	0.1706	0.0096	0	0.0096	0.00008	1774.66	0.000105	1743.69	0.541	0.046	16	6514.41	369	359.85	1.1292	1.123			360.53	1.1302	1.125			0.9047	1	0.00231	0.00337	0.246	1.21689	1.00118	1.00	0	0
330153	Ellis Hospital	10580	10580	10580	10580	33650	36093	2	ourban	ourban	N	0.864						1	0.097	0.141	339	234	0.05158	0.04059	0.3117	0.03733	0.06515	0.03733	0.000431	765.46	0.000517	742.58	0.25	0.018	0		4543	4483.17	1.6937	1.6856	2871.52	1.8109	4487.51	1.7004	1.6915	2874.53	1.8101	0.9047	1	0.03599	0.0269	0.299	1	1.00053	1.00	0	0
330157	Samaritan Medical Center	48060	48060	45060	33	33330	36045	2	ourban	rural	S	0.9526		YES	YES			1	0.0441	0.0714	157	109	0.0238	0.02035	0.3353	0.03	0	0.04219		0		0	0.594	0.053	16	9644.4	2241	2217.6	1.451	1.4495	619.12	1.476	2220.47	1.4522	1.4502	619.24	1.4649	0.9673	1	0.20422	0.22792	0.375	1	1.00111	1.00	0	0
330158	Good Samaritan Hospital Of Suffern	35614	35614	35614	35614	33620	36087	2	lurban	lurban	N	1.2853						1	0	0	286	161	0	0	0.366	0.04853	0.07693	0.04853	0.000388	646.77	0.000435	590.59	0.15	0.015	0		4861	4769.54	1.7302	1.7024			4775.83	1.7431	1.7158			1.1875	1	0.01832	0.02751	0.4	1	1.00136	0.99	0	0
330160	Staten Island University Hospital	35614	35614	35614	35614	33610	36085	2	lurban	lurban	N	1.2853						1	0.4433	0.4774	531	492	0.21629	0.14422	0.3773	0.05086	0.0794	0.05086	0.001013	1017.73	0.001351	1119.67	0.202	0.007	0		8380	8315.85	1.6493	1.6436	4791.62	1.5617	8322.35	1.6635	1.6581	4793.21	1.5636	1.1875	1	0.0184	0.00223	0.279	1	0.99067	0.99	0	0
330162	Northern Westchester Hospital	35614	35614	35614	35614	33800	36119	2	lurban	lurban	N	1.2853						1	0	0	168	98	0	0	0.1311	0	0.0269	0		0		0	0.424	0.026	0		3036	2974.08	1.5296	1.5213			2980.43	1.5384	1.5306			1.1875	1	0.06904	0.03807	0.394	1	1.00913	0.99	0	0
330163	Eastern Niagara Hospital	15380	15380	15380	15380	33500	36063	2	lurban	lurban	N	1.028						1	0.0616	0	125	80	0.03308	0	0.4118	0.05797	0.08697	0.05797	0.000151	1102.88	0.000239	1273.65	0.348	0.02	0		1064	1058.23	1.2716	1.2699	649.11	1.228	1058.52	1.286	1.2844	649.41	1.2392	1.0191	1	0.00749	0.00272	0.256	1	0.99006	0.99	0	0
330164	Highland Hospital	40380	40380	15380	33	33370	36055	2	ourban	rural	S	0.983		YES	YES			1	0.2467	0.2871	246	192	0.12611	0.08439	0.2683	0.02837	0	0.02837	0.000457	1237.4	0.000469	1045.16	0.412	0.029	7		3080	3017.87	1.6086	1.6045	3492.82	1.6279	3026.5	1.5952	1.592	3512.52	1.5999	0.9883	1	0.04235	0.03533	0.26	1	1.00383	1.00	0	0
330166	"Westfield Memorial Hospital, Inc"	33	33	33	33	33060	36013	2	rural	rural	N	0.864						1	0	0	4	0	0	0	0.1072	0	0	0		0		0	0.441	0.02	0		8	8	0.9833	0.9833			8	0.9743	0.9743			0.9047	1	0	0	1	1.25	1	1.00	0	0
330167	Nyu Winthrop Hospital	35004	35004	35004	35004	33400	36059	2	lurban	lurban	N	1.3348						1	0.4763	0.5177	511	442	0.2307	0.15731	0.232	0.02089	0.0481	0.02089	0.000652	595.21	0.000679	528.69	0.151	0.006	0		9678	9534.08	1.932	1.9214	2257.46	1.7942	9548.4	1.929	1.919	2260.93	1.7978	1.2187	1	0.06008	0.01187	0.34	1	0.99587	0.99	0	0
330169	Mount Sinai Beth Israel	35614	35614	35004	33	33420	36061	2	ourban	rural	S	1.3348		YES	YES			1	0.4929	0.6593	815	565	0.23787	0.20449	0.5551	0.08753	0	0.08753	0.001547	1310.19	0.002478	1542.04	0.22	0.02	7		8548	8440.09	1.6614	1.6551	3636.83	1.648	8450.24	1.668	1.6619	3639.46	1.663	1.2187	1	0.04173	0.05809	0.322	1	1.00271	0.99	0	0
330175	"Cortland Regional Medical Center, Inc"	33	33	27060	33	33210	36023	2	rural	rural	S	0.8804	LUGAR	YES	YES			1	0	0	103	34	0	0	0.301	0.03	0	0.03512		0		0	0.541	0.046	16	6511.58	1256	1218.83	1.4133	1.4043			1222.51	1.4128	1.4046			0.9165	1	0.01548	0.01663	0.516	1	1.01698	0.99	0	0
330180	Samaritan Hospital	10580	10580	47	33	33600	36083	2	ourban	rural	S	0.9086		YES	YES			1	0	0	149	69	0	0	0.2169	0.01777	0	0.01777	0.000117	491.45	0.000129	488.76	0.348	0.015	7		2284	2249.15	1.541	1.5361			2252.04	1.5468	1.5422			0.9365	1	0.0125	0.00262	0.371	1	1.002	1.00	0	0
330181	Glen Cove Hospital	35004	35004	35004	35004	33400	36059	2	lurban	lurban	N	1.3348						1	0.2257	0.3098	68	43	0.11598	0.09136	0.1072	0	0	0		0		0	0.294	0.02	0		1744	1710.85	1.4187	1.4106	404.29	1.4579	1714.16	1.4209	1.4139	405.31	1.4777	1.2187	1	0.01484	0.00953	0.574	1	0.99257	0.99	0	0
330182	"St Francis Hospital, Roslyn"	35004	35004	35004	35004	33400	36059	2	lurban	lurban	N	1.3348						1	0.0054	0.0071	364	277	0.00295	0.00201	0.0778	0	0.01588	0		0		0	0.165	0.01	0		9341	9229.62	2.3187	2.3114	1514.6	2.1897	9243.22	2.3193	2.3121	1517.08	2.1953	1.2187	1	0.05106	0.02553	0.599	1	1.00479	1.00	0	0
330184	Montefiore New Rochelle Hospital	35614	35614	35004	33	33800	36119	2	ourban	rural	S	1.3348		YES	YES			1	0.3138	0.6246	151	91	0.15778	0.19275	0.3549	0.04624	0	0.04624	0.000258	868.25	0.000333	880.09	0.249	0.013	7		2401	2371.21	1.5064	1.4921	763.42	1.3735	2373.63	1.5103	1.4958	763.47	1.3807	1.2187	1	0.04788	0.01616	0.399	1	0.99589	0.99	0	0
330185	John T Mather Memorial Hospital  Of Port Jefferson	35004	35004	35004	35004	33700	36103	2	lurban	lurban	N	1.3348						1	0.324	0.2819	195	159	0.16251	0.0828	0.1176	0	0.0241	0		0		0	0.234	0.015	0		5974	5902.81	1.3509	1.3464	805.09	1.3669	5912.14	1.3511	1.3475	805.75	1.3677	1.2187	1	0.05773	0.03441	0.579	1	1.00662	0.98	0	0
330188	Mount St Mary'S Hospital And  Health Center	15380	15380	15380	15380	33500	36063	2	lurban	lurban	N	1.028						1	0	0	133	71	0	0	0.3724	0.04985	0.07833	0.04985	0.00012	803.58	0.000177	959.85	0.597	0.04	0		1203	1179.82	1.4739	1.4654			1181.6	1.4683	1.46			1.0191	1	0.00981	0.00659	0.22	1	1.00215	1.00	0	0
330191	Glens Falls Hospital	24020	24020	47	33	33750	36113	2	ourban	rural	S	0.9086		YES	YES			1	0	0	363	159	0	0	0.2147	0.01732	0	0.01732	0.000334	766.03	0.000325	589.11	0.283	0.02	7		3396	3357.59	1.5117	1.5065			3359.38	1.5201	1.5144			0.9365	1	0.08219	0.071	0.403	1	0.99592	1.00	0	0
330193	Flushing Hospital Medical Center	35614	35614	35004	35614	33590	36081	2	lurban	lurban	W	1.3348						1	0.4228	0.5312	275	211	0.20725	0.16172	0.6329	0.10357	0.13674	0.10357	0.000713	2272.24	0.000926	2376.32	0.345	0.02	0		2593	2569.62	1.553	1.5443	1063.34	1.2728	2571.36	1.5703	1.562	1063.96	1.2801	1.2187	1	0.02974	0.014	0.258	1	0.99727	0.98	0	0
330194	Maimonides Medical Center	35614	35614	35004	35614	33331	36047	2	lurban	lurban	W	1.3348						1	0.6952	0.8093	525	455	0.32174	0.25657	0.6767	0.11261	0.14686	0.11261	0.001543	1407.14	0.002184	1661.96	0.212	0.02	0		9512	9339.48	1.96	1.9479	2916.29	1.9434	9351.28	1.9781	1.9658	2919.49	1.9635	1.2187	1	0.04633	0.07093	0.305	1	1.00377	0.99	0	0
330195	Long Island Jewish Medical Center	35614	35614	35004	35614	33590	36081	2	lurban	lurban	W	1.3348						1	0.4806	0.5676	716	597	0.23256	0.17372	0.4123	0.05807	0.08708	0.05807	0.00209	1547.03	0.002572	1892.32	0.207	0.018	0		13760	13624.4	1.5743	1.568	8139.22	1.4576	13635.8	1.5803	1.5737	8146.87	1.4593	1.2187	1	0.06937	0.08081	0.194	1	0.99743	0.98	0	0
330196	Coney Island Hospital	35614	35614	35614	35614	33331	36047	2	lurban	lurban	N	1.2853						1	0.411	0.427	291	254	0.202	0.12806	0.8873	0.15604	0.19683	0.15604	0.001491	3418.58	0.001372	2512.61	0.394	0.027	0		3537	3497.98	1.4882	1.4819	1053.9	1.3252	3500.15	1.4996	1.4935	1054.47	1.3331	1.1875	1	0.12634	0.1023	0.311	1	0.99661	0.99	0	0
330197	Canton-Potsdam Hospital	33	33	48060	33	33630	36089	2	rural	rural	W	0.9627						1	0	0	94	63	0	0	0.4491	0.03	0	0.03		0		0	0.471	0.032	16	6886.98	1654	1621.93	1.3257	1.3203			1623.99	1.3312	1.3258			0.9743	1	0.01147	0.00673	0.322	1	1.0124	0.99	0	0
330198	South Nassau Communities Hospital	35004	35004	35004	35004	33400	36059	2	lurban	lurban	N	1.3348						1	0.1704	0.2246	331	270	0.08883	0.06543	0.2114	0.01664	0.04374	0.01664	0.000333	377.25	0.000389	361.37	0.2	0.015	0		7253	7173.58	1.6056	1.5998	1908.97	1.5205	7183.4	1.6185	1.6126	1911.23	1.5441	1.2187	1	0.02905	0.02275	0.462	1	0.99499	0.99	0	0
330199	Metropolitan Hospital Center	35614	35614	35614	35614	33420	36061	2	lurban	lurban	N	1.2853						1	0.8945	1.5	181	109	0.39872	0.52699	0.9681	0.17271	0.21658	0.17271	0.000841	9649.74	0.000887	8157.31	0.367	0.016	0		641	625.81	1.3596	1.3558	807.35	1.2931	626.51	1.3766	1.3721	808.23	1.295	1.1875	1	0.0444	0.00625	0.091	1	1.00538	1.00	0	0
330201	Kingsbrook Jewish Medical Center	35614	35614	35614	35614	33331	36047	2	lurban	lurban	N	1.2853						1	0.4075	0.5888	161	110	0.20044	0.18076	0.4715	0.07028	0.10019	0.07028	0.000317	1317.69	0.00041	1335.96	0.265	0.007	0		2002	1966.9	1.7615	1.7376	1523.61	1.3661	1968.87	1.7776	1.7536	1525.07	1.3781	1.1875	1	0.07118	0.00286	0.369	1	0.9996	0.99	0	0
330202	Kings County Hospital Center	35614	35614	35004	35614	33331	36047	2	lurban	lurban	W	1.3348						1	0.9063	1.1348	406	315	0.40312	0.37746	0.7919	0.13637	0.17393	0.13637	0.002277	10459.61	0.00235	8606.33	0.298	0.032	0		1796	1778.52	1.526	1.5265	1514.69	1.329	1779.53	1.5416	1.5423	1515.35	1.3349	1.2187	1	0.08444	0.13938	0.118	1	1	1.00	0	0
330203	Crouse Hospital	45060	45060	45060	45060	33520	36067	2	ourban	ourban	N	0.9977						1	0.0857	0.133	499	311	0.04571	0.03825	0.4421	0.06422	0.09365	0.06422	0.000524	856.63	0.000904	1150.29	0.466	0.032	0		4729	4651.17	1.659	1.6556	2004.2	1.6108	4658.5	1.6681	1.6658	2007.7	1.6109	0.9984	1	0.05761	0.04009	0.242	1	0.99617	0.98	0	0
330204	Bellevue Hospital Center	35614	35614	35614	35614	33420	36061	2	lurban	lurban	N	1.2853						1	0.8588	1.1293	456	336	0.38529	0.37532	0.8967	0.15798	0.19911	0.15798	0.002158	9641.78	0.002026	6841.88	0.363	0.022	0		1758	1741.23	1.5692	1.5606	1227.99	1.6609	1742.63	1.5789	1.5704	1228.86	1.6686	1.1875	1	0.05341	0.03959	0.099	1	0.98958	1.00	0	0
330205	St Anthony Community Hospital	35614	35614	35614	35614	33540	36071	2	lurban	lurban	N	1.2853						1	0	0	60	25	0	0	0.12064	0	0	0		0		0	0.169	0.015	0		977	955	1.4562	1.4537			956.44	1.4507	1.4478			1.1875	1	0.01653	0.01879	0.523	1	1.00301	0.97	0	0
330208	St John'S Riverside Hospital	35614	35614	35004	33	33800	36119	2	ourban	rural	S	1.3348		YES	YES			1	0.0595	0	378	253	0.03197	0	0.6524	0.1076	0	0.1076	0.000582	1196.56	0.000985	1570.17	0.27	0.013	7		3843	3804.44	1.484	1.4781	1225.14	1.2742	3807.48	1.4927	1.4871	1226.23	1.2768	1.2187	1	0.0092	0.00251	0.275	1	1.00444	0.98	0	0
330211	Claxton-Hepburn Medical Center	33	33	33	33	33630	36089	2	rural	rural	N	0.864						1	0	0	87	24	0	0	0.2639	0.02747	0	0.02747		0		0	0.591	0.046	16	6424.35	917	895.82	1.275	1.2687			896.63	1.2893	1.2798			0.9047	1	0.02808	0.02648	0.457	1.13371	1.00061	1.00	0	0
330214	Nyu Langone Hospitals	35614	35614	35614	35614	33420	36061	2	lurban	lurban	N	1.2853						1	1.0136	1.3459	877	599	0.44243	0.46201	0.4201	0.05968	0.08879	0.05968	0.00202	1343.78	0.001969	1302.28	0.204	0.017	0		15064	14694.9	2.0845	2.078	4708.47	1.9959	14736.1	2.0859	2.0798	4715.32	2.0021	1.1875	1	0.13292	0.13121	0.274	1	1.00191	1.00	0	0
330215	"Rome Memorial Hospital, Inc"	46540	46540	45060	46540	33510	36065	2	ourban	ourban	W	0.9526						1	0	0	92	35	0	0	0.3948	0.03	0	0.03	0.000085	596.34	0.000115	615.58	0.32	0.017	0		1084	1068.46	1.3822	1.3753			1069.51	1.3957	1.3893			0.9673	1	0.01392	0.00538	0.456	1	1.00135	0.98	0	0
330218	Oswego Hospital	45060	45060	45060	45060	33560	36075	2	ourban	ourban	N	0.9977						1	0	0	132	46	0	0	0.2933	0.03353	0.06119	0.03353		0		0	0.497	0.034	16	6800.67	1170	1140.11	1.479	1.4696			1141.83	1.4864	1.4754			0.9984	1	0.04095	0.02571	0.462	1	1.00841	0.98	0	0
330219	Erie County Medical Center	15380	15380	15380	15380	33240	36029	2	lurban	lurban	N	1.028						1	0.5009	0.6482	312	246	0.24132	0.20072	0.5044	0.07707	0.10754	0.07707	0.000665	1883.3	0.000878	2100.04	0.491	0.025	0		2980	2946.93	1.7683	1.7624	1697.19	1.9291	2951.21	1.7748	1.7692	1698.04	1.939	1.0191	1	0.03165	0.01172	0.234	1	1.00008	1.00	0	0
330221	Wyckoff Heights Medical Center	35614	35614	35614	35614	33331	36047	2	lurban	lurban	N	1.2853						1	0.5941	0.8798	261	149	0.28062	0.28182	0.7583	0.12944	0.16597	0.12944	0.0005	2059.65	0.000834	2562.94	0.368	0.021	0		1933	1898.17	1.4739	1.4664	2453.03	1.301	1900.16	1.4863	1.4789	2455.07	1.3054	1.1875	1	0.03355	0.01154	0.201	1	0.99655	0.99	0	0
330222	Saratoga Hospital	10580	10580	47	33	33640	36091	2	ourban	rural	S	0.9086		YES	YES			1	0	0	171	130	0	0	0.1925	0.01316	0	0.01316	0.000195	549.19	0.000205	501.91	0.286	0.017	7		3139	3105.28	1.5299	1.5274			3108.3	1.5314	1.5288			0.9365	1	0.05098	0.02709	0.364	1	1.00447	1.00	0	0
330223	Massena Memorial Hospital	33	33	48060	33	33630	36089	2	rural	rural	W	0.9627						1	0	0	50	23	0	0	0.2822	0.03	0	0.03		0		0	0.696	0.035	16	6825.34	867	845.66	1.2683	1.2574			847.76	1.2413	1.2309			0.9743	1	0.03174	0.01291	0.466	1.11212	1.01377	0.99	0	0
330224	Healthalliance Hospital Marys Avenue Campus	28740	28740	20524	28740	33740	36111	2	ourban	ourban	W	1.209						1	0.0138	0.0642	50	25	0.00751	0.01828	0.6406	0.03	0	0.03	0.000067	1364.43	0.000092	1239.24	0.362	0.028	7		389	385.72	1.7527	1.7463	80	1.7662	385.98	1.7407	1.734	80	1.7418	1.1388	1	0.1681	0.16311	0.187	1	1	1.00	0	0
330226	Unity Hospital Of Rochester	40380	40380	40380	40380	33370	36055	2	lurban	lurban	N	0.864						1	0.1511	0.1911	283	218	0.07917	0.05541	0.2835	0.03151	0.05909	0.03151	0.000421	1250.65	0.000497	1256.82	0.438	0.055	0		2794	2735.06	1.7065	1.6956	3694.89	1.6649	2745.04	1.7041	1.6952	3727.47	1.6537	0.9047	1	0.0313	0.0715	0.202	1	1.00509	1.00	0	0
330229	Brooks Memorial Hospital	33	33	33	33	33060	36013	2	rural	rural	N	0.864						1	0	0	65	21	0	0	0.3148	0.03	0	0.03	0.000079	1094.08	0.000074	803.06	0.487	0.021	0		580	566.7	1.4076	1.4018			567.66	1.4005	1.3944			0.9047	1	0.01995	0.00369	0.295	1	1.00133	0.99	0	0
330231	Queens Hospital Center	35614	35614	35004	35614	33590	36081	2	lurban	lurban	W	1.3348						1	0.4941	0.6161	190	148	0.23839	0.18989	0.8178	0.14171	0.18011	0.14171	0.001109	8197.16	0.001133	6823.65	0.347	0.027	0		1184	1165.23	1.3525	1.3529	1239.7	1.1716	1166.07	1.3686	1.3688	1241.37	1.1802	1.2187	1	0.03318	0.04093	0.126	1	1.00012	0.98	0	0
330232	St Mary'S Hospital ( Troy )	10580	10580	10580	10580	33600	36083	2	ourban	ourban	N	0.864						1	0	0	160	51	0	0	0.6505	0.1072	0.1408	0.1072	0.000134	1509.26	0.000185	1091.89	0.298	0.029	0		73	73	1.1316	1.1316			73	1.207	1.207			0.9047	1	0.00936	0.0172	0.287	1	0.98507	1.00	0	0
330233	Brookdale Hospital Medical Center	35614	35614	35614	35614	33331	36047	2	lurban	lurban	N	1.2853						1	0.7406	0.865	289	198	0.33973	0.27648	0.7093	0.11933	0.15446	0.11933	0.000775	3784.77	0.001046	3878	0.354	0.015	0		1642	1622.08	1.8711	1.8588	1651.91	1.7625	1623.68	1.882	1.8694	1653	1.7808	1.1875	1	0.06692	0.01937	0.174	1	0.99163	1.00	0	0
330234	Westchester Medical Center	35614	35614	14860	35614	33800	36119	2	lurban	lurban	W	1.266						1	0.3788	0.5572	707	520	0.18756	0.17028	0.4953	0.07519	0.1055	0.07519	0.00167	2442.53	0.001893	2454.68	0.19	0.019	0		5585	5546.03	2.3498	2.3418	1207.88	2.1913	5549.15	2.369	2.3613	1208.71	2.2128	1.1753	1	0.39792	0.56307	0.26	1	0.99449	0.99	0	0
330235	Auburn  Community  Hospital	33	33	45060	33	33050	36011	2	rural	rural	S	0.9526	LUGAR	YES	YES			1	0	0	85	53	0	0	0.2429	0.02314	0	0.02314		0		0	0.404	0.019	16	7251.57	2084	2038.87	1.3529	1.3471			2043.36	1.3442	1.3386			0.9673	1	0.00821	0.00214	0.516	1	1.00075	0.97	0	0
330236	New York-Presbyterian Brooklyn Methodist Hospital	35614	35614	35614	35614	33331	36047	2	lurban	lurban	N	1.2853						1	0.4819	0.5259	516	475	0.23313	0.15999	0.4754	0.07109	0.10105	0.07109	0.001009	1075.09	0.001497	1261.46	0.262	0.012	0		7366	7251.9	1.7671	1.7554	4687.5	1.7809	7261.09	1.7811	1.769	4691.9	1.7929	1.1875	1	0.02587	0.0063	0.274	1	1.00265	0.98	0	0
330238	Nicholas H Noyes Memorial Hospital	40380	40380	40380	40380	33350	36051	2	lurban	lurban	N	0.864						1	0	0	67	20	0	0	0.2849	0.03	0	0.03	0.000035	465.3	0.000037	428.88	0.468	0.038	0		672	661.81	1.2328	1.2253			662.65	1.2302	1.223			0.9047	1	0.005	0.00528	0.344	1.11432	1.00489	1.00	0	0
330239	Upmc Chautauqua Wca	33	33	33	33	33060	36013	2	rural	rural	N	0.864						1	0	0	122	63	0	0	0.3966	0.03	0	0.05484	0.000151	711.49	0.000191	736.69	0.489	0.052	0		1752	1723.02	1.3506	1.3422			1724.74	1.3567	1.3489			0.9047	1	0.00381	0.00809	0.342	1	0.9968	0.99	0	0
330240	Harlem Hospital Center	35614	35614	35614	35614	33420	36061	2	lurban	lurban	N	1.2853						1	0.8693	1.408	210	141	0.38926	0.48786	0.8266	0.14352	0.18221	0.14352	0.000881	6765.05	0.00092	5722.22	0.398	0.047	0		1043	1033.53	1.4689	1.4674	1171.64	1.3236	1033.87	1.4749	1.4733	1172.04	1.3277	1.1875	1	0.12412	0.23625	0.126	1	0.9931	0.99	0	0
330241	University Hospital S U N Y Health Science Center	45060	45060	45060	45060	33520	36067	2	ourban	ourban	N	0.9977						1	0.4797	0.6276	543	411	0.23217	0.19376	0.4202	0.0597	0.08882	0.0597	0.001126	1303.27	0.001316	1298.42	0.281	0.02	0		7438	7358.24	1.7135	1.7067	2544.33	1.7681	7364.87	1.7208	1.7143	2546.21	1.7843	0.9984	1	0.17871	0.13814	0.321	1	0.99562	0.99	0	0
330245	St Elizabeth Medical Center	46540	46540	46540	46540	33510	36065	2	ourban	ourban	N	0.8893						1	0.1178	0.1621	177	128	0.06228	0.04681	0.2106	0.01647	0.04357	0.01647	0.00016	363.7	0.000221	399.74	0.327	0.01	0		3564	3542.53	1.6834	1.6794	1393.44	1.6361	3544.9	1.6825	1.6785	1396.13	1.6457	0.9228	1	0.03276	0.00365	0.448	1	0.98895	1.00	0	0
330246	St Charles Hospital	35004	35004	35004	35004	33700	36103	2	lurban	lurban	N	1.3348						1	0.018	0.0227	167	139	0.00979	0.00643	0.3448	0.04415	0.07232	0.04415	0.000187	681.49	0.000276	842.5	0.163	0.012	0		2218	2192.84	1.5085	1.5024	355.41	1.4554	2195.74	1.5125	1.5073	356.37	1.4535	1.2187	1	0.01973	0.01413	0.29	1	0.99907	0.97	0	0
330250	Champlain Valley Physicians Hospital Medical Ctr	33	33	15540	33	33090	36019	2	rural	rural	W	1.0175						1	0	0	321	147	0	0	0.2681	0.02833	0	0.02833		0		0	0.348	0.027	17	8700.02	4054	4022.98	1.4954	1.494			4026.58	1.4995	1.4982			1.012	1	0.11515	0.10387	0.524	1	1.00289	0.99	0	0
330259	Mercy Medical Center	35004	35004	35004	35004	33400	36059	2	lurban	lurban	N	1.3348						1	0.0042	0.0131	299	127	0.00229	0.0037	0.3079	0.03654	0.06433	0.03654	0.000238	678.06	0.000277	656.98	0.197	0.014	0		2886	2855.36	1.3467	1.3432	771.38	1.4081	2857.75	1.3567	1.3535	772.42	1.4218	1.2187	1	0.03993	0.02816	0.373	1	0.99809	0.99	0	0
330261	Phelps Memorial Hospital Assn	35614	35614	35614	35614	33800	36119	2	lurban	lurban	N	1.2853						1	0.139	0.1532	168	108	0.07307	0.04418	0.4067	0.05692	0.08584	0.05692	0.000208	674.24	0.000345	904	0.297	0.02	0		2505	2440.12	1.5501	1.5411	526.88	1.4731	2444.75	1.5599	1.5508	527.8	1.4912	1.1875	1	0.06161	0.04078	0.402	1	0.99858	1.00	0	0
330264	St Luke'S Cornwall Hospital	35614	35614	35614	35614	33540	36071	2	lurban	lurban	N	1.2853						1	0	0	193	124	0	0	0.328	0.04069	0.06868	0.04069	0.000238	515.8	0.000281	502.47	0.264	0.022	0		3808	3770.01	1.5317	1.5267			3771.66	1.5426	1.5373			1.1875	1	0.03852	0.0392	0.454	1	0.99726	0.99	0	0
330265	Clifton Springs Hospital And Clinic	40380	40380	40380	40380	33530	36069	2	lurban	lurban	N	0.864						1	0	0	104	40	0	0	0.5468	0.08582	0.11709	0.08582	0.000078	1058.32	0.000124	1400.13	0.478	0.039	0		619	603.73	1.2643	1.2525			604.58	1.2779	1.267			0.9047	1	0.00902	0.00943	0.228	1	1.00571	1.00	0	0
330267	New York-Presbyterian/Hudson Valley Hospital	35614	35614	35614	35614	33800	36119	2	lurban	lurban	N	1.2853						1	0	0	128	86	0	0	0.1762	0.01051	0.03632	0.01051	0.000107	252.56	0.000132	270.48	0.25	0.018	0		3640	3588.66	1.4706	1.4645			3592.7	1.476	1.4696			1.1875	1	0.05948	0.04423	0.497	1	0.9965	0.99	0	0
330268	Cobleskill Regional Hospital	10580	10580	33	33	33660	36095	2	ourban	rural	S	0.864		YES				1	0	0	40	5	0	0	0.1342	0	0	0		0		0	0.913	0.053	16	7332.51	237	229.13	0.9929	0.9871			229.5	0.9913	0.9856			0.9047	1	0.01761	0.00758	0.597	1.25	1.00754	1.00	0	0
330270	Hospital For Special Surgery	35614	35614	35004	33	33420	36061	2	ourban	rural	S	1.3348		YES	YES			1	0.3258	0.4682	201	147	0.16334	0.14125	0.0426	0	0	0		0		0	0.316	0.034	7		5995	5934.6	2.4991	2.4977	495.41	2.3666	5949.21	2.4499	2.4475	497.2	2.3116	1.2187	1	0.04112	0.06903	0.417	1	1.00292	1.00	0	0
330273	Putnam Hospital Center	20524	20524	35614	20524	33580	36079	2	ourban	ourban	W	1.2747						1	0	0	144	62	0	0	0.1088	0	0.02228	0		0		0	0.383	0.029	0		2867	2799	1.4763	1.4654			2802.24	1.4836	1.4724			1.1808	1	0.0149	0.0116	0.508	1	1.00134	0.99	0	0
330276	Nathan Littauer Hospital	33	33	33	33	33280	36035	2	rural	rural	N	0.864						1	0	0	70	26	0	0	0.317	0.03842	0	0.03	0.000086	922.44	0.000092	749.6	0.359	0.021	14	6960.99	727	705.05	1.3363	1.3288			705.85	1.3618	1.35			0.9047	1	0.00903	0.00408	0.355	1	1.00869	0.99	0	0
330277	Corning Hospital	33	33	33	33	33690	36101	2	rural	rural	N	0.864						1	0	0	74	44	0	0	0.2114	0.01664	0	0.01664	0.000095	502.83	0.0001	419.1	0.338	0.06	0		1501	1464.22	1.4141	1.4022			1467.57	1.4074	1.3956			0.9047	1	0.00309	0.01659	0.395	1	1.01238	0.99	0	0
330279	Mercy Hospital Of Buffalo	15380	15380	15380	15380	33240	36029	2	lurban	lurban	N	1.028						1	0.0658	0.0898	372	241	0.0353	0.02567	0.2084	0.01602	0.0431	0.01602	0.000312	708.79	0.000402	752.41	0.361	0.022	0		3837	3773.07	1.9613	1.9469	4871.15	1.9337	3776.73	1.9832	1.9673	4877.89	1.9496	1.0191	1	0.06804	0.03682	0.223	1	0.9883	1.00	0	0
330285	Strong Memorial Hospital	40380	40380	15380	33	33370	36055	2	ourban	rural	S	0.983		YES	YES			1	0.7932	0.7335	705	685	0.36023	0.22997	0.3809	0.0516	0	0.0516	0.001847	2221.8	0.001934	2042.37	0.365	0.03	7		7463	7380.72	1.9488	1.94	5564.51	2.0172	7385.89	1.9556	1.9462	5571.88	2.0256	0.9883	1	0.09103	0.109	0.209	1	0.9997	1.00	0	0
330286	Good Samaritan Hospital Medical Center	35004	35004	35004	35004	33700	36103	2	lurban	lurban	N	1.3348						1	0.0995	0.1168	437	367	0.05287	0.03351	0.2583	0.02631	0.0537	0.02631	0.000535	616.34	0.000577	569.63	0.171	0.012	0		7282	7226.89	1.6815	1.6725	1783.33	1.8753	7231.15	1.6996	1.6905	1782.95	1.888	1.2187	1	0.04171	0.02633	0.36	1	0.99407	0.98	0	0
330304	White Plains Hospital Center	35614	35614	35004	33	33800	36119	2	ourban	rural	S	1.3348		YES	YES			1	0	0	292	182	0	0	0.1848	0.01191	0	0.01191	0.000242	369.71	0.000273	376.14	0.31	0.02	7		6112	6000.14	1.5009	1.4933			6007.8	1.5109	1.5029			1.2187	1	0.04414	0.028	0.397	1	1.00051	0.99	0	0
330307	Cayuga Medical Center At Ithaca	27060	27060	27060	33	33730	36109	2	ourban	rural	S	0.9034		YES				1	0	0	144	56	0	0	0.2616	0.02699	0	0.02699		0		0	0.591	0.06	16	6782.31	2205	2166.84	1.4269	1.4209			2169.45	1.4316	1.4248			0.9328	1	0.012	0.01983	0.395	1	1.00067	1.00	0	0
330331	Plainview Hospital	35004	35004	35004	35004	33400	36059	2	lurban	lurban	N	1.3348						1	0.2525	0.3492	181	115	0.12888	0.10356	0.0968	0	0.0198	0		0		0	0.278	0.013	0		3696	3647.64	1.4408	1.4345	1105.6	1.45	3652.03	1.4569	1.4502	1106.66	1.4563	1.2187	1	0.03145	0.00827	0.528	1	0.99704	0.99	0	0
330332	St Joseph Hospital	35004	35004	35004	35004	33400	36059	2	lurban	lurban	N	1.3348						1	0.0049	0.0108	203	92	0.00268	0.00305	0.1123	0	0.023	0		0		0	0.203	0.01	0		3071	3031.21	1.3493	1.3431	915.04	1.4116	3034.83	1.3584	1.3527	915.67	1.4132	1.2187	1	0.01951	0.00568	0.514	1	0.997	0.99	0	0
330340	University Hospital -  Stony Brook Southampton	35004	35004	35004	35004	33700	36103	2	lurban	lurban	N	1.3348						1	0.6584	1.06	94	50	0.30694	0.34869	0.2322	0.02093	0	0.02093		0	0.000143	425.01	0.284	0.02	0		2053	2012.29	1.3701	1.3629	168.6	1.4516	2014.44	1.3782	1.3709	169.22	1.4554	1.2187	1	0.03774	0.02933	0.485	1	0.99483	0.99	0	0
330350	University Hospital Of Brooklyn ( Downstate )	35614	35614	35614	35614	33331	36047	2	lurban	lurban	N	1.2853						1	1.0077	1.5	305	206	0.4403	0.52699	0.6822	0.11374	0.14814	0.11374	0.000723	2810.65	0.001313	3756.49	0.353	0.032	0		1971	1953.37	1.6657	1.6617	1688.84	1.5184	1955.46	1.6702	1.6661	1689.01	1.5261	1.1875	1	0.12859	0.15056	0.173	1	0.9889	0.99	0	0
330385	North Central Bronx Hospital	35614	35614	35004	35614	33020	36005	2	lurban	lurban	W	1.3348						1	0.3564	0.6873	124	68	0.17739	0.21404	0.9676	0.17261	0.21645	0.17261	0.000373	6168.4	0.000453	5992.77	0.348	0.015	0		492	486.82	1.0736	1.0689	534.05	1.0253	487.09	1.0641	1.0605	534.21	1.0272	1.2187	1	0.05427	0.01933	0.117	1	1.01312	1.00	0	0
330386	Catskill Regional Medical Center	33	33	35614	33	33710	36105	2	rural	rural	W	1.2747						1	0	0	84	39	0	0	0.3894	0.05335	0	0.03	0.000206	1158.51		0	0.273	0.029	17	7395.02	1514	1485.44	1.3536	1.3455			1487.31	1.356	1.3492			1.1808	1	0.00291	0.00532	0.48	1	1.00547	0.99	0	0
330393	University Hospital At Stony Brook	35004	35004	35004	35004	33700	36103	2	lurban	lurban	N	1.3348						1	0.7415	0.8159	562	494	0.34008	0.25891	0.2889	0.03262	0.06025	0.03262	0.001988	1575.91	0.001633	1118.88	0.249	0.012	0		11461	11234.2	1.9648	1.9611	1496.24	2.0035	11253.7	1.9696	1.9656	1498.74	2.0036	1.2187	1	0.0939	0.0286	0.345	1	1.00004	0.99	0	0
330394	"United Health Services Hospitals, Inc"	13780	13780	13780	13780	33030	36007	2	ourban	ourban	N	0.864						1	0.175	0.3038	394	237	0.09112	0.08951	0.3513	0.04549	0.07373	0.04549	0.000618	1045.54	0.00062	819.58	0.378	0.017	0		4630	4583.49	1.8941	1.8841	1848.9	1.8143	4590.1	1.9018	1.892	1852.43	1.822	0.9047	1	0.03805	0.00879	0.344	1	0.99531	0.99	0	0
330395	St John'S Episcopal Hospital At South Shore	35614	35614	35004	33	33590	36081	2	ourban	rural	S	1.3348		YES	YES			1	0.902	1.1904	170	124	0.40152	0.39924	0.6316	0.10331	0	0.10331	0.00051	1875.74	0.000617	1753.48	0.24	0.008	7		2185	2161.22	1.6341	1.6299	728.49	1.4689	2163.13	1.6429	1.6387	728.92	1.4723	1.2187	1	0.02963	0.00384	0.344	1	0.98801	0.97	0	0
330396	Woodhull Medical And Mental Health Center	35614	35614	35614	35614	33331	36047	2	lurban	lurban	N	1.2853						1	0.5308	0.9683	238	128	0.25408	0.31423	0.9647	0.17201	0.21574	0.17201	0.001136	11662.42	0.001201	9606.39	0.4	0.018	0		827	814.45	1.553	1.5494	1064.74	1.4794	814.72	1.5566	1.5528	1066.27	1.4953	1.1875	1	0.0675	0.02032	0.096	1	0.99622	0.99	0	0
330397	Interfaith Medical Center	35614	35614	35614	35614	33331	36047	2	lurban	lurban	N	1.2853						1	0.7061	0.998	153	110	0.32608	0.3253	0.8499	0.14833	0.1878	0.14833	0.000385	3693.4	0.000609	4643.94	0.278	0.024	0		855	848.63	1.5983	1.5961	881.3	1.3966	848.86	1.6045	1.602	881.47	1.3918	1.1875	1	0.05135	0.06083	0.159	1	0.993	1.00	0	0
330399	St Barnabas Hospital	35614	35614	35004	33	33020	36005	2	ourban	rural	S	1.3348		YES	YES			1	0.9562	1.4846	283	169	0.42156	0.52037	0.9213	0.16306	0	0.16306	0.001201	7930.49	0.001217	6134.03	0.291	0.027	7		1298	1275.14	1.6034	1.5684	2053.06	1.2645	1276.01	1.6127	1.5774	2055.27	1.2637	1.2187	1	0.02379	0.03491	0.111	1	1.00131	1.00	0	0
330401	St Catherine Of Siena Hospital	35004	35004	35004	35004	33700	36103	2	lurban	lurban	N	1.3348						1	0	0	264	135	0	0	0.1183	0	0.02424	0		0		0	0.182	0.012	0		4312	4270.04	1.4896	1.4837			4271.23	1.5081	1.5012			1.2187	1	0.0195	0.00991	0.494	1	0.99931	0.99	0	0
330403	Monroe Community Hospital	40380	40380	40380	40380	33370	36055	2	lurban	lurban	N	0.864						1	0	0	5	0	0	0	0.28367	0.03	0	0.03		0	0	95.84	0.288	0.026	0		1	1	0.9332	0.9332			1	0.9002	0.9002			0.9047	1	0	0	0.491	1	1	1.00	0	1
330406	Sunnyview Hospital And Rehabilitation Center	10580	10580	10580	10580	33650	36093	2	ourban	ourban	N	0.864						1	0	0	17	11	0	0	0.0609	0	0	0		0		0	0.408	0.019	0		321	315.29	1.2037	1.203			312.69	1.228	1.2253			0.9047	1	0.00091	0	0.701	1	1	1.00	0	0
330409	Burdett Care Center	10580	10580	10580	10580	33600	36083	2	ourban	ourban	N	0.864						1	0	0	15	0	0	0	0.4737	0.03	0	0.03	0	0	0	194.27	0.288	0.027	0		8	12	0.7487	0.7487			8	0.7191	0.7191			0.9047	1	0	0		1	1	1.00	1	0
340001	Carolinas Healthcare System Northeast	16740	16740	16740	16740	34120	37025	3	lurban	lurban	N	0.9422						1	0.0488	0.0863	447	261	0.0263	0.02465	0.2817	0.03114	0.0587	0.03114	0.000931	1072.22	0.000865	784.45	0.216	0.026	0		7105	6961.45	1.7506	1.735	2767.01	1.7435	6976.17	1.7468	1.7313	2772.33	1.7354	0.96	1	0.01652	0.03901	0.344	1	0.99137	0.99	0	0
340002	Memorial Mission Hospital And Asheville Surgery Ce	11700	11700	24860	34	34100	37021	3	ourban	rural	S	0.8889		YES	YES			1	0.0659	0.0935	665	515	0.03535	0.02674	0.3092	0.03681	0	0.03681	0.001681	930.18	0.001318	597.86	0.262	0.029	7		15020	14760.6	1.9948	1.9755	4176.17	2.0193	14790.5	1.996	1.9762	4180.14	2.0196	0.9225	1	0.02588	0.05471	0.37	1	1.00158	1.00	0	0
340003	Northern Hospital Of Surry County	34	34	34	34	34850	37171	3	rural	rural	N	0.785						1	0	0	100	30	0	0	0.2674	0.02819	0	0.02819	0.000172	955.53	0.000132	631.29	0.345	0.022	0		1575	1543.53	1.3178	1.304			1545.97	1.3029	1.2878			0.8472	1	0.00027	0.0002	0.423	1	1.0065	0.97	0	0
340004	High Point Regional Hospital	24660	24660	20500	34	34400	37081	3	ourban	rural	S	0.9399		YES	YES			1	0	0	310	166	0	0	0.2477	0.02413	0	0.02413	0.00041	866.3	0.000462	771.83	0.294	0.021	7		3970	3890.7	1.6076	1.6023			3897.66	1.614	1.6094			0.9584	1	0.00768	0.00536	0.275	1	0.99551	1.00	0	0
340008	Scotland Memorial Hospital	34	34	34	34	34820	37165	3	rural	rural	N	0.785						1	0	0	97	50	0	0	0.4141	0.03	0	0.03	0.00022	854.65	0.000216	706.19	0.244	0.02	0		2232	2174.86	1.4777	1.4632			2180.37	1.4665	1.4529			0.8472	1	0.005	0.00629	0.435	1	1.00927	1.00	0	0
340010	Wayne Memorial Hospital	24140	24140	39580	34	34950	37191	3	ourban	rural	S	0.8997		YES	YES			1	0	0	261	128	0	0	0.293	0.03347	0	0.03347		0		0	0.456	0.028	17	6806.28	4769	4683.53	1.6487	1.6422			4690.67	1.6538	1.6485			0.9302	1	0.04108	0.02043	0.454	1	0.99955	0.99	0	0
340013	Rutherford Regional Medical Center	34	34	16740	34	34800	37161	3	rural	rural	W	0.9298						1	0	0	129	40	0	0	0.3212	0.03929	0	0.03929	0.00012	553.78	0.000149	502.86	0.201	0.025	17	1757.85	1577	1536.93	1.5476	1.5336			1540.54	1.5472	1.535			0.9514	1	0.01059	0.02353	0.491	1	1	1.00	0	0
340014	Novant Health Forsyth Medical Center	49180	49180	49180	49180	34330	37067	3	ourban	ourban	N	0.9158						1	0.0292	0.0387	799	592	0.01583	0.01098	0.2789	0.03056	0.0581	0.03056	0.001479	1260.71	0.001738	1209.33	0.287	0.031	0		9662	9549.34	1.8588	1.8507	7478.97	1.864	9563.72	1.8616	1.8546	7488.93	1.8606	0.9415	1	0.03263	0.05797	0.268	1	0.99411	0.99	0	0
340015	Novant Health Rowan Medical Center	16740	16740	16740	16740	34790	37159	3	lurban	lurban	N	0.9422						1	0	0	181	115	0	0	0.2518	0.02497	0.05231	0.02497	0.000411	1235.67	0.000321	731.31	0.287	0.028	7		2566	2534.26	1.49	1.4857			2536.52	1.4946	1.4902			0.96	1	0.02238	0.03453	0.359	1	0.99268	0.99	0	0
340016	Harris Regional Hospital	34	34	34	34	34490	37099	3	rural	rural	N	0.785						1	0	0	82	33	0	0	0.2934	0.03	0	0.03	0.000099	554.03	0.000135	625.2	0.241	0.02	0		1486	1455.99	1.5091	1.501			1458.96	1.5006	1.4946			0.8472	1	0.00292	0.00359	0.433	1	1.01091	1.00	0	0
340017	Margaret R Pardee Memorial Hospital	11700	11700	11700	11700	34440	37089	3	ourban	ourban	N	0.8959						1	0.0364	0.0978	162	80	0.01969	0.02798	0.2098	0.01631	0.0434	0.01631	0.000278	682.35	0.000217	434.8	0.298	0.025	0		3307	3211.39	1.7073	1.6907	854.21	1.8195	3217.39	1.7112	1.6946	856.33	1.8168	0.9275	1	0.00667	0.00719	0.465	1	1.00109	1.00	0	0
340020	Central Carolina Hospital	34	34	34	34	34520	37105	3	rural	rural	N	0.8179				YES	0.0329	1	0	0	127	42	0	0	0.3072	0.03	0	0.0364	0.000185	752.09	0.000135	441.06	0.175	0.017	0		2063	2013.67	1.338	1.3273			2017.92	1.3365	1.3262			0.8714	1	0.0026	0.00496	0.415	1	1.00975	0.98	0	0
340021	Carolinas Healthcare System Cleveland	34	34	16740	34	34220	37045	3	rural	rural	W	0.9298						1	0	0	241	75	0	0	0.2913	0.03312	0	0.03312	0.000413	1142.59	0.000343	732.63	0.226	0.019	7		2912	2841.04	1.5763	1.5577			2846.37	1.5674	1.548			0.9514	1	0.00641	0.00785	0.44	1	0.99542	1.00	0	0
340023	Park Ridge Health	11700	11700	24860	11700	34440	37089	3	ourban	ourban	W	0.8889						1	0	0	73	36	0	0	0.3028	0.03	0	0.03	0.000174	1110.48	0.000156	774.42	0.303	0.028	7		1243	1207.84	1.6889	1.6774			1209.84	1.6951	1.6807			0.9225	1	0.00491	0.00816	0.382	1	1.00908	1.00	0	0
340024	Sampson Regional Medical Center	34	34	34	34	34810	37163	3	rural	rural	N	0.8038				YES	0.0188	1	0.0298	0	83	29	0.01615	0	0.3549	0.04624	0	0.03	0.000148	941.22	0.000152	745.39	0.36	0.024	14	5698.63	1263	1222.62	1.4329	1.419	215.87	1.4282	1229.59	1.4088	1.3974	217.92	1.4081	0.8611	1	0.00119	0.00081	0.463	1.05864	1.01199	0.99	0	0
340027	Unc Lenoir Health Care	34	34	24780	34	34530	37107	3	rural	rural	W	0.8963						1	0	0	149	66	0	0	0.3096	0.03689	0	0.03689	0.000319	912.66	0.0003	725.8	0.407	0.031	17	5605.76	3037	2966.61	1.3865	1.3736			2971.73	1.395	1.3817			0.9278	1	0.01705	0.01567	0.591	1	0.99913	0.99	0	0
340028	Cape Fear Valley Medical Center	22180	22180	39580	34	34250	37051	3	ourban	rural	S	0.8997		YES	YES			1	0.1198	0.0464	514	466	0.0633	0.01318	0.4333	0.06241	0	0.06241	0.001675	1325.84	0.001751	1154.95	0.234	0.013	7		10779	10663.9	1.6924	1.6831	2678.42	1.5691	10674.4	1.695	1.6859	2682.02	1.5675	0.9302	1	0.02911	0.01135	0.354	1	1.00391	1.00	0	0
340030	Duke University Hospital	20500	20500	20500	20500	34310	37063	3	ourban	ourban	N	0.9847						1	0.5468	0.691	922	751	0.26085	0.21531	0.3402	0.0432	0.07132	0.0432	0.002125	1409.01	0.002511	1389.98	0.239	0.02	0		12675	12541.1	2.458	2.4547	3418.86	2.3921	12555.2	2.4755	2.4725	3422.4	2.4047	0.9895	1	0.10752	0.11185	0.306	1	1.0027	1.00	0	0
340032	Caromont Regional Medical Center	16740	16740	16740	16740	34350	37071	3	lurban	lurban	N	0.9422						1	0	0	370	242	0	0	0.2952	0.03392	0.0616	0.03392	0.000732	854.96	0.00069	645.76	0.243	0.025	0		7130	7002.92	1.7115	1.6972			7015.39	1.7208	1.7064			0.96	1	0.01533	0.02628	0.349	1	1.00341	1.00	0	0
340037	Carolinas Healthcare System Kings Mountain	34	34	34	34	34220	37045	3	rural	rural	N	0.8053				YES	0.0203	1	0	0	47	19	0	0	0.19	0.01275	0	0.01275	0.000131	1512.29	0.000088	802.58	0.245	0.019	14	6740.56	663	644.2	1.279	1.2681			647.11	1.2402	1.2313			0.8622	1	0	0	0.507	1	1.01943	1.00	0	0
340039	Iredell Memorial Hospital Inc	16740	16740	16740	16740	34480	37097	3	lurban	lurban	N	0.9422						1	0	0	155	95	0	0	0.1772	0.01067	0.03653	0.01067	0.000339	856.94	0.000312	646.8	0.282	0.016	0		3232	3185.1	1.425	1.4156			3187.61	1.429	1.4191			0.96	1	0.02645	0.01009	0.455	1	0.99942	0.99	0	0
340040	Vidant Medical Center	24780	24780	24780	24780	34730	37147	3	ourban	ourban	N	0.9431						1	0.2326	0.3038	782	582	0.11932	0.08951	0.4118	0.05797	0.08697	0.05797	0.001441	775.79	0.002266	976.06	0.301	0.014	0		15073	14836.7	2.0478	2.0276	1620.21	1.9583	14859	2.046	2.0255	1623.72	1.9591	0.9607	1	0.07181	0.01868	0.408	1	1	0.99	0	0
340041	Caldwell Memorial Hospital	25860	25860	25860	25860	34130	37027	3	ourban	ourban	N	0.8703						1	0	0	110	48	0	0	0.2309	0.02066	0.04787	0.02066	0.000172	949.28	0.000162	744.72	0.314	0.02	0		1472	1445.07	1.6327	1.6195			1447.15	1.6377	1.6249			0.9093	1	0.00914	0.00429	0.423	1	0.99545	1.00	0	0
340042	Onslow Memorial Hospital	27340	27340	35100	27340	34660	37133	3	ourban	ourban	W	0.8149						1	0	0	162	74	0	0	0.3904	0.05356	0.08226	0.05356		0		0	0.304	0.024	16	6404.93	2525	2462.07	1.5135	1.4976			2468.17	1.5057	1.4904			0.8692	1	0.00859	0.0079	0.415	1	1.00442	0.99	0	0
340047	North Carolina Baptist Hospital	49180	49180	49180	49180	34330	37067	3	ourban	ourban	N	0.9158						1	0.5584	0.7474	795	611	0.26573	0.23481	0.3234	0.03974	0.06768	0.03974	0.002425	1947.39	0.002492	1609.56	0.241	0.021	0		10007	9871.05	2.2034	2.1935	4758.37	2.0839	9879.77	2.2142	2.2048	4763.36	2.103	0.9415	1	0.0473	0.05666	0.279	1	1.00234	1.00	0	0
340049	North Carolina Specialty Hospital	20500	20500	20500	20500	34310	37063	3	ourban	ourban	N	0.9847						1	0	0	18	10	0	0	0.04297	0	0	0		0		0	0.406	0.053	0		556	552.9	2.3847	2.3771			553.21	2.3473	2.3389			0.9895	1	0.01215	0.03696	0.364	1	1	1.00	0	0
340050	Southeastern Regional Medical Center	34	34	22180	34	34770	37155	3	rural	rural	W	0.8239						1	0.1075	0.1317	253	168	0.057	0.03787	0.4226	0.0602	0	0.0602		0		0	0.272	0.02	17	7559.24	5083	5030.38	1.4281	1.4217	1030.14	1.4166	5033.32	1.4389	1.4322	1031.06	1.4243	0.8758	1	0.04226	0.03642	0.442	1	1.00356	0.98	0	0
340051	Watauga Medical Center	34	34	25860	34	34940	37189	3	rural	rural	W	0.8703						1	0	0	94	39	0	0	0.2353	0.02157	0	0.02157		0		0	0.333	0.027	17	7600.41	1744	1691.01	1.5253	1.519			1694.04	1.5354	1.526			0.9093	1	0.00232	0.00246	0.472	1	1.00195	0.99	0	0
340053	Novant Health Presbyterian Medical Center	16740	16740	16740	16740	34590	37119	3	lurban	lurban	N	0.9422						1	0	0	581	348	0	0	0.3512	0.04547	0.07371	0.04547	0.001174	1543.99	0.001296	1332.8	0.256	0.024	0		6016	5893.77	2.1043	2.0938			5911.51	2.1006	2.0902			0.96	1	0.04611	0.0658	0.248	1	0.99731	1.00	0	0
340060	Unc Rockingham	24660	24660	24660	24660	34780	37157	3	ourban	ourban	N	0.8727						1	0	0	108	25	0	0	0.3012	0.03516	0.06289	0.03516	0.000164	1414.95	0.000153	997.66	0.354	0.023	0		1015	995.48	1.3186	1.3122			997.36	1.326	1.3203			0.911	1	0.02568	0.01458	0.342	1	1.00017	0.99	0	0
340061	University Of North Carolina Hospital	20500	20500	20500	20500	34670	37135	3	ourban	ourban	N	0.9847						1	0.5612	0.7167	757	614	0.2669	0.22416	0.3895	0.05337	0.08207	0.05337	0.002357	2352.76	0.002126	1769.54	0.343	0.015	0		8605	8451.17	2.2648	2.2567	2758.31	2.238	8461.34	2.2826	2.2743	2763.22	2.2453	0.9895	1	0.1404	0.03959	0.235	1	0.99986	1.00	0	0
340064	Wilkes Regional Medical Center	34	34	34	34	34960	37193	3	rural	rural	N	0.785						1	0	0	101	39	0	0	0.2787	0.03	0	0.03052	0.000145	856.63	0.000136	614.8	0.287	0.029	0		1203	1157.63	1.4369	1.4224			1159.73	1.44	1.4256			0.8472	1	0.00837	0.01449	0.424	1	1.00605	0.97	0	0
340068	Columbus Regional Healthcare System	34	34	48900	34	34230	37047	3	rural	rural	W	0.8605						1	0	0	154	53	0	0	0.3614	0.04758	0	0.04758	0.000143	595.55	0.000163	529.09	0.343	0.038	7		1881	1820.6	1.4172	1.4035			1824.32	1.4275	1.4141			0.9022	1	0.01384	0.02797	0.516	1	1.00723	1.00	0	0
340069	"Wakemed, Raleigh Campus"	39580	39580	39580	39580	34910	37183	3	lurban	lurban	N	0.9524				YES	0.0111	1	0.0972	0.1162	569	423	0.05168	0.03334	0.3749	0.05036	0.07887	0.05036	0.001333	1345.69	0.001537	1215.17	0.236	0.018	0		8140	8011.83	1.9967	1.99	2158.98	2.0212	8023.98	2.0089	2.0015	2162.44	2.0348	0.9672	1	0.05518	0.04586	0.302	1	0.99063	1.00	0	0
340070	Alamance Regional Medical Center	15500	15500	20500	15500	34000	37001	3	ourban	ourban	W	0.9399						1	0	0	182	108	0	0	0.2853	0.03188	0.05947	0.03188	0.000457	1362.92	0.00037	879.82	0.368	0.028	0		2559	2484.3	1.53	1.517			2491.68	1.5225	1.5093			0.9584	1	0.01686	0.01482	0.306	1	0.99916	1.00	0	0
340071	Betsy Johnson Regional  Hospital	34	34	39580	39580	34420	37085	3	rural	lurban	L	0.8997	LUGAR					1	0.162	0	151	64	0.08464	0	0.3602	0.04733	0.07567	0.04733	0.000557	1732.59	0.000395	940.34	0.251	0.035	0		2476	2419.91	1.194	1.1865	332.81	1.2649	2425.32	1.1897	1.1824	333.54	1.2583	0.9302	1	0.00232	0.0073	0.505	1	0.99555	0.98	0	0
340073	Duke Health Raleigh Hospital	39580	39580	39580	39580	34910	37183	3	lurban	lurban	N	0.9524				YES	0.0111	1	0	0	148	102	0	0	0.1495	0	0.03074	0		0		0	0.252	0.016	0		3984	3919.12	1.9824	1.9765			3927.42	1.9784	1.9721			0.9672	1	0.0356	0.01602	0.469	1	0.9957	0.99	0	0
340075	Carolinas Healthcare System-Blue Ridge	25860	25860	25860	25860	34110	37023	3	ourban	ourban	N	0.8703						1	0.1964	0.3223	154	95	0.10169	0.09522	0.3416	0.04349	0.07162	0.04349	0.000331	1030.44	0.000318	758.85	0.201	0.01	0		2504	2410.87	1.4392	1.4176	811.8	1.477	2418.04	1.4506	1.4303	815.28	1.4838	0.9093	1	0.00995	0.00418	0.342	1	1.00442	1.00	0	0
340084	Carolinas Health Care System Anson	34	34	34	34	34030	37007	3	rural	rural	N	0.819				YES	0.034	1	0	0	15	1	0	0	0.1619	0.00818	0	0.00818	0.000067	5802.41	0.00005	2987.78	0.554	0.087	0		78	71.56	1.2543	1.243			72.12	1.2073	1.1968			0.8722	1	0	0.02654	0.636	1.25	1	1.00	0	0
340085	Novant Health Thomasville Medical Center	49180	49180	49180	49180	34280	37057	3	ourban	ourban	N	0.9158						1	0	0	101	28	0	0	0.3522	0.04568	0.07393	0.04568	0.000248	2960.77	0.000198	2013.58	0.308	0.022	0		726	708.1	1.4033	1.3888			710.49	1.3966	1.3801			0.9415	1	0.00159	0.0017	0.238	1	0.98867	1.00	0	0
340087	The Mcdowell Hospital	34	34	34	34	34550	37111	3	rural	rural	N	0.785						1	0	0	49	19	0	0	0.2769	0.03	0	0.03	0.000123	1277.61	0.000091	729.62	0.304	0.022	0		814	790.42	1.3105	1.302			792.23	1.3061	1.2962			0.8472	1	0	0	0.408	1.13856	1.01221	1.00	0	0
340090	Johnston Health	39580	39580	39580	39580	34500	37101	3	lurban	lurban	N	0.9413						1	0	0	179	98	0	0	0.339	0.04296	0.07106	0.04296	0.000449	1045.89	0.000354	706.1	0.23	0.019	0		3532	3407.55	1.5298	1.5141			3419.79	1.5098	1.4948			0.9594	1	0.00193	0.00211	0.442	1	1.00629	0.99	0	0
340091	The Moses H Cone Memorial Hospital	24660	24660	20500	34	34400	37081	3	ourban	rural	S	0.9399		YES	YES			1	0.0585	0.096	764	511	0.03144	0.02746	0.3188	0.03879	0	0.03879	0.002176	1609	0.002135	1257.35	0.34	0.029	7		10421	10168.9	1.8433	1.8278	7511.83	1.913	10202	1.8357	1.8203	7539.82	1.9046	0.9584	1	0.01714	0.02261	0.249	1	1.00301	1.00	0	0
340096	Lexington Memorial Hospital Inc	49180	49180	49180	49180	34280	37057	3	ourban	ourban	N	0.9158						1	0	0	80	24	0	0	0.2783	0.03	0	0.03	0.000169	1869.38	0.000114	988.64	0.3	0.015	0		706	667.08	1.5443	1.5315			670.4	1.5384	1.5273			0.9415	1	0.00351	0.00126	0.249	1	1.00205	1.00	0	0
340097	Hugh Chatham Memorial Hospital	34	34	34	34	34850	37171	3	rural	rural	N	0.785						1	0	0	81	44	0	0	0.2248	0.0194	0	0.0194	0.000134	791.11	0.000098	455.25	0.233	0.031	0		1292	1256.34	1.3007	1.2964			1258.34	1.2957	1.2906			0.8472	1	0.00089	0.00273	0.371	1	1.00648	0.99	0	0
340098	Carolinas Healthcare System Pineville	16740	16740	16740	16740	34590	37119	3	lurban	lurban	N	0.9422						1	0	0.028	206	172	0	0.00793	0.1655	0.00877	0.03408	0.00877	0.000606	921.98	0.00054	700.41	0.212	0.024	0		5661	5564.26	1.6893	1.6824			5573.22	1.688	1.6803			0.96	1	0.00945	0.0222	0.37	1	0.99904	0.98	0	0
340099	Vidant Roanoke Chowan Hospital	34	34	34	34	34450	37091	3	rural	rural	N	0.785						1	0	0	70	33	0	0	0.3497	0.03	0	0.03		0		0	0.324	0.015	16	5564.89	1712	1662.84	1.4964	1.4837			1667.99	1.4761	1.4638			0.8472	1	0.0113	0.00341	0.558	1	1.00783	0.98	0	0
340106	Sandhills Regional Medical Center	34	34	34	34	34760	37153	3	rural	rural	N	0.785						1	0	0	64	22	0	0	0.484	0.03	0	0.03	0.000082	1145.29	0.000105	850.7	0.22	0.028	0		233	227.25	1.2345	1.2163			227.65	1.232	1.2117			0.8472	1	0.12006	0.24065	0.494	1	1.01428	1.00	0	0
340107	Vidant Edgecombe Hospital	40580	40580	40580	40580	34320	37065	3	ourban	ourban	N	0.8586						1	0	0	101	36	0	0	0.3814	0.0517	0.08029	0.0517	0.000203	1017.3	0.000192	786.5	0.298	0.019	0		1606	1554.97	1.6756	1.662			1559.46	1.6852	1.6723			0.9009	1	0.02163	0.01101	0.496	1	1.01187	0.98	0	0
340109	Sentara Albemarle Medical Center	34	34	47260	34	34690	37139	3	rural	rural	W	0.8852						1	0	0	142	57	0	0	0.2427	0.02309	0	0.02309		0		0	0.362	0.034	17	7151.31	2783	2717.2	1.4042	1.3964			2722.46	1.3946	1.3873			0.9199	1	0.01139	0.01559	0.546	1	1.00682	0.99	0	0
340113	Carolinas Medical Center/Behav Health	16740	16740	16740	16740	34590	37119	3	lurban	lurban	N	0.9422						1	0.1855	0.2391	1030	813	0.09632	0.0698	0.4154	0.05871	0.08776	0.05871	0.003257	1897.11	0.003075	1468.79	0.223	0.019	0		13994	13735.5	2.2151	2.1987	3749.32	2.2858	13780.4	2.2107	2.1945	3761.58	2.2851	0.96	1	0.05116	0.05748	0.246	1	0.99733	1.00	0	0
340114	Rex Hospital	39580	39580	39580	39580	34910	37183	3	lurban	lurban	N	0.9524				YES	0.0111	1	0	0	433	293	0	0	0.132	0	0.02709	0		0		0	0.297	0.015	0		10040	9816.25	2.0232	2.0118			9847.16	2.0201	2.0079			0.9672	1	0.02982	0.00664	0.351	1	1.00028	1.00	0	0
340115	Firsthealth Moore Regional Hospital	34	34	20500	34	34620	37125	3	rural	rural	W	0.9399						1	0	0	396	270	0	0	0.2287	0.02021	0	0.02021	0.000767	584.37	0.000652	406.03	0.261	0.019	7		10609	10466.6	1.7961	1.7899			10484.4	1.7959	1.7897			0.9584	1	0.02874	0.02201	0.493	1	1.01019	0.99	0	0
340116	Frye Regional Medical Center	25860	25860	16740	34	34170	37035	3	ourban	rural	S	0.9298		YES	YES			1	0	0	242	86	0	0	0.1568	0.00736	0	0.00736	0.000263	631.44		0	0.167	0.02	7		3386	3323.42	1.7272	1.7224			3331.44	1.731	1.7259			0.9514	1	0.03235	0.06725	0.443	1	1	0.99	0	0
340119	Carolinas Healthcare System Stanly	16740	16740	16740	16740	34830	37167	3	lurban	lurban	N	0.9422						1	0	0	97	31	0	0	0.2927	0.03	0	0.03	0.000191	1121.29	0.000135	640.53	0.223	0.032	0		1481	1406.6	1.4615	1.4439			1412.88	1.4481	1.4308			0.96	1	0.00461	0.01098	0.431	1	1.00518	1.00	0	0
340120	Vidant Duplin  Hospital	34	34	34	34	34300	37061	3	rural	rural	N	0.785						1	0	0	49	18	0	0	0.4754	0.03	0	0.03	0.000232	2022.09	0.000129	976.65	0.389	0.026	0		1009	973.36	1.4606	1.444			977.64	1.4402	1.4257			0.8472	1	0.01402	0.01135	0.395	1.07886	1.01986	0.99	0	0
340123	Randolph Hospital	24660	24660	16740	34	34750	37151	3	ourban	rural	S	0.9298		YES	YES			1	0	0	145	52	0	0	0.2796	0.03071	0	0.03071	0.000308	1884.83	0.000252	1173.23	0.343	0.027	7		1262	1220.6	1.4925	1.474			1224.45	1.488	1.4705			0.9514	1	0.00107	0.00127	0.31	1	1.00576	1.00	0	0
340126	Wilson Medical Center	34	34	24780	40580	34970	37195	3	rural	ourban	L	0.8963	LUGAR					1	0	0	251	75	0	0	0.3395	0.04306	0.07117	0.04306	0.000219	534.09	0.000296	595.18	0.217	0.018	7		3487	3404.29	1.4332	1.4179			3408.72	1.4371	1.4205			0.9278	1	0.0059	0.00598	0.519	1	0.99968	1.00	0	0
340127	Granville Health Systems	34	34	20500	20500	34380	37077	3	rural	ourban	L	0.9399	LUGAR					1	0	0	42	20	0	0	0.3514	0.03	0	0.03	0.000139	1418.68	0.000093	748.99	0.352	0.029	0		801	772.34	1.3267	1.3102			775.45	1.3128	1.2996			0.9584	1	0.00048	0.00077	0.421	1	1.00349	0.99	0	0
340129	Lake Norman Regional Medical Center	16740	16740	16740	16740	34480	37097	3	lurban	lurban	N	0.9422						1	0	0	123	45	0	0	0.1759	0.01046	0.03626	0.01046	0.000122	628.43	0.000128	544.58	0.166	0.016	7		1636	1573.33	1.7444	1.7381			1582.79	1.7321	1.7245			0.96	1	0.01081	0.01596	0.324	1	1.00244	0.99	0	0
340130	Carolinas Healthcare System Union	16740	16740	16740	16740	34890	37179	3	lurban	lurban	N	0.9422						1	0.0234	0.0524	175	89	0.01271	0.0149	0.3174	0.0385	0.06638	0.0385	0.000444	1155.95	0.000376	806.8	0.217	0.022	0		3158	3069.84	1.6125	1.5968	715.96	1.5427	3080.3	1.6046	1.5885	717.53	1.533	0.96	1	0.00704	0.01083	0.379	1	0.99164	1.00	0	0
340131	Carolina East Medical Center	35100	35100	24780	34	34240	37049	3	ourban	rural	S	0.8963		YES	YES			1	0	0	270	153	0	0	0.2215	0.01872	0	0.01872		0		0	0.301	0.019	17	7020.79	6285	6231.4	1.8122	1.8082			6238.97	1.8062	1.8022			0.9278	1	0.02797	0.01469	0.556	1	1.00339	1.00	0	0
340132	Maria Parham Medical Center	34	34	34	34	34900	37181	3	rural	rural	N	0.785						1	0	0	91	58	0	0	0.3194	0.03891	0	0.03	0.000255	958	0.000219	673.05	0.213	0.016	14	5022.98	2124	2089.02	1.3849	1.3702			2092.42	1.3874	1.3731			0.8472	1	0.00314	0.00305	0.475	1	0.99927	0.99	0	0
340133	Martin General Hospital	34	34	34	34	34580	37117	3	rural	rural	N	0.785						1	0	0	43	10	0	0	0.4441	0.06463	0	0.03	0.000093	1155.58	0.000054	510.14	0.2	0.014	14	5092.19	612	594.71	1.1413	1.1368			595.96	1.1378	1.1332			0.8472	1	0.02297	0.0187	0.513	1.18523	1.00609	0.99	0	0
340141	New Hanover Regional Medical Center	48900	48900	48900	34	34640	37129	3	ourban	rural	S	0.8802		YES				1	0.0872	0.1313	631	464	0.04649	0.03775	0.2841	0.03163	0	0.03163		0		0	0.262	0.025	17	7009.22	16649	16312.2	1.8538	1.843	2650.82	1.8784	16346.5	1.8537	1.8428	2655.41	1.886	0.9163	1	0.02835	0.04262	0.414	1	1.00171	1.00	0	0
340142	Carteret General Hospital	34	34	34	34	34150	37031	3	rural	rural	N	0.7928				YES	0.0078	1	0	0	104	65	0	0	0.1528	0.00671	0	0.00671		0		0	0.367	0.038	17	7145.26	2648	2606.34	1.5515	1.5464			2609.07	1.5501	1.5456			0.853	1	0.02855	0.04666	0.52	1	1.00921	0.99	0	0
340143	Catawba Valley Medical Center	25860	25860	16740	25860	34170	37035	3	ourban	ourban	W	0.9298						1	0	0	200	88	0	0	0.3717	0.0497	0.07817	0.0497	0.000428	1423.35	0.000419	1185.26	0.315	0.024	0		2599	2525.19	1.6786	1.6592			2535.64	1.6662	1.6477			0.9514	1	0.03881	0.03486	0.295	1	0.99283	1.00	0	0
340144	Davis Regional Medical Center	16740	16740	16740	16740	34480	37097	3	lurban	lurban	N	0.9422						1	0	0	102	33	0	0	0.3577	0.04681	0.07512	0.04681	0.000125	1101.27	0.000139	938.23	0.167	0.013	7		853	835.36	1.3788	1.3701			836.35	1.3816	1.372			0.96	1	0.01307	0.01114	0.382	1	1.00802	1.00	0	0
340145	Carolinas Healthcare System Lincoln	16740	16740	16740	16740	34540	37109	3	lurban	lurban	N	0.9422						1	0	0	101	51	0	0	0.3035	0.03563	0.06339	0.03563	0.000269	1246.63	0.000222	839.15	0.233	0.022	0		1723	1670.61	1.4174	1.4009			1676.85	1.4125	1.3966			0.96	1	0.00674	0.00973	0.43	1	1.00788	1.00	0	0
340147	Nash General Hospital	40580	40580	39580	40580	34630	37127	3	ourban	ourban	W	0.8997						1	0	0	280	168	0	0	0.3757	0.05053	0.07905	0.05053	0.000579	952.31	0.000552	723.02	0.272	0.02	0		4961	4878.75	1.5124	1.5045			4886.86	1.5183	1.5107			0.9302	1	0.01758	0.01374	0.464	1	0.99514	0.98	0	0
340148	Novant Health Medical Park Hospital	49180	49180	49180	49180	34330	37067	3	ourban	ourban	N	0.9158						1	0	0	22	10	0	0	0.09967	0	0	0		0		0	0.327	0.056	0		193	191.34	1.7309	1.7236			191.46	1.7233	1.717			0.9415	1	0.00835	0.02977	0.232	1	1.02275	1.00	0	0
340151	Halifax Regional Medical Center Inc	34	34	34	34	34410	37083	3	rural	rural	N	0.8046				YES	0.0196	1	0	0	86	51	0	0	0.3148	0.03	0	0.03		0		0	0.374	0.024	16	6144.84	2388	2347.51	1.4112	1.4058			2349.83	1.399	1.3919			0.8617	1	0.01309	0.00845	0.581	1	1.0072	1.00	0	0
340155	Duke Regional Hospital	20500	20500	20500	20500	34310	37063	3	ourban	ourban	N	0.9847						1	0.0882	0.1738	301	154	0.04701	0.05027	0.2558	0.0258	0.05316	0.0258	0.000673	1226.59	0.000667	978.71	0.245	0.014	0		4489	4372.12	1.7232	1.7073	1429.92	1.7244	4397.31	1.7189	1.7045	1439.39	1.7175	0.9895	1	0.01542	0.00646	0.33	1	1.00536	1.00	0	0
340156	Cherokee Indian Hospital Authority	34	99	99	99	34860	37173	3	rural	rural	N	1.4448						1	0	0	20	3	0	0	0.3295	0.03	0	0.03	0.000006	443.26		0	0.294	0.022	8		158	158	0.9245	0.9245			158	0.9256	0.9256			1.2866	1			0.332	1.24538	1	1.00	0	1
340158	Novant Health Brunswick Medical Center	34820	34820	34820	34820	34090	37019	3	ourban	ourban	N	0.8336						1	0	0	66	43	0	0	0.2537	0.02536	0	0.02536	0.000176	722.02	0.000133	432.32	0.254	0.051	0		1988	1939.16	1.3718	1.3637			1946.01	1.3565	1.3495			0.8828	1	0.00364	0.02267	0.524	1	1.00607	0.98	0	0
340159	Person Memorial Hospital	20500	20500	20500	20500	34720	37145	3	ourban	ourban	N	0.9847						1	0	0	39	10	0	0	0.1997	0.01433	0	0.01433	0.00005	744.36	0.000054	592.54	0.205	0.027	0		497	476.98	1.3215	1.3039			478.89	1.3099	1.2937			0.9895	1	0	0	0.497	1.20038	1.00311	0.99	0	0
340166	Carolinas Med Ctr-University	16740	16740	16740	16740	34590	37119	3	lurban	lurban	N	0.9422						1	0	0	99	61	0	0	0.3159	0.03	0	0.03	0.000448	2635.39	0.000338	1639.49	0.23	0.024	0		1493	1446.88	1.5092	1.485			1452.26	1.5135	1.4901			0.96	1	0.01069	0.02	0.219	1	1.00075	0.99	0	0
340168	Wilmington Treatment Center	48900	48900	48900	48900	34640	37129	3	ourban	ourban	N	0.8802						1	0	0	44	27	0	0	0.1911	0.01293	0	0.01293	0.000014	550.4	0.000019	657.04	0.394	0.034	0		282	279.41	0.7783	0.7782			279.41	0.8079	0.8077			0.9163	1	0	0	0.1	1	1	1.00	1	1
340171	Novant Health Matthews Medical Center	16740	16740	16740	16740	34590	37119	3	lurban	lurban	N	0.9422						1	0	0	122	99	0	0	0.199	0.01421	0.04112	0.01421	0.000292	800.01	0.000221	498.73	0.229	0.028	0		2974	2907.41	1.4439	1.4349			2914.21	1.4447	1.4365			0.96	1	0.00398	0.011	0.345	1	0.99957	0.99	0	0
340173	"Wakemed, Cary Hospital"	39580	39580	39580	39580	34910	37183	3	lurban	lurban	N	0.9524				YES	0.0111	1	0	0	156	115	0	0	0.1191	0	0.02441	0		0		0	0.24	0.022	0		3715	3642.94	1.4849	1.4774			3650.74	1.4937	1.4864			0.9672	1	0.01591	0.01953	0.355	1	0.99401	0.99	0	0
340183	Novant Health Huntersville Medical Center	16740	16740	16740	16740	34590	37119	3	lurban	lurban	N	0.9422						1	0.0661	0	75	63	0.03545	0	0.1441	0	0	0	0.000205	886.85	0.000132	446.04	0.265	0.03	0		1816	1759.88	1.4513	1.4428	459.63	1.4044	1765.08	1.4449	1.4355	461.34	1.4103	0.96	1	0.00353	0.01	0.309	1	1.00123	0.99	0	0
340184	Haywood Regional Medical Center	11700	11700	11700	11700	34430	37087	3	ourban	ourban	N	0.8959						1	0	0	122	41	0	0	0.2362	0.02175	0.04899	0.02175	0.000108	401.69	0.000131	413.45	0.244	0.026	0		2246	2206.11	1.4818	1.4748			2208.98	1.483	1.4748			0.9275	1	0.00247	0.00686	0.489	1	0.99931	1.00	0	0
340186	Vidant Beaufort Hospital	34	34	34	34	34060	37013	3	rural	rural	N	0.8389				YES	0.0539	1	0	0	66	28	0	0	0.2573	0.02611	0	0.02611	0.000205	1194.87	0.000089	440.52	0.416	0.022	0		1420	1386.31	1.4386	1.432			1387.43	1.4479	1.4383			0.8867	1	0.00795	0.00263	0.557	1.08371	1.0033	1.00	0	0
340187	Davie Medical Center	49180	49180	49180	49180	34290	37059	3	ourban	ourban	N	0.9158						1	0		25	0	0	0.52699	1	0.03	0	0.03		0		0	0.562	0.115	0		181	176.9	1.8121	1.8155			177.42	1.7771	1.7798			0.9415	1	0.17198	0.83648	176	1	1	1.00	1	0
340188	Cape Fear Valley Hoke Hospital	22180	22180	22180	22180	34460	37093	3	ourban	ourban	N	0.8239						1	0	0	43	6	0	0	0.2713	0.02899	0	0.02899	0.000146	3796.73		0	0.334	0.118	0		418	403.96	1.0841	1.0753			404.75	1.081	1.0725			0.8758	1	0.00079	0.02492	0.249	1	1	1.00	0	0
350002	Chi St Alexius Health	13900	13900	13900	13900	35070	38015	6	ourban	ourban	N	1						1	0.0278	0.0651	193	104	0.01508	0.01854	0.2166	0.01771	0.04484	0.01771	0.00018	386.06	0.000183	319.98	0.378	0.046	0		3860	3802.49	2.0083	2.0006	60.8	2.0894	3808.03	1.9998	1.9917	60.85	2.0966	1	1	0.0205	0.04311	0.426	1	1.00636	1.00	0	0
350006	Trinity Hospitals	35	35	35	35	35500	38101	6	rural	rural	N	1						1	0.0237	0.0503	203	86	0.01287	0.0143	0.2406	0.02266	0	0.02266		0		0	0.311	0.017	17	6428.89	2702	2658.7	1.9267	1.9096	24.36	1.6717	2662.67	1.9198	1.903	24.39	1.692	1	1	0.03567	0.01112	0.396	1	0.99392	0.99	0	0
350011	Sanford	22020	22020	24	35	35080	38017	6	ourban	rural	S	1		YES	YES			1	0.0961	0.0893	398	329	0.05111	0.02552	0.2924	0.03335	0	0.03335	0.000761	721.17	0.000726	590.55	0.318	0.012	7		9081	8985.46	2.1303	2.1237	578.91	1.8769	8994.24	2.1342	2.1275	579.77	1.8892	1	1	0.04783	0.00795	0.402	1	0.99174	1.00	0	0
350015	Sanford Medical Center Bismarck	13900	13900	35	35	35070	38015	6	ourban	rural	S	1		YES				1	0.0411	0.0826	198	115	0.0222	0.02358	0.2922	0.0333	0	0.0333	0.000366	826.7	0.000329	645.02	0.441	0.013	7		3949	3911	1.9255	1.923	94.46	1.6431	3914.79	1.9179	1.9154	94.63	1.6353	1	1	0.03537	0.00229	0.431	1	0.99944	1.00	0	0
350019	Altru Hospital	24220	24220	24220	24220	35170	38035	6	ourban	ourban	N	1						1	0.0879	0.1688	253	133	0.04686	0.04879	0.233	0.02109	0.04831	0.02109		0		0	0.377	0.029	16	6766.39	4921	4861.19	1.7991	1.7955	169.28	1.689	4867.84	1.7952	1.7916	169.71	1.6895	1	1	0.06896	0.05712	0.451	1	0.99973	1.00	0	0
350063	P H S Indian Hosp At Belcourt-Quentin N Burdick	35	99	99	99	35390	38079	6	rural	rural	N	1.4448						1	0	0	27	6	0	0	0.5655	0.03	0	0.03	0.000033	1726.07	0.000028	1403.15	0.311	0.023	8		205	202.93	0.9136	0.9139			203.1	0.9056	0.9058			1.2866	1			0.265	1.2397	1	1.00	0	0
350064	Standing Rock Indian Health Service Hospital	13900	99	99	99	35420	38085	6	ourban	rural	N	1.4448						1	0	0	12	1	0	0	0.4068	0.03	0	0.03	0	153.16	0	428.21	0.37	0.023	8		3	3	0.7563	0.7563			3	0.7396	0.7396			1.2866	1			0.277	1.25	1	1.00	1	1
350070	Essentia Health Fargo	22020	22020	22020	22020	35080	38017	6	ourban	ourban	N	1						1	0	0	133	103	0	0	0.2218	0.01878	0.04594	0.01878	0.00025	578.72	0.000237	484.89	0.407	0.031	0		3754	3716.65	1.8839	1.874			3719.67	1.8848	1.8744			1	1	0.06387	0.05005	0.436	1	1.00374	1.00	0	0
360001	Mercy Hospital Anderson	17140	17140	17140	17140	36310	39061	4	lurban	lurban	N	0.9203						1	0	0	180	129	0	0	0.2541	0.02545	0.0528	0.02545	0.000237	570.21	0.000261	516.53	0.23	0.017	0		3585	3508.96	1.7106	1.6993			3516.93	1.716	1.7045			0.9447	1	0.02786	0.02054	0.28	1	1.00283	0.99	0	0
360002	University Hospitals Samaritan Medical Center	36	36	36	36	36020	39005	4	rural	rural	N	0.7993						1	0	0	39	17	0	0	0.2169	0.01777	0	0.01777	0.000074	637.8	0.00006	437.99	0.537	0.031	14	6487.31	1011	978.5	1.2128	1.2002			982.15	1.2201	1.2092			0.8578	1	0.00015	0	0.382	1	1.00677	1.00	0	0
360003	"University Of Cincinnati Medical Center, Llc"	17140	17140	17140	17140	36310	39061	4	lurban	lurban	N	0.9203						1	0.751	0.9615	476	377	0.34381	0.31171	0.5006	0.07629	0.10669	0.07629	0.001411	1982.32	0.001308	1516.6	0.197	0.012	0		5822	5711.17	2.0847	2.0579	2361.57	2.1801	5719.33	2.1019	2.0761	2365.81	2.2059	0.9447	1	0.07757	0.03872	0.231	1	0.99682	1.00	0	0
360006	Riverside Methodist Hospital	18140	18140	18140	18140	36250	39049	4	lurban	lurban	N	0.9549						1	0.1878	0.2609	670	521	0.09745	0.0764	0.2447	0.02351	0.0508	0.02351	0.000981	618.09	0.000846	451.28	0.221	0.021	0		13504	13191.6	2.1301	2.1185	4683.48	2.1186	13241.3	2.1211	2.1102	4702.69	2.1113	0.9689	1	0.03198	0.04473	0.303	1	0.9936	1.00	0	0
360008	Southern Ohio Medical Center	36	36	26580	36	36740	39145	4	rural	rural	W	0.825						1	0.0392	0.1729	174	125	0.02119	0.05	0.3655	0.04842	0	0.04842		0		0	0.268	0.025	17	6958.63	4559	4490.34	1.5686	1.5475	644.07	1.6842	4493.84	1.5803	1.5578	645.14	1.6859	0.8766	1	0.03677	0.05246	0.487	1	0.99446	0.99	0	0
360009	Lima Memorial Health System	30620	30620	30620	30620	36010	39003	4	ourban	ourban	N	0.8713						1	0	0	155	61	0	0	0.2327	0.02103	0.04825	0.02103	0.000188	613.33	0.000192	529.66	0.312	0.038	0		2680	2591.97	1.7431	1.734			2600.84	1.7493	1.7404			0.91	1	0.0365	0.09671	0.429	1	0.99728	0.99	0	0
360010	Union Hospital	36	36	36	36	36800	39157	4	rural	rural	N	0.8019				YES	0.0026	1	0	0	139	51	0	0	0.2092	0.01619	0	0.01619	0.00011	429.16	0.000123	402.43	0.531	0.032	7		2168	2119.32	1.3736	1.3535			2123.77	1.377	1.3576			0.8597	1	0.00682	0.00328	0.404	1	1.00619	1.00	0	0
360011	Marion General Hospital	36	36	18140	36	36520	39101	4	rural	rural	W	0.9256						1	0	0	171	57	0	0	0.3145	0.0379	0	0.0379	0.000271	874.85	0.000232	637.83	0.333	0.029	7		2630	2543.24	1.4932	1.4894			2548.65	1.4992	1.4955			0.9484	1	0.02937	0.0378	0.39	1	1.0029	0.99	0	0
360012	Mount Carmel St Ann'S	18140	18140	18140	18140	36250	39049	4	lurban	lurban	N	0.9549						1	0.0333	0.0454	265	152	0.01803	0.01289	0.3121	0.03741	0.06524	0.03741	0.000363	880.58	0.000395	825.57	0.242	0.027	0		3671	3593.16	1.7638	1.7462	2022.47	1.9337	3601.51	1.7682	1.7509	2027.04	1.9367	0.9689	1	0.0069	0.01692	0.208	1	1.00345	1.00	0	0
360013	Wilson Memorial Hospital	36	36	30620	36	36760	39149	4	rural	rural	W	0.8489						1	0	0	61	19	0	0	0.2673	0.02817	0	0.02817	0.000074	782.54	0.000065	596.54	0.486	0.038	0		800	776.23	1.2574	1.2445			778.98	1.2559	1.2434			0.8939	1	0.0106	0.01145	0.325	1.10795	1.00297	0.99	0	0
360014	Ohiohealth O'Bleness Hospital	36	36	18140	36	36040	39009	4	rural	rural	W	0.9256						1	0.0188	0.7197	63	17	0.01022	0.22519	0.459	0.06771	0	0.03		0		0	0.444	0.042	17	9210.53	807	749.52	1.4705	1.4514	133.33	1.5122	753.66	1.4745	1.4522	133.99	1.5053	0.9484	1	0.00274	0.00314	0.269	1.0875	1.01125	1.00	0	0
360016	"Jewish Hospital, Llc"	17140	17140	17140	17140	36310	39061	4	lurban	lurban	N	0.9203						1	0.3733	0.4654	161	119	0.18507	0.14035	0.1789	0.01095	0.03689	0.01095	0.000187	446.32	0.00019	381.73	0.22	0.032	0		3874	3773.44	1.6879	1.6765	1965.65	1.5855	3784.25	1.6952	1.6841	1970.83	1.5789	0.9447	1	0.03991	0.10926	0.338	1	1.01264	1.00	0	0
360017	Grant Medical Center	18140	18140	18140	18140	36250	39049	4	lurban	lurban	N	0.9549						1	0.2391	0.338	379	282	0.12245	0.10008	0.4754	0.07109	0.10105	0.07109	0.000804	1410.01	0.000779	1097.67	0.204	0.015	0		4680	4589.05	2.1096	2.0964	2253.31	2.1033	4597.06	2.1136	2.1009	2259.42	2.094	0.9689	1	0.04178	0.03058	0.234	1	0.99385	1.00	0	0
360020	Summa Health System	10420	10420	17460	36	36780	39153	4	ourban	rural	S	0.8585		YES	YES			1	0.2985	0.5377	624	360	0.15064	0.16386	0.2384	0.02221	0	0.02221	0.000749	861.51	0.000908	870.88	0.139	0.012	7		6857	6730.95	1.6789	1.6624	5937.89	1.7426	6738.8	1.6868	1.6704	5946.23	1.7599	0.9008	1	0.03031	0.0336	0.249	1	0.9954	0.99	0	0
360025	Firelands Regional Medical Center	36	36	45780	36	36220	39043	4	rural	rural	W	0.854						1	0.0292	0.1426	171	106	0.01583	0.04106	0.2896	0.03277	0	0.03277	0.000183	383.34	0.000171	304.16	0.32	0.028	7		4050	3971.2	1.5548	1.5405	671.67	1.6097	3976.12	1.5649	1.5503	672.22	1.6267	0.8976	1	0.01332	0.01678	0.48	1	1.00118	1.00	0	0
360026	Greene Memorial Hospital	19380	19380	19380	19380	36290	39057	4	ourban	ourban	N	0.8823						1	0	0	49	21	0	0	0.1904	0.01282	0	0.01282	0.000064	676.72	0.000059	516.74	0.202	0.018	0		773	746.14	1.3834	1.3763			747.72	1.3959	1.3867			0.9178	1	0.01802	0.02204	0.349	1	1.00147	0.99	0	0
360027	Akron General Medical Center	10420	10420	17460	10420	36780	39153	4	ourban	ourban	W	0.8585						1	0.2834	0.4993	326	241	0.14355	0.15131	0.3137	0.03774	0.06559	0.03774	0.00066	839.21	0.000448	462.96	0.195	0.011	0		6662	6572	1.58	1.5637	3446.79	1.7072	6579.09	1.5855	1.5686	3450.66	1.7038	0.9008	1	0.02506	0.00955	0.287	1	0.99943	1.00	0	0
360029	Wood County Hospital	45780	45780	45780	45780	36880	39173	4	ourban	ourban	N	0.8671						1	0	0	96	23	0	0	0.1936	0.01334	0	0.01334	0.000085	820.93	0.000068	526.66	0.483	0.066	0		849	830.06	1.3392	1.3182			830.22	1.3356	1.3132			0.907	1	0.02839	0.08002	0.353	1.09144	0.99719	0.99	0	0
360032	Grand Lake Health System	36	36	30620	36	36050	39011	4	rural	rural	W	0.8489						1	0	0	40	13	0	0	0.157	0.00739	0	0.00739	0.000266	3885.77	0.000113	1239.93	0.559	0.055	14	5940.21	527	511.81	1.2887	1.2783			512.6	1.2862	1.2758			0.8939	1	0.01015	0.02427	0.36	1.17152	1.01163	1.00	0	0
360035	Mount Carmel West	18140	18140	18140	18140	36250	39049	4	lurban	lurban	N	0.9549						1	0.1104	0.1664	684	422	0.05849	0.04808	0.2866	0.03215	0.05975	0.03215	0.000753	779.81	0.00086	749.7	0.248	0.018	0		8444	8247.21	1.9192	1.8995	5898.45	2.1199	8272.73	1.9215	1.9021	5914.49	2.1165	0.9689	1	0.01296	0.00899	0.236	1	0.99508	1.00	0	0
360036	Wooster Community Hospital	36	36	17460	36	36860	39169	4	rural	rural	W	0.8585						1	0	0	103	41	0	0	0.2469	0.02396	0	0.02396	0.000098	451.97	0.000111	443.81	0.544	0.035	7		1945	1880.44	1.4565	1.4399			1886.46	1.4574	1.4403			0.9008	1	0.01733	0.01005	0.259	1	1.00489	1.00	0	0
360037	St Vincent Charity Medical Center	17460	17460	17460	17460	36170	39035	4	lurban	lurban	N	0.8829						1	0.4942	0.832	159	77	0.23843	0.26464	0.599	0.09658	0.12896	0.09658	0.000221	1197.41	0.0003	1223.35	0.268	0.015	0		1325	1303.83	1.8316	1.8187	709.53	1.7954	1306.09	1.8255	1.8128	710.95	1.8032	0.9182	1	0.01103	0.00229	0.242	1	0.99969	1.00	0	0
360039	Genesis Hospital	36	36	18140	36	36610	39119	4	rural	rural	W	0.9256						1	0	0	286	152	0	0	0.3382	0.04279	0	0.04279		0		0	0.305	0.04	17	6897.49	5134	5047.96	1.65	1.6401			5054.03	1.6546	1.6445			0.9484	1	0.02465	0.07392	0.38	1	0.99832	0.99	0	0
360040	Knox Community Hospital	36	36	36	36	36430	39083	4	rural	rural	N	0.8593				YES	0.06	1	0	0	62	26	0	0	0.3	0.03	0	0.03		0		0	0.378	0.024	16	6477.34	1440	1389.91	1.485	1.4715			1393.4	1.4804	1.4669			0.9014	1	0.02156	0.01138	0.399	1	1.00087	0.99	0	0
360041	Parma Community General Hospital	17460	17460	17460	17460	36170	39035	4	lurban	lurban	N	0.8829						1	0.0806	0	210	119	0.04305	0	0.10599	0	0.0217	0		0		0	0.295	0.029	0		3757	3663.81	1.5983	1.5852	1665.77	1.6163	3675.45	1.584	1.57	1670.77	1.5984	0.9182	1	0.00744	0.01305	0.424	1	1.00162	1.00	0	0
360044	Wayne Hospital	36	36	36	36	36190	39037	4	rural	rural	N	0.8214				YES	0.0221	1	0	0	63	17	0	0	0.2734	0.02943	0	0.02943	0.000115	1237.81	0.000052	419.41	0.507	0.077	14	6614.83	673	642.55	1.3309	1.3118			645.12	1.3209	1.3021			0.874	1	0.0221	0.08669	0.485	1.12371	1.00171	1.00	0	1
360046	Mccullough-Hyde Memorial Hospital	17140	17140	17140	17140	36080	39017	4	lurban	lurban	N	0.9203						1	0	0	45	16	0	0	0.237	0.02192	0	0.02192	0.000099	1399	0.000048	596.87	0.361	0.073	0		634	607.25	1.3902	1.3765			610.57	1.3804	1.3673			0.9447	1	0.00152	0.00878	0.299	1	1.00715	0.98	0	0
360048	University Of Toledo Medical Center	45780	45780	45780	45780	36490	39095	4	ourban	ourban	N	0.8671						1	0.6052	1.0769	212	147	0.28521	0.35514	0.292	0.03326	0.06091	0.03326	0.000237	536.06	0.000303	572.43	0.212	0.014	0		3878	3824.29	1.8881	1.8656	1274.1	1.8522	3829.76	1.9023	1.8813	1275.53	1.87	0.907	1	0.05841	0.03349	0.368	1	0.99329	1.00	0	0
360051	Miami Valley Hospital	19380	19380	18140	36	36580	39113	4	ourban	rural	S	0.9256		YES	YES			1	0.1182	0.2368	772	416	0.06249	0.06911	0.3696	0.04927	0	0.04927	0.001459	1628.33	0.001345	1220.02	0.224	0.023	7		7594	7375.42	1.9256	1.908	3676.05	2.0044	7400.57	1.9279	1.9108	3690.68	2.0074	0.9484	1	0.0384	0.0687	0.231	1	1.00175	1.00	0	0
360052	Good Samaritan Hospital	19380	19380	19380	19380	36580	39113	4	ourban	ourban	N	0.8823						1	0.1757	0.3986	329	147	0.09146	0.11906	0.2728	0.0293	0.0568	0.0293	0.000547	1064.58	0.000406	649.14	0.216	0.022	0		4525	4380.32	1.7086	1.6879	2521.79	1.7783	4393.3	1.7155	1.6941	2532.85	1.7759	0.9178	1	0.03695	0.06303	0.309	1	0.99831	0.98	0	0
360054	Holzer Medical Center	36	36	36	36	36270	39053	4	rural	rural	N	0.7993						1	0.0336	0	157	33	0.01819	0	0.3962	0.05475	0	0.05475	0.000141	728.82	0.000141	600.29	0.361	0.029	7		1761	1686.26	1.4435	1.428	90.26	1.3151	1692.01	1.4393	1.4243	90.65	1.3179	0.8578	1	0.017	0.0208	0.417	1	1.00263	1.00	0	0
360055	"Steward Trumbull Memorial Hospital, Inc"	49660	49660	17460	49660	36790	39155	4	ourban	ourban	W	0.8585						1	0	0	295	118	0	0	0.2911	0.03308	0.06072	0.03308	0.000127	437.05	0.000199	514.38	0.146	0.011	0		2365	2336.18	1.5878	1.5716			2338.79	1.5971	1.5815			0.9008	1	0.01279	0.00811	0.287	1	0.99909	1.00	0	0
360056	Mercy Hospital Fairfield	17140	17140	17140	17140	36080	39017	4	lurban	lurban	N	0.9203						1	0	0	192	136	0	0	0.2145	0.01728	0.04439	0.01728	0.000283	607.07	0.000291	509.83	0.211	0.021	0		4029	3932.74	1.6485	1.6349			3940.3	1.6497	1.636			0.9447	1	0.02208	0.03242	0.279	1	1.00722	1.00	0	0
360058	Mercer County Joint Township Community Hospital	36	36	36	36	36550	39107	4	rural	rural	N	0.7993						1	0	0	42	15	0	0	0.1358	0	0	0		0		0	0.5	0.042	0		801	786.1	1.1351	1.1265			787.04	1.1338	1.1251			0.8578	1	0.00269	0.00317	0.414	1.16076	1.00393	1.00	0	0
360059	Metrohealth System	17460	17460	17460	17460	36170	39035	4	lurban	lurban	N	0.8829						1	0.706	1.2535	480	286	0.32604	0.42438	0.687	0.11473	0.14926	0.11473	0.001339	2805.18	0.001537	2452.13	0.265	0.015	0		3576	3510.77	1.8311	1.8211	2362.12	1.7844	3518.15	1.8376	1.8294	2363.54	1.7799	0.9182	1	0.02034	0.00745	0.166	1	0.99732	0.99	0	0
360064	St Elizabeth Youngstown Hospital	49660	49660	17460	36	36510	39099	4	ourban	rural	S	0.8585		YES	YES			1	0.2008	0.2697	325	209	0.10385	0.07908	0.2578	0.02621	0	0.02621	0.000373	630.34	0.000459	628.24	0.23	0.016	7		4899	4800.33	1.895	1.8575	3687.04	1.7546	4808.53	1.8971	1.8597	3692.94	1.7585	0.9008	1	0.03102	0.02191	0.312	1	0.99184	0.99	0	0
360065	Fisher-Titus Hospital	36	36	17460	36	36400	39077	4	rural	rural	W	0.8585						1	0	0	78	32	0	0	0.2712	0.02897	0	0.02897	0.000106	550.14	0.000099	443.77	0.447	0.053	7		1731	1650.94	1.3825	1.3637			1659.34	1.3845	1.3665			0.9008	1	0.00511	0.01311	0.415	1	1.01226	0.99	0	0
360066	St Rita'S Medical Center	30620	30620	30620	30620	36010	39003	4	ourban	ourban	N	0.8713						1	0.0111	0.0155	289	168	0.00605	0.00438	0.2624	0.02716	0.05457	0.02716	0.000373	471.65	0.000385	415.89	0.187	0.016	0		6828	6683.14	1.6816	1.6666	1726.18	1.6412	6689.68	1.6942	1.6781	1728.61	1.6528	0.91	1	0.03007	0.03151	0.408	1	1.00552	1.00	0	0
360068	Toledo Hospital The	45780	45780	11460	36	36490	39095	4	ourban	rural	S	0.9481		YES	YES			1	0.1146	0.113	654	397	0.06064	0.0324	0.3699	0.04933	0	0.04933	0.000722	819.23	0.001006	937.22	0.186	0.02	7		7530	7388.29	2.1588	2.1323	3143.53	2.0496	7409.54	2.1595	2.1338	3149.36	2.0479	0.9642	1	0.05617	0.10332	0.245	1	1.00207	1.00	0	0
360070	Mercy Medical Center	15940	15940	17460	36	36770	39151	4	ourban	rural	S	0.8585		YES	YES			1	0.0984	0.164	256	181	0.0523	0.04737	0.2557	0.02578	0	0.02578	0.000324	684.34	0.000362	624	0.353	0.02	7		3969	3916.43	1.7935	1.7855	2430.08	1.7611	3919.82	1.8051	1.7969	2433.45	1.775	0.9008	1	0.01291	0.00511	0.292	1	0.9978	1.00	0	0
360071	Van Wert County Hospital	36	36	36	36	36820	39161	4	rural	rural	N	0.8048				YES	0.0055	1	0	0	61	8	0	0	0.1954	0.01363	0	0.01363	0.000028	539.71	0.000024	348.04	0.54	0.034	14	7525.74	417	390.4	1.4194	1.3954			392.7	1.4073	1.3839			0.8618	1	0.08341	0.05005	0.441	1.21189	1	0.98	1	0
360072	Fairfield Medical Center	18140	18140	18140	18140	36230	39045	4	lurban	lurban	N	0.9549						1	0.1187	0.2366	205	93	0.06274	0.06905	0.2679	0.02829	0.05575	0.02829	0.000196	446.66	0.000166	327.07	0.38	0.033	0		4057	3935.09	1.6485	1.6353	1344.19	1.7914	3942.72	1.6532	1.6397	1346.86	1.7911	0.9689	1	0.02373	0.02508	0.37	1	0.99634	1.00	0	0
360074	Flower Hospital	45780	45780	45780	45780	36490	39095	4	ourban	ourban	N	0.8671						1	0.0125	0.1377	144	81	0.00681	0.03962	0.1847	0.01189	0.03811	0.01189	0.000186	751.68	0.000165	525.67	0.193	0.015	0		2007	1953	1.6191	1.5947	1155.54	1.512	1959.24	1.6155	1.5912	1158.06	1.5177	0.907	1	0.02571	0.01978	0.321	1	1.00323	1.00	0	0
360075	Uhhs Richmond Heights Hospital	17460	17460	17460	17460	36170	39035	4	lurban	lurban	N	0.8829						1	0.7857	1.3608	107	54	0.35733	0.46817	0.2439	0.02334	0.05063	0.02334	0.000213	1032.4	0.000128	471.94	0.245	0.027	0		1594	1547.08	1.4491	1.4341	1024.89	1.473	1550.84	1.4437	1.4302	1026.02	1.4635	0.9182	1	0.00352	0.00618	0.38	1	1.008	1.00	0	0
360076	Atrium Medical Center	17140	17140	17140	17140	36080	39017	4	lurban	lurban	N	0.9203						1	0	0	217	79	0	0	0.2717	0.02908	0.05656	0.02908	0.000404	1466.86	0.00028	771.35	0.236	0.029	0		2206	2138.79	1.7786	1.7615			2146.71	1.7809	1.7619			0.9447	1	0.03784	0.09262	0.31	1	1.00019	1.00	0	0
360077	Fairview Hospital	17460	17460	17460	17460	36170	39035	4	lurban	lurban	N	0.8829						1	0.1445	0.2598	419	263	0.07585	0.07607	0.284	0.03161	0.0592	0.03161	0.000606	803.07	0.000567	651.12	0.24	0.022	0		6609	6472.14	1.5946	1.5794	2987.01	1.6488	6485.72	1.585	1.5706	2992	1.6379	0.9182	1	0.00647	0.00904	0.251	1	1.00662	0.99	0	0
360078	University Hospitals Portage Medical Center	10420	10420	10420	10420	36680	39133	4	ourban	ourban	N	0.8136						1	0.0137	0.0183	104	62	0.00746	0.00518	0.2228	0.01899	0.04615	0.01899	0.000119	604	0.000145	596.2	0.229	0.028	0		1801	1774.84	1.6354	1.6278	1350.4	1.5358	1777.28	1.6409	1.6335	1352.29	1.5369	0.8683	1	0.01183	0.03199	0.29	1	0.99198	0.99	0	0
360079	Kettering Medical Center	19380	19380	18140	36	36580	39113	4	ourban	rural	S	0.9256		YES	YES			1	0.1712	0.2599	364	235	0.08923	0.0761	0.2238	0.0192	0	0.0192	0.000293	400.92	0.000323	367.35	0.185	0.011	7		5938	5794.95	2.0077	1.9877	3033.66	1.9835	5809.42	2.0111	1.9915	3039.27	1.9899	0.9484	1	0.01427	0.00492	0.268	1	0.99931	0.99	0	0
360080	East Ohio Regional Hospital	48540	48540	48540	48540	36060	39013	4	ourban	ourban	N	0.7993						1	0	0	84	33	0	0	0.2819	0.03	0	0.03	0.000056	548.97	0.000084	640.39	0.301	0.026	0		806	787.45	1.4347	1.4221			791.38	1.4266	1.4158			0.8578	1	0.00302	0.00422	0.341	1	0.99769	0.99	0	0
360081	Mercy St Charles Hospital	45780	45780	45780	45780	36490	39095	4	ourban	ourban	N	0.8671						1	0.0914	0.217	121	58	0.04868	0.06315	0.3141	0.03782	0.06567	0.03782	0.000131	563.07	0.000163	542.43	0.186	0.016	0		1983	1931.62	1.506	1.4913	741	1.4276	1935.77	1.5099	1.4961	742.28	1.4337	0.907	1	0.04208	0.04454	0.362	1	1.00276	1.00	0	0
360082	Euclid Hospital	17460	17460	17460	17460	36170	39035	4	lurban	lurban	N	0.8829						1	0	0	128	62	0	0	0.2529	0.0252	0.05255	0.0252	0.000166	797.33	0.000141	550.92	0.283	0.02	0		1850	1801.12	1.4981	1.4853			1805.19	1.4897	1.4772			0.9182	1	0.00491	0.00348	0.34	1	1.00138	1.00	0	0
360084	Aultman Hospital	15940	15940	17460	36	36770	39151	4	ourban	rural	S	0.8585		YES	YES			1	0.1293	0.2558	430	227	0.06815	0.07486	0.2532	0.02526	0	0.02526	0.000412	659.28	0.000508	635.99	0.332	0.024	7		5100	5025.82	1.8341	1.8116	3870.7	1.7874	5030.72	1.8377	1.8143	3875.7	1.7898	0.9008	1	0.01551	0.01135	0.265	1	0.99625	0.99	0	0
360085	Ohio State University Hospitals	18140	18140	18140	18140	36250	39049	4	lurban	lurban	N	0.9549						1	0.3461	0.4718	829	648	0.17269	0.14241	0.4379	0.06335	0.09273	0.06335	0.00156	1218.69	0.001821	1199.05	0.213	0.009	0		11467	11299.7	2.1383	2.1222	3479.91	2.0006	11315.4	2.139	2.1232	3485.77	1.9928	0.9689	1	0.13985	0.04051	0.263	1	1.00085	1.00	0	0
360086	Mercy Health - Springfield Regional Medical Center	44220	44220	18140	36	36110	39023	4	ourban	rural	S	0.9256		YES	YES			1	0	0	230	150	0	0	0.3061	0.03617	0	0.03617	0.000308	762.25	0.000376	716.31	0.212	0.032	7		3240	3152.33	1.7042	1.6827			3158.61	1.7201	1.6985			0.9484	1	0.01266	0.04715	0.268	1	1.00048	0.99	0	0
360087	Lutheran Hospital	17460	17460	17460	17460	36170	39035	4	lurban	lurban	N	0.8829						1	0.0327	0.0883	118	41	0.01771	0.02523	0.4561	0.06711	0.09676	0.06711	0.000146	1085.2	0.000105	634.82	0.26	0.015	0		1189	1125.62	1.6633	1.6396	605.16	1.7425	1143.75	1.6446	1.6277	615.85	1.7177	0.9182	1	0.00037	0	0.22	1	1.00292	1.00	0	0
360089	Mercy Tiffin Hospital	36	36	36	36	36750	39147	4	rural	rural	N	0.7993						1	0	0	48	17	0	0	0.2478	0.02415	0	0.02415	0.000042	398.3	0.000044	379.37	0.308	0.051	14	6371.63	940	915.14	1.2707	1.2607			917.05	1.2626	1.2526			0.8578	1	0.00213	0.01164	0.485	1.13803	1.01163	1.00	0	0
360090	St Luke'S Hospital	45780	45780	45780	45780	36490	39095	4	ourban	ourban	N	0.8671						1	0.0544	0.1608	173	114	0.02928	0.04642	0.1402	0	0.0288	0		0		0	0.316	0.027	0		3515	3465.2	1.6717	1.6538	1317.8	1.7083	3469.33	1.667	1.6498	1318.44	1.7099	0.907	1	0.01953	0.02073	0.346	1	1.00044	0.99	0	0
360091	Medina Hospital	17460	17460	17460	17460	36530	39103	4	lurban	lurban	N	0.8829						1	0	0	148	65	0	0	0.1063	0	0.02176	0		0		0	0.319	0.026	0		2639	2577.2	1.4243	1.4154			2581.24	1.4261	1.4173			0.9182	1	0.00294	0.00288	0.369	1	1.00055	0.99	0	0
360092	Memorial Hospital	18140	18140	18140	18140	36810	39159	4	lurban	lurban	N	0.9549						1	0	0	60	11	0	0	0.2501	0.02462	0	0.02462	0.00008	1652.77	0.000064	959.79	0.4	0.043	0		395	375.61	1.4045	1.3934			377.16	1.3967	1.3866			0.9689	1	0.01032	0.02238	0.195	1.17068	1.00398	0.99	0	0
360095	Blanchard Valley Hospital	36	36	30620	36	36330	39063	4	rural	rural	W	0.8489						1	0	0	141	62	0	0	0.2076	0.01586	0	0.01586	0.000212	633.55	0.000182	463.03	0.487	0.048	7		2815	2747.39	1.5474	1.5357			2753.05	1.5529	1.5402			0.8939	1	0.0583	0.09464	0.377	1	1.00573	1.00	0	0
360096	East Liverpool City Hospital	36	36	49660	49660	36140	39029	4	rural	ourban	L	0.7993	LUGAR					1	0.2286	0.3737	93	33	0.11739	0.11122	0.3695	0.03	0	0.03	0.000099	490.77	0.000118	518.04	0.269	0.021	0		2013	1925.29	1.4985	1.4778	249.23	1.2856	1929.5	1.5107	1.4905	249.19	1.2883	0.8578	1	0.00301	0.00295	0.404	1	1.01712	0.99	0	0
360098	Lake Health	17460	17460	17460	17460	36440	39085	4	lurban	lurban	N	0.8829						1	0	0	278	175	0	0	0.1618	0.00817	0.03331	0.00817	0.000298	418.95	0.000304	346.38	0.25	0.029	0		5909	5808.65	1.5402	1.5298			5818.07	1.5385	1.5275			0.9182	1	0.01053	0.02349	0.384	1	1.00477	0.99	0	0
360107	Bellevue Hospital	36	36	36	36	36730	39143	4	rural	rural	N	0.8097				YES	0.0104	1	0	0	50	11	0	0	0.3315	0.03	0	0.03	0.000059	937.62	0.000041	527.01	0.402	0.064	0		570	546.82	1.2453	1.2389			548.6	1.2424	1.2364			0.8654	1	0.02773	0.10864	0.319	1	1.00884	1.00	0	0
360109	Coshocton Regional Medical Center	36	36	18140	36	36150	39031	4	rural	rural	W	0.9256						1	0	0	56	14	0	0	0.2302	0.02052	0	0.02052		0		0	0.557	0.044	16	7324.95	885	842.77	1.437	1.4238			844.29	1.4537	1.4408			0.9484	1	0.07588	0.07067	0.539	1.1697	1.01178	0.99	0	0
360112	Mercy St Vincent Medical Center	45780	45780	45780	45780	36490	39095	4	ourban	ourban	N	0.8671						1	0.4573	0.7027	331	203	0.22243	0.21933	0.5053	0.07726	0.10774	0.07726	0.000491	981.14	0.000725	1162.46	0.146	0.013	0		4157	4081.11	1.941	1.9135	1601.65	1.8996	4087.21	1.9593	1.9322	1603.4	1.9294	0.907	1	0.08136	0.09419	0.25	1	0.99662	0.99	0	0
360118	Ohiohealth Mansfield Hospital	31900	31900	31900	31900	36710	39139	4	ourban	ourban	N	0.8243						1	0	0	211	136	0	0	0.3104	0.03706	0.06487	0.03706	0.000257	450.54	0.000285	424.51	0.343	0.032	0		4657	4526.71	1.6596	1.6431			4546.92	1.6675	1.6522			0.8761	1	0.03804	0.05001	0.435	1	0.99756	1.00	0	0
360121	Community Hospitals And Wellness Centers	36	36	45780	36	36870	39171	4	rural	rural	W	0.854						1	0	0	75	16	0	0	0.2169	0.01777	0	0.01777	0.000078	762.07	0.000056	477.74	0.607	0.071	15	6995.84	858	842.3	1.4251	1.4214			843.55	1.4163	1.4125			0.8976	1	0.10308	0.20758	0.418	1.14462	0.99507	1.00	0	0
360123	St John Medical Center	17460	17460	17460	17460	36170	39035	4	lurban	lurban	N	0.8829						1	0.2455	0.3586	161	91	0.12553	0.10649	0.1491	0	0.03065	0		0		0	0.244	0.023	0		3357	3262.41	1.6074	1.5895	1259.86	1.6272	3268.92	1.6074	1.5902	1262.53	1.621	0.9182	1	0.00257	0.00372	0.398	1	1.00671	1.00	0	0
360125	Ashtabula County Medical Center	36	36	17460	36	36030	39007	4	rural	rural	S	0.8585	LUGAR	YES	YES			1	0	0	108	44	0	0	0.288	0.03	0	0.03244		0		0	0.325	0.017	16	6560.59	2120	2058.98	1.2756	1.2595			2062.74	1.2758	1.2603			0.9008	1	0.00943	0.00273	0.498	1	1.00301	0.98	0	0
360131	Alliance Community Hospital	15940	15940	15940	15940	36770	39151	4	ourban	ourban	N	0.8034				YES	0.0041	1	0.1248	0.3282	100	22	0.06586	0.09704	0.2205	0.01852	0.04566	0.01852	0.000104	1029.03	0.000094	715.31	0.495	0.035	0		791	755.64	1.4438	1.4302	284.4	1.5898	758.51	1.435	1.4197	285.65	1.5882	0.8608	1	0.00123	0.00047	0.324	1	0.99892	0.99	0	0
360132	Fort Hamilton Hughes Memorial Hospital	17140	17140	17140	17140	36080	39017	4	lurban	lurban	N	0.9203						1	0	0	140	84	0	0	0.3677	0.04888	0.0773	0.04888	0.000165	583.3	0.000208	580.84	0.192	0.016	0		2125	2082.98	1.4897	1.4807			2087.32	1.485	1.4774			0.9447	1	0.00779	0.00777	0.312	1	1.00484	0.99	0	0
360133	Grandview Hospital & Medical Center	19380	19380	17140	36	36580	39113	4	ourban	rural	S	0.9203		YES	YES			1	0.26	0.5568	252	125	0.13246	0.17015	0.3834	0.05211	0	0.05211	0.000318	933.56	0.000365	891.5	0.175	0.016	7		2985	2940.77	1.7046	1.6923	1662.23	1.8062	2945.71	1.7056	1.6932	1663.82	1.8063	0.9447	1	0.01675	0.02191	0.24	1	1.00331	1.00	0	0
360134	Good Samaritan Hospital	17140	17140	17140	17140	36310	39061	4	lurban	lurban	N	0.9203						1	0.15	0.2337	430	260	0.07862	0.06817	0.3656	0.04844	0.07684	0.04844	0.000666	1209.25	0.000861	1305.2	0.251	0.018	0		4691	4558.94	1.9105	1.8955	2473.3	1.8398	4576.95	1.9019	1.8863	2479.99	1.8316	0.9447	1	0.03526	0.02581	0.184	1	1.00167	1.00	0	0
360137	Uh Cleveland Medical Center	17460	17460	17460	17460	36170	39035	4	lurban	lurban	N	0.8829						1	0.7119	0.9615	564	443	0.32839	0.31171	0.3741	0.0502	0.0787	0.0502	0.00133	1467.09	0.001122	976.41	0.223	0.021	0		7373	7256.72	2.3509	2.3316	4244.83	2.2263	7269.37	2.3595	2.3409	4249.81	2.2366	0.9182	1	0.11897	0.15922	0.267	1	1.00153	1.00	0	0
360141	"Steward Northside Medical Center, Inc"	49660	49660	17460	36	36510	39099	4	ourban	rural	S	0.8585		YES	YES			1	0.4103	1.0735	188	66	0.20169	0.35384	0.3456	0.04432	0	0.04432	0.000096	684.18	0.000166	773.48	0.161	0.019	7		878	857.58	1.6859	1.6643	654.5	1.6814	859.02	1.6929	1.6705	654.75	1.6996	0.9008	1	0.04786	0.09472	0.277	1	0.99904	0.99	0	0
360143	Marymount Hospital	17460	17460	17460	17460	36170	39035	4	lurban	lurban	N	0.8829						1	0	0	231	91	0	0	0.1877	0.01238	0.03874	0.01238	0.00021	687.14	0.000149	370.1	0.272	0.026	0		2473	2416.39	1.4966	1.4855			2421.75	1.4946	1.4838			0.9182	1	0.01056	0.0159	0.394	1	1.00239	0.99	0	0
360144	South Pointe Hospital	17460	17460	17460	17460	36170	39035	4	lurban	lurban	N	0.8829						1	0.2633	0.4601	156	93	0.13403	0.13865	0.2507	0.02474	0.05208	0.02474	0.000189	635.28	0.000161	416.23	0.279	0.018	0		2393	2331.22	1.4916	1.4689	1044.36	1.5046	2335.44	1.4952	1.4721	1046.32	1.5071	0.9182	1	0.00935	0.00461	0.382	1	1.00701	1.00	0	0
360145	University Hospitals - Elyria Medical Center	17460	17460	17460	17460	36480	39093	4	lurban	lurban	N	0.8829						1	0	0	240	126	0	0	0.2677	0.02825	0.05571	0.02825	0.000308	675.8	0.000309	514.58	0.307	0.063	0		3581	3526.3	1.5853	1.5773			3531.39	1.5869	1.5793			0.9182	1	0.01931	0.10789	0.378	1	1.00286	0.98	0	0
360147	Marietta Memorial Hospital	36	36	36	36	36850	39167	4	rural	rural	N	0.7993						1	0.0959	0.1639	147	100	0.05101	0.04734	0.2589	0.02644	0	0.02644	0.00036	589.12	0.00028	431.45	0.282	0.036	7		5445	5322.78	1.5255	1.5122	673.26	1.6983	5337.73	1.5138	1.501	674.74	1.6911	0.8578	1	0.01811	0.04926	0.465	1	0.9947	1.00	0	0
360148	Pomerene Hospital	36	36	36	36	36390	39075	4	rural	rural	N	0.7993						1	0	0	41	12	0	0	0.1355	0	0	0		0		0	0.545	0.037	0		397	389.45	1.2011	1.193			390.35	1.1931	1.1868			0.8578	1	0.00047	0	0.225	1.17008	1.01466	1.00	0	0
360150	Summa Western Reserve Hospital	10420	10420	17460	10420	36780	39153	4	ourban	ourban	W	0.8585						1	0.3541	0.8619	83	41	0.17634	0.27536	0.1767	0.01059	0	0.01059	0.000087	661.86	0.000061	401.86	0.137	0.01	0		1146	1113.74	1.7072	1.6893	932.9	1.5893	1115.56	1.7187	1.7009	934.51	1.5976	0.9008	1	0.02718	0.02166	0.289	1	1.00662	0.99	0	0
360151	Affinity Medical Center	15940	15940	17460	36	36770	39151	4	ourban	rural	S	0.8585		YES	YES			1	0.1837	0.3039	107	55	0.09543	0.08955	0.1732	0.01002	0	0.01002	0.000084	526.67	0.000069	337.1	0.188	0.017	0		1262	1236.74	1.8172	1.7942	1072.3	1.8284	1237.54	1.8221	1.7981	1073.69	1.8342	0.9008	1	0.00613	0.00953	0.335	1	1.00195	0.99	0	0
360152	Doctors Hospital	18140	18140	18140	18140	36250	39049	4	lurban	lurban	N	0.9549						1	0.5527	0.6991	174	93	0.26333	0.21809	0.4352	0.0628	0.09213	0.0628	0.000372	1502.6	0.000322	1011.04	0.196	0.02	0		1916	1878.35	1.6449	1.6351	1102.69	1.6805	1879.87	1.6588	1.6479	1105.05	1.6779	0.9689	1	0.00988	0.02131	0.24	1	1.00277	1.00	0	0
360153	Belmont Community Hospital	48540	48540	48540	48540	36060	39013	4	ourban	ourban	N	0.7993						1	0	0	22	15	0	0	0.6964	0.03	0	0.03	0.000031	2241.03	0.000037	1996.18	0.413	0.018	0		104	102.34	1.0801	1.0782			102.35	1.0951	1.0932			0.8578	1	0.0625	0.03106	0.25	1	1	1.00	0	0
360155	Southwest General Health Center	17460	17460	17460	17460	36170	39035	4	lurban	lurban	N	0.8829						1	0	0	228	143	0	0	0.117	0	0.02398	0		0		0	0.238	0.027	0		4714	4621.54	1.6265	1.6126			4628.12	1.6293	1.615			0.9182	1	0.00647	0.01428	0.386	1	1.01225	1.00	0	0
360156	Memorial Hospital	36	36	36	36	36730	39143	4	rural	rural	N	0.8097				YES	0.0104	1	0	0	102	12	0	0	0.2897	0.03	0	0.03279	0.000067	1109.23	0.000058	655.64	0.407	0.055	0		426	413.71	1.3432	1.3288			414.88	1.3341	1.3187			0.8654	1	0.00822	0.02846	0.376	1	1.0033	1.00	0	0
360159	Adena Regional Medical Center	36	36	18140	36	36720	39141	4	rural	rural	W	0.9256						1	0.2107	0.1599	189	97	0.10869	0.04616	0.3694	0.04923	0	0.04923	0.000267	641.86	0.000299	606.14	0.216	0.02	7		3724	3610.3	1.6166	1.6021	714.28	1.8391	3619.98	1.6016	1.5867	716	1.839	0.9484	1	0.0158	0.02308	0.367	1	0.99501	1.00	0	0
360161	St Joseph Warren Hospital	49660	49660	49660	49660	36790	39155	4	ourban	ourban	N	0.8058				YES	0.0065	1	0.1087	0.1509	131	93	0.05761	0.0435	0.2662	0.02794	0.05538	0.02794	0.000159	580.76	0.000192	580.86	0.208	0.018	0		2315	2260.93	1.5364	1.515	1762.43	1.4862	2267.57	1.5411	1.5209	1764.85	1.4858	0.8626	1	0.0098	0.01175	0.301	1	0.99424	1.00	0	0
360163	Christ Hospital	17140	17140	17140	17140	36310	39061	4	lurban	lurban	N	0.9203						1	0.1716	0.2997	385	238	0.08943	0.08825	0.187	0.01226	0.03859	0.01226	0.000385	457.71	0.000628	630.08	0.237	0.026	0		7318	7176.78	2.1735	2.1615	3314.32	2.1691	7203.69	2.1609	2.1489	3321.94	2.1487	0.9447	1	0.06642	0.11592	0.337	1	1.00153	1.00	0	0
360170	Berger Hospital	18140	18140	18140	18140	36660	39129	4	lurban	lurban	N	0.9549						1	0	0	74	16	0	0	0.3584	0.03	0	0.03	0.000063	855.15	0.000054	582.8	0.502	0.043	0		620	583.84	1.5881	1.5849			585.81	1.5853	1.5815			0.9689	1	0.0109	0.01415	0.327	1.1403	1.00826	0.98	0	0
360172	Mercy Regional Medical Center	17460	17460	17460	17460	36480	39093	4	lurban	lurban	N	0.8829						1	0.0894	0.0421	169	100	0.04764	0.01195	0.2912	0.0331	0.06074	0.0331	0.000208	480.68	0.000291	501.69	0.243	0.02	0		3308	3220.72	1.5554	1.5256	1405.58	1.5949	3227.17	1.556	1.5262	1408.82	1.5989	0.9182	1	0.0078	0.0083	0.379	1	1.00868	0.99	0	0
360174	Upper Valley Medical Center	19380	19380	19380	19380	36560	39109	4	ourban	ourban	N	0.8823						1	0	0	137	55	0	0	0.2884	0.03252	0.06014	0.03252	0.000288	1248.94	0.000197	678.22	0.241	0.026	0		1860	1776.98	1.373	1.3487			1786.68	1.3667	1.3421			0.9178	1	0.00563	0.01107	0.333	1	0.99892	0.99	0	0
360175	Clinton Memorial Hospital	36	36	36	36	36130	39027	4	rural	rural	N	0.8221				YES	0.0228	1	0	0	75	24	0	0	0.3226	0.03957	0	0.03	0.000089	667.25	0.000102	634.62	0.445	0.087	14	6912.93	1096	1061.95	1.4124	1.3852			1065.11	1.4097	1.3834			0.8745	1	0.01692	0.07804	0.364	1.06735	0.99921	0.99	0	0
360179	Bethesda North	17140	17140	17140	17140	36310	39061	4	lurban	lurban	N	0.9203						1	0.0961	0.1301	350	239	0.05111	0.0374	0.2073	0.01579	0.04287	0.01579	0.000555	713.33	0.000604	649.32	0.245	0.026	0		6630	6454.05	1.7899	1.7714	3534.55	1.837	6478.15	1.7747	1.7558	3547.43	1.817	0.9447	1	0.02342	0.0403	0.272	1	0.99309	1.00	0	0
360180	Cleveland Clinic	17460	17460	17460	17460	36170	39035	4	lurban	lurban	N	0.8829						1	0.4899	0.6215	1258	1002	0.23658	0.19171	0.2265	0.01975	0.04693	0.01975	0.002161	1165.27	0.001755	769.05	0.219	0.019	0		15604	15416	2.5945	2.5816	5862.51	2.5027	15430.2	2.6088	2.5963	5867.51	2.5171	0.9182	1	0.08469	0.09861	0.292	1	1.0098	1.00	0	0
360185	Salem Regional Medical Center	36	36	38300	49660	36140	39029	4	rural	ourban	L	0.8272	LUGAR					1	0	0	168	44	0	0	0.2018	0.01467	0.04171	0.01467	0.000085	493.43	0.000078	351.83	0.499	0.053	0		1424	1393.54	1.3463	1.331			1397.06	1.3474	1.3323			0.8782	1	0.01595	0.02961	0.374	1	0.99688	0.99	0	0
360189	Madison Health	18140	18140	18140	18140	36500	39097	4	lurban	lurban	N	0.9549						1	0	0	45	12	0	0	0.375	0.03	0	0.03	0.000065	1757.58	0.00005	1185.32	0.477	0.062	0		315	309.61	1.0869	1.0838			309.98	1.0811	1.078			0.9689	1	0.00775	0.03419	0.211	1.16818	1.00037	1.00	0	0
360192	Uh Geauga Medical Center	17460	17460	17460	17460	36280	39055	4	lurban	lurban	N	0.8829						1	0.0064	0.0026	116	76	0.00349	0.00073	0.1938	0.01337	0.04002	0.01337	0.000166	583.22	0.000102	301.67	0.228	0.024	0		2387	2347.95	1.6058	1.5998	894.25	1.6196	2353.31	1.6012	1.5958	895.81	1.6047	0.9182	1	0.00959	0.01687	0.374	1	1.00715	1.00	0	0
360197	Mary Rutan Hospital	36	36	18140	36	36470	39091	4	rural	rural	W	0.9256						1	0	0	45	15	0	0	0.2756	0.02988	0	0.02988		0		0	0.505	0.037	16	7566.97	625	595.77	1.2413	1.2347			598.13	1.2335	1.2276			0.9484	1	0.03699	0.02605	0.403	1.15083	0.99791	1.00	0	0
360203	Southeastern Ohio Regional Medical Center	36	36	36	36	36300	39059	4	rural	rural	N	0.7993						1	0	0	90	31	0	0	0.2785	0.03	0	0.03		0		0	0.446	0.04	16	7148.65	1440	1397.27	1.5118	1.501			1401.03	1.5202	1.5096			0.8578	1	0.01848	0.02615	0.412	1	1.0082	0.99	0	0
360210	Grady Memorial Hospital	18140	18140	18140	18140	36210	39041	4	lurban	lurban	N	0.9549						1	0	0	64	20	0	0	0.2417	0.02289	0	0.02289	0.000092	1071.74	0.000071	635.56	0.397	0.04	0		647	618.4	1.5756	1.5612			620.28	1.5774	1.5625			0.9689	1	0.0324	0.05718	0.339	1.12424	1.00275	1.00	0	0
360211	Trinity Medical Ctr East &Trinity Medical Ctr West	48260	48260	48260	48260	36420	39081	4	ourban	ourban	N	0.804				YES	0.0047	1	0	0	224	110	0	0	0.2771	0.03019	0.05772	0.03019	0.000219	502.07	0.000188	348.4	0.321	0.018	0		3505	3402.64	1.6331	1.6046			3411.4	1.6393	1.6107			0.8612	1	0.00411	0.00121	0.412	1	0.99775	0.99	0	0
360218	Licking Memorial Hospital	18140	18140	18140	18140	36460	39089	4	lurban	lurban	N	0.9549						1	0	0	219	71	0	0	0.3772	0.05084	0.07938	0.05084	0.00025	827.65	0.000227	621.13	0.375	0.024	0		2551	2448.82	1.4342	1.409			2455.35	1.441	1.4163			0.9689	1	0.00853	0.00539	0.322	1	1.00383	0.99	0	0
360230	Hillcrest Hospital	17460	17460	17460	17460	36170	39035	4	lurban	lurban	N	0.8829						1	0.0503	0.061	388	303	0.0271	0.01736	0.1929	0.01322	0.03984	0.01322	0.00047	524.06	0.000402	372.95	0.262	0.022	0		7694	7560.68	1.6403	1.6307	2509.8	1.7374	7572.78	1.6424	1.6327	2513.12	1.7434	0.9182	1	0.01255	0.01355	0.321	1	1.00468	0.99	0	0
360234	Mercy Health - West Hospital	17140	17140	17140	17140	36310	39061	4	lurban	lurban	N	0.9203						1	0.0028	0.0246	186	124	0.00153	0.00697	0.258	0.02625	0.05363	0.02625	0.000263	572.73	0.000249	455.17	0.205	0.049	0		3660	3557.91	1.6651	1.6512	2432.87	1.5242	3565.27	1.6709	1.6569	2436.4	1.5289	0.9447	1	0.02548	0.17062	0.337	1	1.00635	0.99	0	0
360236	Mercy Hospital Clermont	17140	17140	17140	17140	36120	39025	4	lurban	lurban	N	0.9203						1	0	0	119	59	0	0	0.2302	0.02052	0.04772	0.02052	0.000157	623.81	0.000151	498.95	0.233	0.023	0		2067	1987.52	1.5304	1.5062			1998.87	1.5156	1.4972			0.9447	1	0.01719	0.02479	0.407	1	1.00263	0.99	0	0
360239	Sycamore Medical Center	19380	19380	19380	19380	36580	39113	4	ourban	ourban	N	0.8823						1	0.0572	0.1434	168	95	0.03076	0.0413	0.3648	0.04828	0.07667	0.04828	0.000143	574.25	0.000176	580.9	0.19	0.013	0		2009	1938.94	1.4861	1.4753	1179.3	1.559	1944.09	1.4832	1.4707	1182.95	1.5588	0.9178	1	0.00577	0.00354	0.231	1	1.00325	1.00	0	0
360241	Edwin Shaw Rehab Institute	10420	10420	17460	10420	36780	39153	4	ourban	ourban	W	0.8585						1	0		1	0	0	0.52699	0.1553	0.00711	0	0.00711	0.000004	32855.26		0	0.241	0.024	0		1	1	0.7726	0.7726			1	0.7802	0.7802			0.9008	1	0	0		1	1	1.00	0	1
360245	Glenbeigh Health Sources	36	36	17460	17460	36030	39007	4	rural	lurban	L	0.8585	LUGAR					1	0	0	114	82	0	0	0.3589	0.04706	0.07538	0.04706	0.00006	1476.41	0.000062	1357.87	0.215	0.006	0		340	337.05	1.2709	1.2703			337.35	1.3654	1.3649			0.9008	1	0	0	0.115	1.04788	1	1.00	1	1
360247	"Woods At Parkside,The"	18140	18140	18140	18140	36250	39049	4	lurban	lurban	N	0.9549						1	0	0	50	34	0	0	0.2101	0.01637	0	0.01637	0.000004	71.86	0.000011	161.97	0.3	0.032	0		553	552.29	0.7635	0.7634			552.29	0.7907	0.7906			0.9689	1	0	0	0.2	1	1	1.00	1	1
360259	Bay Park Community Hospital	45780	45780	45780	45780	36490	39095	4	ourban	ourban	N	0.8671						1	0	0	77	34	0	0	0.2943	0.03	0	0.03	0.000091	813.72	0.000092	683.01	0.216	0.027	0		869	843.63	1.5055	1.4843			848.83	1.4986	1.4813			0.907	1	0.01667	0.04446	0.31	1	1.00932	1.00	0	0
360261	Three Gables Surgery Center	26580	26580	26580	26580	36450	39087	4	ourban	ourban	N	0.8369						1	0	0	8	0	0	0	0.0477	0	0	0		0		0	0.241	0.024	0		36	36	2.4267	2.4267			36	2.3835	2.3835			0.8852	1	0	0	0.513	1	1	1.00	1	1
360262	Mercy St Anne Hospital	45780	45780	45780	45780	36490	39095	4	ourban	ourban	N	0.8671						1	0.0235	0	111	51	0.01276	0	0.2529	0.0252	0.05255	0.0252	0.000097	448.75	0.000101	394.47	0.157	0.014	0		2003	1952.02	1.6243	1.5982	521.02	1.3646	1957.35	1.628	1.6031	522.61	1.3724	0.907	1	0.04736	0.05422	0.371	1	1.01062	1.00	0	0
360263	Institute For Orthopaedic Surgery	30620	30620	30620	30620	36010	39003	4	ourban	ourban	N	0.8713						1	0	0	12	6	0	0	0.06429	0	0	0		0		0	0.151	0.005	0		372	369.43	2.3128	2.3055			370.01	2.2652	2.2629			0.91	1	0	0	0.339	1	1	1.00	0	0
360266	Mount Carmel New Albany Surgical Hospital	18140	18140	18140	18140	36250	39049	4	lurban	lurban	N	0.9549						1	0	0	60	19	0	0	0.04198	0	0	0		0		0	0.236	0.02	0		1984	1919.65	2.4227	2.4253			1943.5	2.3786	2.377			0.9689	1	0.0023	0.00244	0.383	1	1	1.00	0	0
360270	Mercy Hospital Of Defiance	36	36	36	36	36200	39039	4	rural	rural	N	0.7993						1	0	0	23	8	0	0	0.1638	0.00849	0	0.00849	0.000016	218.35		0	0.393	0.035	0		607	579.02	1.2756	1.2621			582.04	1.2647	1.2525			0.8578	1	0.00501	0.00664	0.573	1.20644	1.00696	1.00	0	0
360274	Medical Center At Elizabeth Place	19380	19380	19380	19380	36580	39113	4	ourban	ourban	N	0.8823						1	0	0	26	2	0	0	0.11053	0	0	0		0		0	0.365	0.04	0		107	98.19	2.5086	2.5005			101.07	2.4731	2.4533			0.9178	1	0.01819	0.04497	0.283	1	1	0.99	0	0
360276	St Elizabeth Boardman Health Center	49660	49660	49660	49660	36510	39099	4	ourban	ourban	N	0.7993						1	0.0694	0	182	133	0.03719	0	0.2752	0.0298	0.05731	0.0298	0.000125	315.08	0.000104	224.35	0.215	0.027	0		3383	3307.88	1.4843	1.4612	2789.64	1.3728	3312.03	1.4927	1.4675	2794.46	1.382	0.8578	1	0.00515	0.01675	0.242	1	0.9985	0.98	0	0
360348	Dublin Methodist Hospital	18140	18140	18140	18140	36250	39049	4	lurban	lurban	N	0.9549						1	0	0	101	49	0	0	0.1757	0.01043	0.03622	0.01043	0.000142	891.54	0.000086	471.69	0.253	0.034	0		1300	1251.46	1.8709	1.8551			1257.69	1.8618	1.8481			0.9689	1	0.0117	0.03078	0.174	1	1.00246	1.00	0	0
360351	Crystal Clinic Orthopaedic Center	10420	10420	17460	10420	36780	39153	4	ourban	ourban	W	0.8585						1	0	0	60	28	0	0	0.10162	0	0	0		0		0	0.29	0.011	0		1031	1022.75	2.4764	2.4754			1023.21	2.4393	2.4379			0.9008	1	0.00198	0	0.225	1	1	1.00	0	0
360352	Surgical Hospital At Southwoods	49660	49660	49660	49660	36510	39099	4	ourban	ourban	N	0.7993						1	0	0	24	8	0	0	0.08862	0	0	0		0		0	0.362	0.04	0		397	393.97	2.3097	2.3052			394.15	2.2606	2.2546			0.8578	1	0	0	0.276	1	1.01402	1.00	0	0
360354	"West Chester Hospital, Llc"	17140	17140	17140	17140	36080	39017	4	lurban	lurban	N	0.9203						1	0	0	163	94	0	0	0.1857	0.01205	0.03832	0.01205	0.000164	431.46	0.000124	270.61	0.251	0.026	0		3116	3033.61	1.5717	1.5665			3041.63	1.5666	1.5613			0.9447	1	0.04736	0.07652	0.387	1	1.00084	0.98	0	0
360355	"Ohio Valley Medical Center, Llc"	44220	44220	44220	44220	36110	39023	4	ourban	ourban	N	0.8712				YES	0.0187	1	0	0	24	5	0	0	0.1756	0.01041	0	0.01041	0.000012	637.21		0	0.459	0.063	0		180	178.72	2.1767	2.1746			178.76	2.1434	2.1407			0.9099	1	0.00408	0.01112	0.238	1	1.01287	1.00	0	0
360358	Diley Ridge Medical Center	18140	18140	18140	18140	36230	39045	4	lurban	lurban	N	0.9549						1	0	0	10	0	0	0	0.19804	0.01406	0	0.01406		0	0.000014	16338.69	0.716	0.024	0		8	6.02	1.2468	1.2048			6.17	1.1892	1.1608			0.9689	1	0	0	0.169	1	1	1.00	0	0
360359	University Hospitals Ahuja Medical Center	17460	17460	17460	17460	36170	39035	4	lurban	lurban	N	0.8829						1	0.0021	0.0015	138	99	0.00115	0.00042	0.1391	0	0.02857	0		0		0	0.221	0.048	0		3169	3089.66	1.6417	1.6285	1603.87	1.7048	3097.88	1.6287	1.6152	1607.2	1.6969	0.9182	1	0.01214	0.07383	0.386	1	1.00816	1.00	0	0
360360	Soin Medical Center	19380	19380	19380	19380	36290	39057	4	ourban	ourban	N	0.8823						1	0	0	97	48	0	0	0.2864	0.03	0	0.03	0.000119	546.38	0.000106	438.02	0.203	0.043	0		1939	1891.6	1.5116	1.5028			1895.84	1.5129	1.5041			0.9178	1	0.01487	0.10182	0.289	1	0.99842	0.99	0	0
360361	Kings Daughters Medical Center Ohio	36	36	36	36	36740	39145	4	rural	rural	N	0.7993						1	0	0	10	1	0	0	0.4174	0.03	0	0.03	0.000076	8817.97	0.000088	9028.34	0.604	0.024	0		82	78.98	2.2231	2.2174			79.37	2.1739	2.1659			0.8578	1	0.00213	0.00091	0.394	1	1	0.97	0	0
360362	Trihealth Evendale Hospital	17140	17140	17140	17140	36310	39061	4	lurban	lurban	N	0.9203						1	0	0	29	3	0	0	0.03465	0	0	0		0		0	0.409	0.088	0		225	212.63	2.2213	2.2278			217.89	2.1657	2.1685			0.9447	1	0	0	0.305	1	1	1.00	0	0
360364	Cleveland Clinic Avon Hospital	17460	17460	17460	17460	36480	39093	4	lurban	lurban	N	0.8829						1	0		1	0	0	0.52699	0	0	0	0		0		0	0.425	0.027	0		2083	2010.06	1.3482	1.3334			2018.66	1.3451	1.332			0.9182	1	0.02842	0.00706		1	1	1.00	0	0
360365	Avita Ontario	31900	31900	31900	31900	36710	39139	4	ourban	ourban	N	0.8243						1	0		24	0	0	0.52699	0.0386	0	0	0		0		0	0.795	0.024	0		196	191.07	1.1013	1.0966			191.27	1.0914	1.0862			0.8761	1	0.04683	0.00305		1	1	1.00	0	0
370001	Hillcrest Medical Center	46140	46140	36420	37	37710	40143	7	ourban	rural	S	0.8909		YES	YES			1	0.1254	0.2303	460	299	0.06616	0.06715	0.3853	0.05251	0	0.05251	0.00102	1155.81	0.001105	1068.37	0.164	0.021	7		7489	7412.82	1.9724	1.9641	2227.03	1.8224	7420.26	1.9765	1.9682	2229.68	1.8288	0.9239	1	0.0397	0.09674	0.323	1	0.99515	1.00	0	0
370002	Alliancehealth Woodward	37	37	21420	37	37760	40153	7	rural	rural	W	0.8425						1	0	0	40	10	0	0	0.2673	0.02817	0	0.02817	0.000054	817.99	0.000049	593.98	0.192	0.014	16	5559.58	552	535.53	1.3207	1.308			536.83	1.3118	1.2987			0.8893	1	0.00747	0.00642	0.408	1.18439	0.99791	1.00	0	0
370004	Integris Miami Hospital	37	37	27900	37	37570	40115	7	rural	rural	W	0.7706						1	0	0	94	13	0	0	0.3414	0.03	0	0.03	0.000092	981.67	0.000066	564.53	0.298	0.037	16	5053.09	782	753.22	1.3569	1.3458			754.91	1.3614	1.3502			0.8366	1	0.01695	0.03477	0.487	1.15508	1.00759	1.00	0	0
370006	Alliancehealth Ponca City	37	37	21420	37	37350	40071	7	rural	rural	W	0.8425						1	0	0	77	23	0	0	0.3405	0.04327	0	0.03	0.000076	563.91	0.000092	541.65	0.182	0.004	7		1104	1073.57	1.4181	1.4083			1076.27	1.4114	1.4036			0.8893	1	0.00149	0	0.449	1.09303	1.00576	0.99	0	0
370008	Norman Regional	36420	36420	36420	36420	37130	40027	7	lurban	lurban	N	0.8909						1	0.0518	0.0639	310	171	0.0279	0.0182	0.2399	0.02252	0.04978	0.02252	0.000521	735.48	0.000481	546.64	0.187	0.026	0		5785	5706.54	1.7753	1.7604	716.9	1.7861	5711.92	1.7847	1.7694	717.48	1.7859	0.9239	1	0.03218	0.09462	0.409	1	0.99403	1.00	0	0
370011	Mercy Hospital El Reno	36420	36420	36420	36420	37080	40017	7	lurban	lurban	N	0.8909						1	0	0	48	4	0	0	0.2041	0.01513	0	0.01513	0.000074	3241.3	0.000025	782.11	0.308	0.068	0		148	142.13	1.2856	1.2822			142.55	1.2777	1.2742			0.9239	1	0	0.01722	0.498	1	1	1.00	0	0
370013	"Mercy Hospital Oklahoma City, Inc"	36420	36420	36420	36420	37540	40109	7	lurban	lurban	N	0.8909						1	0	0	308	204	0	0	0.2455	0.02367	0.05097	0.02367	0.000767	1158.83	0.000584	723.38	0.237	0.012	0		5561	5397.61	1.965	1.9369			5413.42	1.9674	1.9409			0.9239	1	0.04197	0.0128	0.33	1	0.99273	1.00	0	0
370014	Alliancehealth Durant	37	37	37	37	37060	40013	7	rural	rural	N	0.8025				YES	0.0319	1	0.0693	0.1855	148	53	0.03714	0.05374	0.4295	0.06162	0	0.06162	0.000169	580.46	0.000228	598.15	0.079	0.008	7		2158	2114.41	1.3613	1.3479	116.99	1.4568	2116.05	1.364	1.3507	117.07	1.453	0.8601	1	0.0094	0.01717	0.511	1	0.99935	0.98	0	0
370015	Hillcrest Hospital Pryor	37	37	46140	37	37480	40097	7	rural	rural	W	0.8643						1	0	0	35	4	0	0	0.1508	0.00638	0	0.00638		0		0	0.301	0.034	14	5173.06	273	256.11	1.2307	1.2314			257.62	1.2226	1.2239			0.905	1	0	0	0.559	1.24265	1.01216	0.99	0	0
370016	Integris Bass Baptist Health Center	21420	21420	21420	21420	37230	40047	7	ourban	ourban	N	0.8881						1	0	0.2214	108	34	0	0.06447	0.317	0.03842	0.0663	0.03842	0.000282	1729.57	0.000354	1734.86	0.192	0.014	0		1298	1270.56	1.6791	1.6567			1272.03	1.6895	1.6666			0.9219	1	0.02227	0.01454	0.387	1	1.01139	1.00	0	0
370018	"Jane Phillips Memorial Medical Center, Inc"	37	37	46140	37	37730	40147	7	rural	rural	W	0.8643						1	0.0457	0.0917	81	41	0.02465	0.02622	0.2011	0.01455	0	0.01455	0.000182	648.06	0.00018	535.5	0.343	0.02	17	5445.54	2325	2248.38	1.6383	1.6305	124.32	1.642	2254.33	1.6368	1.6297	124.47	1.6554	0.905	1	0.02305	0.01015	0.602	1	0.99844	1.00	0	0
370019	Great Plains Regional Medical Center	37	37	37	37	37040	40009	7	rural	rural	N	0.7706						1	0	0	37	15	0	0	0.2394	0.02241	0	0.02241		0	0.000071	693.76	0.308	0.067	16	5243.08	708	684.88	1.5352	1.5199			686.69	1.5463	1.5305			0.8366	1	0.00544	0.04752	0.48	1.17508	1.0098	1.00	0	0
370020	Mercy Hospital Ada	37	37	36420	37	37610	40123	7	rural	rural	W	0.8909						1	0	0	108	26	0	0	0.3311	0.04133	0	0.04133	0.000186	1207.08	0.000137	772.05	0.308	0.039	17	5420.45	1345	1290.01	1.6455	1.6224			1292.25	1.669	1.6459			0.9239	1	0.01284	0.03941	0.472	1.10568	0.99743	0.99	0	0
370022	Jackson County Memorial Hospital Authority	37	37	45	37	37320	40065	7	rural	rural	W	0.8106						1	0	0	74	20	0	0	0.2791	0.0306	0	0.03		0		0	0.359	0.018	17	6057.07	1144	1110.63	1.4521	1.4503			1113.14	1.4445	1.4425			0.8661	1	0.00819	0.00196	0.482	1.11591	1.00807	0.97	0	0
370023	"Duncan Regional Hospital, Inc"	37	37	37	37	37680	40137	7	rural	rural	N	0.7735				YES	0.0029	1	0	0	81	33	0	0	0.2208	0.01858	0	0.01858		0		0	0.245	0.019	16	5635.2	1871	1817.27	1.4423	1.4334			1820.48	1.442	1.4339			0.8387	1	0.00207	0.00238	0.518	1	1.00773	1.00	0	0
370025	Saint Francis Hospital Muskogee	37	37	46140	37	37500	40101	7	rural	rural	W	0.8643						1	0	0	264	88	0	0	0.2896	0.03277	0	0.03277	0.000283	658.54	0.000277	535.14	0.294	0.014	7		3528	3473.4	1.5231	1.5038			3476.25	1.5244	1.5047			0.905	1	0.01832	0.00487	0.523	1	0.99411	0.99	0	0
370026	St Mary'S Regional Medical Center	21420	21420	21420	21420	37230	40047	7	ourban	ourban	N	0.8881						1	0	0	127	43	0	0	0.1746	0.01025	0.03599	0.01025	0.000119	429.89	0.000081	246.26	0.178	0.015	0		2420	2377.6	1.5897	1.5783			2380.95	1.597	1.5848			0.9219	1	0.01083	0.01072	0.603	1	1.00951	1.00	0	0
370028	"Integris Baptist Medical Center, Inc"	36420	36420	36420	36420	37540	40109	7	lurban	lurban	N	0.8909						1	0.0879	0.1309	468	332	0.04686	0.03763	0.2559	0.02582	0.05319	0.02582	0.001338	1417.55	0.001305	1192.38	0.188	0.012	0		8048	7948.8	2.2282	2.2151	1519.59	2.082	7959.59	2.24	2.2263	1520.73	2.0976	0.9239	1	0.10273	0.05584	0.363	1	0.99243	1.00	0	0
370029	Alliancehealth Clinton	37	37	36420	37	37190	40039	7	rural	rural	W	0.8909						1	0	0	45	7	0	0	0.3704	0.03	0	0.03	0.000046	1013.36	0.00005	840.67	0.25	0.013	16	4542.64	363	348.03	1.2506	1.2414			349.83	1.2352	1.2271			0.9239	1	0.00026	0	0.356	1.20962	1.01447	1.00	0	0
370030	Blackwell Regional Hospital	37	37	37	37	37350	40071	7	rural	rural	N	0.7706						1	0	0	34	4	0	0	0.2309	0.02066	0	0.02066	0.00002	684.83	0.000012	302.69	0.731	0.019	14	4745.62	253	245.77	1.0939	1.0807			246.3	1.0921	1.079			0.8366	1	0.0325	0.00249	0.643	1.25	1	1.00	0	0
370032	Alliancehealth Deaconess	36420	36420	36420	36420	37540	40109	7	lurban	lurban	N	0.8909						1	0	0	213	62	0	0	0.2623	0.02714	0.05455	0.02714	0.000239	1076.74	0.000239	847.85	0.136	0.017	0		1761	1720.26	1.8774	1.8531			1723.57	1.8773	1.8547			0.9239	1	0.02717	0.06618	0.401	1	0.99858	0.99	0	0
370034	Mcalester Regional Health Center Authority	37	37	46140	37	37600	40121	7	rural	rural	W	0.8643						1	0.0726	0.2956	128	36	0.03887	0.087	0.2612	0.02691	0	0.02691		0		0	0.302	0.014	17	5825.35	2100	2011.31	1.574	1.5496	101.72	1.393	2019.82	1.5617	1.5379	102.04	1.3928	0.905	1	0.00199	0.00018	0.55	1	0.99839	1.00	0	0
370037	Ssm Health St Anthony Hospital - Oklahoma City	36420	36420	36420	36420	37540	40109	7	lurban	lurban	N	0.8909						1	0.099	0.1434	391	287	0.05261	0.0413	0.3618	0.04766	0.07602	0.04766	0.001082	1401.24	0.001256	1408.68	0.224	0.016	0		6761	6685.47	1.8943	1.8874	1557.78	1.6959	6693.41	1.8872	1.8804	1558.41	1.6846	0.9239	1	0.04601	0.03381	0.288	1	0.99495	1.00	0	0
370039	Hillcrest Hospital Claremore	46140	46140	46140	46140	37650	40131	7	ourban	ourban	N	0.8643						1	0	0	54	23	0	0	0.3313	0.03	0	0.03	0.000096	980.96	0.000104	823.98	0.183	0.04	0		787	772.82	1.2258	1.2196			773.76	1.2254	1.219			0.905	1	0.00228	0.02068	0.36	1.08485	1.00297	0.99	0	0
370041	Bristow Medical Center	46140	46140	46140	46140	37180	40037	7	ourban	ourban	N	0.8643						1	0	0	55	4	0	0	0.189	0.01259	0	0.01259		0		0	0.432	0.003	0		750	681.69	1.924	1.9032			706.8	1.8848	1.8717			0.905	1	0.26019	0	0.64	1.23371	1	1.00	0	0
370047	"Mercy Hospital Ardmore, Inc"	37	37	36420	37	37090	40019	7	rural	rural	W	0.8909						1	0	0	140	63	0	0	0.2454	0.02365	0	0.02365		0		0	0.281	0.02	17	6327.4	2919	2859.26	1.6658	1.6588			2863.01	1.6678	1.6603			0.9239	1	0.02335	0.01713	0.55	1	0.99512	1.00	0	0
370048	Mccurtain Memorial Hospital	37	37	37	37	37440	40089	7	rural	rural	N	0.7706						1	0	0	77	7	0	0	0.4378	0.03	0	0.03	0.000049	953.4	0.000054	750.42	0.772	0.051	16	4153.92	387	375.32	0.9801	0.9747			376.4	0.9731	0.968			0.8366	1	0.01149	0.00885	0.451	1.21205	1.00629	1.00	0	1
370049	Stillwater Medical Center	37	37	36420	37	37590	40119	7	rural	rural	W	0.8909						1	0	0	87	28	0	0	0.2505	0.0247	0	0.0247	0.00021	1132.52		0	0.346	0.029	17	5819.84	1557	1503.13	1.6418	1.6319			1508.26	1.6281	1.6176			0.9239	1	0.00989	0.01258	0.464	1.01152	1.00359	1.00	0	0
370054	Grady Memorial Hospital	36420	36420	36420	37	37250	40051	7	ourban	rural	S	0.8909		YES				1	0	0	49	13	0	0	0.2329	0.02107	0	0.02107		0		0	0.475	0.04	17	6288.06	513	487.24	1.2506	1.2403			488.49	1.2479	1.2375			0.9239	1	0.00314	0.00344	0.472	1.18015	1.0164	1.00	0	0
370056	Comanche County Memorial Hospital	30020	30020	30020	30020	37150	40031	7	ourban	ourban	N	0.7706						1	0.0742	0.0621	175	101	0.03971	0.01768	0.2878	0.0324	0.06001	0.0324	0.000417	952.37	0.000382	707.91	0.263	0.021	0		3638	3575.4	1.9639	1.9408	198.87	1.9311	3580.07	1.9819	1.9593	199.03	1.9613	0.8366	1	0.04663	0.04802	0.477	1	0.99922	1.00	0	0
370057	Muscogee (Creek) Nation Medical Center	46140	46140	46140	46140	37550	40111	7	ourban	ourban	N	0.8643						1	0	0	50	4	0	0	0.2145	0.01728	0	0.01728	0.000012	423.09	0.00001	248.45	0.986	0.032	0		215	208	0.9489	0.9353			208.42	0.9368	0.9234			0.905	1	0.00411	0	0.594	1.25	1	1.00	0	0
370065	Craig General Hospital	37	37	37	37	37170	40035	7	rural	rural	N	0.7723				YES	0.0017	1	0	0	35	9	0	0	0.2141	0.0172	0	0.0172	0.000068	1461.06	0.000033	397.22	0.467	0.034	16	4554.98	74	73.69	0.9562	0.9539			73.79	0.9509	0.9491			0.8378	1	0	0	0.63	1.21371	1	1.00	0	0
370072	Latimer County General Hospital	37	37	37	37	37380	40077	7	rural	rural	N	0.7706						1	0	0	33	1	0	0	0.1581	0.00757	0	0.00757	0.000001	164.68	0.000003	256.67	0.525	0.019	14	3920.45	29	26.69	0.9271	0.908			27.13	0.9021	0.8907			0.8366	1	0	0	0.597	1.25	1	1.00	0	1
370078	Oklahoma State University Medical Center	46140	46140	46140	37	37710	40143	7	ourban	rural	S	0.8643		YES				1	0.5401	1.3175	175	83	0.25802	0.45034	0.3819	0.0518	0	0.0518	0.000293	1011.23	0.000356	1071.26	0.271	0.017	7		2316	2263.28	1.9305	1.9009	217.01	1.7965	2264.98	1.9463	1.9153	217.28	1.8234	0.905	1	0.07384	0.0344	0.404	1	0.99136	1.00	0	0
370080	Share Medical Center	37	37	37	37	37750	40151	7	rural	rural	N	0.7706						1	0	0	37	2	0	0	0.0356	0	0	0		0		0	0.511	0.087	16	6460.69	226	221.28	0.9841	0.9728			221.71	0.9793	0.9676			0.8366	1	0	0	0.824	1.25	1	1.00	0	0
370083	Pushmataha County Town Of Antlers Hospital	37	37	37	37	37630	40127	7	rural	rural	N	0.7706						1	0	0	42	4	0	0	0.2602	0.0267	0	0.0267	0.000017	512.36	0.000017	391.46	0.485	0.086	14	5108.01	284	280.48	0.8754	0.8741			280.77	0.8691	0.868			0.8366	1	0	0	0.657	1.25	1	1.00	0	0
370089	Northeastern Health System	37	37	37	37	37100	40021	7	rural	rural	N	0.7706						1	0.0721	0.3516	70	31	0.03861	0.10431	0.2404	0.02262	0	0.02262		0		0	0.406	0.019	16	5801.66	2007	1942.11	1.7622	1.7522	186.69	1.7238	1947.18	1.7653	1.755	186.94	1.7376	0.8366	1	0.08285	0.01967	0.516	1	0.99805	1.00	0	0
370091	"Saint Francis Hospital, Inc"	46140	46140	46140	46140	37710	40143	7	ourban	ourban	N	0.8643						1	0.0459	0.0446	836	620	0.02476	0.01267	0.2983	0.03456	0.06227	0.03456	0.001501	1015.67	0.001615	928.83	0.233	0.014	0		12596	12433.9	1.8931	1.889	3640.23	1.7613	12448.9	1.8991	1.8952	3646.44	1.759	0.905	1	0.03663	0.01656	0.317	1	0.99989	0.99	0	0
370093	O U Medicine	36420	36420	36420	36420	37540	40109	7	lurban	lurban	N	0.8909						1	0.4202	0.4591	693	567	0.20609	0.13833	0.5014	0.07645	0.10687	0.07645	0.002519	3289.42	0.002463	2739.48	0.119	0.012	0		6533	6451.99	2.0681	2.0471	878.16	2.0495	6457.34	2.0877	2.0673	878.69	2.0554	0.9239	1	0.08651	0.13826	0.191	1	0.99197	0.99	0	0
370094	Alliancehealth Midwest	36420	36420	36420	36420	37540	40109	7	lurban	lurban	N	0.8909						1	0	0	219	100	0	0	0.289	0.03264	0.06027	0.03264	0.000327	819.1	0.000306	584.04	0.082	0.015	0		3135	3084.12	1.6082	1.5946			3087.62	1.6151	1.6019			0.9239	1	0.02042	0.08079	0.426	1	1.00242	0.99	0	0
370097	Southwestern Medical Center	30020	30020	36420	37	37150	40031	7	ourban	rural	S	0.8909		YES	YES			1	0	0	107	40	0	0	0.333	0.04172	0	0.04172	0.000222	1414.05	0.000358	1960.81	0.175	0.019	7		1383	1360.64	1.6869	1.662			1362.71	1.6973	1.6732			0.9239	1	0.00422	0.0107	0.368	1	0.99504	0.99	0	0
370099	Hillcrest Hospital Cushing	37	37	36420	37	37590	40119	7	rural	rural	W	0.8909						1	0	0	74	11	0	0	0.3114	0.03726	0	0.03	0.000036	480	0.000035	369.5	0.264	0.031	14	5193.23	567	556.24	1.0026	0.9957			557.42	1.0062	1			0.9239	1	0.00074	0.00183	0.446	1.1675	1.00133	1.00	0	0
370100	Choctaw Memorial Hospital	37	37	37	37	37110	40023	7	rural	rural	N	0.7706						1	0	0	34	12	0	0	0.3229	0.03964	0	0.03	0.000041	488.21	0.000039	366.11	0.331	0.019	14	5321.47	649	641.39	0.9666	0.9605			642.13	0.9621	0.9572			0.8366	1	0	0	0.643	1.20667	0.98636	1.00	0	0
370106	Integris Southwest Medical Center	36420	36420	36420	36420	37540	40109	7	lurban	lurban	N	0.8909						1	0.1275	0.1855	199	130	0.06723	0.05374	0.3041	0.03576	0.06352	0.03576	0.000733	1720.92	0.000414	812.1	0.176	0.013	0		3704	3631.29	1.7402	1.7213	1004.42	1.643	3638.91	1.7398	1.7221	1005.64	1.6407	0.9239	1	0.04405	0.03445	0.348	1	0.99298	1.00	0	0
370112	Sequoyah County-City Of Sallisaw Hospital Authorit	22900	22900	22900	22900	37670	40135	7	ourban	ourban	N	0.7706						1	0	0	41	4	0	0	0.2875	0.03	0	0.03	0.000046	1227.33	0.000034	751.81	0.373	0.026	0		293	280.54	1.144	1.1313			281.87	1.1333	1.1218			0.8366	1	0	0	0.593	1.25	1	1.00	0	0
370113	Integris Grove Hospital	37	37	22220	37	37200	40041	7	rural	rural	W	0.8						1	0	0	58	15	0	0	0.2877	0.03	0	0.03	0.000097	864.44	0.000059	398.83	0.247	0.046	16	4608.84	851	816.88	1.5214	1.4894			820.8	1.5119	1.4839			0.8583	1	0.01115	0.06558	0.52	1.14758	1.0086	0.99	0	0
370114	"St John Medical Center, Inc"	46140	46140	36420	37	37710	40143	7	ourban	rural	S	0.8909		YES	YES			1	0.0773	0.1226	519	409	0.04133	0.0352	0.2236	0.01916	0	0.01916	0.000886	702.33	0.000715	473.18	0.282	0.011	7		10376	10244.7	1.8962	1.8868	2911.91	1.7756	10263	1.8834	1.8745	2918.23	1.7651	0.9239	1	0.04291	0.00533	0.367	1	0.9917	0.99	0	0
370139	Perry Memorial Hospital	37	37	37	37	37510	40103	7	rural	rural	N	0.7706						1	0	0	26	2	0	0	0.0926	0	0	0		0		0	0.579	0.055	16	6299.73	208	204.65	1.0191	1.0123			205.18	0.9887	0.9836			0.8366	1	0.01044	0.01426	0.77	1.25	1	0.98	1	0
370149	Ssm Health St Anthony Hospital - Shawnee	37	37	36420	37	37620	40125	7	rural	rural	W	0.8909						1	0	0	77	32	0	0	0.3704	0.04943	0	0.03	0.000162	873.26	0.000165	730.51	0.349	0.029	7		1550	1478.55	1.6274	1.6127			1483.01	1.626	1.6124			0.9239	1	0.00487	0.00583	0.39	1	1.00412	1.00	0	0
370153	Elkview General Hospital	37	37	37	37	37370	40075	7	rural	rural	N	0.7756				YES	0.005	1	0	0	38	5	0	0	0.2049	0.0153	0	0.0153	0.000025	556.48	0.000021	349.43	0.477	0.025	16	4355.74	351	342.83	1.2109	1.2059			343.27	1.2046	1.1995			0.8403	1	0.00032	0	0.613	1.23614	0.99964	0.99	0	0
370156	Pauls Valley Hospital Authority	37	37	37	37	37240	40049	7	rural	rural	N	0.7919				YES	0.0213	1	0	0	64	4	0	0	0.0967	0	0	0		0		0	0.254	0.055	16	4229.04	293	283.59	1.0789	1.0688			284.28	1.0833	1.0744			0.8523	1	0	0	0.747	1.25	1.00619	1.00	0	0
370158	Purcell Municipal Hospital	36420	36420	36420	36420	37430	40087	7	lurban	lurban	N	0.8909						1	0	0	39	5	0	0	0.10011	0	0	0		0		0	0.619	0.043	0		348	337.25	1.0597	1.0523			337.89	1.0584	1.0517			0.9239	1	0	0	0.669	1.23576	1	1.00	0	0
370166	Wagoner Community Hospital	46140	46140	46140	46140	37720	40145	7	ourban	ourban	N	0.8643						1	0	0	100	34	0	0	0.5761	0.09186	0.12374	0.09186	0.000089	1101.12	0.000114	1124.42	0.41	0.037	0		668	660.41	1.1546	1.15			661.29	1.1636	1.1593			0.905	1	0.00623	0.00735	0.297	1.0928	0.9981	1.00	0	0
370170	Lawton Indian Hospital	30020	99	99	99	37150	40031	7	ourban	rural	N	1.4448						1	0	0	38	6	0	0	0.4331	0.03	0	0.03	0.000014	2031.14	0.000011	1288.21	0.222	0.019	8		62	60.47	1.0338	1.0189			60.56	1.0267	1.0116			1.2866	1			0.115	1.25	1	1.00	0	1
370171	W W Hastings Indian Hospital	37	99	99	99	37100	40021	7	rural	rural	N	1.4448						1	0	0	52	14	0	0	0.5397	0.03	0	0.03	0.000071	1549.89	0.000071	1395.9	0.311	0.019	8		445	437.41	1.1809	1.1692			437.48	1.1874	1.1756			1.2866	1			0.261	1.15674	1	1.00	1	0
370172	Choctaw Nation Health Services Authority	37	99	99	99	37380	40077	7	rural	rural	N	1.4448						1	0	0	43	11	0	0	0.438	0.03	0	0.03	0.000047	2218.93	0.000044	1536.56	0.311	0.019	8		142	138.97	0.9009	0.8995			139.05	0.897	0.8956			1.2866	1			0.143	1.17932	1.02185	1.00	0	1
370173	Claremore Indian Hospital	46140	99	99	99	37650	40131	7	ourban	rural	N	1.4448						1	0	0	46	7	0	0	0.3414	0.03	0	0.03	0.000023	1322.25	0.00002	1162.63	0.222	0.019	8		167	162.2	1.0277	1.0151			162.41	1.0138	1.0024			1.2866	1			0.165	1.22235	1.01807	1.00	0	1
370178	Memorial Hospital	37	37	37	37	37000	40001	7	rural	rural	N	0.7706						1	0	0	30	14	0	0	0.4312	0.03	0	0.03	0.000033	322.06	0.00005	402.55	0.478	0.033	0		797	779.26	0.9989	0.9854			780.53	0.9962	0.9822			0.8366	1	0.00195	0.00156	0.581	1.17167	1.02145	1.00	0	0
370180	Chickasaw Nation Medical Center	37	99	99	99	37610	40123	7	rural	rural	N	1.4448						1	0	0	72	24	0	0	0.4198	0.03	0	0.03	0.000072	1035.07	0.000071	889.75	0.311	0.019	8		579	567.15	1.3376	1.3245			567.83	1.3368	1.3236			1.2866	1			0.336	1.08697	1.01312	1.00	0	1
370183	Hillcrest Hospital Henryetta	46140	46140	46140	46140	37550	40111	7	ourban	ourban	N	0.8643						1	0	0	27	5	0	0	0.2728	0.0293	0	0.0293	0.000018	731.41	0.000017	590.6	0.424	0.032	0		205	199.29	1.0015	0.997			199.75	0.9965	0.9925			0.905	1	0	0	0.376	1.24129	1	1.00	0	0
370190	"Southwestern Regional Medical Center, Inc"	46140	46140	46140	46140	37710	40143	7	ourban	ourban	N	0.8643						1	0	0	40	13	0	0	0	0	0	0		0		0	0.283	0.026	0		188	187.33	2.0792	2.0806			187.31	2.091	2.0927			0.905	1	0.73531	0.87576	0.149	1	1.01274	1.00	0	0
370192	Northwest Surgical Hospital	36420	36420	36420	36420	37540	40109	7	lurban	lurban	N	0.8909						1	0	0	9	2	0	0	0.01406	0	0	0		0		0	0.298	0.018	0		22	21.29	4.1421	4.1732			21.3	4.1122	4.1362			0.9239	1	0.08007	0.01394	0.301	1	1	1.00	1	1
370199	"Lakeside Women'S Hospital, A Member Of Integris He"	36420	36420	36420	36420	37540	40109	7	lurban	lurban	N	0.8909						1	0	0	23	9	0	0	0.1913	0.01296	0	0.01296	0.000014	10851.6	0.000015	11621.14	0.202	0.026	0		12	11.83	1.0865	1.0846			11.83	1.1074	1.1056			0.9239	1	0	0	0.003	1	1	1.00	0	1
370201	"Surgical Hospital Of Oklahoma, Llc"	36420	36420	36420	36420	37540	40109	7	lurban	lurban	N	0.8909						1	0.3398	1.5	12	1	0.16979	0.52699	0.1394	0	0	0		0	0.000003	554.7	0.276	0.042	0		46	45.44	1.998	2.0034	3	1.7908	45.52	1.9737	1.9803	3	1.7569	0.9239	1	0.02753	0.08402	0.216	1	1	1.00	0	0
370202	Hillcrest Hospital South	46140	46140	46140	46140	37710	40143	7	ourban	ourban	N	0.8643						1	0	0	180	88	0	0	0.2263	0.01971	0.04689	0.01971	0.00017	550.15	0.000211	629.76	0.189	0.035	0		2791	2760.52	1.7	1.6926			2762.69	1.7081	1.7003			0.905	1	0.03664	0.15591	0.337	1	1.00444	1.00	0	0
370203	"Community Hospital, Llc"	36420	36420	36420	36420	37130	40027	7	lurban	lurban	N	0.8909						1	0	0	49	15	0	0	0.0627	0	0	0		0		0	0.236	0.02	0		885	845.11	2.6283	2.6449			859.32	2.5921	2.5986			0.9239	1	0.02488	0.02437	0.333	1	1	1.00	1	1
370206	Oklahoma Spine Hospital	36420	36420	36420	36420	37540	40109	7	lurban	lurban	N	0.8909						1	0	0	23	12	0	0	0.0445	0	0	0		0		0	0.258	0.014	0		618	616.08	4.3343	4.3337			615.98	4.2797	4.2785			0.9239	1	0.02658	0.00479	0.272	1	1	1.00	0	0
370210	"Oklahoma Surgical Hospital, Llc"	46140	46140	46140	46140	37710	40143	7	ourban	ourban	N	0.8643						1	0	0	76	24	0	0	0.0424	0	0	0		0		0	0.336	0.031	0		1639	1576.07	2.3117	2.3159			1600.72	2.2827	2.2838			0.905	1	0.00047	0.00071	0.402	1	1.01704	1.00	0	0
370211	Integris Canadian Valley Hospital	36420	36420	36420	36420	37080	40017	7	lurban	lurban	N	0.8909						1	0	0	75	22	0	0	0.335	0.03	0	0.03	0.000118	1249.41	0.00008	784.43	0.179	0.019	0		930	895.78	1.5038	1.4895			897.69	1.513	1.499			0.9239	1	0.00569	0.01436	0.306	1	1.00268	0.99	0	0
370212	Oklahoma Center For Orthopaedic & Multi-Sp	36420	36420	36420	36420	37130	40027	7	lurban	lurban	N	0.8909						1	0	0	14	5	0	0	0.0406	0	0	0		0		0	0.343	0.078	0		330	326.99	2.1136	2.114			327.25	2.0593	2.0593			0.9239	1	0	0	0.369	1	1	1.00	0	0
370214	Lindsay Municipal Hospital	37	37	37	37	37240	40049	7	rural	rural	N	0.7919				YES	0.0213	1	0	0	26	17	0	0	0.2877	0.03	0	0.03	0.000028	10156.24	0.000055	14280.01	1.009	0.023	0		21	20.77	0.9415	0.9387			20.88	0.9241	0.9237			0.8523	1	0	0	0.013	1.21053	1	1.00	1	1
370215	"Oklahoma Heart Hospital, Llc"	36420	36420	36420	36420	37540	40109	7	lurban	lurban	N	0.8909						1	0	0	99	80	0	0	0.0553	0	0	0		0		0	0.251	0.026	0		3798	3712.28	2.493	2.494			3721.39	2.4916	2.4918			0.9239	1	0.01831	0.03287	0.564	1	1.01221	1.00	0	0
370216	"Tulsa Spine & Specialty Hospital, Llc"	46140	46140	46140	46140	37710	40143	7	ourban	ourban	N	0.8643						1	0	0	38	9	0	0	0.0658	0	0	0		0		0	0.239	0.031	0		479	475.62	3.5988	3.5997			475.59	3.5895	3.5894			0.905	1	0.00251	0.01355	0.388	1	1	1.00	0	0
370218	"Saint Francis Hospital South, Llc"	46140	46140	46140	46140	37710	40143	7	ourban	ourban	N	0.8643						1	0	0	88	42	0	0	0.2416	0.02287	0	0.02287	0.000153	840.88	0.000133	685.77	0.258	0.024	0		1787	1753.26	1.4115	1.4			1756.22	1.4061	1.3952			0.905	1	0.00338	0.00532	0.334	1	1.00691	1.00	0	0
370220	Onecore Health	36420	36420	36420	36420	37540	40109	7	lurban	lurban	N	0.8909						1	0	0	8	2	0	0	0.1309	0	0	0		0		0	0.229	0.031	0		85	84	3.0997	3.1135			84.35	3.0608	3.0697			0.9239	1	0.02662	0.09984	0.377	1	1	0.97	0	1
370222	Mcbride Orthopedic Hospital	36420	36420	36420	36420	37540	40109	7	lurban	lurban	N	0.8909						1	0	0	64	29	0	0	0.0197	0	0	0		0		0	0.344	0.012	0		1750	1743	2.4526	2.4475			1743.37	2.4037	2.3984			0.9239	1	0.00816	0.00042	0.515	1	1	1.00	0	1
370225	"Summit Medical Center, Llc"	36420	36420	36420	36420	37540	40109	7	lurban	lurban	N	0.8909						1	0	0	15	2	0	0	0.1535	0.00682	0	0.00682		0		0	0.274	0.034	0		48	47.36	2.6743	2.6797			47.38	2.6845	2.6897			0.9239	1	0.13541	0.3627	0.277	1	1	1.00	0	0
370227	St John Owasso	46140	46140	46140	46140	37710	40143	7	ourban	ourban	N	0.8643						1	0	0	32	11	0	0	0.2326	0.02101	0	0.02101	0.000054	1065.46	0.000038	629.34	0.318	0.019	0		411	387.21	1.2689	1.2558			388.97	1.2664	1.2536			0.905	1	0	0	0.264	1	1.01327	1.00	0	0
370228	"Bailey Medical Center, Llc"	46140	46140	46140	46140	37710	40143	7	ourban	ourban	N	0.8643						1	0	0	73	9	0	0	0.2226	0.01895	0	0.01895	0.000032	910.3	0.000029	688.83	0.225	0.038	0		301	295.85	1.4238	1.4193			296.21	1.421	1.4165			0.905	1	0.00312	0.02213	0.22	1	1.01698	1.00	0	0
370229	Alliancehealth Seminole	37	37	37	37	37660	40133	7	rural	rural	N	0.7706						1	0	0	32	5	0	0	0.2019	0.01468	0	0.01468	0.000032	755.57	0.000025	454.81	0.327	0.059	0		318	306.7	1.0643	1.0518			307.76	1.0615	1.051			0.8366	1	0	0	0.583	1.23758	0.99868	1.00	0	0
370234	"Oklahoma Heart Hospital South, Llc"	36420	36420	36420	36420	37540	40109	7	lurban	lurban	N	0.8909						1	0	0	46	47	0	0	0.104	0	0	0		0		0	0.255	0.027	0		2017	1969.82	2.7168	2.703			1974.08	2.718	2.7036			0.9239	1	0.03712	0.07034	0.538	1	1.00689	1.00	0	0
370235	"St John Broken Arrow, Inc"	46140	46140	46140	46140	37710	40143	7	ourban	ourban	N	0.8643						1	0	0	44	18	0	0	0.0715	0	0	0		0		0	0.27	0.024	0		1110	1080.13	1.8975	1.8902			1085.45	1.8568	1.8504			0.905	1	0.00244	0.00367	0.455	1	1.01101	0.97	0	0
370236	Integris Health Edmond	36420	36420	36420	36420	37540	40109	7	lurban	lurban	N	0.8909						1	0	0	40	23	0	0	0.1761	0.01049	0	0.01049	0.000084	840.68	0.000034	336.19	0.185	0.03	0		938	919.49	1.578	1.5561			920.99	1.5854	1.5619			0.9239	1	0.00693	0.0251	0.355	1	1.00003	0.99	0	0
370237	"Saint Francis Hospital Vinita, Inc"	37	37	37	37	37170	40035	7	rural	rural	N	0.7723				YES	0.0017	1	0		55	0	0	0.52699	0	0	0	0		0		0	0.528	0.057	0		159	152.49	1.06	1.0517			153.22	1.0273	1.0201			0.8378	1	0	0		1	1	1.00	0	0
380001	Mid-Columbia Medical Center	38	38	38900	38	38320	41065	9	rural	rural	W	1.1786						1	0	0	43	19	0	0	0.3086	0.03669	0	0.03		0		0	0.413	0.034	17	7719.5	971	944.47	1.4322	1.4251			947.63	1.4313	1.4254			1.1191	1	0.019	0.01871	0.457	1.11992	1.00744	1.00	0	0
380002	Asante Three Rivers Medical Center	24420	24420	24420	24420	38160	41033	9	ourban	ourban	N	1.065				YES	0.0016	1	0	0	111	63	0	0	0.3808	0.05158	0.08016	0.05158	0.000149	495.2	0.00017	489.07	0.277	0.039	0		2681	2630.48	1.5185	1.5085			2634.79	1.5196	1.5087			1.0441	1	0.03903	0.08916	0.373	1	1.0099	1.00	0	0
380004	Providence St Vincent Medical Center	38900	38900	38900	38900	38330	41067	9	lurban	lurban	N	1.1888						1	0.0692	0.1159	526	315	0.03708	0.03325	0.3116	0.03731	0.06513	0.03731	0.000669	1024.87	0.000686	870.86	0.416	0.025	0		5541	5454.53	2.2825	2.2787	3883.98	2.1369	5468.19	2.2733	2.2705	3889.72	2.1355	1.1257	1	0.06907	0.03211	0.217	1	1.00492	1.00	0	0
380005	Asante Ashland Community Hospital	32780	32780	32780	32780	38140	41029	9	ourban	ourban	N	1.0731						1	0	0	40	12	0	0	0.3968	0.03	0	0.03	0.000033	605.35	0.000031	483.67	0.41	0.042	0		476	462.18	1.7073	1.7056			463.32	1.6659	1.6641			1.0495	1	0.13808	0.20914	0.383	1	1.01678	1.00	0	0
380007	Legacy Emanuel Medical Center	38900	38900	38900	38900	38250	41051	9	lurban	lurban	N	1.1888						1	0.105	0.173	383	277	0.05571	0.05003	0.5944	0.09563	0.12791	0.09563	0.000667	2512.49	0.000876	2924.48	0.356	0.031	0		2331	2314.93	2.2941	2.2856	1469.24	2.2556	2316.52	2.312	2.304	1471.33	2.254	1.1257	1	0.22275	0.24048	0.124	1	0.99061	1.00	0	0
380009	Ohsu Hospital And Clinics	38900	38900	38900	38900	38250	41051	9	lurban	lurban	N	1.1888						1	0.5079	0.6217	567	470	0.24432	0.19177	0.4732	0.07064	0.10056	0.07064	0.001078	1572.73	0.001303	1601.52	0.409	0.027	0		5832	5786.81	2.4185	2.4163	2223.29	2.4359	5790.54	2.4303	2.4283	2224.42	2.4419	1.1257	1	0.19693	0.14504	0.204	1	1.00033	1.00	0	0
380014	Good Samaritan Regional Medical Center	18700	18700	38	38	38010	41003	9	ourban	rural	S	1.0634		YES				1	0.542	0.7285	149	98	0.25882	0.22824	0.2839	0.03159	0	0.03159	0.000183	612.04	0.000182	498.6	0.364	0.018	7		2413	2376.16	1.8531	1.8472	1464.83	1.8971	2383.49	1.8537	1.8486	1469.13	1.9097	1.043	1	0.05095	0.01643	0.328	1	1.00085	1.00	0	0
380017	Legacy Good Samaritan Medical Center	38900	38900	38900	38900	38250	41051	9	lurban	lurban	N	1.1888						1	0.2344	0.4591	151	102	0.12019	0.13833	0.3421	0.0436	0.07173	0.0436	0.000169	624.05	0.000171	526.9	0.333	0.02	0		2304	2286.07	1.746	1.7388	1659.79	1.7806	2288.18	1.7396	1.7324	1661.37	1.7671	1.1257	1	0.0889	0.04489	0.258	1	1.00479	0.99	0	0
380018	Asante Rogue Regional Medical Center	32780	32780	5	38	38140	41029	9	ourban	rural	S	1.25		YES	YES			1	0	0	302	200	0	0	0.3821	0.05185	0	0.05185	0.000345	506.28	0.000438	539.1	0.297	0.034	7		5529	5439.47	2.1026	2.1013			5447.09	2.1055	2.1033			1.1651	1	0.0698	0.13148	0.362	1	1.00186	1.00	0	0
380020	Mckenzie-Willamette Medical Center	21660	21660	21660	21660	38190	41039	9	ourban	ourban	N	1.1883						1	0	0	113	64	0	0	0.32	0.03904	0.06695	0.03904	0.000092	413.53	0.000109	419.94	0.229	0.015	0		1914	1894.98	1.8308	1.8245			1896.17	1.836	1.8289			1.1254	1	0.01537	0.00452	0.257	1	1.00658	0.99	0	0
380021	Tuality Community Hospital	38900	38900	38900	38900	38330	41067	9	lurban	lurban	N	1.1888						1	0	0	194	36	0	0	0.3458	0.04436	0.07253	0.04436	0.000191	1786.56	0.000185	1396.23	0.409	0.039	0		944	925.3	1.5437	1.5298			927.03	1.5485	1.5345			1.1257	1	0.03132	0.0442	0.234	1	1.00297	1.00	0	0
380022	Samaritan Albany General Hospital	10540	10540	10540	10540	38210	41043	9	ourban	ourban	N	1.1083				YES	0.0138	1	0.0038	0	73	25	0.00208	0	0.3971	0.03	0	0.03	0.00009	1185.98	0.000076	756.39	0.417	0.033	0		578	563.35	1.6789	1.6722	393.78	1.6343	565.88	1.6705	1.6664	395.28	1.6444	1.073	1	0.04348	0.04193	0.209	1	1.00195	1.00	0	0
380025	Legacy Mount Hood Medical Center	38900	38900	38900	38900	38250	41051	9	lurban	lurban	N	1.1888						1	0	0	96	59	0	0	0.4367	0.03	0	0.03	0.000234	1482.67	0.000252	1316.01	0.321	0.021	0		1270	1246.86	1.5213	1.5148			1250.66	1.5161	1.5112			1.1257	1	0.0415	0.0293	0.23	1	1.00592	0.99	0	0
380027	Mercy Medical Center	38	38	21660	38	38090	41019	9	rural	rural	W	1.176						1	0	0	140	78	0	0	0.302	0.03533	0	0.03533		0		0	0.364	0.018	17	7831.92	2519	2481.59	1.5163	1.5058			2485.5	1.5105	1.5009			1.1174	1	0.03298	0.00996	0.373	1	1.00812	1.00	0	0
380029	Legacy Silverton Medical Center	41420	41420	41420	41420	38230	41047	9	ourban	ourban	N	1.0836				YES	0.009	1	0	0	48	22	0	0	0.5163	0.03	0	0.03	0.000096	2420.03	0.000124	2420.86	0.452	0.017	0		315	307.65	1.4879	1.4861			308.06	1.4738	1.4731			1.0565	1	0.0266	0.00387	0.081	1.06356	1.00908	1.00	0	0
380033	Sacred Heart University District	21660	21660	21660	21660	38190	41039	9	ourban	ourban	N	1.1883						1	0	0	39	18	0	0	0.2496	0.02452	0	0.02452	0.000053	828.24	0.00005	657.98	0.362	0.01	0		510	501.86	1.0819	1.0809			503.36	1.0591	1.0585			1.1254	1	0.04457	0.0115	0.357	1	1.00427	1.00	0	0
380037	Providence Newberg Medical Center	38900	38900	38900	38900	38350	41071	9	lurban	lurban	N	1.1888						1	0	0	32	20	0	0	0.2509	0.02479	0	0.02479	0.000094	1230.52	0.000065	711.99	0.494	0.041	0		613	591.49	1.4934	1.4814			593.19	1.4896	1.4786			1.1257	1	0.01243	0.01403	0.236	1	1.01105	1.00	0	0
380038	Providence Willamette Falls Medical Center	38900	38900	38900	38900	38020	41005	9	lurban	lurban	N	1.1888						1	0	0	97	42	0	0	0.4083	0.03	0	0.03	0.00011	1289.12	0.000099	927.3	0.502	0.034	0		690	660.77	1.6048	1.5991			664.55	1.5853	1.5806			1.1257	1	0.01524	0.01076	0.127	1	1.01409	1.00	0	0
380040	St Charles Redmond	13460	13460	38	38	38080	41017	9	ourban	rural	S	1.0634		YES				1	0	0	48	21	0	0	0.3359	0.03	0	0.03		0		0	0.448	0.044	16	9444.09	839	803.76	1.4862	1.467			805.61	1.4815	1.4618			1.043	1	0.04604	0.06486	0.413	1.09288	1.0112	1.00	0	0
380047	St Charles Bend	13460	13460	13460	13460	38080	41017	9	ourban	ourban	N	1.1321						1	0.0021	0.0037	223	153	0.00115	0.00104	0.3135	0.0377	0.06554	0.0377	0.000287	462.74	0.000346	476.54	0.378	0.031	7		5328	5271.36	2.0334	2.0318	1624.92	2.0066	5276.78	2.0295	2.0276	1627.91	2.0014	1.0887	1	0.0875	0.0801	0.339	1	1.00171	1.00	0	0
380050	Sky Lakes Medical Center	38	38	32780	38	38170	41035	9	rural	rural	W	1.0634						1	0.1745	0.3997	105	54	0.09087	0.1194	0.3389	0.04294	0	0.04294		0		0	0.31	0.024	17	7892.08	2245	2194.68	1.6735	1.6682	471.44	1.62	2198.52	1.6499	1.6437	473.13	1.5917	1.043	1	0.06565	0.05739	0.448	1	1.00889	1.00	0	0
380051	Salem Hospital	41420	41420	38900	41420	38230	41047	9	ourban	ourban	W	1.1786						1	0	0	362	278	0	0	0.3393	0.04302	0.07112	0.04302	0.000742	1292.43	0.00068	1014.45	0.389	0.034	0		4988	4918.36	1.8496	1.8424			4924.78	1.8611	1.8536			1.1191	1	0.05993	0.06615	0.21	1	1.00266	1.00	0	0
380052	"Saint Alphonsus Medical Center - Ontario, Inc"	38	38	38	38	38220	41045	9	rural	rural	N	1.0634						1	0	0	44	16	0	0	0.377	0.03	0	0.03		0		0	0.349	0.046	16	7074.84	820	790.66	1.4994	1.4847			792.65	1.499	1.4843			1.043	1	0.00259	0.00465	0.381	1.12652	1.0039	1.00	0	0
380056	Santiam Hospital	41420	41420	41420	41420	38230	41047	9	ourban	ourban	N	1.0836				YES	0.009	1	0	0	40	9	0	0	0.2433	0.02322	0	0.02322	0.000029	886.84	0.000028	694.42	0.621	0.081	0		290	284.54	1.2856	1.2761			284.69	1.289	1.2795			1.0565	1	0.06585	0.13704	0.308	1.20939	0.9974	1.00	0	0
380060	Adventist Health Portland	38900	38900	38900	38900	38250	41051	9	lurban	lurban	N	1.1888						1	0	0	169	74	0	0	0.3946	0.05442	0.08319	0.05442	0.000206	862.3	0.000189	650.1	0.265	0.015	0		2090	2055.02	1.7769	1.7669			2057.55	1.7835	1.7739			1.1257	1	0.01338	0.00302	0.226	1	1.01391	1.00	0	0
380061	Providence Portland Medical Center	38900	38900	38900	38900	38250	41051	9	lurban	lurban	N	1.1888						1	0.0819	0.1278	318	248	0.04373	0.03672	0.3596	0.04721	0.07554	0.04721	0.000583	1243.52	0.000556	979.03	0.425	0.034	0		3918	3867.6	1.9014	1.895	3374.85	1.812	3874.41	1.8928	1.8872	3381.17	1.8019	1.1257	1	0.1019	0.09447	0.213	1	1.00634	1.00	0	0
380071	Willamette Valley Medical Center	38900	38900	38900	38900	38350	41071	9	lurban	lurban	N	1.1888						1	0	0	78	27	0	0	0.3108	0.03	0	0.03	0.000055	429.83	0.000072	472.53	0.232	0.021	0		1138	1111.3	1.5253	1.5087			1113.37	1.5282	1.5109			1.1257	1	0.00386	0.00543	0.324	1	1.01794	1.00	0	0
380075	Providence Medford Medical Center	32780	32780	5	38	38140	41029	9	ourban	rural	S	1.25		YES	YES			1	0	0	118	68	0	0	0.2965	0.03419	0	0.03419	0.000203	653.21	0.000168	463.97	0.327	0.024	7		2678	2634	1.7903	1.7859			2638.67	1.7809	1.7765			1.1651	1	0.02803	0.02332	0.422	1	1.00259	0.99	0	0
380082	Providence Milwaukie Hospital	38900	38900	38900	38900	38020	41005	9	lurban	lurban	N	1.1888						1	0.2529	0.5692	52	25	0.12907	0.17425	0.2768	0.03	0	0.03	0.000095	1232.31	0.000074	779.96	0.499	0.038	0		630	598.76	1.4733	1.4582	658.86	1.4774	604.39	1.4441	1.4311	664.2	1.4453	1.1257	1	0.02114	0.01834	0.268	1	1.00407	0.98	0	0
380089	Legacy Meridian Park Medical Center	38900	38900	38900	38900	38020	41005	9	lurban	lurban	N	1.1888						1	0	0	107	77	0	0	0.1615	0.00812	0.03324	0.00812	0.000104	380.69	0.000092	273.25	0.332	0.019	0		2166	2140.4	1.6215	1.6164			2141.71	1.6195	1.6139			1.1257	1	0.03251	0.01611	0.268	1	1.00595	1.00	0	0
380090	Bay Area Hospital	38	38	21660	38	38050	41011	9	rural	rural	W	1.176						1	0.0162	0.0307	130	64	0.00882	0.0087	0.3773	0.05086	0	0.05086		0		0	0.387	0.023	17	9152.11	2956	2920.76	1.4991	1.4946	259.44	1.46	2924.67	1.491	1.4864	259.74	1.4587	1.1174	1	0.02769	0.01388	0.56	1	1.00585	0.99	0	0
380091	Kaiser Sunnyside Medical Center	38900	38900	38900	38900	38020	41005	9	lurban	lurban	N	1.1888						1	0.0757	0.1461	302	153	0.04049	0.04209	0.0504	0	0.01026	0		0		0	0.375	0.03	0		638	625.3	1.8306	1.8217	5534.84	1.9203	626.23	1.8462	1.8379	5542.26	1.9472	1.1257	1	0.02683	0.0256	0.026	1	1.00256	1.00	0	0
380102	Sacred Heart Medical Center - Riverbend	21660	21660	21660	21660	38190	41039	9	ourban	ourban	N	1.1883						1	0	0	383	295	0	0	0.3186	0.03875	0.06664	0.03875	0.000497	645.32	0.000775	836.31	0.3	0.015	0		6600	6551.32	2.0252	2.0223			6557.71	2.0223	2.0196			1.1254	1	0.04063	0.00991	0.262	1	1.00179	1.00	0	0
380103	Kaiser Foundation Hospital - Westside	38900	38900	38900	38900	38330	41067	9	lurban	lurban	N	1.1888						1	0	0	92	55	0	0	0.0268	0	0	0		0		0	0.375	0.03	0		271	263.35	1.5598	1.5545			263.55	1.5658	1.5591			1.1257	1	0	0	0.031	1	1.02372	1.00	0	0
390001	Geisinger-Community Medical Center	42540	42540	10900	39	39420	42069	2	ourban	rural	S	0.915		YES	YES			1	0.1132	0.1702	246	140	0.05992	0.0492	0.22	0.01841	0	0.01841	0.000253	448.83	0.0002	282.87	0.145	0.014	7		4429	4327.26	1.7509	1.7282	1609.08	1.6163	4340.84	1.7612	1.7386	1612.83	1.6202	0.941	1	0.01876	0.0271	0.464	1	0.993	0.99	0	0
390002	Upmc Mckeesport	38300	38300	38300	38300	39010	42003	2	lurban	lurban	N	0.8411						1	0.303	0.5235	176	95	0.15275	0.1592	0.4156	0.05876	0.0878	0.05876	0.000194	1071.4	0.000282	1287.55	0.176	0.009	0		1553	1521.97	1.2815	1.2665	1915.15	1.43	1523.48	1.2866	1.2711	1916.34	1.4414	0.8883	1	0.01249	0.00602	0.213	1	0.99911	1.00	0	0
390003	Geisinger-Bloomsburg Hospital	14100	14100	14100	14100	39250	42037	2	ourban	ourban	N	0.9086						1	0	0	52	15	0	0	0.21	0.01635	0	0.01635	0.000056	961.69	0.000035	491.83	0.269	0.021	0		408	391.28	1.284	1.2736			393.05	1.2786	1.2685			0.9365	1	0	0	0.317	1	1.00841	1.00	0	0
390004	Holy Spirit Hospital	25420	25420	49620	25420	39270	42041	2	ourban	ourban	W	0.9461						1	0.0077	0.0128	276	113	0.0042	0.00362	0.1985	0.01413	0.04102	0.01413	0.000357	930.43	0.000182	351.75	0.316	0.014	0		3168	3113.44	1.8365	1.8203	1530.32	1.9253	3118.58	1.8365	1.8202	1532.48	1.9436	0.9628	1	0.0417	0.00641	0.32	1	0.99379	1.00	0	0
390006	Geisinger Medical Center	14100	14100	14100	14100	39580	42093	2	ourban	ourban	N	0.9086						1	0.6559	0.8813	504	390	0.30593	0.28236	0.354	0.04605	0.07432	0.04605	0.000999	1068.05	0.000863	740.41	0.137	0.01	7		7443	7312.33	1.9811	1.9521	4178.95	1.8431	7325.56	1.9927	1.9641	4185.24	1.8536	0.9365	1	0.05911	0.05227	0.281	1	0.99534	1.00	0	0
390008	Ellwood City Medical Center	39	39	39	39	39450	42073	2	rural	rural	N	0.8013				YES	0.0119	1	0	0	52	14	0	0	0.0793	0	0	0		0		0	0.514	0.023	14	5846.65	247	241.92	1.2389	1.2341			242.46	1.2358	1.2319			0.8592	1	0	0	0.303	1	1.00157	1.00	0	0
390009	Saint Vincent Hospital	21500	21500	33	39	39320	42049	2	ourban	rural	S	0.8442		YES	YES			1	0.0948	0.2253	300	159	0.05044	0.06564	0.3316	0.04143	0	0.04143	0.000274	551.16	0.00035	556.64	0.162	0.014	7		3891	3817.52	1.8494	1.8296	2374.15	1.8853	3823.88	1.8578	1.8375	2378.95	1.8849	0.8905	1	0.02073	0.02407	0.304	1	0.9904	1.00	0	0
390012	Lansdale Hospital	33874	33874	33874	33874	39560	42091	2	lurban	lurban	N	1.0307				YES	0.0392	1	0	0	118	51	0	0	0.1067	0	0.02184	0		0		0	0.225	0.027	0		2553	2463.75	1.4324	1.4231			2471.98	1.4204	1.4118			1.0209	1	0.00175	0.00484	0.512	1	1.00489	0.98	0	0
390013	Evangelical Community Hospital	39	39	25420	39	39720	42119	2	rural	rural	W	0.9309						1	0	0	120	48	0	0	0.1724	0.00989	0	0.00989	0.000095	390.63	0.000101	347.82	0.337	0.026	7		2033	1991.78	1.4952	1.4873			1994.95	1.4911	1.4819			0.9521	1	0.00475	0.00435	0.349	1	1.00614	1.00	0	0
390016	Upmc Jameson	39	39	38300	38300	39450	42073	2	rural	lurban	L	0.8272	LUGAR					1	0	0	194	67	0	0	0.2244	0.01932	0.04649	0.01932	0.000142	722.54	0.000173	691.69	0.433	0.014	7		1539	1504.66	1.3598	1.3464			1507.71	1.3596	1.3456			0.8782	1	0.0133	0.00039	0.309	1	1.00455	0.99	0	0
390019	Palmerton Hospital	10900	10900	10900	10900	39190	42025	2	ourban	ourban	N	0.9534						1	0	0	40	13	0	0	0.2166	0.01771	0	0.01771		0		0	0.346	0.022	0		50	49.24	1.3593	1.3611			49.35	1.326	1.3286			0.9678	1	0.0056	0	0.637	1	1	0.99	0	0
390025	Kensington Hospital	37964	37964	37964	37964	39620	42101	2	lurban	lurban	N	1.0871						1	0	0	33	21	0	0	1.2608	0.03	0	0.03	0.000072	11981.72	0.000101	15947.97	0.298	0.015	0		66	66	0.7253	0.7253			66	0.7471	0.7471			1.0589	1	0	0	0.027	1	1	1.00	1	1
390026	Chestnut Hill Hospital	37964	37964	37964	37964	39620	42101	2	lurban	lurban	N	1.0871						1	0.2926	0.4591	109	76	0.14788	0.13833	0.2529	0.0252	0.05255	0.0252	0.000074	223.95	0.000088	219.96	0.084	0.006	0		2678	2608.26	1.5253	1.5027	1185.06	1.4238	2614.51	1.5297	1.5062	1187.64	1.4195	1.0589	1	0.00849	0.00625	0.431	1	0.99069	0.99	0	0
390027	Temple University Hospital	37964	37964	37964	37964	39620	42101	2	lurban	lurban	N	1.0871						1	0.5852	0.8939	584	395	0.27693	0.28693	0.624	0.10174	0.13469	0.10174	0.001009	1834.78	0.001622	2465.99	0.12	0.005	0		4813	4726.77	2.4183	2.4001	3688.74	1.8141	4734.99	2.4373	2.4202	3696.2	1.8296	1.0589	1	0.18021	0.03706	0.202	1	0.99814	0.99	0	0
390028	Upmc Mercy	38300	38300	38300	38300	39010	42003	2	lurban	lurban	N	0.8411						1	0.3679	0.6016	399	256	0.18262	0.18503	0.4421	0.06422	0.09365	0.06422	0.00045	1124.2	0.000626	1267.66	0.163	0.007	0		3224	3166.32	1.7784	1.7532	3482.55	1.8633	3169.76	1.7967	1.7726	3488.68	1.8694	0.8883	1	0.01579	0.00146	0.175	1	0.99525	1.00	0	0
390030	Lehigh Valley Hospital-Schuylkill S. Jackson Stree	39	39	39740	39740	39650	42107	2	rural	ourban	L	0.9512	LUGAR					1	0	0	179	65	0	0	0.6789	0.11306	0.14738	0.11306	0.000251	1701.87	0.00022	847.41	0.442	0.038	7		427	419.86	1.1961	1.1893			420.2	1.2047	1.1983			0.9663	1	0.04762	0.05271	0.328	1	1.00138	0.98	0	0
390031	Lehigh Valley Hospital-Schuylkill E. Norwegian Str	39	39	39740	39	39650	42107	2	rural	rural	W	0.9512						1	0	0	96	37	0	0	0.1469	0	0	0		0		0	0.338	0.029	14	6398.07	2639	2568.66	1.3884	1.3803			2573.12	1.3939	1.3857			0.9663	1	0.00136	0.00159	0.587	1	0.99555	1.00	0	0
390032	Allegheny Valley Hospital	38300	38300	38300	38300	39010	42003	2	lurban	lurban	N	0.8411						1	0	0	187	48	0	0	0.1361	0	0.02794	0		0		0	0.298	0.027	0		1219	1173.38	1.4096	1.3799			1177.61	1.4151	1.3868			0.8883	1	0.00096	0.00142	0.249	1	0.99141	1.00	0	0
390035	St Luke'S Quakertown Hospital	33874	33874	37964	33874	39140	42017	2	lurban	lurban	W	1.0871						1	0	0	62	37	0	0	0.1826	0.01155	0	0.01155	0.000047	355.17	0.000029	189.66	0.089	0.01	0		1139	1103.37	1.4211	1.4003			1105.86	1.4338	1.4108			1.0589	1	0.00918	0.01476	0.376	1	1.0033	1.00	0	0
390036	Heritage Valley Beaver	38300	38300	38300	38300	39080	42007	2	lurban	lurban	N	0.8411						1	0.1073	0.1763	214	126	0.05689	0.05101	0.1835	0.01169	0.03786	0.01169	0.000222	662.23	0.00022	528.84	0.367	0.044	0		2697	2610.17	1.6657	1.6449	3138.81	1.7181	2618.33	1.6711	1.6498	3147.12	1.7137	0.8883	1	0.00506	0.01401	0.217	1	0.9966	0.99	0	0
390037	Heritage Valley Sewickley	38300	38300	38300	38300	39010	42003	2	lurban	lurban	N	0.8411						1	0	0	149	69	0	0	0.1603	0.00792	0.03299	0.00792		0		0	0.375	0.041	0		1333	1306.75	1.5875	1.5772			1309.01	1.5903	1.5791			0.8883	1	0.00027	0.00192	0.187	1	1.00136	0.99	0	0
390039	Somerset Hospital	39	39	39	39	39680	42111	2	rural	rural	N	0.7894						1	0	0	101	29	0	0	0.3108	0.03	0	0.03714		0		0	0.332	0.023	16	5817.42	590	571.27	1.5016	1.4824			572.76	1.5186	1.4996			0.8505	1	0.00305	0.00198	0.246	1.08985	1.00008	1.00	0	0
390041	Uniontown Hospital	38300	38300	38300	38300	39330	42051	2	lurban	lurban	N	0.8411						1	0	0	160	83	0	0	0.3262	0.04032	0.06829	0.04032	0.000195	815.23	0.000224	771.48	0.438	0.043	0		2030	1970.68	1.4866	1.4743			1974.89	1.4901	1.4775			0.8883	1	0.00256	0.00437	0.26	1	0.99804	1.00	0	0
390042	"Washington Hospital, The"	38300	38300	38300	38300	39750	42125	2	lurban	lurban	N	0.8411						1	0.0875	0.1469	214	120	0.04665	0.04233	0.2241	0.01926	0.04643	0.01926	0.000293	998.38	0.000279	767.78	0.398	0.023	0		2367	2299.6	1.5507	1.5354	2529.73	1.639	2303.48	1.5545	1.5368	2535.27	1.6457	0.8883	1	0.02202	0.00872	0.237	1	0.99857	0.99	0	0
390044	Reading Hospital	39740	39740	33874	39	39110	42011	2	ourban	rural	S	0.9915		YES	YES			1	0.1193	0.1851	508	317	0.06305	0.05362	0.303	0.03553	0	0.03553	0.000736	678.56	0.000795	621.64	0.285	0.037	7		9297	9140.58	1.6755	1.6682	3620.36	1.7066	9156.29	1.6741	1.6663	3626.91	1.6997	0.9942	1	0.04053	0.09752	0.343	1	0.9979	1.00	0	0
390045	Williamsport Regional Medical Center	48700	48700	44300	39	39510	42081	2	ourban	rural	S	0.9223		YES	YES			1	0.0951	0.1689	198	113	0.05059	0.04882	0.2211	0.01864	0	0.01864	0.000184	351.96	0.000229	352.51	0.263	0.029	7		4265	4147.98	1.9197	1.9042	1076.77	2.0945	4157.77	1.9251	1.9092	1078.12	2.1051	0.9461	1	0.02857	0.0599	0.396	1	0.99854	1.00	0	0
390046	York Hospital	49620	49620	23900	49620	39800	42133	2	ourban	ourban	W	0.9585						1	0.235	0.3015	515	377	0.12048	0.08881	0.2704	0.02881	0.05628	0.02881	0.000667	584.41	0.000715	514.52	0.292	0.016	0		9317	9164.44	1.8207	1.8051	4062.73	1.7426	9181.38	1.8231	1.8082	4070.21	1.735	0.9714	1	0.04492	0.01458	0.355	1	0.99402	1.00	0	0
390048	Geisinger-Lewistown Hospital	39	39	44300	39	39540	42087	2	rural	rural	W	0.9223						1	0.0052	0	109	41	0.00284	0	0.2331	0.02111	0	0.02111		0		0	0.328	0.023	17	6297.42	1408	1362.39	1.3386	1.3287			1366.65	1.3334	1.3224			0.9461	1	0.01403	0.0108	0.395	1	1.00215	1.00	0	0
390049	St Luke'S Hospital Bethlehem	10900	10900	35084	10900	39470	42077	2	ourban	ourban	W	1.0956						1	0.3154	0.5176	403	284	0.15852	0.15727	0.259	0.02646	0.05385	0.02646	0.000541	486.88	0.000558	426.77	0.102	0.01	0		9309	9100.41	1.933	1.9133	2671.66	1.8813	9119.58	1.9357	1.9167	2675.37	1.8836	1.0645	1	0.01014	0.01626	0.366	1	0.99904	1.00	0	0
390050	Allegheny General Hospital	38300	38300	38300	38300	39010	42003	2	lurban	lurban	N	0.8411						1	0.6411	0.884	495	348	0.29992	0.28334	0.2056	0.01544	0.04251	0.01544	0.000501	784.52	0.000469	607.17	0.211	0.018	0		5394	5285.84	2.4074	2.3915	5563.34	2.3424	5302.03	2.4149	2.3993	5579.17	2.3441	0.8883	1	0.07189	0.07557	0.225	1	0.98968	1.00	0	0
390052	Penn Highlands Clearfield	39	39	39	39	39230	42033	2	rural	rural	N	0.835				YES	0.0456	1	0	0	40	15	0	0	0.20077	0.0145	0	0.0145		0	0.000042	374.9	0.525	0.033	14	5611.58	642	620.68	1.2598	1.2468			622.54	1.2602	1.2476			0.8838	1	0	0	0.499	1.17598	0.99849	0.99	0	1
390056	J C Blair Memorial Hospital	39	39	39	39	39380	42061	2	rural	rural	N	0.8425				YES	0.0531	1	0	0	60	13	0	0	0.2813	0.03	0	0.03		0		0	0.617	0.019	16	5723.97	672	649.84	1.201	1.1968			651.89	1.1936	1.189			0.8893	1	0.00764	0.00012	0.409	1.15841	0.9994	1.00	0	0
390057	Grand View Hospital	33874	33874	37964	33874	39140	42017	2	lurban	lurban	W	1.0871						1	0	0	180	78	0	0	0.1409	0	0.02894	0		0		0	0.276	0.028	0		2763	2672.65	1.5541	1.5378			2681.29	1.5564	1.5388			1.0589	1	0.02871	0.04145	0.368	1	1.00168	1.00	0	0
390058	Carlisle Regional Medical Center	25420	25420	49620	25420	39270	42041	2	ourban	ourban	W	0.9461						1	0	0	145	34	0	0	0.173	0.00999	0.03565	0.00999	0.000045	256.9	0.000049	222.26	0.179	0.015	0		1474	1432.1	1.4169	1.4107			1435.88	1.4115	1.4062			0.9628	1	0.01094	0.01033	0.393	1	1.00051	1.00	0	0
390061	Lancaster Regional Medical Center	29540	29540	29540	29540	39440	42071	2	ourban	ourban	N	0.9234				YES	0.01	1	0	0	142	53	0	0	0.3162	0.03825	0.06612	0.03825	0.000071	488.84	0.000102	527.9	0.182	0.019	0		1073	1057.82	1.9346	1.9224			1059.21	1.9279	1.9161			0.9469	1	0.03631	0.06439	0.364	1	1.00133	0.99	0	0
390062	Nason Hospital	11020	11020	11020	11020	39120	42013	2	ourban	ourban	N	1.0112						1	0	0	45	14	0	0	0.2632	0.02732	0	0.02732	0.000028	506.5	0.000041	646.54	0.484	0.036	0		463	441.14	1.4123	1.392			448.52	1.3968	1.3864			1.0077	1	0	0	0.233	1	1.0033	0.98	0	0
390063	Upmc Hamot	21500	21500	33	39	39320	42049	2	ourban	rural	S	0.8442		YES	YES			1	0.1198	0.1267	374	242	0.0633	0.0364	0.3069	0.03634	0	0.03634	0.000381	488.93	0.000506	559.26	0.111	0.007	7		6649	6509.43	1.8851	1.8599	2821.71	1.9209	6522.47	1.8801	1.856	2827.27	1.9201	0.8905	1	0.00917	0.00574	0.302	1	0.99193	1.00	0	0
390065	Gettysburg Hospital	23900	23900	16540	23900	39000	42001	2	ourban	ourban	W	1.1386						1	0	0	76	41	0	0	0.1705	0.00958	0	0.00958	0.000101	433.46	0.000089	313.21	0.355	0.024	0		1873	1820.03	1.379	1.3706			1825.1	1.3736	1.3664			1.093	1	0.00225	0.00097	0.448	1	1.00578	0.99	0	0
390066	Good Samaritan Hospital	30140	30140	30140	30140	39460	42075	2	ourban	ourban	N	0.9437						1	0.0656	0.1298	124	83	0.03519	0.03731	0.2158	0.01755	0.04467	0.01755	0.000223	770.75	0.000166	455.58	0.369	0.017	0		2383	2335.53	1.664	1.6425	1182.77	1.6633	2339.82	1.6648	1.6426	1183.52	1.6654	0.9611	1	0.04405	0.00906	0.505	1	0.99231	1.00	0	0
390067	Pinnacle Health Hospitals	25420	25420	23900	39	39280	42043	2	ourban	rural	S	0.9585		YES	YES			1	0.1851	0.2564	626	417	0.09612	0.07504	0.2617	0.02701	0	0.02701	0.00087	761.29	0.000802	607.79	0.334	0.043	7		9807	9641.69	1.969	1.9565	6006.4	1.8808	9654.22	1.9623	1.9497	6011.69	1.8815	0.9714	1	0.02267	0.0548	0.28	1	1.00096	0.98	0	0
390068	Heart Of Lancaster Medical Center	29540	29540	29540	29540	39440	42071	2	ourban	ourban	N	0.9234				YES	0.01	1	0.1768	0.3273	65	26	0.09201	0.09676	0.2535	0.02532	0	0.02532	0.000042	683.63	0.000058	681.49	0.241	0.037	0		433	424.39	1.3697	1.3632	171.45	1.3329	425.6	1.352	1.3449	171.54	1.3263	0.9469	1	0.04792	0.15014	0.193	1	0.99264	1.00	0	0
390070	Lower Bucks Hospital	33874	33874	37964	33874	39140	42017	2	lurban	lurban	W	1.0871						1	0.0758	0	126	43	0.04054	0	0.2728	0.0293	0.0568	0.0293	0.000162	1013.65	0.000116	613.76	0.134	0.013	0		1392	1346.7	1.652	1.6254			1351.31	1.6401	1.6131			1.0589	1	0.00053	0.00071	0.311	1	1.00203	1.00	0	0
390071	Lock Haven Hospital	39	39	44300	48700	39240	42035	2	rural	ourban	L	0.9223	LUGAR					1	0	0	47	9	0	0	0.284	0.03	0	0.03	0.000018	340.98	0.000025	392.32	0.145	0.019	14	0	410	392	1.3099	1.2867			393.75	1.3056	1.2806			0.9461	1	0.00034	0.00265	0.395	1.20333	1.00085	1.00	0	0
390072	Berwick Hospital Center	14100	14100	14100	14100	39250	42037	2	ourban	ourban	N	0.9086						1	0	0	87	13	0	0	0.208	0.01594	0	0.01594	0.000022	322.97	0.000027	282.77	0.106	0.01	0		526	514.01	1.2529	1.2453			515.07	1.243	1.2358			0.9365	1	0.01221	0.01769	0.405	1	0.99647	0.99	0	0
390073	Upmc Altoona	11020	11020	11020	11020	39120	42013	2	ourban	ourban	N	1.0112						1	0.0636	0.1187	340	227	0.03414	0.03406	0.2812	0.03104	0.0586	0.03104	0.00038	556	0.000465	604.82	0.237	0.014	0		6153	6010.64	1.5906	1.5708	3496.99	1.6817	6022.97	1.5948	1.5756	3503.73	1.6931	1.0077	1	0.00599	0.00212	0.331	1	0.99314	1.00	0	0
390076	Brandywine Hospital	33874	33874	33874	33874	39210	42029	2	lurban	lurban	N	1.0211				YES	0.0296	1	0	0	153	85	0	0	0.3414	0.04345	0.07158	0.04345	0.000091	339.82	0.000137	401.15	0.106	0.007	0		2144	2090.44	1.6166	1.5994			2093.9	1.6362	1.6181			1.0144	1	0.01159	0.00437	0.364	1	0.99911	1.00	0	0
390079	Robert Packer Hospital	39	39	13780	39	39130	42015	2	rural	rural	W	0.857						1	0.243	0.3435	250	174	0.12433	0.10179	0.2473	0.02404	0	0.02404	0.000285	452.52	0.000315	405.08	0.263	0.015	7		5082	5042.13	1.7659	1.7535	1433.09	1.7978	5044.85	1.7721	1.7599	1433.54	1.8117	0.8997	1	0.02095	0.00825	0.433	1	1.00265	0.99	0	0
390080	Jeanes Hospital	37964	37964	37964	37964	39620	42101	2	lurban	lurban	N	1.0871						1	0.0818	0.1527	146	82	0.04368	0.04403	0.333	0.04172	0.06976	0.04172	0.000113	456.5	0.000156	505.43	0.118	0.006	0		2047	2002.44	1.6561	1.6349	1354.31	1.5091	2004.53	1.6733	1.6502	1356.01	1.5169	1.0589	1	0.03238	0.00971	0.355	1	1.00287	0.99	0	0
390081	Delaware County Memorial Hospital	37964	37964	37964	37964	39290	42045	2	lurban	lurban	N	1.0871						1	0.1532	0.2552	145	76	0.08023	0.07467	0.41	0.0576	0.08657	0.0576	0.000208	1021.22	0.000235	861.98	0.175	0.01	0		1546	1507.06	1.5074	1.4943	647.26	1.3387	1509.18	1.512	1.4989	647.25	1.355	1.0589	1	0.09073	0.04543	0.285	1	0.99758	0.99	0	0
390084	Sunbury Community Hospital	39	39	39	39	39600	42097	2	rural	rural	N	0.8657				YES	0.0763	1	0	0	68	15	0	0	0.5033	0.07684	0	0.03	0.000026	540.65	0.000041	617.55	0.191	0.018	14	6028.69	385	381.73	1.2874	1.2831			382.24	1.3044	1.3006			0.906	1	0.05662	0.06754	0.376	1	1.00446	1.00	0	0
390086	Penn Highlands Dubois	39	39	39	39	39230	42033	2	rural	rural	N	0.835				YES	0.0456	1	0.0306	0	202	95	0.01658	0	0.4439	0.06459	0	0.06459	0.000225	627.81	0.000312	733.76	0.396	0.023	7		2977	2807.29	1.6099	1.5789	208.76	1.6361	2818.15	1.6188	1.5878	209.73	1.6642	0.8838	1	0.01744	0.00762	0.302	1	0.99755	1.00	0	0
390090	West Penn Hospital	38300	38300	38300	38300	39010	42003	2	lurban	lurban	N	0.8411						1	0.312	0.6035	284	137	0.15694	0.18567	0.3752	0.05042	0.07894	0.05042	0.000286	2101.31	0.00031	1983.92	0.213	0.02	0		1270	1235.42	2.1548	2.1373	1387.59	1.9878	1239.21	2.1756	2.1587	1389.48	2.0023	0.8883	1	0.07634	0.10456	0.084	1	1.00041	1.00	0	0
390091	Upmc Northwest	39	39	38300	39	39730	42121	2	rural	rural	W	0.8272						1	0	0	117	49	0	0	0.234	0.0213	0	0.0213	0.0001	375.77	0.000114	338.15	0.279	0.014	7		2119	2064.89	1.2657	1.2551			2069.05	1.2661	1.2553			0.8782	1	0.00287	0.00018	0.449	1	1.00918	0.99	0	0
390093	Clarion Hospital	39	39	39	39	39220	42031	2	rural	rural	N	0.7894						1	0.085	0.3099	58	15	0.04535	0.09139	0.2084	0.01602	0	0.01602		0		0	0.442	0.027	17	6071.8	784	751.97	1.3388	1.3286	222.69	1.335	754.29	1.3447	1.3347	223.71	1.3451	0.8505	1	0.01214	0.00616	0.48	1.15917	0.99085	1.00	0	0
390096	St Joseph Medical Center	39740	39740	33874	39	39110	42011	2	ourban	rural	S	0.9915		YES	YES			1	0.1199	0.2295	180	96	0.06336	0.06691	0.2497	0.02454	0	0.02454	0.000175	555.06	0.000193	499.86	0.221	0.018	7		2530	2477.93	1.7817	1.7605	1001.74	1.6214	2483.48	1.784	1.7645	1003.64	1.6275	0.9942	1	0.00965	0.00955	0.364	1	0.99454	1.00	0	0
390097	Holy Redeemer Hospital And Medical Center	33874	33874	33874	33874	39560	42091	2	lurban	lurban	N	1.0307				YES	0.0392	1	0.0052	0.0082	195	108	0.00284	0.00232	0.3612	0.04754	0.07588	0.04754	0.000159	471.69	0.000234	547.39	0.285	0.017	0		2639	2600.97	1.4656	1.458	717.74	1.606	2605.34	1.465	1.4579	718.69	1.6133	1.0209	1	0.01591	0.00646	0.3	1	0.99907	0.99	0	0
390100	Lancaster General Hospital	29540	29540	49620	29540	39440	42071	2	ourban	ourban	W	0.9461						1	0.0621	0.0966	576	340	0.03335	0.02764	0.2444	0.02345	0.05074	0.02345	0.000785	669.18	0.000885	612.2	0.293	0.024	0		9921	9717.82	1.8354	1.8268	4486.96	1.7945	9746.97	1.8289	1.8202	4496.79	1.789	0.9628	1	0.02801	0.02762	0.313	1	1.0033	1.00	0	0
390101	Memorial Hospital	49620	49620	49620	49620	39800	42133	2	ourban	ourban	N	0.9476				YES	0.0015	1	0.1731	0.4577	100	43	0.09017	0.13788	0.2839	0.03159	0.05917	0.03159	0.000112	731.93	0.000087	427.75	0.278	0.012	0		1111	1094.41	1.2872	1.2812	557.41	1.289	1095.51	1.2918	1.2858	557.95	1.294	0.9638	1	0.00394	0.00047	0.312	1	0.99704	0.99	0	0
390102	Upmc St Margaret	38300	38300	38300	38300	39010	42003	2	lurban	lurban	N	0.8411						1	0.308	0.3066	218	136	0.15508	0.09038	0.146	0	0.03001	0		0		0	0.155	0.009	0		2930	2869.44	1.5354	1.5274	3372.16	1.5946	2873.29	1.5401	1.5316	3376.83	1.5982	0.8883	1	0.00668	0.00331	0.24	1	0.99613	1.00	0	0
390104	Kane Community Hospital	39	39	39	39	39520	42083	2	rural	rural	N	0.7894						1	0	0	31	6	0	0	0.1411	0	0	0		0		0	0.421	0.031	16	5952.4	326	320.84	1.147	1.146			321.69	1.146	1.1455			0.8505	1	0.00403	0.00283	0.562	1.24788	1.00465	1.00	0	0
390107	Upmc Passavant	38300	38300	38300	38300	39010	42003	2	lurban	lurban	N	0.8411						1	0.0438	0.0331	346	195	0.02364	0.00938	0.088	0	0.01798	0		0		0	0.161	0.012	0		4354	4272.6	1.6324	1.6166	4891.04	1.7989	4278.58	1.6399	1.6241	4897.18	1.8031	0.8883	1	0.01506	0.01101	0.258	1	0.99189	1.00	0	0
390110	Conemaugh Memorial Medical Center	27780	27780	27780	27780	39160	42021	2	ourban	ourban	N	0.8257				YES	0.0188	1	0.1866	0.2288	425	234	0.09686	0.0667	0.283	0.03141	0.05898	0.03141	0.000312	560.6	0.00048	681.04	0.303	0.025	0		4312	4231.55	1.652	1.6297	4150.5	1.6295	4240.36	1.6616	1.6401	4155.97	1.6411	0.8771	1	0.013	0.01452	0.271	1	0.99652	0.99	0	0
390111	Hospital Of Univ Of Pennsylvania	37964	37964	37964	37964	39620	42101	2	lurban	lurban	N	1.0871						1	0.8787	1.0351	705	606	0.39279	0.33924	0.2974	0.03438	0.06207	0.03438	0.000946	913.22	0.001283	1007.72	0.152	0.008	0		8537	8419.67	2.6438	2.628	2385.01	2.2963	8429.45	2.6685	2.6532	2387.78	2.3092	1.0589	1	0.21375	0.09131	0.283	1	1.00591	1.00	0	0
390112	Windber Hospital	39	39	39	39	39680	42111	2	rural	rural	N	0.7894						1	0	0	50	7	0	0	0.1115	0	0	0		0		0	0.335	0.017	14	4671.16	360	340.55	1.4378	1.4283			344.44	1.4184	1.4136			0.8505	1	0	0	0.268	1	1.01553	1.00	0	1
390113	Meadville Medical Center	39	39	36	39	39260	42039	2	rural	rural	W	0.7993						1	0.0681	0.1487	173	69	0.03651	0.04286	0.3364	0.04242	0	0.04242		0		0	0.308	0.025	17	6086.51	2279	2228.98	1.5332	1.5249	527.58	1.5885	2239.22	1.5011	1.4944	529.64	1.559	0.8578	1	0.02841	0.03019	0.36	1	1.00678	0.99	0	0
390114	Magee Womens Hospital Of Upmc Health System	38300	38300	38300	38300	39010	42003	2	lurban	lurban	N	0.8411						1	0.2111	0.3377	314	207	0.10889	0.09999	0.541	0.08462	0.11578	0.08462	0.000546	3257.1	0.000875	4351.98	0.138	0.006	0		1382	1362.14	1.6492	1.6369	1404.07	1.6249	1363.41	1.6494	1.6362	1404.99	1.6163	0.8883	1	0.00595	0.00207	0.063	1	1.00359	1.00	0	0
390115	Aria Health	37964	37964	37964	37964	39620	42101	2	lurban	lurban	N	1.0871						1	0.1716	0.2551	463	306	0.08943	0.07464	0.3357	0.04228	0.07034	0.04228	0.000636	724.52	0.00103	1004.27	0.175	0.015	0		7333	7191.01	1.6514	1.6368	3945.96	1.6746	7202.07	1.6614	1.6464	3950.18	1.6844	1.0589	1	0.01239	0.0128	0.33	1	0.99757	0.98	0	0
390116	Suburban Community Hospital	33874	33874	33874	33874	39560	42091	2	lurban	lurban	N	1.0307				YES	0.0392	1	0.367	0.7468	99	39	0.18222	0.2346	0.21	0.01635	0	0.01635	0.000078	539.44	0.000097	479.12	0.255	0.009	0		1009	965.24	1.8726	1.8245	370.71	1.6804	969.27	1.8713	1.8243	371.87	1.6796	1.0209	1	0.06106	0.00804	0.363	1	0.99589	1.00	0	0
390117	Upmc Bedford Memorial	39	39	39	39	39100	42009	2	rural	rural	N	0.8466				YES	0.0572	1	0	0	46	9	0	0	0.2566	0.02596	0	0.02596		0		0	0.326	0.014	16	5343.26	578	546.01	1.2434	1.2286			546.55	1.2596	1.2434			0.8922	1	0	0	0.281	1.18523	1.00186	1.00	0	0
390118	Bradford Regional Medical Center	39	39	39	39	39520	42083	2	rural	rural	N	0.7894						1	0	0	87	37	0	0	0.5203	0.03	0	0.03	0.000084	677.11	0.000128	871.74	0.46	0.038	0		1070	1045.89	1.2574	1.2478			1049.02	1.254	1.2459			0.8505	1	0.002	0.0027	0.366	1.08432	0.99801	1.00	0	0
390119	Moses Taylor Hospital	42540	42540	10900	42540	39420	42069	2	ourban	ourban	W	0.915						1	0.0562	0.1053	173	105	0.03023	0.03016	0.4007	0.05568	0.08452	0.05568	0.000144	493.37	0.000241	650.62	0.127	0.012	0		2285	2236.39	1.6392	1.6327	661.35	1.563	2242.57	1.6445	1.6387	661.8	1.575	0.941	1	0.01933	0.02379	0.312	1	0.99489	0.99	0	0
390123	Pottstown Hospital	33874	33874	33874	33874	39560	42091	2	lurban	lurban	N	1.0307				YES	0.0392	1	0	0	183	88	0	0	0.2	0.01438	0.04133	0.01438	0.0001	280.04	0.000127	288.07	0.118	0.01	0		3073	3011.75	1.5019	1.489			3017.19	1.502	1.4892			1.0209	1	0.02758	0.03111	0.412	1	0.99471	0.98	0	0
390125	Wayne Memorial Hospital	39	39	39	39	39760	42127	2	rural	rural	N	0.8316				YES	0.0422	1	0	0	73	31	0	0	0.2157	0.01753	0	0.01753		0		0	0.329	0.017	16	6857.24	1487	1449.64	1.2818	1.2756			1452.84	1.2807	1.2744			0.8814	1	0.0541	0.02063	0.502	1	0.99714	0.98	0	0
390127	Phoenixville Hospital	33874	33874	33874	33874	39210	42029	2	lurban	lurban	N	1.0211				YES	0.0296	1	0.0333	0.0511	126	78	0.01803	0.01452	0.2188	0.01817	0.0453	0.01817	0.000086	304.55	0.000101	292.16	0.092	0.006	0		2291	2244.91	1.6477	1.6318	804.59	1.6938	2247.43	1.6567	1.6388	808.48	1.6902	1.0144	1	0.01649	0.0085	0.374	1	0.99797	0.99	0	0
390130	Conemaugh Miners Medical Center	27780	27780	39	39	39160	42021	2	ourban	rural	S	0.7894		YES				1	0	0	30	4	0	0	0.13712	0	0	0		0		0	0.512	0.034	16	5088.04	198	193.84	1.1735	1.1613			194.6	1.1623	1.1519			0.8505	1	0.00448	0.00252	0.568	1.25	0.99984	1.00	0	0
390133	Lehigh Valley Hospital	10900	10900	35084	39	39470	42077	2	ourban	rural	S	1.0956		YES	YES			1	0.2145	0.2957	715	537	0.11054	0.08703	0.2629	0.02726	0	0.02726	0.001173	701.75	0.000923	453.22	0.14	0.011	7		13825	13632.5	1.9223	1.9089	4298.64	1.8126	13666.9	1.9197	1.9073	4305.22	1.8122	1.0645	1	0.04677	0.03933	0.362	1	0.99587	0.99	0	0
390137	Wilkes-Barre General Hospital	42540	42540	10900	39	39480	42079	2	ourban	rural	S	0.915		YES	YES			1	0.0503	0.0968	391	178	0.0271	0.02769	0.2067	0.01567	0	0.01567	0.000193	239.38	0.000264	256.52	0.126	0.014	7		6286	6183.7	1.5982	1.5826	1187.1	1.6152	6195.38	1.6033	1.5873	1190.31	1.6207	0.941	1	0.02395	0.04391	0.548	1	0.99594	0.99	0	0
390138	Waynesboro Hospital	16540	16540	16540	39	39350	42055	2	ourban	rural	S	1.1747		YES				1	0	0	56	21	0	0	0.2131	0.01699	0	0.01699	0.000065	499.59	0.000059	376.53	0.453	0.021	15	7611.98	1023	983.9	1.3981	1.3874			985.96	1.3955	1.385			1.1166	1	0.00334	0	0.441	1	1.01462	0.99	0	0
390139	Main Line Hospital Bryn Mawr Campus	33874	33874	37964	33874	39560	42091	2	lurban	lurban	W	1.0871						1	0.1297	0.2362	299	138	0.06835	0.06893	0.0675	0	0.01376	0		0		0	0.181	0.012	0		4890	4804.29	1.6932	1.6835	1259.37	1.7543	4810.96	1.6961	1.6871	1262.47	1.7674	1.0589	1	0.05679	0.03067	0.374	1	1.00966	1.00	0	0
390142	Albert Einstein Medical Center	37964	37964	37964	37964	39620	42101	2	lurban	lurban	N	1.0871						1	0.7357	1.0567	407	278	0.3378	0.34743	0.5748	0.09159	0.12344	0.09159	0.001025	1741.94	0.00101	1368.41	0.194	0.015	0		4688	4612.97	1.693	1.6847	3301.32	1.6418	4618.7	1.701	1.6931	3305.2	1.6462	1.0589	1	0.04454	0.03694	0.246	1	0.99553	1.00	0	0
390145	Excela Health Westmoreland Hospital	38300	38300	38300	38300	39770	42129	2	lurban	lurban	N	0.8411						1	0	0	244	177	0	0	0.2315	0.02078	0.04799	0.02078	0.000215	631.04	0.000305	716.2	0.327	0.037	0		2764	2708.19	1.5746	1.5596			2712.83	1.5839	1.569			0.8883	1	0.01882	0.03902	0.2	1	0.99783	0.99	0	0
390146	Warren General Hospital	39	39	33	39	39740	42123	2	rural	rural	W	0.8442						1	0	0	69	23	0	0	0.2157	0.01753	0	0.01753	0.000043	391.55	0.000054	401.15	0.452	0.005	14	6969.82	959	941.4	1.2012	1.1941			942.64	1.2092	1.203			0.8905	1	0.00203	0	0.379	1.09076	1.00528	1.00	0	0
390147	Monongahela Valley Hospital	38300	38300	38300	38300	39750	42125	2	lurban	lurban	N	0.8411						1	0	0	150	82	0	0	0.181	0.01129	0.03733	0.01129	0.000103	514.22		0	0.314	0.028	0		1449	1407.57	1.5027	1.4941			1410.78	1.5042	1.4952			0.8883	1	0.01414	0.01765	0.278	1	1.00287	0.99	0	0
390150	Washington Health System Greene	39	39	39	39	39370	42059	2	rural	rural	N	0.7978				YES	0.0084	1	0	0	23	9	0	0	0.3221	0.03947	0	0.03	0.000035	821.35	0.000034	591.8	0.459	0.025	14	6844.65	335	319.7	1.1009	1.0892			320.98	1.0964	1.0847			0.8567	1	0	0	0.339	1.20985	0.99233	1.00	0	0
390151	Chambersburg Hospital	16540	16540	16540	16540	39350	42055	2	ourban	ourban	N	1.1747						1	0.004	0.0065	212	119	0.00218	0.00184	0.2091	0.01616	0.04325	0.01616	0.000249	385.71	0.000239	315.73	0.422	0.031	7		5566	5454.37	1.6388	1.6298	1086.39	1.7455	5462.51	1.6403	1.6316	1088.19	1.7513	1.1166	1	0.02084	0.01467	0.46	1	1.00317	0.99	0	0
390153	Main Line Hospital Paoli	33874	33874	37964	33874	39210	42029	2	lurban	lurban	W	1.0871						1	0	0	231	135	0	0	0.045	0	0.00915	0		0		0	0.172	0.009	0		4563	4478.95	1.5926	1.5782			4485.36	1.5989	1.5847			1.0589	1	0.0221	0.00787	0.374	1	1.00386	1.00	0	0
390156	Mercy Fitzgerald Hospital	37964	37964	37964	37964	39290	42045	2	lurban	lurban	N	1.0871						1	0.3993	0.5876	299	187	0.19678	0.18036	0.55	0.08648	0.11781	0.08648	0.000393	845.89	0.000557	943.21	0.161	0.007	0		3667	3585.93	1.4384	1.4246	2286.68	1.4161	3590.62	1.4521	1.4379	2291.29	1.427	1.0589	1	0.02456	0.00665	0.275	1	0.99435	0.99	0	0
390157	Ohio Valley General Hospital	38300	38300	38300	38300	39010	42003	2	lurban	lurban	N	0.8411						1	0	0	89	35	0	0	0.1296	0	0	0		0		0	0.312	0.032	0		655	643.24	1.2824	1.2767			644.18	1.2844	1.2789			0.8883	1	0.0128	0.02073	0.244	1	0.9995	1.00	0	0
390160	Canonsburg General Hospital	38300	38300	38300	38300	39750	42125	2	lurban	lurban	N	0.8411						1	0	0	88	22	0	0	0.0727	0	0	0		0		0	0.383	0.032	0		609	582.16	1.3272	1.316			584.7	1.3156	1.3076			0.8883	1	0.0006	0.00065	0.294	1	0.99483	0.99	0	0
390162	Easton Hospital	10900	10900	35084	10900	39590	42095	2	ourban	ourban	W	1.0956						1	0.1595	0.4191	228	76	0.08339	0.12555	0.1993	0.01426	0.04118	0.01426	0.000078	208.3	0.00011	223.37	0.094	0.011	0		2695	2627.75	1.687	1.6733	666.03	1.7483	2633.06	1.6829	1.6666	667.73	1.7351	1.0645	1	0.02284	0.04819	0.53	1	0.99902	0.98	0	0
390163	Acmh Hospital	38300	38300	38300	38300	39070	42005	2	lurban	lurban	N	0.8411						1	0	0	132	52	0	0	0.2921	0.03328	0.06093	0.03328	0.000082	697.81	0.000108	784.1	0.373	0.015	7		1007	983.09	1.4379	1.4339			983.83	1.4534	1.4461			0.8883	1	0.01644	0.00108	0.236	1	1.00575	1.00	0	0
390164	Upmc Presbyterian Shadyside	38300	38300	38300	38300	39010	42003	2	lurban	lurban	N	0.8411						1	0.5326	0.6367	1158	888	0.25484	0.19683	0.261	0.02687	0.05427	0.02687	0.001019	622.67	0.001352	691.6	0.087	0.006	0		13938	13706.7	2.1788	2.1559	12544.3	2.2559	13723.6	2.2017	2.1798	12564.2	2.2719	0.8883	1	0.09779	0.08016	0.244	1	0.99719	0.99	0	0
390168	Butler Memorial Hospital	38300	38300	38300	38300	39150	42019	2	lurban	lurban	N	0.8411						1	0	0	242	139	0	0	0.2198	0.01837	0.04551	0.01837	0.0002	745.01	0.000198	583.57	0.225	0.022	0		2306	2253.22	1.8208	1.8119			2256.92	1.8209	1.8125			0.8883	1	0.02049	0.03261	0.201	1	0.99488	1.00	0	0
390173	Indiana Regional Medical Center	39	39	39	39	39390	42063	2	rural	rural	N	0.8029				YES	0.0135	1	0	0	127	70	0	0	0.183	0.01161	0	0.01161		0		0	0.365	0.027	16	5657	1695	1637.66	1.4019	1.374			1642.38	1.3854	1.3588			0.8604	1	0.00645	0.00504	0.289	1	1.00552	0.99	0	1
390174	Thomas Jefferson University Hospital	37964	37964	37964	37964	39620	42101	2	lurban	lurban	N	1.0871						1	0.7031	0.932	838	595	0.32489	0.30084	0.3246	0.03999	0.06794	0.03999	0.001046	770.35	0.001268	741.41	0.196	0.013	0		10896	10758.6	2.1397	2.1222	4249.36	1.8816	10768.4	2.1491	2.1326	4254.02	1.8894	1.0589	1	0.07395	0.041	0.297	1	1.00329	0.98	0	0
390178	Upmc Horizon	49660	49660	49660	49660	39530	42085	2	ourban	ourban	N	0.7894						1	0.0608	0.1329	141	64	0.03266	0.03822	0.2692	0.02856	0.05603	0.02856	0.000122	557.21	0.000131	494.05	0.206	0.012	0		1788	1741.06	1.3832	1.3777	960.82	1.4593	1744.45	1.3894	1.3836	962.5	1.4751	0.8505	1	0.00462	0.00201	0.301	1	1.00654	0.99	0	0
390179	Chester County Hospital	33874	33874	33874	33874	39210	42029	2	lurban	lurban	N	1.0211				YES	0.0296	1	0	0	247	150	0	0	0.1862	0.01213	0.03843	0.01213	0.000338	670.4	0.00026	434.58	0.296	0.021	0		4434	4318.63	1.7128	1.6873			4326.73	1.7174	1.6922			1.0144	1	0.0276	0.01887	0.317	1	1.01113	1.00	0	0
390180	Crozer Chester Medical Center	37964	37964	37964	37964	39290	42045	2	lurban	lurban	N	1.0871						1	0.3259	0.5448	360	186	0.16339	0.16619	0.3677	0.04888	0.0773	0.04888	0.000416	828.14	0.0005	774.07	0.154	0.006	0		3943	3808.97	1.7337	1.7158	1873.08	1.5343	3816.94	1.7474	1.7287	1877.43	1.5305	1.0589	1	0.16733	0.03815	0.278	1	0.99351	1.00	0	0
390183	St Luke'S Miners Memorial Hospital	39	39	39740	39	39650	42107	2	rural	rural	S	0.9512	LUGAR	YES	YES			1	0	0	44	20	0	0	0.1661	0.00887	0	0.00887	0.000044	333.62		0	0.162	0.016	14	7134.83	1153	1106.46	1.3065	1.294			1107.96	1.3124	1.2978			0.9663	1	0.00184	0.00326	0.581	1	1.00946	1.00	0	0
390184	Highlands Hospital	38300	38300	38300	38300	39330	42051	2	lurban	lurban	N	0.8411						1	0	0	64	25	0	0	0.5965	0.03	0	0.03	0.000034	899.07	0.000038	801.27	0.427	0.027	0		271	267.97	1.0763	1.0732			267.67	1.1008	1.0972			0.8883	1	0	0	0.171	1	0.99733	1.00	0	0
390185	Lehigh Valley Hospital - Hazleton	42540	42540	10900	42540	39480	42079	2	ourban	ourban	W	0.915						1	0	0	134	75	0	0	0.2438	0.02332	0.05061	0.02332	0.000119	305.91	0.000134	273.5	0.21	0.009	0		3046	2966.63	1.3598	1.3466			2974.56	1.3639	1.3517			0.941	1	0.00393	0.00058	0.521	1	1.00062	0.99	0	0
390192	Tyler Memorial Hospital	42540	42540	42540	42540	39790	42131	2	ourban	ourban	N	0.8541						1	0	0	48	5	0	0	0.0412	0	0	0		0		0	0.369	0.059	0		200	192.97	1.0924	1.0845			193.34	1.0834	1.0752			0.8976	1	0.10542	0.28838	0.576	1.24871	1.00272	1.00	0	0
390194	Blue Mountain Hospital-Gnaden Huetten Campus	10900	10900	10900	10900	39190	42025	2	ourban	ourban	N	0.9534						1	0	0	70	31	0	0	0.3563	0.03	0	0.03	0.000089	557.88	0.00009	515.07	0.377	0.031	0		1598	1549.19	1.2354	1.2204			1552.02	1.2406	1.2257			0.9678	1	0.00819	0.00835	0.473	1	0.99419	0.99	0	0
390195	Main Line Hospital Lankenau	33874	33874	37964	33874	39560	42091	2	lurban	lurban	W	1.0871						1	0.2627	0.4139	345	231	0.13375	0.1239	0.2245	0.01934	0.04651	0.01934	0.000249	366.28	0.000312	380.18	0.175	0.013	0		5830	5729.45	2.196	2.176	1986.52	1.8929	5739.91	2.2008	2.1827	1990.15	1.9077	1.0589	1	0.05798	0.03963	0.338	1	1.00293	1.00	0	0
390197	Sacred Heart Hospital	10900	10900	10900	10900	39470	42077	2	ourban	ourban	N	0.9534						1	0.1722	0.3091	121	66	0.08972	0.09115	0.735	0.12463	0.16048	0.12463	0.000158	1304.4	0.000215	1282.11	0.138	0.011	0		867	851.62	1.443	1.4349	430.69	1.4127	852.62	1.4421	1.4328	431.6	1.4043	0.9678	1	0.0081	0.00615	0.216	1	1.00128	1.00	0	0
390198	Millcreek Community Hospital	21500	21500	21500	21500	39320	42049	2	ourban	ourban	N	0.7894						1	0.2448	0.4744	130	65	0.12519	0.14325	0.6149	0.09986	0.1326	0.09986	0.000128	1081.72	0.000152	994.94	0.341	0.011	0		926	911.85	1.2504	1.2371	481.3	1.3288	912.84	1.2534	1.2413	481.87	1.3492	0.8505	1	0.00741	0.00087	0.247	1	0.99964	1.00	0	0
390199	Punxsutawney Area Hospital	39	39	39	39	39400	42065	2	rural	rural	N	0.7894						1	0	0	44	10	0	0	0.2544	0.02551	0	0.02551		0		0	0.509	0.027	16	5042.69	459	428.61	1.5133	1.5027			430.39	1.513	1.5013			0.8505	1	0	0	0.388	1.19932	1.00542	1.00	0	0
390201	Lehigh Valley Hospital - Pocono	20700	20700	20700	20700	39550	42089	2	ourban	ourban	N	1.0304				YES	0.1094	1	0	0	217	123	0	0	0.2202	0.01845	0.0456	0.01845	0.000241	449.3	0.000249	359.68	0.221	0.014	0		3714	3639.3	1.5764	1.5614			3645.39	1.5825	1.5676			1.0207	1	0.02046	0.01093	0.446	1	0.99961	0.99	0	0
390203	Doylestown Hospital	33874	33874	37964	33874	39140	42017	2	lurban	lurban	W	1.0871						1	0	0	232	150	0	0	0.0903	0	0.01845	0		0		0	0.227	0.012	0		4701	4639.66	1.6402	1.6327			4643.59	1.6405	1.6331			1.0589	1	0.00454	0.00055	0.382	1	1.00294	0.99	0	0
390204	Nazareth Hospital	37964	37964	37964	37964	39620	42101	2	lurban	lurban	N	1.0871						1	0.1316	0	183	83	0.06932	0	0.3278	0.04065	0.06863	0.04065	0.00016	531.1	0.000202	514.52	0.252	0.009	0		2356	2300.48	1.483	1.4707	253.56	1.699	2305.28	1.4859	1.4743	254	1.7101	1.0589	1	0.01765	0.00229	0.402	1	0.99675	1.00	0	0
390211	Sharon Regional Health System	49660	49660	17460	39	39530	42085	2	ourban	rural	S	0.8585		YES	YES			1	0	0	178	87	0	0	0.293	0.03	0	0.03347	0.000129	433.66	0.000188	474.49	0.237	0.02	0		2245	2214.23	1.4573	1.4416			2216.04	1.4631	1.4465			0.9008	1	0.02589	0.03	0.36	1	1.00325	0.98	0	0
390217	Excela Health Frick Hospital	38300	38300	38300	38300	39770	42129	2	lurban	lurban	N	0.8411						1	0	0	33	24	0	0	0.1691	0.00935	0	0.00935	0.000045	706.11	0.000048	575	0.373	0.026	0		537	520.12	1.2094	1.205			521.51	1.2101	1.2062			0.8883	1	0.00393	0.0031	0.252	1	0.99979	0.98	0	0
390219	Excela Health Latrobe Hospital	38300	38300	38300	38300	39770	42129	2	lurban	lurban	N	0.8411						1	0.1622	0.2297	113	69	0.08474	0.06697	0.2161	0.01761	0.04473	0.01761	0.000097	594.42	0.00011	551.59	0.355	0.031	0		1333	1290.65	1.4489	1.4334	1747.58	1.5328	1293.22	1.4656	1.4487	1752.21	1.5427	0.8883	1	0.0078	0.00864	0.202	1	1.00123	0.99	0	0
390220	Jennersville Hospital	33874	33874	33874	33874	39210	42029	2	lurban	lurban	N	1.0211				YES	0.0296	1	0	0	51	26	0	0	0.201	0.01454	0	0.01454	0.000039	303.72	0.000051	293.07	0.103	0.013	0		928	905.53	1.2812	1.2599			907.09	1.2824	1.261			1.0144	1	0.00104	0.00345	0.46	1.0897	0.993	0.99	0	0
390222	Riddle Memorial Hospital	37964	37964	37964	37964	39290	42045	2	lurban	lurban	N	1.0871						1	0	0	204	111	0	0	0.0868	0	0.01773	0		0		0	0.149	0.008	0		3876	3810.59	1.595	1.5886			3816.74	1.5969	1.5904			1.0589	1	0.01303	0.00522	0.431	1	1.00412	1.00	0	0
390223	Penn Presbyterian Medical Center	37964	37964	37964	37964	39620	42101	2	lurban	lurban	N	1.0871						1	0.4356	0.5535	302	246	0.2129	0.16906	0.3973	0.05498	0.08378	0.05498	0.000389	658.86	0.000425	637.56	0.151	0.01	0		5120	5047.22	2.3337	2.3216	1942.95	1.997	5054.2	2.3352	2.3231	1947.58	1.9939	1.0589	1	0.04235	0.02754	0.311	1	1.0021	0.99	0	0
390225	Wellspan Ephrata Community Hospital	29540	29540	29540	29540	39440	42071	2	ourban	ourban	N	0.9234				YES	0.01	1	0	0	115	63	0	0	0.1587	0.00766	0.03266	0.00766	0.000692	2982.76	0.000216	791.73	0.266	0.022	0		1963	1926.6	1.4825	1.4757			1932.22	1.4709	1.4648			0.9469	1	0.00906	0.01125	0.342	1	1.00129	0.99	0	0
390226	Pennsylvania Hospital	37964	37964	37964	37964	39620	42101	2	lurban	lurban	N	1.0871						1	0.3412	0.5888	349	225	0.17044	0.18076	0.3917	0.05383	0.08255	0.05383	0.000561	1310.19	0.000615	1190.42	0.196	0.011	0		3583	3519.15	2.0747	2.0556	1275.02	1.7693	3527.84	2.0787	2.0602	1278.05	1.787	1.0589	1	0.08251	0.03184	0.205	1	0.99678	1.00	0	0
390228	St Clair Hospital	38300	38300	38300	38300	39010	42003	2	lurban	lurban	N	0.8411						1	0	0	293	156	0	0	0.1501	0.00627	0.03086	0.00627		0		0	0.277	0.022	0		3202	3125.35	1.5997	1.5826			3134.28	1.6054	1.5886			0.8883	1	0.02607	0.02368	0.224	1	1.00349	0.99	0	0
390231	Abington Memorial Hospital	33874	33874	33874	33874	39560	42091	2	lurban	lurban	N	1.0307				YES	0.0392	1	0.2843	0.4633	545	325	0.14398	0.13968	0.2019	0.01468	0.04173	0.01468	0.000399	369.75	0.000491	387.07	0.188	0.015	0		9435	9227.65	1.6584	1.652	2464.95	1.6987	9244.38	1.6662	1.6599	2473.35	1.7026	1.0209	1	0.02704	0.02275	0.312	1	0.99839	0.99	0	0
390233	Hanover Hospital	49620	49620	49620	39	39800	42133	2	ourban	rural	S	0.9476		YES		YES	0.0015	1	0	0	93	62	0	0	0.1162	0	0	0		0		0	0.445	0.043	14	7224.28	2254	2219.53	1.4522	1.442			2222.9	1.4498	1.4401			0.9638	1	0.05461	0.07267	0.456	1	0.99839	0.99	0	0
390236	Guthrie Towanda Memorial Hospital	39	39	39	39	39130	42015	2	rural	rural	N	0.8023				YES	0.0129	1	0	0	35	7	0	0	0.1753	0.01036	0	0.01036	0.000021	514.5	0.000019	346.48	0.433	0.037	0		298	288.58	1.1901	1.1812			289.11	1.182	1.1726			0.86	1	0.00895	0.0119	0.53	1.23614	1.00003	0.98	0	0
390237	Regional Hospital Of Scranton	42540	42540	10900	39	39420	42069	2	ourban	rural	S	0.915		YES	YES			1	0.0538	0.0926	186	116	0.02896	0.02648	0.1503	0.0063	0	0.0063		0		0	0.162	0.014	7		4322	4257.37	1.6824	1.6664	1116.94	1.6575	4265.23	1.681	1.6659	1119.08	1.6531	0.941	1	0.01963	0.02096	0.579	1	0.99358	0.99	0	0
390256	Milton S Hershey Medical Center	25420	25420	23900	39	39280	42043	2	ourban	rural	S	0.9585		YES	YES			1	0.5385	0.7289	541	444	0.25734	0.22838	0.366	0.04853	0	0.04853	0.000821	1033.1	0.000947	993.8	0.224	0.019	7		6686	6596.71	2.0977	2.0812	3210.32	2.1207	6605.66	2.1018	2.0864	3212.82	2.1257	0.9714	1	0.07879	0.08956	0.227	1	0.99968	1.00	0	0
390258	St Mary Medical Center	33874	33874	37964	39	39140	42017	2	ourban	rural	S	1.0871		YES	YES			1	0	0	306	241	0	0	0.1628	0.00833	0	0.00833	0.000291	339.27		0	0.251	0.019	7		6988	6795.65	1.6359	1.6201			6816.72	1.6436	1.6285			1.0589	1	0.02897	0.02269	0.353	1	1.00065	1.00	0	0
390263	Lehigh Valley Hospital - Muhlenberg	10900	10900	10900	10900	39470	42077	2	ourban	ourban	N	0.9534						1	0.2843	0.4561	195	122	0.14398	0.13736	0.1451	0	0.02982	0		0		0	0.128	0.01	0		4798	4726.57	1.4473	1.427	1681.5	1.4998	4734.34	1.4431	1.423	1684.03	1.4886	0.9678	1	0.02354	0.02204	0.54	1	1.00056	0.99	0	0
390265	Jefferson Hospital	38300	38300	38300	38300	39010	42003	2	lurban	lurban	N	0.8411						1	0	0	286	141	0	0	0.138	0	0.02834	0		0		0	0.271	0.028	0		2638	2604.06	1.5891	1.5729			2607.45	1.5988	1.5825			0.8883	1	0.01151	0.02061	0.204	1	0.99345	0.99	0	0
390266	Grove City Medical Center	49660	49660	39	39	39530	42085	2	ourban	rural	S	0.7894		YES				1	0	0	90	16	0	0	0.11723	0	0	0		0		0	0.323	0.016	14	5089.32	501	486.61	1.2537	1.2373			487.91	1.2553	1.2393			0.8505	1	0.00229	0.00047	0.371	1.16871	0.99675	1.00	0	1
390267	Forbes Hospital	38300	38300	38300	38300	39010	42003	2	lurban	lurban	N	0.8411						1	0.146	0.2312	216	136	0.0766	0.06742	0.1352	0	0.02776	0		0		0	0.281	0.027	0		2703	2646.47	1.6728	1.6462	3471.25	1.5901	2652.48	1.6827	1.6557	3475.99	1.5964	0.8883	1	0.0266	0.03808	0.22	1	0.98945	0.99	0	0
390268	Mount Nittany Medical Center	44300	44300	11020	39	39200	42027	2	ourban	rural	S	1.0112		YES	YES			1	0.0212	0	248	134	0.01152	0	0.158	0.00755	0	0.00755		0		0	0.288	0.027	16	7331.06	4079	3994.89	1.6854	1.6822	598.72	1.7709	4005.87	1.6719	1.6687	600.47	1.7544	1.0077	1	0.01881	0.0245	0.318	1	1.00048	0.98	0	0
390270	Geisinger Wyoming Valley Medical Center	42540	42540	35084	39	39480	42079	2	ourban	rural	S	1.0956		YES	YES			1	0.1829	0.2359	256	181	0.09503	0.06884	0.3003	0.03497	0	0.03497	0.000473	754.17	0.000383	492.73	0.137	0.01	7		5036	4918.9	1.7785	1.7657	2270.99	1.6864	4933.5	1.7831	1.7708	2278.14	1.6882	1.0645	1	0.04333	0.03963	0.357	1	0.99605	1.00	0	0
390272	Valley Forge Medical Center And Hospital	33874	33874	33874	33874	39560	42091	2	lurban	lurban	N	1.0307				YES	0.0392	1	0	0	50	47	0	0	0.7882	0.03	0	0.03	0.000047	1235.72	0.000049	1067.16	0.393	0.011	0		300	298.77	0.8137	0.8121			298.94	0.8272	0.8273			1.0209	1	0	0	0.117	1	1	1.00	0	0
390278	Eagleville Hospital	33874	33874	33874	33874	39560	42091	2	lurban	lurban	N	1.0307				YES	0.0392	1	0	0	49	29	0	0	0.7677	0.03	0	0.03	0.000054	744.02	0.000088	1013.36	0.705	0.023	0		625	618.43	0.9868	0.9876			618.69	1.0356	1.0373			1.0209	1	0	0	0.363	1	1	1.00	0	0
390290	Hahnemann University Hospital	37964	37964	37964	37964	39620	42101	2	lurban	lurban	N	1.0871						1	0.933	1.5	421	246	0.41302	0.52699	0.6081	0.09846	0.13104	0.09846	0.000569	1234.64	0.000808	1425.28	0.095	0.003	0		3667	3633.25	1.6314	1.6205	1839.44	1.4459	3635.27	1.6409	1.6298	1840.67	1.4536	1.0589	1	0.1014	0.00673	0.269	1	0.99707	1.00	0	0
390302	Barix Clinics Of Pennsylvania	33874	33874	37964	33874	39140	42017	2	lurban	lurban	W	1.0871						1	0	0	23	1	0	0	0.1	0	0	0	0	0	0	68.88	0.211	0.017	0		7	7	1.5826	1.5826			7	1.5783	1.5783			1.0589	1	0	0	0.014	1	1	1.00	1	1
390304	Roxborough Memorial Hospital	37964	37964	37964	37964	39620	42101	2	lurban	lurban	N	1.0871						1	0.254	0.6403	99	39	0.1296	0.19805	0.3158	0.03	0	0.03	0.000041	258.72	0.000056	281.81	0.193	0.015	0		1266	1228.92	1.4696	1.457	370.45	1.2994	1233.82	1.4459	1.4336	372.27	1.2757	1.0589	1	0.01669	0.0124	0.407	1	1.00922	0.99	0	0
390307	Edgewood Surgical Hospital	49660	49660	49660	49660	39530	42085	2	ourban	ourban	N	0.7894						1	0	0	10	1	0	0	0.1546	0.007	0	0.007	0.000001	350.37	0.000001	222.98	0.348	0.058	0		21	21	2.0641	2.0641			21	2.0068	2.0068			0.8505	1	0	0	0.29	1	1	0.97	0	0
390312	Cancer Treatment Centers Of America	37964	37964	37964	37964	39620	42101	2	lurban	lurban	N	1.0871						1	0	0	74	25	0	0	0.0253	0	0	0		0		0	0.298	0.046	0		167	163.45	1.9265	1.9			163.63	1.9503	1.9243			1.0589	1	0.70527	1.65224	0.137	1	1.00889	1.00	0	0
390314	Coordinated Health Orthopedic Hospital	10900	10900	10900	10900	39470	42077	2	ourban	ourban	N	0.9534						1	0	0	20	7	0	0	0.0302	0	0	0		0		0	0.284	0.029	0		521	517.82	2.237	2.2346			518.58	2.1929	2.1905			0.9678	1	0	0	0.455	1	1	1.00	0	0
390316	Surgical Institute Of Reading	39740	39740	33874	39740	39110	42011	2	ourban	ourban	W	0.9915						1	0	0	15	4	0	0	0.03252	0	0	0		0		0	0.262	0.025	0		314	299.1	2.3359	2.3355			304.8	2.2914	2.2866			0.9942	1	0	0	0.37	1	1	1.00	0	0
390321	Surgical Specialty Center At Coordinated Health	10900	10900	10900	10900	39470	42077	2	ourban	ourban	N	0.9534						1	0	0	20	6	0	0	0.04952	0	0	0		0		0	0.245	0.03	0		508	501.45	2.4226	2.4229			503.12	2.3913	2.3906			0.9678	1	0.00015	0.00225	0.399	1	1	1.00	0	0
390322	Rothman Orthopaedic Specialty Hospital Llc	33874	33874	37964	33874	39140	42017	2	lurban	lurban	W	1.0871						1	0	0	24	6	0	0	0.0082	0	0	0		0		0	0.166	0.024	0		556	553.63	2.3193	2.3103			554.32	2.2631	2.254			1.0589	1	0.00057	0.00322	0.336	1	1	1.00	0	1
390323	Advanced Surgical Hospital	38300	38300	38300	38300	39750	42125	2	lurban	lurban	N	0.8411						1	0	0	14	4	0	0	0.0036	0	0	0		0		0	0.319	0.037	0		211	209.21	2.1515	2.1453			209.74	2.092	2.0859			0.8883	1	0.00244	0.00743	0.221	1	1	1.00	0	0
390324	Physician'S Care Surgical Hospital	33874	33874	33874	33874	39560	42091	2	lurban	lurban	N	1.0307				YES	0.0392	1	0	0	12	3	0	0	0.00163	0	0	0		0		0	0.299	0.027	0		352	343.03	2.2184	2.2044			344.76	2.1593	2.1446			1.0209	1	0.00514	0.00637	0.342	1	1	0.98	0	0
390325	Oss Orthopaedic Hospital	49620	49620	49620	49620	39800	42133	2	ourban	ourban	N	0.9476				YES	0.0015	1	0	0	30	11	0	0	0.04336	0	0	0		0		0	0.311	0.033	0		597	588.73	2.3445	2.339			589.21	2.3015	2.2956			0.9638	1	0.00602	0.00917	0.337	1	1	1.00	0	0
390326	St Luke'S Hospital - Anderson Campus	10900	10900	10900	10900	39590	42095	2	ourban	ourban	N	0.982				YES	0.0286	1	0	0	78	70	0	0	0.0997	0	0	0		0		0	0.084	0.021	0		3291	3210.1	1.3963	1.3823			3216.97	1.395	1.3808			0.9876	1	0.00272	0.01757	0.536	1	1.01081	1.00	0	0
390327	Wellspan Surgery And Rehabilitation Hospital	49620	49620	49620	49620	39800	42133	2	ourban	ourban	N	0.9476				YES	0.0015	1	0	0	25	4	0	0	0.0183	0	0	0		0		0	0.3	0.033	0		210	207.44	2.3785	2.3777			208.01	2.3417	2.3399			0.9638	1	0.01822	0.03283	0.294	1	1	0.97	0	0
390328	Upmc East	38300	38300	38300	38300	39010	42003	2	lurban	lurban	N	0.8411						1	0	0	135	86	0	0	0.1325	0	0.02719	0		0		0	0.159	0.022	0		2076	2020.89	1.3492	1.3347			2024.55	1.351	1.3358			0.8883	1	0.00501	0.01594	0.291	1	1.00114	1.00	0	0
390329	Einstein Medical Center Montgomery	33874	33874	33874	33874	39560	42091	2	lurban	lurban	N	1.0307				YES	0.0392	1	0	0	169	110	0	0	0.295	0.03388	0.06156	0.03388	0.000176	505.89	0.000205	526.89	0.159	0.039	0		3161	3119.44	1.5402	1.5247			3123.58	1.5453	1.5294			1.0209	1	0.01059	0.07764	0.288	1	0.9983	0.99	0	0
390330	St Luke'S Hospital - Monroe Campus	20700	20700	20700	20700	39550	42089	2	ourban	ourban	N	1.0304				YES	0.1094	1	0		72	0	0	0.52699	0	0	0	0		0		0	0.103	0.035	0		1964	1917.27	1.3241	1.3149			1920.86	1.3232	1.3142			1.0207	1	0.00461	0.05605		1	1	1.00	0	0
400001	Presbyterian Community Hosp	41980	41980	41980	41980	40640	72127	40	lurban	lurban	N	0.4141						1	0	0	183	121	0	0	0.0007	0	0.00014	0		0		0	0.606	0.034	0		585	582.71	1.8176	1.8112			582.79	1.8074	1.801			0.5468	1	0.09541	0.07159	0.094	1			0	0
400003	Hospital Metropolitano Dr Pila	38660	38660	38660	38660	40560	72113	40	ourban	ourban	N	0.3846						1	0	0	131	92	0	0	0.3218	0.03941	0.06733	0.03941	0.000197	3613.67	0.000218	3255.97	0.558	0.052	0		444	443.7	1.4167	1.4156			443.74	1.427	1.4261			0.5198	1	0.00779	0.02874	0.096	1			0	0
400004	"Asociacion Hospital Del Maestro, Inc"	41980	41980	41980	41980	40640	72127	40	lurban	lurban	N	0.4141						1	0	0	197	76	0	0	0	0	0	0		0	0	0	0.584	0.042	0		405	405	1.2525	1.2525			405	1.258	1.258			0.5468	1	0.08435	0.10305	0.119	1			0	0
400005	Hima San Pablo Humacao	41980	41980	41980	41980	40340	72069	40	lurban	lurban	N	0.4141						1	0	0	64	51	0	0	0.2212	0.01866	0	0.01866	0.0002	7779.48	0.000185	6138.29	0.537	0.055	0		208	206.83	1.4833	1.4814			206.87	1.495	1.493			0.5468	1	0.00325	0.021	0.094	1			0	0
400006	Doctors' Center Hospital San Juan	41980	41980	41980	41980	40640	72127	40	lurban	lurban	N	0.4141						1	0	0	152	99	0	0	0.31	0.03698	0.06479	0.03698	0.000252	4497.24	0.000245	3531.62	0.605	0.068	0		492	490.85	1.6086	1.6071			490.85	1.6093	1.6078			0.5468	1	0.05178	0.13512	0.091	1			0	0
400007	Ryder Memorial Hospital Inc	41980	41980	41980	41980	40340	72069	40	lurban	lurban	N	0.4141						1	0	0	165	103	0	0	0.289	0.03264	0.06027	0.03264	0.000413	9059.62	0.000416	6590.53	0.604	0.018	0		326	326	1.2587	1.2587			326	1.2682	1.2682			0.5468	1	0.01586	0.00703	0.085	1			0	0
400009	Santa Rosa Clinic	25020	25020	25020	25020	40280	72057	40	ourban	ourban	N	0.3821				YES	0.011	1	0	0	39	18	0	0	0.1568	0.00736	0	0.00736		0	0.000074	3150.43	0.69	0.072	0		1	1	0.8828	0.8828			1	0.8832	0.8832			0.5175	1	0	0	0.068	1			0	0
400010	Hospital General De Castaner	10380	10380	10380	10380	40400	72081	40	ourban	ourban	N	0.3711						1	0	0	24	3	0	0	0.15043	0.00632	0	0.00632		0		0	0.528	0.042	0		17	17	0.8945	0.8945			17	0.9125	0.9125			0.5072	1	0	0	0.215	1			0	0
400011	Hospital Oriente	41980	41980	41980	41980	40340	72069	40	lurban	lurban	N	0.4141						1	0	0	71	42	0	0	0.3218	0.03	0	0.03	0.00014	7459.01	0.000141	5965.77	0.471	0.046	0		145	144.65	1.4229	1.4234			144.74	1.4313	1.4325			0.5468	1	0.01055	0.038	0.079	1			0	0
400012	Hospital Oncologico Dr Isaac Gonzalez Martinez	41980	41980	41980	41980	40640	72127	40	lurban	lurban	N	0.4141						1	0	0	62	19	0	0	0.2125	0.01687	0	0.01687	0.000036	3218.62	0.000045	3350.11	0.813	0.074	0		92	91.31	1.4897	1.484			91.32	1.4878	1.4821			0.5468	1	0.02216	0.03991	0.086	1			0	0
400013	Hospital Menonita De Cayey	41980	41980	41980	41980	40170	72035	40	lurban	lurban	N	0.4141						1	0	0	228	156	0	0	0.3161	0.03823	0.0661	0.03823	0.000451	4820.82	0.000432	3616.57	0.527	0.071	0		731	731.54	1.6697	1.6677			730.75	1.6731	1.6728			0.5468	1	0.02719	0.08895	0.084	1			0	0
400014	Bella Vista Hospital	32420	32420	32420	32420	40480	72097	40	ourban	ourban	N	0.3711						1	0.1022	0.1499	157	90	0.05427	0.04321	0.1486	0	0.03055	0		0		0	0.78	0.05	0		423	422.71	1.439	1.4377	1757.17	1.5049	422.81	1.438	1.4368	1757.23	1.4891	0.5072	1	0.07115	0.07218	0.109	1			0	0
400015	San Juan Municipal Hospital	41980	41980	41980	41980	40640	72127	40	lurban	lurban	N	0.4141						1	0.2198	0.7936	171	87	0.11312	0.25101	0.6613	0.10943	0.14329	0.10943	0.000593	21345.85	0.000544	16579.21	1.118	0.009	0		217	216.91	1.2194	1.2192	263.95	1.4826	216.91	1.2164	1.2163	263.91	1.4967	0.5468	1	0.01799	0	0.06	1			0	0
400016	Auxilio Mutuo Hospital	41980	41980	41980	41980	40640	72127	40	lurban	lurban	N	0.4141						1	0	0	491	331	0	0	0.1794	0.01103	0.037	0.01103		0		0	0.441	0.039	0		2153	2151.23	1.8085	1.8069			2151.48	1.8118	1.8104			0.5468	1	0.09855	0.14957	0.17	1			0	0
400018	Mennonite General Hospital Inc	41980	41980	41980	41980	40050	72009	40	lurban	lurban	N	0.4141						1	0	0	150	88	0	0	0.3386	0.04287	0.07097	0.04287	0.000282	3259.71	0.000297	2627.67	0.584	0.039	0		674	669.82	1.4329	1.4235			670.44	1.4299	1.4211			0.5468	1	0.03545	0.03669	0.113	1			0	0
400019	Hospital Pavia Santurce	41980	41980	41980	41980	40640	72127	40	lurban	lurban	N	0.4141						1	0	0	197	163	0	0	0.15307	0.00675	0.03148	0.00675		0		0	0.375	0.028	0		884	883.24	1.7073	1.7066			883.28	1.7183	1.7177			0.5468	1	0.09634	0.11735	0.12	1			0	0
400021	Hospital De La Concepcion	41900	41900	41900	41900	40630	72125	40	ourban	ourban	N	0.4232						1	0.0762	0.0982	167	126	0.04075	0.0281	0.2426	0.02307	0.05035	0.02307	0.000299	3180.96	0.00031	2671.87	0.454	0.033	0		763	759.64	1.7578	1.7522	1970.76	1.4557	759.77	1.7582	1.7526	1971.92	1.4493	0.555	1	0.00929	0.01307	0.125	1			0	0
400022	Hospital Damas Inc	38660	38660	38660	38660	40560	72113	40	ourban	ourban	N	0.3846						1	0.1194	0.1455	209	139	0.0631	0.04191	0.2795	0.03068	0.05823	0.03068	0.000325	3723.93	0.000355	2991.34	0.611	0.044	0		658	658	1.6783	1.6783	2350.01	1.5575	658	1.6931	1.6931	2350.07	1.5619	0.5198	1	0.03786	0.05097	0.113	1			0	0
400032	Hospital Hermanos Melendez Inc	41980	41980	41980	41980	40110	72021	40	lurban	lurban	N	0.4141						1	0	0	241	137	0	0	0.2343	0.02136	0.04859	0.02136	0.000498	8612.64	0.000504	6090.42	0.527	0.054	0		384	384	1.4556	1.4556			384	1.46	1.46			0.5468	1	0.01779	0.05592	0.073	1			0	0
400044	San Luke'S Memorial Hospital Inc	38660	38660	38660	38660	40560	72113	40	ourban	ourban	N	0.3846						1	0.1691	0.211	334	257	0.08818	0.06135	0.2858	0.03198	0.05958	0.03198	0.00062	3605.16	0.000589	2759.71	0.47	0.042	0		1378	1376.57	1.6979	1.6944	4614.3	1.5351	1376.64	1.7081	1.7045	4614.64	1.5428	0.5198	1	0.03814	0.0686	0.105	1			0	0
400048	Hospital Episcopal San Lucas Guayama Inc	25020	25020	25020	25020	40280	72057	40	ourban	ourban	N	0.3821				YES	0.011	1	0	0	115	66	0	0	0.3643	0.04817	0.07656	0.04817	0.000304	7161.35	0.000307	5867.29	0.565	0.054	0		355	354.49	1.4218	1.4192			354.62	1.4365	1.4343			0.5175	1	0.04071	0.07711	0.069	1			0	0
400061	Hospital Universitario De Adulto	41980	41980	41980	41980	40640	72127	40	lurban	lurban	N	0.4141						1	0.346	0.4979	223	172	0.17264	0.15086	0.3746	0.0503	0.07881	0.0503	0.000578	7301.37	0.000585	6096.05	0.641	0.01	0		694	692.68	2.0038	2.0024	625	1.9777	692.74	2.0195	2.0179	625	1.9851	0.5468	1	0.11146	0.00909	0.096	1			0	0
400079	Hosp Comunitario Buen Samaritano	10380	10380	10380	10380	40030	72005	40	ourban	ourban	N	0.3711						1	0	0	147	98	0	0	0.2481	0.02421	0.05152	0.02421	0.000329	4867.69	0.000391	4303.47	0.497	0.033	0		530	527.88	1.5101	1.5097			528.44	1.5145	1.5148			0.5072	1	0	0	0.102	1			0	0
400087	Hospital Dr Cayetano Coll Y Toste	11640	11640	11640	11640	40070	72013	40	ourban	ourban	N	0.3882				YES	0.0171	1	0	0	178	135	0	0	0.2976	0.03442	0.06212	0.03442	0.000397	4153.21	0.000414	3249.89	0.603	0.047	0		709	707.74	1.6244	1.6236			707.87	1.6295	1.6287			0.5231	1	0.04309	0.06411	0.118	1			0	0
400098	Hospital San Francisco	41980	41980	41980	41980	40640	72127	40	lurban	lurban	N	0.4141						1	0	0	148	102	0	0	0.3647	0.04826	0.07665	0.04826	0.000305	6447.92	0.000304	5304.78	0.379	0.037	0		391	390.12	1.3929	1.3929			390.27	1.4013	1.4015			0.5468	1	0.05302	0.12858	0.081	1			0	0
400102	Doctors Center Hospital Bayamon	41980	41980	41980	41980	40110	72021	40	lurban	lurban	N	0.4141						1	0	0	146	144	0	0	0.3596	0.04721	0.07554	0.04721	0.000544	8542.99	0.000494	6953.78	0.408	0.058	0		582	581.41	1.3844	1.3821			581.4	1.3802	1.3772			0.5468	1	0.00532	0.03803	0.085	1			0	0
400103	Mayaguez Medical Center Dr Ramon Emeterio Betances	32420	32420	32420	32420	40480	72097	40	ourban	ourban	N	0.3711						1	0.0902	0.1245	189	161	0.04805	0.03576	0.2454	0.02365	0.05095	0.02365	0.000227	2110.7	0.000233	1718.22	0.509	0.033	0		902	900.28	1.8811	1.8782	2629.62	1.5599	900.64	1.8787	1.8762	2629.71	1.565	0.5072	1	0.11973	0.12253	0.122	1			0	0
400104	Hospital Menonita Caguas Inc	41980	41980	41980	41980	40130	72025	40	lurban	lurban	N	0.4141						1	0	0	200	102	0	0	0.3106	0.0371	0.06492	0.0371	0.000252	4255.49	0.000224	3537.97	0.437	0.044	0		582	581.23	1.4945	1.4918			581.31	1.49	1.4873			0.5468	1	0.012	0.03568	0.085	1			0	0
400105	Hospital Universitario Dr Ruiz Arnau	41980	41980	41980	41980	40110	72021	40	lurban	lurban	N	0.4141						1	0.2787	0.8036	102	39	0.14133	0.25455	0.418	0.05925	0.08833	0.05925	0.00016	4910.19	0.000167	4568.57	0.528	0.071	0		296	294.71	1.3822	1.382			295.07	1.3824	1.3825			0.5468	1	0.0249	0.08284	0.12	1			0	0
400106	Metropolitan Hospital	41980	41980	41980	41980	40640	72127	40	lurban	lurban	N	0.4141						1	0	0	132	89	0	0	0.153	0.00674	0.03147	0.00674	0.00019	4388.99	0.000186	3008.51	0.639	0.038	0		290	289.41	1.2659	1.2636			289.41	1.2656	1.2632			0.5468	1	0.12992	0.12578	0.097	1			0	0
400109	Hima San Pablo Bayamon	41980	41980	41980	41980	40110	72021	40	lurban	lurban	N	0.4141						1	0	0	421	300	0	0	0.0012	0	0.00024	0		0		0	0.606	0.049	0		1229	1228.56	1.5249	1.525			1228.64	1.5357	1.5359			0.5468	1	0.16324	0.21922	0.109	1			0	0
400110	Hospital Metropolitano Dr Tito Mattei	38660	38660	38660	38660	40770	72153	40	ourban	ourban	N	0.3846						1	0	0	85	51	0	0	0.3454	0.03	0	0.03	0.000116	3269.71	0.000123	2700.33	0.52	0.016	0		300	299.99	1.3756	1.3717			299.24	1.3721	1.3691			0.5198	1	0.00014	0	0.092	1			0	0
400111	Hospital San Carlos Borromeo	10380	10380	10380	10380	40490	72099	40	ourban	ourban	N	0.3711						1	0	0	106	60	0	0	0.2547	0.02557	0.05293	0.02557	0.000119	2726.26	0.000129	2212.95	0.704	0.046	0		313	311.18	1.3887	1.3837			311.4	1.3819	1.3773			0.5072	1	0.00104	0.00564	0.094	1			0	0
400112	"Hospital Upr, Dr  Federico Trilla"	41980	41980	41980	41980	40150	72031	40	lurban	lurban	N	0.4141						1	0.2292	0.3747	250	143	0.11768	0.11153	0.345	0.04419	0.07236	0.04419	0.00036	4404.79	0.000388	4138.07	0.381	0.011	0		743	742.31	1.3207	1.321	1315	1.0482	742.38	1.3115	1.3118	1315	1.0454	0.5468	1	0.03084	0.00681	0.069	1			0	0
400113	Hospital San Cristobal	38660	38660	38660	38660	40560	72113	40	ourban	ourban	N	0.3846						1	0	0	138	106	0	0	0.2389	0.02231	0.04957	0.02231	0.000226	3919.65	0.000233	3103.63	0.479	0.03	0		466	465.98	1.5215	1.5215			466	1.5304	1.5304			0.5198	1	0.01112	0.01651	0.112	1			0	0
400114	Manati Medical Center Dr Otero Lopez	41980	41980	41980	41980	40450	72091	40	lurban	lurban	N	0.4141						1	0.0496	0.0525	243	200	0.02673	0.01493	0.3285	0.04079	0.06878	0.04079	0.000632	4448.09	0.000633	3599.52	0.373	0.045	0		1132	1129.97	1.5119	1.5097	3652.95	1.4273	1130.23	1.5164	1.5145	3653.08	1.4254	0.5468	1	0.02928	0.09328	0.108	1			0	0
400115	Centro Medico Wilma N Vazquez	41980	41980	41980	41980	40730	72145	40	lurban	lurban	N	0.4141						1	0	0	130	39	0	0	0.3079	0.03654	0.06433	0.03654	0.000209	14027.87	0.000221	9837.46	0.333	0.021	0		108	107.88	1.2839	1.2843			107.91	1.2953	1.2956			0.5468	1	0.16199	0.19348	0.063	1			0	0
400117	Hospital Dr Susoni Inc	11640	11640	11640	11640	40070	72013	40	ourban	ourban	N	0.3882				YES	0.0171	1	0	0	134	108	0	0	0.2521	0.02503	0.05238	0.02503	0.000177	2528.22	0.000186	1949.67	0.561	0.035	0		506	506	1.195	1.195			506	1.2046	1.2046			0.5231	1	0.03566	0.03046	0.101	1			0	0
400118	"Doctors' Center Hospital, Inc"	41980	41980	41980	41980	40450	72091	40	lurban	lurban	N	0.4141						1	0	0	250	233	0	0	0.3202	0.03908	0.06699	0.03908	0.000522	4186.15	0.000531	3200.35	0.432	0.032	0		1019	1017.04	1.3485	1.3467			1017.01	1.3544	1.3525			0.5468	1	0.00973	0.01395	0.081	1			0	0
400120	Hima San Pablo-Caguas	41980	41980	41980	41980	40130	72025	40	lurban	lurban	N	0.4141						1	0	0	440	315	0	0	0.1943	0.01345	0.04013	0.01345	0.001059	7131.69	0.000992	5056.49	0.799	0.11	0		1071	1069.15	1.5346	1.5312			1069.32	1.5485	1.5451			0.5468	1	0.07801	0.34766	0.09	1			0	0
400122	Professional Hospital Guaynabo Inc	41980	41980	41980	41980	40450	72091	40	lurban	lurban	N	0.4141						1	0	0	54	13	0	0	0.0023	0	0	0		0		0	0.435	0.042	0		99	97.2	2.1029	2.0681			97.28	2.1222	2.0871			0.5468	1	0	0	0.072	1			0	0
400123	Hospital Perea	32420	32420	32420	32420	40480	72097	40	ourban	ourban	N	0.3711						1	0	0	154	131	0	0	0.1597	0.00783	0.03287	0.00783	0.000209	2913.64	0.000214	2369.41	0.556	0.049	0		531	528.78	1.3598	1.3588			529.15	1.3526	1.3518			0.5072	1	0.0339	0.06748	0.103	1			0	0
400124	Centro Cardiovascular	41980	41980	41980	41980	40420	72085	40	lurban	lurban	N	0.4141						1	0.0103	0.0238	138	91	0.00561	0.00674	0.1523	0.00662	0.03132	0.00662	0.00028	5129.44		0	0.837	0.011	0		423	423	2.3911	2.3911	638	2.2375	423	2.3977	2.3977	638	2.237	0.5468	1	0.62328	0.04739	0.123	1			0	0
400125	Hima-San Pablo Fajardo	41980	41980	41980	41980	40260	72053	40	lurban	lurban	N	0.4141						1	0	0	180	59	0	0	0.1803	0.01117	0.03719	0.01117	0.000256	8652.02	0.000202	4579.62	0.679	0.054	0		176	176	1.247	1.247			176	1.2276	1.2276			0.5468	1	0.07485	0.13371	0.096	1			0	0
400126	Hospital Metropolitano San German	41900	41900	41900	41900	40630	72125	40	ourban	ourban	N	0.4232						1	0	0	82	46	0	0	0.3418	0.03	0	0.03	0.000085	2528.45	0.000085	2082.55	0.564	0.04	0		250	250	1.3609	1.3609			249.94	1.3567	1.3568			0.555	1	0.00868	0.01441	0.104	1			0	0
400127	Admin De Servicios Medicos  Puerto Ric	41980	41980	41980	41980	40640	72127	40	lurban	lurban	N	0.4141						1	0	0	85	65	0	0	0.3449	0.03	0	0.03	0.0003	57783.37	0.000268	29780.24	1.067	0.056	0		5	5	1.3974	1.3974			5	1.3919	1.3919			0.5468	1	0	0	0.034	1			0	0
400128	"Hospital Pavia Hato Rey, Inc"	41980	41980	41980	41980	40640	72127	40	lurban	lurban	N	0.4141						1	0	0	111	73	0	0	0.2705	0.02883	0.0563	0.02883	0.000203	9599.84	0.000272	10130.2	0.443	0.038	0		170	170	1.1109	1.1109			170	1.1063	1.1063			0.5468	1	0.00099	0.01974	0.046	1			0	0
400130	Hospital Metropolitano De La Montana	10380	10380	10380	10380	40710	72141	40	ourban	ourban	N	0.386				YES	0.0149	1	0	0	26	8	0	0	0.232	0.02089	0	0.02089	0	0	0	0	0.528	0.042	0		24	24	0.7721	0.7721			24	0.7721	0.7721			0.5211	1	0	0	0.029	1			0	0
400131	Caribbean Medical Center	41980	41980	41980	41980	40260	72053	40	lurban	lurban	N	0.4141						1	0	0	44	40	0	0	0.2505	0.0247	0	0.0247	0	0		0	0.909	0.066	0		148	148	1.2243	1.2243			148	1.2142	1.2142			0.5468	1	0.04051	0.06781	0.047	1			0	0
400132		41980	41980	41980	41980	40150	72031	40	lurban	lurban	N	0.4141						1	0		109	61	0	0.52699	0.2052	0.01536	0.04243	0.01536	0	0		0	0.693	0.019	0		224	223.53	1.4649	1.464			223.55	1.4719	1.4712			0.5468	1	0.05973	0	0.048	1			0	0
400133	Hima San Pablo Cupey	41980	41980	41980	41980	40640	72127	40	lurban	lurban	N	0.4141						1	0		60	0	0	0.52699	0	0	0	0		0		0	0.528	0.042	0		70	69.79	1.1566	1.1538			69.79	1.1597	1.1567			0.5468	1	0.41468	0.46132		1			0	0
410001	Memorial Hospital Of Rhode Island	39300	39300	39300	39300	41030	44007	1	lurban	lurban	N	1.0445						1	0.6052	1.5	116	43	0.28521	0.52699	0.3763	0.05065	0.07918	0.05065		0	0.000233	1142.35	0.548	0.031	0		880	856.95	1.3622	1.3546	603.11	1.3709	858.43	1.3602	1.3519	604.5	1.3692	1.0303	1	0.0688	0.02075	0.353	1	1.00605	0.9959	0	0
410004	Roger Williams Medical Center	39300	39300	39300	39300	41030	44007	1	lurban	lurban	N	1.0445						1	0.406	0.8095	148	72	0.19977	0.25664	0.4143	0.05849	0.08752	0.05849	0.000145	569.22	0.000161	512.29	0.378	0.025	0		1923	1861.72	1.5629	1.5501	1204.81	1.7413	1867.44	1.5703	1.5565	1208.99	1.7446	1.0303	1	0.05842	0.0336	0.361	1	1.00504	1.00	0	0
410005	Our Lady Of Fatima Hospital	39300	39300	39300	39300	41030	44007	1	lurban	lurban	N	1.0445						1	0	0	132	43	0	0	0.1789	0.01095	0.03689	0.01095	0.000121	707.97	0.000097	456.31	0.395	0.023	0		1269	1237.71	1.6409	1.6345			1240.03	1.6458	1.6375			1.0303	1	0.03379	0.01499	0.441	1	1.0046	1.00	0	0
410006	Newport Hospital	39300	39300	39300	39300	41020	44005	1	lurban	lurban	N	1.0445						1	0	0	102	44	0	0	0.2155	0.01748	0.0446	0.01748	0.000127	661.95	0.000131	537.93	0.411	0.036	0		1523	1495.6	1.3009	1.2933			1497.3	1.2973	1.2893			1.0303	1	0.01607	0.01798	0.468	1	1.00388	0.99	0	0
410007	Rhode Island Hospital	39300	39300	39300	39300	41030	44007	1	lurban	lurban	N	1.0445						1	0.5893	0.82	617	464	0.27863	0.26037	0.3673	0.04879	0.07721	0.04879	0.001412	1193.26	0.001557	1089.56	0.294	0.015	0		9249	9046.26	1.8726	1.8626	3999.26	1.8686	9064.76	1.881	1.8726	4010	1.8754	1.0303	1	0.07807	0.02712	0.317	1	0.993	1.00	0	0
410008	South County Hospital Inc	39300	39300	39300	39300	41050	44009	1	lurban	lurban	N	1.0445						1	0	0	91	44	0	0	0.1299	0	0	0		0		0	0.406	0.032	0		2152	2102.62	1.5834	1.5781			2110.66	1.5759	1.5702			1.0303	1	0.01271	0.01075	0.409	1	1.02068	1.00	0	0
410009	Kent County Memorial Hospital	39300	39300	49340	39300	41010	44003	1	lurban	lurban	W	1.1322						1	0.2598	0.2039	323	201	0.13237	0.05923	0.301	0.03512	0.06285	0.03512	0.000297	562.51	0.000398	583.66	0.327	0.02	0		3892	3786.52	1.5211	1.5103	2133.3	1.4751	3792.73	1.53	1.5182	2137.56	1.4806	1.0887	1	0.05159	0.02918	0.364	1	0.99865	0.99	0	0
410010	Women & Infants Hospital Of Rhode Island	39300	39300	14454	39300	41030	44007	1	lurban	lurban	W	1.22						1	0.1262	0.2476	247	143	0.06657	0.07237	0.7824	0.13441	0.17168	0.13441	0.000452	13645.56	0.000744	16776.24	0.385	0.04	0		252	248.75	1.447	1.4348	99.84	1.2558	248.6	1.4796	1.4664	99.87	1.2901	1.1459	1	0	0.00598	0.017	1	0.99476	1.00	0	0
410011	Landmark Medical Center	39300	39300	39300	39300	41030	44007	1	lurban	lurban	N	1.0445						1	0	0	123	74	0	0	0.2596	0.02658	0.05398	0.02658	0.000109	422.92	0.000156	463.64	0.239	0.011	0		1883	1813.12	1.5951	1.5853			1818.09	1.6006	1.591			1.0303	1	0.05693	0.01218	0.41	1	1.00313	0.99	0	0
410012	The Miriam Hospital	39300	39300	39300	39300	41030	44007	1	lurban	lurban	N	1.0445						1	0.2718	0.3382	235	185	0.13807	0.10014	0.1925	0.01316	0.03975	0.01316	0.000321	396.16	0.000307	317.19	0.294	0.014	0		6509	6327.09	1.4919	1.4892	3699.12	1.4966	6346.7	1.4809	1.4771	3709.61	1.4855	1.0303	1	0.02195	0.00594	0.421	1	1.00894	0.99	0	0
410013	Westerly Hospital	39300	39300	39300	39300	41050	44009	1	lurban	lurban	N	1.0445						1	0	0	89	36	0	0	0.10568	0	0	0		0		0	0.401	0.03	0		1182	1145.42	1.4262	1.4183			1148.98	1.424	1.4166			1.0303	1	0.01724	0.01413	0.567	1	1.00133	1.00	0	0
420002	Piedmont Medical Center	16740	16740	16740	16740	42450	45091	3	lurban	lurban	N	0.9422						1	0	0	268	157	0	0	0.2842	0.03165	0.05924	0.03165	0.000666	1135.34	0.000514	706.86	0.207	0.016	0		4663	4586.19	1.4936	1.4821			4592.34	1.5029	1.4914			0.96	1	0.02593	0.0219	0.363	1	0.99061	0.99	0	0
420004	Musc Medical Center	16700	16700	16700	16700	42090	45019	3	ourban	ourban	N	0.8778						1	0.5354	0.6686	651	560	0.25603	0.20765	0.49	0.0741	0.10431	0.0741	0.002373	2285.56	0.002345	1948.16	0.304	0.027	0		9154	9039.81	2.3011	2.2911	1928.9	2.2984	9049.56	2.3144	2.3056	1931.23	2.3123	0.9146	1	0.15636	0.2014	0.263	1	0.99814	1.00	0	0
420005	Mcleod Medical Center - Dillon	42	42	42	42	42160	45033	3	rural	rural	N	0.8048						1	0	0	60	22	0	0	0.4858	0.03	0	0.03	0.000144	1565.21	0.000131	1113.56	0.181	0.013	0		679	658.07	1.3188	1.2903			659.13	1.3198	1.2914			0.8618	1	0.00141	0.00103	0.331	1.06902	1.01293	1.00	0	0
420007	Spartanburg Medical Center	43900	43900	24860	43900	42410	45083	3	ourban	ourban	W	0.8889						1	0.1103	0.138	477	393	0.05844	0.03971	0.2789	0.03056	0.0581	0.03056	0.001296	1230.27	0.001163	893.26	0.267	0.018	0		8468	8349.19	1.7668	1.7572	3753.74	1.8187	8362.11	1.7676	1.7587	3756.67	1.8171	0.9225	1	0.05882	0.03823	0.337	1	0.99488	1.00	0	0
420009	Ghs Oconee Memorial  Hospital	42	42	42	42	42360	45073	3	rural	rural	N	0.8284				YES	0.0236	1	0.0459	0.0855	122	67	0.02476	0.02442	0.1476	0	0	0		0		0	0.329	0.035	16	6867.06	2402	2340.71	1.3694	1.3583	584.64	1.3888	2346.84	1.3581	1.3481	585.75	1.3844	0.879	1	0.00713	0.01365	0.485	1	0.99589	1.00	0	0
420010	Carolina Pines Regional Medical Center	22500	22500	16740	42	42150	45031	3	ourban	rural	S	0.9298		YES	YES			1	0	0	116	46	0	0	0.3811	0.05164	0	0.05164	0.000182	974.07	0.000188	771.31	0.156	0.023	7		1381	1331.05	1.4807	1.4662			1333.86	1.4868	1.4729			0.9514	1	0.04414	0.13191	0.413	1	1.00662	0.99	0	0
420011	Cannon Memorial Hospital	24860	24860	24860	24860	42380	45077	3	ourban	ourban	N	0.8889						1	0	0	42	8	0	0	0.1368	0	0	0		0		0	0.428	0.063	0		251	244.91	1.1939	1.1866			245.76	1.1747	1.1669			0.9225	1	0	0	0.421	1	1	1.00	0	0
420015	Baptist Easley Hospital	24860	24860	24860	24860	42380	45077	3	ourban	ourban	N	0.8889						1	0	0	89	34	0	0	0.2851	0.03	0	0.03	0.000167	1310.14	0.000158	930.9	0.235	0.013	0		1039	992.12	1.5587	1.5389			1001.88	1.4559	1.4464			0.9225	1	0.02594	0.01048	0.331	1	1.00475	0.99	0	0
420018	Palmetto Health Richland	17900	17900	12260	42	42390	45079	3	ourban	rural	S	0.8557		YES	YES			1	0.2209	0.3166	633	457	0.11366	0.09346	0.433	0.06234	0	0.06234	0.001781	2169.67	0.00206	1996.33	0.235	0.012	7		6357	6268.11	2.1005	2.0798	1454.87	2.1477	6277.26	2.1052	2.0846	1456.01	2.1552	0.8988	1	0.20203	0.08014	0.264	1	0.99616	1.00	0	0
420019	Chester Regional Medical Center	16740	16740	16740	16740	42110	45023	3	lurban	lurban	N	0.9422						1	0	0	36	9	0	0	0.2518	0.02497	0	0.02497	0.000067	1277.26	0.000057	790.02	0.219	0.02	0		353	341.51	1.1739	1.1581			342.4	1.1694	1.1543			0.96	1	0.00189	0.00487	0.414	1.19788	0.98828	1.00	0	0
420020	Tidelands Health	42	42	16700	42	42210	45043	3	rural	rural	W	0.8778						1	0	0	131	46	0	0	0.2902	0.03289	0	0.03289	0.000256	1332.14	0.000207	869.61	0.248	0.023	7		1556	1507.42	1.6016	1.5899			1510.4	1.6084	1.5963			0.9146	1	0.00684	0.01065	0.426	1	1.00877	1.00	0	0
420023	St Francis-Downtown	24860	24860	24860	24860	42220	45045	3	ourban	ourban	N	0.8889						1	0	0	319	208	0	0	0.1538	0.00687	0.03163	0.00687	0.00043	516.29	0.00036	365.17	0.147	0.011	0		6999	6833.86	1.9241	1.9067			6860.7	1.9135	1.8955			0.9225	1	0.03298	0.02262	0.377	1	1.00199	1.00	0	0
420026	Providence Health	17900	17900	12260	42	42390	45079	3	ourban	rural	S	0.8557		YES	YES			1	0	0	314	127	0	0	0.1169	0	0	0		0		0	0.281	0.026	7		4342	4282.61	1.8417	1.8314			4293.79	1.835	1.825			0.8988	1	0.03762	0.05103	0.491	1	1.00653	1.00	0	0
420027	Anmed Health	24860	24860	24860	24860	42030	45007	3	ourban	ourban	N	0.8889						1	0.0755	0.1181	361	211	0.04039	0.03389	0.2202	0.01845	0.0456	0.01845	0.000915	1131.05	0.000697	692.48	0.164	0.013	0		6679	6581.24	1.5994	1.5921	2800.22	1.5928	6589.06	1.6086	1.6013	2802.88	1.5976	0.9225	1	0.02777	0.02469	0.41	1	0.99644	0.99	0	0
420030	Colleton Medical Center	42	42	16700	42	42140	45029	3	rural	rural	S	0.8778	LUGAR	YES	YES			1	0	0	102	46	0	0	0.3662	0.03	0	0.04857		0		0	0.179	0.018	16	6410.38	1363	1312.41	1.4553	1.442			1317.23	1.4468	1.4339			0.9146	1	0.00718	0.01133	0.432	1	1.00138	1.00	0	0
420033	Ghs Greer Memorial Hospital	24860	24860	24860	24860	42220	45045	3	ourban	ourban	N	0.8889						1	0.0301	0.067	57	30	0.01631	0.01909	0.2657	0.02784	0	0.02784	0.000245	1885.54	0.000171	1033.3	0.271	0.033	0		967	913.99	1.4999	1.4786	242.51	1.4895	925.5	1.4914	1.4761	244.72	1.4869	0.9225	1	0.00013	0.00128	0.317	1	1.01719	1.00	0	0
420036	Springs Memorial Hospital	16740	16740	16740	16740	42280	45057	3	lurban	lurban	N	0.9422						1	0	0	166	54	0	0	0.3144	0.03788	0.06574	0.03788	0.00021	881.39	0.00023	747.17	0.073	0.007	17	5583.5	1831	1787.76	1.4236	1.4144			1791.33	1.424	1.4149			0.96	1	0.00948	0.01396	0.426	1	1.00402	0.99	0	0
420037	Ghs Hillcrest Memorial Hospital	24860	24860	24860	24860	42220	45045	3	ourban	ourban	N	0.8889						1	0.0247	0.0611	43	17	0.01341	0.01739	0.04819	0	0	0		0		0	0.264	0.027	0		546	520.87	1.4549	1.4368	139.16	1.4281	523.27	1.4546	1.4359	139.86	1.4296	0.9225	1	0.00167	0.00333	0.331	1	1.00118	1.00	0	0
420038	Ghs  Laurens County Memorial Hospital	24860	24860	42	42	42290	45059	3	ourban	rural	S	0.8048		YES				1	0	0	49	29	0	0	0.2757	0.0299	0	0.0299		0		0	0.347	0.043	16	6795.66	894	847.41	1.5986	1.582			851.14	1.5948	1.578			0.8618	1	0.02617	0.05489	0.43	1.06614	1.00152	1.00	0	0
420043	Mary Black Health System Gaffney	42	42	42	42	42100	45021	3	rural	rural	N	0.8172				YES	0.0124	1	0	0	125	24	0	0	0.2855	0.03	0	0.03192	0.000091	1096.43	0.000068	631.15	0.204	0.019	0		663	648.92	1.4311	1.4155			649.89	1.4214	1.4061			0.8709	1	0.00202	0.00467	0.398	1.10947	0.99712	1.00	0	0
420048	Kershawhealth	17900	17900	17900	17900	42270	45055	3	ourban	ourban	N	0.8382						1	0	0	123	50	0	0	0.2295	0.02037	0.04757	0.02037	0.000437	2091.62	0.000206	755.89	0.28	0.04	0		1587	1557.97	1.4038	1.3951			1562.19	1.3959	1.3878			0.8862	1	0.01915	0.06617	0.467	1	1.00176	1.00	0	0
420049	Conway Medical Center	34820	34820	34820	34820	42250	45051	3	ourban	ourban	N	0.8336						1	0	0	166	88	0	0	0.3226	0.03957	0.06751	0.03957	0.000356	874.3	0.000346	734.26	0.25	0.023	0		3451	3394.69	1.5247	1.5141			3399.61	1.5209	1.5108			0.8828	1	0.02144	0.02834	0.4	1	1.00016	0.99	0	0
420051	Mcleod Regional Medical Center-Pee Dee	22500	22500	22500	22500	42200	45041	3	ourban	ourban	N	0.8048						1	0.0383	0.0527	467	366	0.02071	0.01498	0.3428	0.04374	0.07188	0.04374	0.001211	933.12	0.00115	737.7	0.173	0.019	0		10700	10504.7	1.8978	1.8787	1822.84	1.8448	10537.9	1.9019	1.8837	1827.2	1.8485	0.8618	1	0.03338	0.06288	0.437	1	1.00016	1.00	0	0
420053	Newberry County Memorial Hospital	42	42	17900	42	42350	45071	3	rural	rural	S	0.8223	LUGAR	YES	YES			1	0	0	90	18	0	0	0.2391	0.02235	0	0.02235		0		0	0.393	0.039	16	6276.3	697	681.63	1.5053	1.4944			683.95	1.4875	1.4781			0.8746	1	0.02924	0.04135	0.407	1.14273	1.01286	0.99	0	1
420055	Carolinas Hospital System Marion	42	42	22500	22500	42330	45067	3	rural	ourban	L	0.8048	LUGAR					1	0	0	94	28	0	0	0.3962	0.03	0	0.03	0.000103	898.04	0.000114	763.52	0.155	0.017	0		829	801.98	1.4269	1.4105			803.49	1.4352	1.4189			0.8618	1	0.01431	0.02356	0.437	1.10265	1.00506	0.98	0	0
420057	Mcleod Medical Center - Darlington	22500	22500	22500	22500	42150	45031	3	ourban	ourban	N	0.8048						1	0	0	49	1	0	0	0.3415	0.03	0	0.03	0.00004	5107.41	0.000022	1853.23	0.793	0.029	0		43	41.47	1.1017	1.0928			41.7	1.088	1.0817			0.8618	1	0.40525	0.16589	0.67	1	1	1.00	0	0
420065	Bon Secours-St Francis Xavier Hospital	16700	16700	16700	16700	42090	45019	3	ourban	ourban	N	0.8778						1	0	0	189	98	0	0	0.3119	0.03737	0.0652	0.03737	0.000593	1969.24	0.000358	961.78	0.28	0.021	0		2465	2418.93	1.7262	1.7169			2422.76	1.733	1.7241			0.9146	1	0.01427	0.01279	0.287	1	1.00327	1.00	0	0
420066	Lake City Community Hospital	22500	22500	22500	22500	42200	45041	3	ourban	ourban	N	0.8048						1	0	0	26	8	0	0	0.28	0.03	0	0.03	0.000058	1507.16	0.000042	828.25	0.417	0.025	0		263	253.94	0.987	0.9777			254.15	0.9805	0.9705			0.8618	1	0	0	0.506	1.22167	1	1.00	0	1
420067	Beaufort County Memorial Hospital	25940	25940	42	42	42060	45013	3	ourban	rural	S	0.8048		YES				1	0	0	167	101	0	0	0.266	0.0279	0	0.0279		0		0	0.278	0.03	17	6726.11	3144	3072.44	1.4668	1.4595			3081.15	1.4666	1.4599			0.8618	1	0.03488	0.05559	0.408	1	1.00433	0.99	0	1
420068	Trmc Of Orangeburg & Calhoun	42	42	16700	42	42370	45075	3	rural	rural	W	0.8778						1	0	0	251	121	0	0	0.384	0.05224	0	0.05224		0		0	0.28	0.024	17	6744.02	2625	2579.97	1.5899	1.5726			2583.3	1.598	1.5812			0.9146	1	0.05344	0.06148	0.416	1	0.99874	1.00	0	0
420070	Palmetto Health Tuomey Hospital	44940	44940	17900	44940	42420	45085	3	ourban	ourban	W	0.8223						1	0	0	210	127	0	0	0.3414	0.04345	0.07158	0.04345	0.000374	835.6	0.000454	815.54	0.281	0.031	7		3647	3590.43	1.5229	1.5148			3594.08	1.5236	1.5152			0.8746	1	0.02377	0.04344	0.432	1	1.00079	0.99	0	0
420071	Self Regional Healthcare	42	42	24860	42	42230	45047	3	rural	rural	W	0.8889						1	0.0731	0.1376	290	143	0.03913	0.03959	0.2818	0.03116	0	0.03116		0		0	0.246	0.025	17	8286.93	4258	4168.44	1.6826	1.6816	1210.02	1.7194	4177.27	1.6846	1.6843	1211.81	1.7164	0.9225	1	0.05175	0.07829	0.386	1	1.00158	0.99	0	0
420072	Hampton Regional Medical Center	42	42	42	42	42240	45049	3	rural	rural	N	0.8048						1	0	0	32	7	0	0	0.2325	0.02099	0	0.02099	0.000048	1495.08	0.000036	832.3	0.456	0.135	16	5257.69	250	246.48	1.1343	1.1287			246.51	1.122	1.1159			0.8618	1	0.01137	0.20321	0.43	1.24303	1.00966	1.00	0	0
420073	Lexington Medical Center	17900	17900	17900	17900	42310	45063	3	ourban	ourban	N	0.8382						1	0	0	414	305	0	0	0.2122	0.0168	0.04391	0.0168	0.001138	1167.48	0.001012	900.63	0.193	0.016	0		8450	8352.32	1.9093	1.9045			8362.45	1.9111	1.9064			0.8862	1	0.05243	0.05465	0.402	1	1.00418	1.00	0	0
420078	Ghs Greenville Memorial Hospital	24860	24860	24860	24860	42220	45045	3	ourban	ourban	N	0.8889						1	0.1683	0.2316	697	531	0.08778	0.06754	0.387	0.05286	0.08152	0.05286	0.002773	2660.48	0.002198	1728.53	0.263	0.029	0		8762	8609.8	2.1359	2.1225	2860.92	2.0344	8623.11	2.1472	2.1333	2864.9	2.0551	0.9225	1	0.05469	0.10631	0.251	1	0.99512	1.00	0	0
420079	Trident Medical Center	16700	16700	16700	16700	42090	45019	3	ourban	ourban	N	0.8778						1	0.0468	0.0796	404	253	0.02524	0.02272	0.2782	0.03042	0.05795	0.03042	0.000865	893.2	0.000519	447.16	0.1	0.008	0		8098	7939.34	1.7423	1.7305	2128.99	1.7591	7957.38	1.7468	1.7353	2132.15	1.7623	0.9146	1	0.01972	0.02115	0.391	1	0.99048	0.99	0	0
420080	Hilton Head Regional Medical Center	25940	25940	42340	25940	42060	45013	3	ourban	ourban	W	0.8048						1	0	0	93	61	0	0	0.0945	0	0	0		0		0	0.198	0.015	16	8228.61	2901	2827.13	1.4697	1.4586			2844.5	1.4656	1.4583			0.8618	1	0.04263	0.03459	0.525	1	1.00054	0.97	0	0
420082	Aiken Regional Medical Center	12260	12260	12260	12260	42010	45003	3	ourban	ourban	N	0.869						1	0.0218	0.0328	156	119	0.01184	0.0093	0.3313	0.04137	0.06939	0.04137	0.000366	897.84	0.000336	692	0.171	0.013	0		3497	3447.27	1.5803	1.5687	1145.24	1.5271	3455.31	1.578	1.5688	1147.03	1.5297	0.9083	1	0.03271	0.02583	0.392	1	0.99312	0.98	0	0
420083	Mary Black Health System Spartanburg	43900	43900	24860	43900	42410	45083	3	ourban	ourban	W	0.8889						1	0	0	148	60	0	0	0.2684	0.0284	0.05586	0.0284	0.000216	1041.61	0.000158	602.84	0.122	0.013	0		1587	1565.78	1.5808	1.5779			1566.84	1.5817	1.5783			0.9225	1	0.01973	0.03653	0.331	1	0.99642	1.00	0	0
420085	Grand Strand Regional Medical Center	34820	34820	34820	34820	42250	45051	3	ourban	ourban	N	0.8336						1	0.257	0.0875	291	227	0.13103	0.025	0.1884	0.01249	0.03889	0.01249	0.000704	692.79	0.000411	344.97	0.095	0.009	7		8756	8604.8	1.8353	1.8188	1329.69	1.9973	8620.81	1.8429	1.8269	1332	2.0041	0.8828	1	0.02574	0.04038	0.449	1	0.99819	0.98	0	0
420086	Palmetto Health Baptist	17900	17900	17900	17900	42390	45079	3	ourban	ourban	N	0.8382						1	0	0	332	187	0	0	0.3623	0.04776	0.07612	0.04776	0.000641	1500.1	0.000738	1411.8	0.222	0.014	0		3212	3133.03	1.8594	1.846			3153.04	1.8584	1.8465			0.8862	1	0.15596	0.10034	0.323	1	0.99474	0.98	0	0
420087	Roper Hospital	16700	16700	16700	16700	42090	45019	3	ourban	ourban	N	0.8778						1	0	0	316	154	0	0	0.1102	0	0.02257	0		0		0	0.306	0.031	0		6244	6092.52	2.0614	2.0442			6122.38	2.0611	2.0446			0.9146	1	0.02978	0.04406	0.53	1	0.99964	1.00	0	0
420089	East Cooper Medical Center	16700	16700	16700	16700	42090	45019	3	ourban	ourban	N	0.8778						1	0	0	130	39	0	0	0.1213	0	0.02487	0		0		0	0.164	0.016	0		1628	1581.22	2.2365	2.2415			1592.27	2.2317	2.2351			0.9146	1	0.11398	0.14796	0.305	1	1.00528	1.00	0	0
420091	Carolinas Hospital System	22500	22500	22500	22500	42200	45041	3	ourban	ourban	N	0.8048						1	0	0	354	148	0	0	0.3143	0.03786	0.06571	0.03786	0.000357	635.76	0.000413	549.24	0.098	0.009	0		4109	4070.15	1.6008	1.5889			4074.76	1.5992	1.5875			0.8618	1	0.0247	0.03805	0.473	1	1.01091	0.99	0	0
420098	Tidelands Waccamaw Community Hospital	42	42	42	42	42210	45043	3	rural	rural	N	0.8098				YES	0.005	1	0.0615	0	124	76	0.03303	0	0.1328	0	0	0		0	0.000185	363.18	0.284	0.022	0		3333	3222.71	1.5593	1.5513			3231.42	1.5541	1.5464			0.8655	1	0.01096	0.01037	0.521	1	1.00493	1.00	0	0
420101	Coastal Carolina Hospital	25940	25940	25940	25940	42260	45053	3	ourban	ourban	N	0.8059				YES	0.0011	1	0	0	41	23	0	0	0.2386	0.02225	0	0.02225	0.000094	709.92	0.000052	332.28	0.198	0.018	0		1153	1126.66	1.2145	1.2034			1128.82	1.2148	1.2042			0.8626	1	0.00621	0.00731	0.366	1.07848	0.99748	0.99	0	0
420102	Ghs Patewood Memorial Hospital	24860	24860	24860	24860	42220	45045	3	ourban	ourban	N	0.8889						1	0.1463	0.8633	36	7	0.07676	0.27586	0.0203	0	0	0		0		0	0.289	0.031	0		586	547.89	2.1362	2.1344	132.13	2.1459	564.22	2.0782	2.0746	137.71	2.0838	0.9225	1	0	0	0.423	1	1	1.00	0	0
420103	Pelham Medical Center	43900	43900	24860	43900	42410	45083	3	ourban	ourban	W	0.8889						1	0	0	48	26	0	0	0.06036	0	0	0		0		0	0.379	0.034	0		1114	1076.71	1.5697	1.5622			1080.31	1.5635	1.556			0.9225	1	0.08248	0.09675	0.4	1	1.00388	1.00	0	0
420104	Mount Pleasant Hospital	16700	16700	16700	16700	42090	45019	3	ourban	ourban	N	0.8778						1	0	0	85	16	0	0	0.1724	0.00989	0	0.00989	0.000109	1486.91	0.000059	743.64	0.379	0.065	0		699	677.77	1.4707	1.4587			680.59	1.4665	1.4541			0.9146	1	0.03313	0.13183	0.338	1	1.01346	1.00	0	0
420105	Mcleod Loris  Hospital	34820	34820	34820	34820	42250	45051	3	ourban	ourban	N	0.8336						1	0	0	155	49	0	0	0.2418	0.02291	0.05018	0.02291	0.000211	692.77	0.000159	464.52	0.209	0.027	0		2672	2607.2	1.5532	1.5432			2614.28	1.5635	1.5535			0.8828	1	0.01258	0.03632	0.536	1	1.00971	0.99	0	0
420106	Palmetto Health Baptist Parkridge	17900	17900	17900	17900	42310	45063	3	ourban	ourban	N	0.8382						1	0	0	82	34	0	0	0.04743	0	0	0		0		0	0.23	0.037	0		1405	1364.58	1.6819	1.6725			1371.26	1.6579	1.647			0.8862	1	0.08585	0.23217	0.448	1	1.00082	0.99	0	0
420107	Mcleod Health Cheraw	42	42	42	42	42120	45025	3	rural	rural	N	0.8048						1	0	0	59	20	0	0	0.3621	0.03	0	0.03	0	0		0	0.233	0.028	0		844	818.1	1.2675	1.2539			820.05	1.2628	1.2494			0.8618	1	0.01178	0.02725	0.008	1.25	1.0215	1.00	0	0
420108	Union Medical Center	43900	43900	43900	43900	42430	45087	3	ourban	ourban	N	0.8406						1	0		50	12	0	0.52699	0.2212	0.01866	0	0.01866		0		0	0.571	0.033	0		278	271.38	0.9357	0.9295			271.8	0.9244	0.9193			0.8879	1	0.0577	0.02602	0.397	1	1	1.00	0	0
420109	Mcleod Health Clarendon	42	42	44940	44940	42130	45027	3	rural	ourban	L	0.8048	LUGAR					1	0		54	25	0	0.52699	0.239	0.02233	0	0.02233		0		0	0.439	0.052	0		685	653.8	1.3565	1.3419			655.38	1.3483	1.3332			0.8618	1	0.03048	0.04297	0.2	1	1	1.00	0	0
430005	Prairie Lakes Hospital	43	43	43	43	43140	46029	6	rural	rural	N	1						1	0	0	81	22	0	0	0.1887	0.01254	0	0.01254	0.0001	590.6	0.00008	379.94	0.357	0.015	16	5601.95	1446	1415.17	1.5419	1.5338			1416.54	1.5429	1.5353			1	1	0.00511	0.00031	0.482	1.07568	1.00366	1.00	0	1
430008	Brookings Health System	43	43	43	43	43050	46011	6	rural	rural	N	1						1	0	0	49	9	0	0	0.1318	0	0	0		0		0	0.402	0.047	16	5246.75	555	538.81	1.0913	1.0841			540.09	1.0891	1.0827			1	1	0.00179	0.00347	0.473	1.19636	1.01958	1.00	0	0
430012	Avera Sacred Heart Hospital	43	43	43	43	43670	46135	6	rural	rural	N	1						1	0	0	75	30	0	0	0.2507	0.02474	0	0.02474		0		0	0.309	0.023	17	6654.17	1493	1462.03	1.5899	1.5813			1463.23	1.5803	1.5708			1	1	0.01068	0.00809	0.431	1	1.00711	0.99	0	0
430013	Avera Queen Of Peace	43	43	43	43	43170	46035	6	rural	rural	N	1						1	0	0	50	19	0	0	0.1938	0.01337	0	0.01337		0	0.00006	402.43	0.287	0.017	21	6456.38	950	931.75	1.4328	1.4236			932.78	1.4211	1.4114			1	1	0.00903	0.00353	0.494	1.12992	1.00234	1.00	0	0
430014	Avera St Lukes	43	43	43	43	43060	46013	6	rural	rural	N	1						1	0	0	50	36	0	0	0.1162	0	0	0		0		0	0.317	0.024	7		1854	1806.65	1.8623	1.8481			1811.18	1.8464	1.8335			1	1	0.01369	0.01095	0.536	1	1.01076	1.00	0	0
430015	Avera St Mary'S Hospital	43	43	43	43	43320	46065	6	rural	rural	N	1						1	0	0	50	13	0	0	0.3146	0.03	0	0.03	0.00006	828.48	0.000058	692.59	0.28	0.017	16	5970.2	582	554.17	1.5224	1.5194			555.69	1.5249	1.521			1	1	0.00012	0	0.385	1.1253	1.01698	1.00	0	0
430016	Avera Mckennan Hospital & University Health Center	43620	43620	43620	43620	43490	46099	6	ourban	ourban	N	1						1	0.0525	0.0716	461	299	0.02827	0.02041	0.3123	0.03745	0.06528	0.03745	0.000387	450.14	0.000589	590.03	0.239	0.012	0		7605	7484.01	1.7678	1.7595	332.29	1.8741	7491.57	1.7797	1.7708	332.4	1.8864	1	1	0.04471	0.01342	0.339	1	0.99926	1.00	0	0
430027	Sanford Usd Medical Center	43620	43620	43620	43620	43490	46099	6	ourban	ourban	N	1						1	0.0966	0.1522	447	285	0.05137	0.04389	0.308	0.03656	0.06436	0.03656	0.000913	935.94	0.000921	795.18	0.177	0.017	0		8297	8205.96	2.0793	2.0674	396.03	2.0015	8214.46	2.0786	2.0669	396.6	2.0011	1	1	0.02622	0.03485	0.333	1	0.9999	1.00	0	0
430048	Regional Health Spearfish Hospital	43	43	43	43	43400	46081	6	rural	rural	N	1						1	0	0	27	9	0	0	0.2765	0.03	0	0.03		0		0	0.375	0.025	16	7408.15	591	571.37	1.7977	1.7898			573.67	1.7708	1.7618			1	1	0.0003	0.00007	0.356	1.17773	1.01394	1.00	0	0
430077	Regional Health Rapid City Hospital	39660	39660	43	43	43510	46103	6	ourban	rural	S	1		YES				1	0.0353	0.0582	336	228	0.0191	0.01656	0.3083	0.03662	0	0.03662		0		0	0.309	0.009	17	7960.25	6435	6381.07	1.805	1.7886	273.37	1.8422	6385.27	1.8063	1.7897	273.54	1.8541	1	1	0.06169	0.00396	0.418	1	0.99548	1.00	0	0
430081	Phs Indian Hospital At Pine Ridge	43	99	99	99	43560	46102	6	rural	rural	N	1.4448						1	0	0	45	12	0	0	0.6157	0.03	0	0.03	0.000053	2259.13	0.000053	1930.58	0.344	0.017	8		143	139.26	0.9811	0.9659			139.29	0.9787	0.9622			1.2866	1			0.164	1.17189	1	1.00	1	0
430083	Phs Indian Hospital At Eagle Butte	43	99	99	99	43200	46041	6	rural	rural	N	1.4448						1	0	0	8	4	0	0	0.1819	0.01143	0	0.01143	0.000003	472.6	0.000006	915.8	0.344	0.017	8		49	48.73	0.8666	0.8665			48.79	0.8626	0.8627			1.2866	1			0.161	1.25	1	1.00	0	1
430084	Phs Indian Hospital At Rosebud	43	99	99	99	43600	46121	6	rural	rural	N	1.4448						1	0	0	35	5	0	0	0.6408	0.03	0	0.03	0.000024	2012.07	0.000024	1469.15	0.344	0.017	8		99	97.31	0.9687	0.9657			97.33	0.9703	0.9661			1.2866	1			0.225	1.23962	1	1.00	1	0
430089	Dunes Surgical Hospital	43580	43580	43580	43580	43630	46127	6	ourban	ourban	N	1						1	0	0	40	8	0	0	0.07338	0	0	0		0		0	0.258	0.023	0		663	659.45	2.6207	2.6203			660.15	2.5688	2.5677			1	1	0.00366	0.00438	0.429	1	1	1.00	1	1
430090	Sioux Falls Specialty Hospital Llp	43620	43620	43620	43620	43490	46099	6	ourban	ourban	N	1						1	0	0	35	9	0	0	0.0386	0	0	0		0		0	0.256	0.017	0		963	960.02	2.2517	2.2519			961.03	2.2002	2.2002			1	1	0.0068	0.00293	0.49	1	1	1.00	0	0
430091	Black Hills Surgical Hospital Llp	39660	39660	39660	39660	43510	46103	6	ourban	ourban	N	1						1	0	0	26	10	0	0	0.04338	0	0	0		0		0	0.27	0.019	0		803	802.46	2.3673	2.3673			802.58	2.3194	2.3194			1	1	0	0	0.461	1	1	1.00	0	0
430093	Same Day Surgery Center Llc	39660	39660	39660	39660	43510	46103	6	ourban	ourban	N	1						1	0	0	6	1	0	0	0.0618	0	0	0		0		0	0.271	0.051	0		18	18	1.3729	1.3729			18	1.4053	1.4053			1	1	0	0	0.205	1	1	1.00	0	0
430095	Avera Heart Hospital Of South Dakota	43620	43620	43620	43620	43410	46083	6	ourban	ourban	N	1						1	0	0	53	24	0	0	0.05064	0	0	0		0		0	0.232	0.017	0		1318	1307.16	2.9081	2.9047			1308.11	2.907	2.9047			1	1	0.00451	0.00164	0.645	1	1.00672	1.00	0	0
430096	Lewis And Clark Specialty Hospital	43	43	43	43	43670	46135	6	rural	rural	N	1						1	0	0	10	1	0	0	0.0862	0	0	0		0		0	0.633	0.066	0		18	18	1.8504	1.8504			18	1.8157	1.8157			1	1	0.00351	0.00894	0.526	1	1	1.00	0	0
430097	Sanford Aberdeen Medical Center	43	43	43	43	43060	46013	6	rural	rural	N	1						1	0	0	48	12	0	0	0.2411	0.02276	0	0.02276	0.000099	1184.34	0.000074	752.13	0.509	0.079	0		717	694.87	1.3897	1.3784			695.85	1.3975	1.3823			1	1	0.02215	0.077	0.457	1	1.01255	1.00	0	0
440001	Unicoi County Memorial Hospital	27740	27740	27740	27740	44850	47171	5	ourban	ourban	N	0.7101						1	0	0	46	6	0	0	0.10524	0	0	0		0		0	0.335	0.025	0		198	193.4	1.1486	1.1428			193.88	1.1262	1.1204			0.791	1	0	0	0.482	1.23932	1	0.99	0	0
440002	Jackson-Madison County General Hospital	27180	27180	32820	27180	44560	47113	5	ourban	ourban	W	0.8421						1	0.03	0.0449	587	432	0.01626	0.01275	0.2848	0.03178	0.05937	0.03178	0.000938	621.87	0.000927	516.64	0.274	0.024	7		12561	12414.2	1.8081	1.8031	2415.43	1.9374	12430.4	1.8097	1.8048	2416.88	1.9404	0.889	1	0.03038	0.03586	0.454	1	0.99423	1.00	0	0
440003	Sumner Regional Medical Center	34980	34980	34980	34980	44820	47165	5	lurban	lurban	N	0.8799						1	0	0	126	76	0	0	0.2624	0.02716	0.05457	0.02716	0.000208	644.69	0.000165	417.12	0.152	0.013	0		2771	2717.75	1.3973	1.3839			2721.47	1.3971	1.3834			0.9161	1	0.00527	0.00553	0.359	1	0.99565	0.98	0	0
440006	Tristar Skyline Medical Center	34980	34980	34980	34980	44180	47037	5	lurban	lurban	N	0.8799						1	0	0	294	222	0	0	0.3424	0.04366	0.0718	0.04366	0.000514	955.35	0.000341	541.25	0.117	0.009	0		4498	4402.16	1.7392	1.7133			4408.94	1.746	1.72			0.9161	1	0.01682	0.01644	0.286	1	0.98895	0.99	0	0
440007	Unity Medical Center	44	44	44	44	44150	47031	5	rural	rural	N	0.7305				YES	0.0204	1	0	0	51	10	0	0	0.4321	0.06216	0	0.03	0.000024	363.96	0.000022	303.87	0.313	0.079	14	4757.15	576	564.06	1.0939	1.086			564.64	1.084	1.0759			0.8065	1	0	0	0.445	1.20121	0.99598	1.00	0	0
440008	Henderson County Community Hospital	44	44	44	44	44380	47077	5	rural	rural	N	0.7265				YES	0.0164	1	0	0	36	3	0	0	0.1762	0.01051	0	0.01051	0.000033	1337.58	0.00001	301.1	0.222	0.04	14	4820.3	193	186.95	0.9627	0.9531			187.93	0.9536	0.9459			0.8035	1	0.00404	0.01779	0.629	1.25	1	1.00	0	0
440009	Cumberland Medical Center	44	44	44	44	44170	47035	5	rural	rural	N	0.7101						1	0	0	76	50	0	0	0.2456	0.02369	0	0.02369		0		0	0.291	0.03	16	5949.51	2336	2279.66	1.4049	1.3916			2284.85	1.4066	1.3941			0.791	1	0.00028	0.00084	0.528	1	1.00455	0.99	0	0
440010	Wayne Medical Center	44	44	44	44	44900	47181	5	rural	rural	N	0.7101						1	0	0	32	4	0	0	0.1886	0.01252	0	0.01252	0.000014	430.13	0.000012	273.97	0.501	0.031	16	4417.92	214	207.11	1.0091	1.0024			207.22	1.0061	0.9984			0.791	1	0	0	0.651	1.25	1.00561	1.00	0	1
440011	Blount Memorial Hospital	28940	28940	34	44	44040	47009	5	ourban	rural	S	0.785		YES	YES			1	0	0	220	134	0	0	0.1868	0.01223	0	0.01223	0.000288	685.42	0.000276	537.13	0.179	0.015	7		3406	3357.06	1.6138	1.6045			3362.83	1.6056	1.5961			0.8472	1	0.01169	0.01326	0.351	1	0.99809	0.99	0	0
440012	Wellmont Bristol Regional Medical Center	28700	28700	49	44	44810	47163	5	ourban	rural	S	0.7364		YES	YES			1	0.1216	0.2098	248	155	0.06422	0.06099	0.1847	0.01189	0	0.01189	0.000452	761.5	0.000325	459.94	0.238	0.01	7		5283	5184.57	1.6794	1.6623	2469.51	1.7118	5193.12	1.6819	1.6642	2473.95	1.7069	0.811	1	0.01207	0.00271	0.359	1	1.00149	1.00	0	0
440015	University Of Tn Medical Center (The)	28940	28940	28940	44	44460	47093	5	ourban	rural	S	0.7175		YES				1	0.2957	0.4407	574	447	0.14933	0.13243	0.3312	0.04135	0	0.04135	0.001103	1107.04	0.001158	990.16	0.193	0.01	7		8322	8194.89	1.9724	1.9615	4532.8	2.0538	8208.43	1.9677	1.9566	4535.66	2.0585	0.7966	1	0.01509	0.00597	0.261	1	1.00001	0.99	0	0
440016	Baptist Memorial Hospital Huntingdon	44	44	44	44	44080	47017	5	rural	rural	N	0.7174				YES	0.0073	1	0	0	42	6	0	0	0.1822	0.01148	0	0.01148	0.000023	556.92	0.000019	360.96	0.322	0.023	14	4903.69	317	296.15	1.2717	1.2504			296.49	1.2799	1.258			0.7966	1	0	0	0.639	1	1	1.00	0	0
440017	Wellmont Holston Valley Medical Center	28700	28700	49	44	44810	47163	5	ourban	rural	S	0.7364		YES	YES			1	0.1412	0.1924	272	194	0.07418	0.0558	0.2321	0.02091	0	0.02091	0.000592	964.63	0.00047	640.68	0.254	0.012	7		5492	5377.39	1.8691	1.8542	4098.07	1.831	5389.8	1.8662	1.8519	4104.92	1.8312	0.811	1	0.02049	0.00646	0.293	1	0.99555	0.99	0	0
440018	Sycamore Shoals Hospital	27740	27740	27740	27740	44090	47019	5	ourban	ourban	N	0.7101						1	0	0	109	34	0	0	0.2338	0.02126	0.04848	0.02126	0.000055	446.99	0.000061	388.64	0.153	0.011	0		901	874.35	1.3463	1.3348			876.52	1.3434	1.3333			0.791	1	0.00024	0.00012	0.356	1	1.0007	0.99	0	0
440020	Southern Tennessee Regional Health System Pulaski	44	44	34980	44	44270	47055	5	rural	rural	W	0.8577						1	0	0	81	11	0	0	0.2787	0.03052	0	0.03	0.000057	688.04	0.000041	401.39	0.187	0.025	14	6293.51	723	692.41	1.1882	1.1743			694.29	1.1894	1.1761			0.9002	1	0.0007	0.00226	0.492	1.18083	0.99541	1.00	0	0
440025	"Laughlin Memorial Hospital, Inc"	44	44	44	44	44290	47059	5	rural	rural	N	0.7101						1	0	0	140	36	0	0	0.21	0.01635	0	0.01635	0.000076	540.06	0.000076	420.76	0.401	0.034	7		1101	1075.51	1.4354	1.4286			1080.24	1.4115	1.4074			0.791	1	0.01119	0.01361	0.393	1	1.00022	0.98	0	0
440029	Williamson Medical Center	34980	34980	34980	34980	44930	47187	5	lurban	lurban	N	0.8799						1	0	0	185	92	0	0	0.105	0	0.02149	0		0		0	0.343	0.027	0		2769	2708.05	1.8958	1.8912			2716.48	1.8773	1.8719			0.9161	1	0.00573	0.00505	0.286	1	1.00202	1.00	0	0
440030	Morristown Hamblen Hospital Association	34100	34100	34100	34100	44310	47063	5	ourban	ourban	N	0.7101						1	0	0	116	54	0	0	0.2967	0.03423	0.06192	0.03423	0.00017	837.65	0.000154	581.82	0.247	0.019	0		1681	1642.13	1.4694	1.4654			1645.49	1.4841	1.4806			0.791	1	0.00149	0.00151	0.298	1	1.00134	0.99	0	0
440031	Roane Medical Center	28940	28940	28940	28940	44720	47145	5	ourban	ourban	N	0.7175						1	0	0	52	27	0	0	0.235	0.02151	0	0.02151	0.000093	842.88	0.000054	402.42	0.315	0.045	0		862	835.78	1.3372	1.3186			839.44	1.3223	1.3041			0.7966	1	0.00696	0.02901	0.387	1.09311	1.00874	0.99	0	0
440032	Wellmont Hawkins County Memorial Hospital	28700	28700	28700	28700	44360	47073	5	ourban	ourban	N	0.7101						1	0	0	39	7	0	0	0.2803	0.03	0	0.03	0.000057	1597.3	0.00003	662.42	0.272	0.01	0		281	264.5	1.3518	1.3369			265.81	1.3353	1.3226			0.791	1	0	0	0.357	1.22424	1.01197	1.00	0	0
440033	Tennova Healthcare-Lafollett Medical Center	28940	28940	18	44	44060	47013	5	ourban	rural	S	0.7965		YES	YES			1	0	0	62	27	0	0	0.2893	0.03	0	0.03	0.000081	884.53	0.000051	437.32	0.125	0.008	16	4106.97	692	678.38	1.3087	1.3059			679.26	1.3168	1.3141			0.8557	1	0	0	0.393	1.1372	0.99675	0.98	0	0
440034	Methodist Medical Center Of Oak Ridge	28940	28940	28940	28940	44000	47001	5	ourban	ourban	N	0.7175						1	0	0	204	132	0	0	0.2241	0.01926	0.04643	0.01926	0.000284	621.09	0.000234	404.31	0.289	0.018	0		3680	3630.56	1.7533	1.7479			3636.01	1.7591	1.753			0.7966	1	0.03105	0.01646	0.375	1	0.99831	0.99	0	0
440035	Tennova Healthcare-Clarksville	17300	17300	34980	44	44620	47125	5	ourban	rural	S	0.8577		YES	YES			1	0	0	261	92	0	0	0.3217	0.03939	0	0.03939	0.000262	708.8	0.000212	467.75	0.129	0.012	7		3073	3000.79	1.6202	1.598			3007.03	1.6309	1.6091			0.9002	1	0.00363	0.00508	0.352	1	0.99209	0.98	0	0
440039	Vanderbilt University Medical Center	34980	34980	34980	34980	44180	47037	5	lurban	lurban	N	0.8799						1	0.5361	0.624	890	767	0.25633	0.19255	0.3805	0.05152	0.0801	0.05152	0.002398	1774.05	0.002436	1488.09	0.216	0.015	0		11632	11426.7	2.3852	2.3667	3368.26	2.3058	11441.7	2.3979	2.3796	3369.89	2.3343	0.9161	1	0.05812	0.04049	0.194	1	1.00175	1.00	0	0
440040	Perry Community Hospital	44	44	44	44	44670	47135	5	rural	rural	N	0.7101						1	0	0	21	6	0	0	0.1074	0	0	0		0		0	0.484	0.015	0		250	247.39	0.8627	0.8593			247.61	0.8568	0.8537			0.791	1	0	0	0.738	1.25	1	0.97	1	0
440046	Tristar Horizon Medical Center	34980	34980	34980	34980	44210	47043	5	lurban	lurban	N	0.8799						1	0	0	122	50	0	0	0.2523	0.02507	0.05242	0.02507	0.000187	762.31	0.000092	315.05	0.153	0.013	0		2053	2000.23	1.3928	1.3806			2003.7	1.3959	1.3836			0.9161	1	0.0039	0.00395	0.452	1	1.00455	0.99	0	0
440048	Baptist Memorial Hospital	32820	32820	32820	32820	44780	47157	5	lurban	lurban	N	0.8713						1	0.0744	0.0942	777	515	0.03981	0.02694	0.2773	0.03023	0.05776	0.03023	0.000838	535.23	0.001059	548.3	0.189	0.015	0		13012	12878.7	2.0426	2.0343	3496.86	1.8713	12896.3	2.0348	2.0267	3499.4	1.8628	0.91	1	0.04034	0.03576	0.416	1	0.99767	0.99	0	0
440049	Methodist Healthcare Memphis Hospitals	32820	32820	32820	32820	44780	47157	5	lurban	lurban	N	0.8713						1	0.1761	0.2348	1339	936	0.09166	0.06851	0.4032	0.0562	0.08507	0.0562	0.003386	1496.43	0.003385	1227.63	0.232	0.017	0		18878	18584.5	1.8914	1.8783	4748.06	1.7704	18620.8	1.8884	1.8758	4750.49	1.7702	0.91	1	0.04291	0.03436	0.291	1	0.99455	1.00	0	0
440050	Takoma Regional Hospital	44	44	44	44	44290	47059	5	rural	rural	N	0.7101						1	0	0	73	18	0	0	0.363	0.04791	0	0.03	0.000082	1117.75	0.00008	862.43	0.27	0.011	14	4865.8	595	560.69	1.5061	1.4888			563.46	1.5052	1.4878			0.791	1	0.00157	0	0.3	1	1.00629	1.00	0	0
440053	Saint Thomas Rutherford Hospital	34980	34980	34980	34980	44740	47149	5	lurban	lurban	N	0.8799						1	0.1108	0.0984	303	202	0.05869	0.02816	0.2206	0.01854	0.04568	0.01854	0.000588	910.86	0.000418	584.21	0.2	0.019	0		5845	5747.08	1.458	1.4502	1722.08	1.5641	5754.7	1.4612	1.4536	1723.26	1.5696	0.9161	1	0.00451	0.00747	0.305	1	0.99254	0.99	0	0
440056	Tennova Healthcare-Jefferson Memorial Hospital	34100	34100	28940	34100	44440	47089	5	ourban	ourban	W	0.7175						1	0	0	58	19	0	0	0.1277	0	0	0		0		0	0.192	0.028	0		635	603.27	1.3795	1.3636			605.43	1.3766	1.3617			0.7966	1	0.01549	0.04146	0.498	1	1.00138	0.99	0	0
440057	Claiborne Medical Center	44	44	44	44	44120	47025	5	rural	rural	N	0.7101						1	0	0	34	13	0	0	0.2341	0.02132	0	0.02132	0.000049	795.35	0.000045	517.68	0.395	0.02	0		455	428.83	1.3428	1.3295			430.02	1.3499	1.3365			0.791	1	0.00117	0.00036	0.388	1.18167	0.99675	1.00	0	0
440058	Southern Tennessee Regional Hlth System Winchester	44	44	16860	44	44250	47051	5	rural	rural	W	0.8331						1	0	0	128	40	0	0	0.2867	0.03	0	0.03217	0.000106	595.53	0.000093	366.09	0.162	0.012	0		1255	1215.29	1.3848	1.3712			1216.76	1.3901	1.3754			0.8825	1	0.0011	0.001	0.462	1	0.99911	0.98	0	0
440059	Cookeville Regional Medical Center	44	44	34980	44	44700	47141	5	rural	rural	W	0.8577						1	0	0	223	136	0	0	0.2634	0.02736	0	0.02736	0.000288	375.86	0.000315	334.57	0.389	0.036	7		6286	6119.42	1.7939	1.7802			6132.89	1.7989	1.7845			0.9002	1	0.00869	0.01283	0.482	1	0.99993	1.00	0	0
440060	Milan General Hospital	44	44	44	44	44260	47053	5	rural	rural	N	0.7275				YES	0.0174	1	0	0	47	5	0	0	0.1397	0	0	0	0.000017	437.73		0	0.361	0.032	14	4847.61	289	277.9	1.267	1.2546			280.04	1.2366	1.2267			0.8042	1	0	0	0.616	1	1	1.00	0	0
440061	Tennova Healthcare-Volunteer Martin	44	44	44	44	44910	47183	5	rural	rural	N	0.7167				YES	0.0066	1	0	0	41	12	0	0	0.3483	0.04487	0	0.03	0.000036	497.57	0.000044	443.13	0.168	0.021	14	5812.04	499	482.08	1.2483	1.2413			483.59	1.2509	1.244			0.796	1	0.00185	0.00494	0.473	1	1.00041	1.00	0	0
440063	Johnson City Medical Center	27740	27740	11700	44	44890	47179	5	ourban	rural	S	0.8463		YES	YES			1	0.1424	0.1775	514	402	0.07479	0.05137	0.3651	0.04834	0	0.04834	0.000652	744.17	0.000835	762.99	0.144	0.013	7		7023	6925.35	1.7914	1.7734	4019.71	1.8512	6934.71	1.7934	1.7756	4024.86	1.8561	0.892	1	0.01763	0.02426	0.271	1	0.99252	0.98	0	0
440065	Northcrest Medical Center	34980	34980	34980	34980	44730	47147	5	lurban	lurban	N	0.8799						1	0	0	109	36	0	0	0.2329	0.02107	0.04829	0.02107	0.000118	1007.22	0.000113	786.67	0.277	0.026	0		889	869.08	1.5905	1.5855			870.39	1.5997	1.5947			0.9161	1	0.02333	0.03061	0.325	1	1.00735	0.98	0	1
440067	Lakeway Regional Hospital	34100	34100	28940	34100	44310	47063	5	ourban	ourban	W	0.7175						1	0	0	107	16	0	0	0.2104	0.01643	0.04353	0.01643	0.000057	795.57	0.000072	683.17	0.119	0.015	7		487	477.95	1.4791	1.468			478.75	1.4879	1.4771			0.7966	1	0.00361	0.01372	0.441	1	0.99078	0.99	0	0
440068	Starr Regional Medical Center Athens	44	44	16860	44	44530	47107	5	rural	rural	W	0.8331						1	0	0	166	22	0	0	0.3222	0.03	0	0.03949	0.000114	1063.73	0.000089	614.2	0.158	0.017	0		845	821.34	1.3155	1.3079			823.46	1.3102	1.3025			0.8825	1	0.00705	0.01033	0.388	1.10932	1.00186	1.00	0	0
440070	Decatur County General Hospital	44	44	44	44	44190	47039	5	rural	rural	N	0.7101						1	0	0	40	4	0	0	0.0864	0	0	0		0		0	0.734	0.025	14	4132.82	184	177.44	1.1899	1.1635			178.11	1.1811	1.1557			0.791	1	0.00098	0	0.774	1.25	1	0.99	0	1
440072	Tennova Healthcare-Dyersburg Regional	44	44	44	44	44220	47045	5	rural	rural	N	0.7101						1	0	0	95	35	0	0	0.3833	0.03	0	0.03	0.000092	380.51	0.000118	415.39	0.098	0.01	16	4630.87	2035	1949.13	1.3419	1.3344			1955.06	1.342	1.3347			0.791	1	0.00965	0.02263	0.497	1	0.99885	0.98	0	0
440073	Maury Regional Hospital	34980	34980	34980	34980	44590	47119	5	lurban	lurban	N	0.8799						1	0	0	255	123	0	0	0.2643	0.02755	0.05498	0.02755	0.000306	537.77	0.000312	442.55	0.291	0.031	7		4766	4588.56	1.7264	1.7132			4610.58	1.7151	1.7021			0.9161	1	0.00812	0.01313	0.38	1	0.99967	0.99	0	1
440081	Leconte Medical Center	44	44	44	44	44770	47155	5	rural	rural	N	0.7101						1	0	0	56	46	0	0	0.2793	0.03	0	0.03	0.000199	1246.24	0.000125	668.84	0.232	0.027	0		1363	1330.57	1.506	1.4722			1332.08	1.5058	1.4715			0.791	1	0.00045	0.00238	0.273	1	1.00634	1.00	0	0
440082	Saint Thomas West Hospital	34980	34980	34980	34980	44180	47037	5	lurban	lurban	N	0.8799						1	0.0475	0.0399	319	257	0.02561	0.01132	0.1013	0	0.02073	0		0		0	0.192	0.014	0		7773	7680.52	2.228	2.2185	2470.07	2.2456	7690.27	2.2302	2.2208	2471.91	2.249	0.9161	1	0.04982	0.03167	0.421	1	0.99382	1.00	0	0
440083	Tennova Healthcare - Jamestown	44	44	18	44	44240	47049	5	rural	rural	W	0.7965						1	0	0	75	12	0	0	0.2792	0.03	0	0.03	0.000038	431.61	0.00004	321.17	0.172	0.018	16	4306.39	640	619.76	1.0735	1.0632			620.87	1.0763	1.0663			0.8557	1	0.00068	0.0016	0.678	1.18773	0.99675	1.00	0	0
440084	Sweetwater Hospital Association	44	44	44	44	44610	47123	5	rural	rural	N	0.7101						1	0	0	59	26	0	0	0.2649	0.02767	0	0.02767	0.000118	1434.9	0.000064	619.65	0.283	0.021	14	5556.97	674	660.32	1.3575	1.3522			661.68	1.3662	1.3617			0.791	1	0.01516	0.01571	0.374	1.13841	1.00058	0.98	0	0
440091	"Memorial Healthcare System, Inc"	16860	16860	16860	16860	44320	47065	5	ourban	ourban	N	0.8519						1	0	0	405	311	0	0	0.0672	0	0.0137	0		0		0	0.234	0.012	0		10477	10326.3	1.9569	1.9505			10340.2	1.9516	1.9445			0.896	1	0.03121	0.00818	0.464	1	1.00682	1.00	0	0
440102	Lincoln Medical Center	44	44	44	44	44510	47103	5	rural	rural	N	0.7101						1	0	0	49	12	0	0	0.3346	0.03	0	0.03	0.000054	760.05	0.000041	462.63	0.36	0.031	0		486	465.38	1.2559	1.2407			467.39	1.2503	1.2353			0.791	1	0	0	0.379	1.18083	0.99574	1.00	0	0
440104	Erlanger Medical Center	16860	16860	16860	16860	44320	47065	5	ourban	ourban	N	0.8519						1	0.2462	0.3425	585	462	0.12587	0.10148	0.3992	0.05537	0.0842	0.05537	0.001488	1450.26	0.001214	1042.8	0.272	0.011	0		8768	8598.98	2.0327	2.0106	3000.77	2.0481	8618.67	2.0362	2.0155	3004.33	2.0534	0.896	1	0.04528	0.00714	0.243	1	0.98904	1.00	0	0
440109	Hardin Medical Center	44	44	44	44	44350	47071	5	rural	rural	N	0.7101						1	0	0	49	12	0	0	0.4581	0.06752	0	0.03	0.000057	832.97	0.000058	657.5	0.267	0.013	14	4044.27	614	594.27	1.2	1.1899			595.59	1.2016	1.1916			0.791	1	0.00358	0.00083	0.378	1.19364	0.99988	1.00	0	0
440110	Fort Loudon Medical Center	28940	28940	28940	28940	44520	47105	5	ourban	ourban	N	0.7175						1	0	0	30	22	0	0	0.1652	0.00872	0	0.00872	0.000058	636.5		0	0.289	0.029	0		729	701.13	1.5088	1.4818			702.55	1.5053	1.4767			0.7966	1	0.00636	0.01396	0.369	1	1.00508	1.00	0	0
440111	Metro Nashville General Hospital	34980	34980	34980	34980	44180	47037	5	lurban	lurban	N	0.8799						1	0.4264	1.0549	116	44	0.20884	0.34675	0.4699	0.06995	0.09983	0.06995	0.000651	19518.26	0.000456	9694.66	0.353	0.029	0		254	251.13	1.524	1.5105	171.57	1.4526	251.4	1.5344	1.5209	171.52	1.4473	0.9161	1	0.01118	0.02392	0.082	1	1.00704	1.00	0	0
440120	Tennova Healthcare	28940	28940	28940	28940	44460	47093	5	ourban	ourban	N	0.7175						1	0	0	548	266	0	0	0.2209	0.0186	0.04575	0.0186	0.000569	784.93	0.000377	410.83	0.157	0.01	0		5846	5769.37	1.9131	1.9003			5776.59	1.9074	1.8945			0.7966	1	0.02215	0.01415	0.298	1	0.98794	0.99	0	0
440125	Fort Sanders Regional Medical Center	28940	28940	28940	44	44460	47093	5	ourban	rural	S	0.7175		YES				1	0	0	280	206	0	0	0.2834	0.03149	0	0.03149	0.000552	1050.32	0.000457	723.92	0.242	0.012	7		4355	4301.94	1.8484	1.8361			4309.43	1.8449	1.8335			0.7966	1	0.01369	0.00332	0.278	1	1.0033	1.00	0	0
440130	Baptist Memorial Hospital Union City	44	44	18	44	44650	47131	5	rural	rural	W	0.7965						1	0	0	63	17	0	0	0.2708	0.02889	0	0.02889	0.000063	518.13	0.000061	410.13	0.246	0.016	0		996	949.01	1.3438	1.3287			953.31	1.3394	1.3254			0.8557	1	0	0	0.512	1	1.0034	1.00	0	0
440131	Baptist Memorial Hospital Tipton	32820	32820	32820	32820	44830	47167	5	lurban	lurban	N	0.8713						1	0	0	69	7	0	0	0.5394	0.03	0	0.03	0.000093	2326.7	0.000084	1792.48	0.234	0.026	0		349	329.85	1.1599	1.1454			331.77	1.1379	1.1242			0.91	1	0	0	0.29	1.19053	1.00292	1.00	0	0
440132	Henry County Medical Center	44	44	44	44	44390	47079	5	rural	rural	N	0.7101						1	0	0	92	29	0	0	0.1987	0.01416	0	0.01416	0.000071	387.08	0.000061	267.55	0.284	0.036	14	5232.49	1521	1488.09	1.5427	1.535			1491.17	1.5331	1.5233			0.791	1	0.00874	0.01962	0.491	1	1.00711	0.97	0	0
440133	Saint Thomas Midtown Hospital	34980	34980	34980	34980	44180	47037	5	lurban	lurban	N	0.8799						1	0.0488	0.072	366	260	0.0263	0.02053	0.2683	0.02837	0.05583	0.02837	0.000768	1375.38	0.000643	954.07	0.209	0.015	0		4578	4514	1.9529	1.9397	1973.04	1.8674	4519.1	1.9505	1.9356	1975.83	1.87	0.9161	1	0.07134	0.05309	0.191	1	0.99399	1.00	0	0
440137	Tennova Healthcare-Shelbyville	44	44	34980	44	44010	47003	5	rural	rural	W	0.8577						1	0	0	52	16	0	0	0.1481	0	0	0	0.000058	818.44	0.000031	324.58	0.176	0.032	14	5598.36	499	478.65	1.4664	1.4385			480.67	1.4662	1.4396			0.9002	1	0.00898	0.0354	0.451	1.16818	0.99772	1.00	0	0
440144	Tennova Healthcare-Harton	44	44	34980	44	44150	47031	5	rural	rural	W	0.8577						1	0	0	99	54	0	0	0.2635	0.02738	0	0.02738	0.000128	544.86	0.000142	451.12	0.117	0.013	14	5694.53	1688	1665.87	1.4803	1.4745			1667.25	1.4866	1.4809			0.9002	1	0.03682	0.06979	0.485	1	0.996	1.00	0	0
440148	Saint Thomas Dekalb Hospital	44	44	44	44	44200	47041	5	rural	rural	N	0.7101						1	0	0	52	9	0	0	0.2009	0.01452	0	0.01452	0.000027	810.12	0.000023	441.24	0.536	0.047	0		166	156.7	1.2802	1.2648			157.66	1.2634	1.2481			0.791	1	0.01613	0.02449	0.424	1.23265	0.99618	1.00	0	0
440150	Tristar Summit Medical Center	34980	34980	34980	34980	44180	47037	5	lurban	lurban	N	0.8799						1	0	0	174	111	0	0	0.1955	0.01364	0.04038	0.01364	0.000284	668.6	0.000178	355.86	0.129	0.014	0		3694	3609.2	1.5521	1.5426			3618.05	1.5473	1.5382			0.9161	1	0.01606	0.02596	0.331	1	0.9945	0.99	0	0
440151	Saint Thomas River Park Hospital	44	44	34980	44	44880	47177	5	rural	rural	W	0.8577						1	0	0	100	21	0	0	0.2933	0.03353	0	0.03353	0.000075	633.65	0.000088	567.08	0.252	0.017	14	5759.2	905	870.97	1.3451	1.3388			874.4	1.3249	1.3189			0.9002	1	0.00424	0.00299	0.423	1.12826	0.9995	1.00	0	0
440152	Regional One Health	32820	32820	32820	32820	44780	47157	5	lurban	lurban	N	0.8713						1	0.5016	0.5825	276	216	0.24162	0.17866	0.668	0.11081	0.14485	0.11081	0.001519	10483.96	0.002208	12889.68	0.202	0.018	0		1250	1229.66	2.6249	2.5555	448.99	2.1737	1231.22	2.654	2.5852	449.49	2.1767	0.91	1	0.13234	0.17404	0.093	1	0.98886	0.99	0	1
440153	Tennova Healthcare-Newport Medical Center	44	44	44	44	44140	47029	5	rural	rural	N	0.7101						1	0	0	32	18	0	0	0.297	0.03429	0	0.03	0.000108	1714.99	0.000037	428.89	0.15	0.009	14	4527.17	432	420.44	1.2536	1.2472			421.36	1.2525	1.2461			0.791	1	0	0	0.304	1.12955	1.00181	0.99	0	0
440156	Parkridge Medical Center	16860	16860	16860	16860	44320	47065	5	ourban	ourban	N	0.8519						1	0	0	400	253	0	0	0.52	0.08029	0.11104	0.08029	0.00076	1369.6	0.000738	1092.01	0.129	0.011	0		4670	4611.3	1.7811	1.7744			4615.72	1.7969	1.7898			0.896	1	0.01268	0.01314	0.238	1	0.99173	1.00	0	0
440159	Delta Medical Center	32820	32820	32820	32820	44780	47157	5	lurban	lurban	N	0.8713						1	0	0	143	15	0	0	0.4192	0.0595	0.0886	0.0595	0.000078	3021.23	0.000076	1383.92	0.642	0.092	0		26	26	1.0856	1.0856			26	1.0211	1.0211			0.91	1	0	0	0.304	1	1.00349	1.00	0	0
440161	Tristar Centennial Medical Center	34980	34980	34980	34980	44180	47037	5	lurban	lurban	N	0.8799						1	0	0	523	376	0	0	0.3234	0.03974	0.06768	0.03974	0.000774	844.74	0.000665	610.86	0.137	0.014	0		7529	7447.67	2.1846	2.1747			7452.79	2.1818	2.1716			0.9161	1	0.03536	0.05395	0.267	1	0.99804	0.99	0	0
440173	Parkwest Medical Center	28940	28940	28940	28940	44460	47093	5	ourban	ourban	N	0.7175						1	0	0	398	283	0	0	0.2337	0.02124	0.04846	0.02124	0.000399	512.73	0.000437	458.29	0.244	0.015	0		6284	6220.82	1.917	1.9118			6229.33	1.9071	1.9019			0.7966	1	0.02996	0.01028	0.308	1	1.00078	0.99	0	0
440175	Southern Tennessee Regional Health System Lawrence	44	44	44	44	44490	47099	5	rural	rural	N	0.8165				YES	0.1064	1	0	0	89	15	0	0	0.3293	0.04096	0	0.03	0.000063	652.56	0.000047	393.26	0.171	0.02	14	3499.01	827	788.19	1.346	1.3266			790.3	1.3444	1.3244			0.8704	1	0.00131	0.00385	0.453	1.15167	0.9981	1.00	0	0
440176	Indian Path Medical Center	28700	28700	28700	28700	44810	47163	5	ourban	ourban	N	0.7116				YES	0.0015	1	0.011	0.0234	148	64	0.00599	0.00663	0.3092	0.03681	0.06461	0.03681	0.000107	641.04	0.000137	619.63	0.137	0.012	0		1218	1191.05	1.7395	1.7193	1234.28	1.7121	1193.05	1.7328	1.7127	1236.61	1.7095	0.7922	1	0.01122	0.01437	0.268	1	1.00124	0.99	0	0
440180	Jellico Community Hospital	28940	28940	28940	28940	44060	47013	5	ourban	ourban	N	0.7175						1	0	0	37	9	0	0	0.5597	0.03	0	0.03	0.000037	651.42	0.000051	698.24	0.417	0.03	0		465	447.94	1.2641	1.2567			448.87	1.2686	1.2629			0.7966	1	0.03935	0.03576	0.446	1.18788	1.00797	1.00	0	0
440181	Bolivar General Hospital	44	44	44	44	44340	47069	5	rural	rural	N	0.7576				YES	0.0475	1	0	0	33	2	0	0	0.283	0.03141	0	0.03	0.000016	867.32	0.00001	473.28	0.443	0.037	14	4531.03	122	115.04	1.103	1.0877			115.3	1.1042	1.0907			0.8269	1	0	0	0.569	1.25	1	1.00	0	0
440182	Mckenzie Regional Hospital	44	44	44	44	44080	47017	5	rural	rural	N	0.7174				YES	0.0073	1	0	0	30	7	0	0	0.5743	0.03	0	0.03	0.000033	929.1	0.000034	729.45	0.126	0.022	0		285	273.71	1.2334	1.2115			274.21	1.2322	1.2113			0.7966	1	0.00536	0.03384	0.333	1	0.99988	1.00	0	0
440183	St Francis Hospital	32820	32820	32820	32820	44780	47157	5	lurban	lurban	N	0.8713						1	0.0456	0.078	318	188	0.0246	0.02226	0.3697	0.04929	0.07774	0.04929	0.000557	1066.45	0.000517	785.06	0.139	0.008	0		4125	4077.63	1.8798	1.8674	1633.01	1.707	4081.89	1.8802	1.8678	1634.89	1.7091	0.91	1	0.03126	0.01302	0.319	1	0.99216	0.98	0	0
440184	Franklin Woods Community Hospital	27740	27740	27740	27740	44890	47179	5	ourban	ourban	N	0.7101						1	0	0	80	45	0	0	0.2712	0.02897	0	0.02897	0.000088	641.35	0.000098	598.54	0.138	0.026	0		1191	1170.12	1.3051	1.2986			1170.76	1.3316	1.3239			0.791	1	0.00638	0.03333	0.239	1	1.01303	1.00	0	0
440185	Tennova Healthcare-Cleveland	17420	17420	16860	17420	44050	47011	5	ourban	ourban	W	0.8331						1	0	0	183	98	0	0	0.3145	0.0379	0.06576	0.0379	0.000256	738.61	0.00027	627.87	0.114	0.008	0		2804	2759.56	1.5581	1.5528			2762.41	1.5686	1.5618			0.8825	1	0.01258	0.0094	0.355	1	0.99184	0.99	0	0
440187	Livingston Regional Hospital	44	44	34980	44	44660	47133	5	rural	rural	W	0.8577						1	0	0	90	17	0	0	0.4181	0.05927	0	0.03	0.000059	495.48	0.000055	363.64	0.179	0.017	14	4705.99	959	934.91	1.1891	1.1806			937.9	1.1758	1.1677			0.9002	1	0	0	0.541	1.14705	0.99478	0.99	0	0
440189	Tennova Healthcare-Regional Jackson	27180	27180	32820	44	44560	47113	5	ourban	rural	S	0.8421		YES	YES			1	0	0	115	60	0	0	0.2689	0.0285	0	0.0285	0.00011	422.32	0.000143	385.14	0.099	0.007	7		1751	1725.38	1.7411	1.7315			1727.25	1.7368	1.7268			0.889	1	0.00663	0.00562	0.545	1	0.99897	0.99	0	0
440192	Saint Thomas Highlands Hospital	44	44	34980	44	44920	47185	5	rural	rural	W	0.8577						1	0	0	32	6	0	0	0.2466	0.0239	0	0.0239	0.000026	625.93	0.000027	449.51	0.245	0.021	14	4098.17	306	281.17	1.3971	1.3797			282.81	1.3936	1.377			0.9002	1	0.00298	0.00366	0.513	1.24364	1	1.00	0	0
440193	Tennova Healthcare-Lebanon	34980	34980	34980	34980	44940	47189	5	lurban	lurban	N	0.8799						1	0	0	170	55	0	0	0.3317	0.04145	0.06948	0.04145	0.000156	873.38	0.00013	563.26	0.126	0.013	0		1409	1386	1.5882	1.5753			1387.98	1.5844	1.572			0.9161	1	0.01634	0.02622	0.385	1	0.9943	1.00	0	0
440194	Tristar Hendersonville Medical Center	34980	34980	34980	34980	44820	47165	5	lurban	lurban	N	0.8799						1	0	0	101	60	0	0	0.2542	0.02547	0.05282	0.02547	0.000189	906.63	0.000114	451.7	0.136	0.013	0		1685	1660.39	1.5239	1.5163			1662.39	1.5252	1.5176			0.9161	1	0.00643	0.00872	0.282	1	0.99622	1.00	0	0
440197	Tristar Southern Hills Medical Center	34980	34980	34980	34980	44180	47037	5	lurban	lurban	N	0.8799						1	0	0	93	50	0	0	0.2039	0.01509	0	0.01509	0.000269	1636.45	0.000097	490.46	0.163	0.016	0		1470	1446.04	1.7946	1.7838			1447.94	1.807	1.7969			0.9161	1	0.01084	0.01485	0.305	1	1.00215	1.00	0	0
440200	Saint Thomas Stones River Hospital	34980	34980	34980	34980	44070	47015	5	lurban	lurban	N	0.8799						1	0	0	30	5	0	0	0.2647	0.02763	0	0.02763	0.000023	925.18	0.000016	454.93	0.569	0.042	0		144	138.18	1.1563	1.1508			139.04	1.1433	1.1407			0.9161	1	0.01749	0.01558	0.472	1.25	1	1.00	0	1
440218	Saint Thomas Hospital For Specialty Surgery	34980	34980	34980	34980	44180	47037	5	lurban	lurban	N	0.8799						1	0	0	23	6	0	0	0.0159	0	0	0		0		0	0.233	0.023	0		674	669.88	3.2246	3.225			670.02	3.2246	3.2247			0.9161	1	0	0	0.302	1	1	1.00	0	0
440227	Tristar Stonecrest Medical Center	34980	34980	34980	34980	44740	47149	5	lurban	lurban	N	0.8799						1	0	0	109	49	0	0	0.3229	0.03964	0.06757	0.03964	0.000204	1261.07	0.000118	631.3	0.164	0.016	0		1448	1416.86	1.6271	1.6159			1418.74	1.6273	1.6156			0.9161	1	0.00794	0.011	0.236	1	0.99878	0.99	0	0
440228	Saint Francis Bartlett Medical Center	32820	32820	32820	32820	44780	47157	5	lurban	lurban	N	0.8713						1	0	0	156	93	0	0	0.2365	0.02182	0.04906	0.02182	0.000229	732.45	0.000143	403.75	0.132	0.013	0		2727	2694.18	1.678	1.6546			2696.66	1.6887	1.6656			0.91	1	0.02296	0.03219	0.389	1	0.99614	1.00	0	0
440231	Trustpoint Hospital	34980	34980	34980	34980	44740	47149	5	lurban	lurban	N	0.8799						1	0	0	10	4	0	0	0.2033	0.01497	0	0.01497	0.000013	1171.55	0.000004	272.91	0.476	0.098	0		34	33.14	0.9131	0.9158			33.16	0.9168	0.9192			0.9161	1	0.06572	0.21522	0.535	1	1	1.00	0	0
440232	Houston County Community Hospital	44	44	44	44	44410	47083	5	rural	rural	N	0.7101						1	0	0	25	5	0	0	0.194	0.0134	0	0.0134	0.000018	743.19		0	0.741	0.05	0		156	153.31	0.9455	0.9415			153.21	0.9343	0.9297			0.791	1	0	0	0.55	1.25	1	0.99	0	0
450002	The Hospitals Of Providence Memorial Campus	21340	21340	21340	21340	45480	48141	7	ourban	ourban	N	0.8106						1	0.0064	0.0149	453	192	0.00349	0.00421	0.62	0.10091	0.13377	0.10091	0.000527	1714.54	0.000703	1658.49	0.113	0.009	0		2194	2157.74	1.5421	1.5289	1674.39	1.5134	2159.52	1.559	1.5448	1676.17	1.5347	0.8661	1	0.0294	0.03424	0.166	1	0.99012	0.99	0	0
450007	Peterson Regional Medical Center	45	45	41700	45	45734	48265	7	rural	rural	W	0.8538						1	0	0	98	44	0	0	0.1096	0	0	0		0		0	0.272	0.021	15	6097.79	2087	2022.72	1.6011	1.5844			2029.91	1.5686	1.5554			0.8974	1	0.01706	0.01485	0.543	1	1.00003	1.00	0	0
450010	United Regional Health Care System	48660	48660	48660	48660	45960	48485	7	ourban	ourban	N	0.8643						1	0.0673	0.0989	275	167	0.03608	0.0283	0.2397	0.02248	0.04974	0.02248		0		0	0.251	0.028	16	7014.8	6433	6233.03	1.6915	1.6711	811.73	1.6052	6248.02	1.694	1.6731	813.55	1.5971	0.905	1	0.01985	0.03973	0.416	1	1.00055	0.99	0	0
450011	St Joseph Regional Health Center	17780	17780	45	45	45190	48041	7	ourban	rural	S	0.8106		YES				1	0.1076	0.1678	209	147	0.05705	0.04849	0.2464	0.02386	0	0.02386	0.000717	1092.53	0.000535	652.12	0.147	0.007	0		5294	5209.26	1.792	1.7793	624.95	1.6699	5217.47	1.7926	1.7792	625.59	1.6677	0.8661	1	0.00483	0.00155	0.419	1	0.99531	0.99	0	0
450015	Parkland Health And Hospital System	19124	19124	19124	19124	45390	48113	7	lurban	lurban	N	0.9736						1	0.6287	0.8435	798	568	0.29486	0.26875	0.7277	0.0875	0.1189	0.0875	0.011153	25860.03	0.008201	15703.7	0.207	0.022	0		3691	3660.59	1.7779	1.7756	1223.57	1.6966	3663.28	1.7666	1.7644	1223.23	1.6854	0.9818	1	0.0634	0.15493	0.093	1	1.0055	1.00	0	0
450018	University Of Texas Medical Branch	26420	26420	26420	26420	45550	48167	7	lurban	lurban	N	0.9754						1	0.8501	1.2841	534	369	0.382	0.43673	0.4318	0.0875	0.1189	0.0875	0.00239	4224.65	0.001783	2714.25	0.255	0.026	0		4755	4626.47	1.7678	1.7527	1227.61	1.6536	4636.72	1.774	1.7597	1230.19	1.6533	0.9831	1	0.04299	0.07525	0.163	1	0.99983	0.98	0	0
450021	Baylor University Medical Center	19124	19124	19124	19124	45390	48113	7	lurban	lurban	N	0.9736						1	0.1571	0.2022	850	652	0.08218	0.05872	0.2319	0.02087	0.04808	0.02087	0.001988	1378.73	0.001924	1105.54	0.281	0.014	0		12322	12166.4	2.1539	2.1385	2699.82	2.1849	12184.9	2.1519	2.1364	2702.86	2.1772	0.9818	1	0.09037	0.02992	0.309	1	0.99701	1.00	0	0
450023	Citizens Medical Center	47020	47020	45	45	45948	48469	7	ourban	rural	S	0.8106		YES				1	0	0	313	85	0	0	0.1753	0.01036	0	0.01036	0.00031	878.1	0.0002	436.21	0.278	0.015	7		2828	2772.18	1.6329	1.6081			2776.39	1.6421	1.6169			0.8661	1	0.04735	0.01853	0.424	1	1.00275	1.00	0	0
450024	University Medical Center Of El Paso	21340	21340	21340	21340	45480	48141	7	ourban	ourban	N	0.8106						1	0.5829	0.7861	261	182	0.27597	0.24837	0.5459	0.0875	0.1189	0.0875	0.002268	11784.66	0.001711	7043.35	0.29	0.03	0		1618	1596.48	1.6853	1.6678	1409.59	1.4766	1598.09	1.703	1.6855	1410.52	1.4832	0.8661	1	0.05375	0.11264	0.113	1	0.99033	1.00	0	0
450028	Valley Baptist Medical Center- Brownsville	15180	15180	15180	15180	45240	48061	7	ourban	ourban	N	0.876						1	0	0	228	113	0	0	0.6939	0.11615	0.15087	0.11615	0.000583	2076.86	0.000501	1416.03	0.101	0.01	0		2178	2125.57	1.6893	1.6673			2129.31	1.6969	1.6745			0.9133	1	0.01594	0.02717	0.264	1	0.99948	1.00	0	0
450029	Laredo Medical Center	29700	29700	18580	45	45953	48479	7	ourban	rural	S	0.884		YES	YES			1	0	0	308	192	0	0	0.6356	0.10413	0	0.10413	0.000642	1361.66	0.000865	1414.6	0.104	0.011	7		3573	3504.8	1.9311	1.9074			3511.43	1.9333	1.9097			0.919	1	0.03035	0.05507	0.359	1	0.99237	0.99	0	0
450032	Christus Good Shepherd Medical Center Marshall	45	45	30980	30980	45620	48203	7	rural	ourban	L	0.8106	LUGAR					1	0	0	111	35	0	0	0.3272	0.04052	0.0685	0.04052	0.001529	1967.79	0.000195	904.5	0.209	0.017	0		1551	1510.03	1.538	1.53			1514.75	1.5208	1.5132			0.8661	1	0.00658	0.00774	0.395	1	1.00099	0.99	0	0
450033	Vhs Harlingen Hospital Company Llc	15180	15180	15180	15180	45240	48061	7	ourban	ourban	N	0.876						1	0.0428	0.09	377	192	0.02311	0.02572	0.5009	0.07635	0.10675	0.07635	0.000807	1570.37	0.000743	1132.95	0.151	0.019	0		4297	4235.5	1.7668	1.7457	1454.99	1.9134	4240.68	1.7675	1.7481	1456.2	1.9228	0.9133	1	0.04221	0.1025	0.255	1	0.99869	1.00	0	0
450034	Christus Southeast Texas- St Elizabeth	13140	13140	26420	45	45700	48245	7	ourban	rural	S	0.9754		YES	YES			1	0	0	425	174	0	0	0.2671	0.02813	0	0.02813	0.001218	2076.03	0.00072	949.7	0.198	0.009	7		4782	4684.62	1.7222	1.7012			4692.87	1.7243	1.704			0.9831	1	0.01204	0.00317	0.309	1	0.99719	0.99	0	0
450035	St Joseph Medical Center	26420	26420	26420	26420	45610	48201	7	lurban	lurban	N	0.9754						1	0.1227	0.2627	239	143	0.06479	0.07695	0.6668	0.11057	0.14457	0.11057	0.000537	3211.19	0.000747	3538.15	0.153	0.019	0		1360	1328.84	1.783	1.7716	1534.02	1.8436	1330.44	1.8006	1.79	1534.89	1.8488	0.9831	1	0.01176	0.03298	0.129	1	0.99561	1.00	0	0
450037	Christus Good Shepherd Medical Center- Longview	30980	30980	30980	30980	45570	48183	7	ourban	ourban	N	0.8106						1	0.1417	0.2733	354	184	0.07443	0.08018	0.3574	0.04675	0.07506	0.04675		0	0.000797	1004.62	0.161	0.011	0		4349	4206.53	1.8463	1.8216	1203.43	1.8369	4223.41	1.8378	1.8132	1206.84	1.834	0.8661	1	0.00961	0.00516	0.345	1	1	0.99	0	0
450039	Jps Health Network	23104	23104	19124	23104	45910	48439	7	lurban	lurban	W	0.9736						1	0.3349	0.4059	405	298	0.16754	0.12136	0.558	0.0875	0.1189	0.0875	0.003612	11392.5	0.003095	8224.74	0.289	0.018	0		2799	2761.95	1.8248	1.802	1366.67	1.6484	2767.19	1.8273	1.8068	1367.95	1.6581	0.9818	1	0.04513	0.03714	0.112	1	0.99744	1.00	0	0
450040	Covenant Medical Center	31180	31180	31180	31180	45770	48303	7	ourban	ourban	N	0.8597						1	0.0149	0.023	454	295	0.00811	0.00651	0.2102	0.01639	0.04348	0.01639	0.00084	890.21	0.000656	560.28	0.121	0.009	0		7678	7550.97	1.9573	1.9425	2184.21	1.7778	7561.23	1.9622	1.9476	2185.2	1.785	0.9017	1	0.08469	0.07827	0.403	1	0.99929	0.99	0	0
450042	Providence Health Center	47380	47380	28660	47380	45780	48309	7	ourban	ourban	W	0.951						1	0.0263	0.0365	237	183	0.01427	0.01035	0.1845	0.01186	0.03807	0.01186	0.000854	1075.91	0.00059	624.41	0.222	0.015	0		6393	6272.62	1.6805	1.6647	986.49	1.6435	6280.84	1.6858	1.6698	988.11	1.6374	0.9662	1	0.0043	0.00258	0.443	1	0.99028	0.99	0	0
450044	Ut Southwestern University Hospital	19124	19124	19124	45	45390	48113	7	ourban	rural	S	0.9736		YES				1	0.1037	0.1629	431	301	0.05504	0.04704	0.2027	0.01484	0	0.01484	0.000597	752.91	0.000467	524.59	0.353	0.046	7		7128	7009.1	1.9693	1.9585	1401.77	1.7578	7016.66	1.9692	1.9581	1402.85	1.76	0.9818	1	0.26504	0.52613	0.342	1	1.00962	1.00	0	0
450046	Christus Spohn Hospital Corpus Christi	18580	18580	18580	18580	45830	48355	7	ourban	ourban	N	0.917						1	0.0517	0.0983	637	401	0.02784	0.02813	0.3238	0.03982	0.06777	0.03982	0.00257	3127.03	0.001745	1633.3	0.158	0.007	0		6418	6310.39	1.8753	1.8579	4091.5	1.8922	6323.12	1.8584	1.8426	4096.09	1.8898	0.9424	1	0.01534	0.00337	0.249	1	0.99263	0.99	0	0
450051	Methodist Dallas Medical Center	19124	19124	19124	19124	45390	48113	7	lurban	lurban	N	0.9736						1	0.1154	0.1718	376	235	0.06105	0.04968	0.4605	0.06802	0.09774	0.06802	0.001612	3743.89	0.001192	2135.22	0.246	0.022	0		3463	3398.49	2.0984	2.0855	1646.13	1.9782	3405.15	2.096	2.0833	1647.02	1.9735	0.9818	1	0.05575	0.07204	0.22	1	0.994	1.00	0	0
450054	Baylor Scott & White Medical Center - Temple	28660	28660	28660	28660	45120	48027	7	ourban	ourban	N	0.9701						1	0.2748	0.4123	581	428	0.13949	0.12339	0.2765	0.03007	0.05759	0.03007	0.001721	1111.22	0.001778	979.65	0.229	0.013	0		13095	12874.8	1.8872	1.8736	1239.21	2.0023	12892	1.8895	1.8762	1240.45	2.0146	0.9794	1	0.03217	0.01209	0.383	1	1.00335	1.00	0	0
450055	Rolling Plains Memorial Hospital	45	45	45	45	45822	48353	7	rural	rural	N	0.8138				YES	0.0032	1	0	0	39	12	0	0	0.281	0.03	0	0.03		0		0	0.738	0.048	16	7097	337	326.29	1.1941	1.1874			326.81	1.1883	1.1816			0.8684	1	0.01024	0.00646	0.428	1.20311	1.01019	1.00	0	0
450056	Seton Medical Center Austin	12420	12420	12420	12420	45940	48453	7	lurban	lurban	N	0.9417						1	0	0	447	274	0	0	0.2943	0.03374	0.06141	0.03374	0.000673	1099.09	0.00072	902.86	0.168	0.009	0		4679	4580.51	2.0655	2.0582			4597.98	2.069	2.0622			0.9597	1	0.14558	0.06262	0.25	1	1.00078	1.00	0	0
450058	Baptist Medical Center	41700	41700	41700	41700	45130	48029	7	lurban	lurban	N	0.8538						1	0	0	1432	734	0	0	0.3687	0.04908	0.07752	0.04908	0.00224	1338.93	0.002001	945.77	0.136	0.01	0		13068	12803.4	1.7559	1.7402			12826.3	1.7618	1.7461			0.8974	1	0.0162	0.01477	0.213	1	0.99312	1.00	0	0
450064	Texas Health Arlington Memorial Hospital	23104	23104	19124	23104	45910	48439	7	lurban	lurban	W	0.9736						1	0	0	241	172	0	0	0.2635	0.02738	0.05481	0.02738	0.000561	1276.05	0.000418	749.22	0.223	0.016	0		3550	3477.97	1.6047	1.5992			3483.36	1.6103	1.6042			0.9818	1	0.03678	0.02674	0.303	1	0.99411	0.99	0	0
450068	Memorial Hermann Texas Medical Center	26420	26420	26420	26420	45610	48201	7	lurban	lurban	N	0.9754						1	0.4084	0.5688	924	670	0.20084	0.17412	0.4605	0.06802	0.09774	0.06802	0.003008	3827.2	0.002589	2787.22	0.211	0.018	0		6722	6607.88	2.6778	2.6531	3751.41	2.5583	6623.11	2.6851	2.6623	3754.72	2.5847	0.9831	1	0.1523	0.17201	0.166	1	0.99674	1.00	0	0
450072	Brazosport Regional Health System	26420	26420	26420	26420	45180	48039	7	lurban	lurban	N	0.9754						1	0	0	70	40	0	0	0.1665	0.00893	0	0.00893	0.000251	1414.44	0.000194	881.92	0.271	0.024	0		1485	1449.63	1.218	1.2063			1452.84	1.2152	1.2038			0.9831	1	0.00334	0.00414	0.385	1	1.00788	0.99	0	0
450078	Anson General Hospital	10180	10180	45	45	45721	48253	7	ourban	rural	S	0.8106		YES				1	0	0	14	5	0	0	0.1618	0.00817	0	0.00817	0.000005	154.05	0.000007	188.21	0.558	0.031	14	8065	227	227	0.8936	0.8936			227	0.8946	0.8946			0.8661	1	0.00526	0.0025	0.889	1.25	1	1.00	0	0
450079	Baylor Medical Center At Irving	19124	19124	19124	19124	45390	48113	7	lurban	lurban	N	0.9736						1	0	0	189	131	0	0	0.3109	0.03716	0.06498	0.03716	0.000692	1678.6	0.000583	1226.49	0.262	0.016	0		3613	3559.49	1.5174	1.5023			3564.07	1.524	1.5088			0.9818	1	0.03513	0.01666	0.302	1	1.00117	1.00	0	0
450080	Titus Regional Medical Center	45	45	30980	45	45921	48449	7	rural	rural	W	0.8106						1	0	0	96	26	0	0	0.35	0.04523	0	0.03	0.0002	1630.64		0	0.383	0.033	17	5847.91	1072	1039.04	1.3447	1.3281			1042.14	1.3361	1.3203			0.8661	1	0.00208	0.00386	0.363	1.06712	1.00051	1.00	0	0
450082	Christus Spohn Hospital Beeville	45	45	45	45	45113	48025	7	rural	rural	N	0.8296				YES	0.019	1	0	0	51	12	0	0	0.4658	0.03	0	0.03		0		0	0.195	0.016	16	6685.69	547	517.07	1.1728	1.161			518.88	1.1751	1.1632			0.8799	1	0.01256	0.01302	0.248	1.19909	1.00412	1.00	0	0
450083	Ut Health East Texas Tyler Regional Hospital	46340	46340	46340	46340	45892	48423	7	ourban	ourban	N	0.8244						1	0	0	451	323	0	0	0.1992	0.01425	0.04116	0.01425	0.001348	1359.33	0.000789	643.26	0.112	0.008	0		8001	7872.46	1.8817	1.8675			7886.66	1.8815	1.8673			0.8761	1	0.02611	0.0227	0.366	1	0.9901	0.98	0	0
450085	Graham Regional Medical Center	45	45	45	45	45981	48503	7	rural	rural	N	0.8106						1	0	0	25	5	0	0	0.0943	0	0	0		0	0.000045	806.2	0.394	0.055	16	4209.16	363	350.21	1.2747	1.2589			351.05	1.2726	1.257			0.8661	1	0.00139	0.00533	0.487	1.2072	1	0.99	0	0
450087	Medical City North Hills	23104	23104	19124	23104	45910	48439	7	lurban	lurban	W	0.9736						1	0	0	137	78	0	0	0.0924	0	0.01889	0		0		0	0.108	0.007	0		2014	1989.95	1.6258	1.6186			1991.64	1.6318	1.6239			0.9818	1	0.04063	0.02434	0.349	1	0.99969	1.00	0	0
450090	North Texas Medical Center	45	45	45	45	45340	48097	7	rural	rural	N	0.881				YES	0.0704	1	0	0	48	10	0	0	0.3428	0.03	0	0.03	0.000118	2417.19	0.000093	1499.2	0.297	0.056	16	5652.31	414	403.55	1.1088	1.0978			404.29	1.1018	1.0905			0.9169	1	0.01218	0.05836	0.362	1.16311	0.99733	1.00	0	0
450092	Fort Duncan Medical Center	45	45	45	45	45791	48323	7	rural	rural	N	0.8106						1	0	0	86	42	0	0	0.6696	0.03	0	0.03	0.000198	1286.36	0.000211	1080.09	0.118	0.021	16	5304.04	1274	1235.99	1.4695	1.4439			1237.8	1.4751	1.4493			0.8661	1	0.00468	0.02579	0.379	1	0.99854	1.00	0	0
450097	Bayshore Medical Center	26420	26420	26420	26420	45610	48201	7	lurban	lurban	N	0.9754						1	0	0	370	264	0	0	0.4689	0.06975	0.09961	0.06975	0.001443	3284.48	0.000903	1562.13	0.103	0.01	0		3191	3145.15	1.6137	1.5982			3146.68	1.6252	1.6096			0.9831	1	0.0057	0.01277	0.206	1	0.99712	1.00	0	0
450099	Pampa Regional Medical Center	45	45	45	45	45563	48179	7	rural	rural	N	0.8106						1	0	0	32	15	0	0	0.1864	0.01217	0	0.01217	0.000126	1213.93		0	0.201	0.031	16	5447.83	904	878.34	1.6129	1.6008			880.92	1.6081	1.5967			0.8661	1	0.0045	0.02187	0.472	1.14742	1.01182	0.99	0	0
450101	Baylor Scott & White Medical Center Hillcrest	47380	47380	28660	45	45780	48309	7	ourban	rural	S	0.951		YES	YES			1	0.0725	0.1232	221	141	0.03882	0.03538	0.3905	0.05358	0	0.05358	0.000529	1161.87	0.000737	1438.09	0.195	0.017	7		4059	3969.1	1.6735	1.6549	646.5	1.7324	3982.46	1.6632	1.6461	648.79	1.7162	0.9662	1	0.00542	0.00687	0.289	1	0.99496	0.99	0	0
450102	Christus Mother Frances Hospital	46340	46340	46340	46340	45892	48423	7	ourban	ourban	N	0.8244						1	0.0057	0.0085	419	270	0.00311	0.0024	0.2414	0.02283	0.0501	0.02283	0.00129	1117.82	0.000662	470.67	0.154	0.009	0		9613	9369.68	1.8853	1.8705	2204.45	1.9167	9405.8	1.8707	1.8562	2208.46	1.9116	0.8761	1	0.01625	0.00873	0.395	1	0.99821	1.00	0	0
450104	Guadalupe Regional Medical Center	41700	41700	41700	41700	45581	48187	7	lurban	lurban	N	0.8538						1	0	0	103	35	0	0	0.3054	0.03603	0.0638	0.03603	0.000295	1550.9	0.000228	979.91	0.342	0.049	0		1526	1492.43	1.472	1.4598			1494.35	1.4655	1.4519			0.8974	1	0.01753	0.06155	0.438	1	0.99863	1.00	0	0
450107	Las Palmas Medical Center	21340	21340	29740	21340	45480	48141	7	ourban	ourban	W	0.8566						1	0	0	493	342	0	0	0.4917	0.07445	0.10469	0.07445	0.001195	1776.53	0.000968	1116.14	0.087	0.008	0		5248	5155.68	1.7929	1.7833			5160.92	1.8018	1.793			0.8994	1	0.02687	0.04002	0.22	1	0.99385	0.99	0	0
450108	Connally Memorial Medical Center	41700	41700	41700	41700	45971	48493	7	lurban	lurban	N	0.8538						1	0	0	44	9	0	0	0.0503	0	0	0		0		0	0.293	0.039	0		425	413.1	1.1428	1.1382			413.91	1.1406	1.1345			0.8974	1	0.00568	0.01546	0.516	1.21326	0.99367	1.00	0	0
450119	South Texas Health System	32580	32580	15180	45	45650	48215	7	ourban	rural	S	0.876		YES	YES			1	0.0274	0.049	677	310	0.01486	0.01392	0.6548	0.10809	0	0.10809	0.001322	2490.7	0.001101	1693.45	0.083	0.009	7		4642	4597.41	1.6654	1.6476	2098.85	1.698	4600.9	1.6774	1.66	2099.79	1.7052	0.9133	1	0.0099	0.02545	0.223	1	1.00271	1.00	0	0
450124	Dell Seton  Med Center At The University Of Tx	12420	12420	12420	12420	45940	48453	7	lurban	lurban	N	0.9417						1	0.331	0.3838	204	176	0.16574	0.11439	0.3291	0.04091	0.06891	0.04091	0.002295	10017.94	0.00182	6220.55	0.177	0.008	0		1723	1697.02	1.9684	1.9495	386.56	1.8041	1699.6	1.9878	1.9688	386.98	1.8255	0.9597	1	0.14056	0.06352	0.173	1	0.99083	1.00	0	0
450128	Knapp Medical Center	32580	32580	32580	32580	45650	48215	7	ourban	ourban	N	0.8224						1	0	0	182	84	0	0	0.6623	0.10964	0.14353	0.10964	0.000718	2513.52	0.000531	1485.67	0.266	0.019	0		2449	2417.55	1.5956	1.5781			2419.23	1.6017	1.5845			0.8747	1	0.00595	0.00458	0.272	1	1.00898	1.00	0	0
450130	Nix Health Care System	41700	41700	41700	41700	45130	48029	7	lurban	lurban	N	0.8538						1	0	0	201	126	0	0	0.5637	0.0893	0.12092	0.0893	0.000289	1344.06	0.000328	1089.89	0.187	0.018	0		1500	1476.95	1.8725	1.8519			1479.56	1.8845	1.8656			0.8974	1	0.01958	0.02989	0.222	1	1.00224	1.00	0	0
450132	Medical Center Hospital	36220	36220	36220	36220	45451	48135	7	ourban	ourban	N	0.8969						1	0.1057	0.1926	331	187	0.05607	0.05586	0.3459	0.04438	0.07256	0.04438	0.000901	1804.04	0.000687	1122.22	0.258	0.017	0		4122	4068.86	1.6684	1.6551	782.81	1.6694	4072.08	1.6747	1.661	783.26	1.6777	0.9282	1	0.03237	0.02028	0.334	1	0.98848	0.99	0	0
450133	Midland Memorial Hospital	33260	33260	36220	33260	45794	48329	7	ourban	ourban	W	0.8969						1	0.0412	0.0996	229	154	0.02226	0.02851	0.2456	0.02369	0.05099	0.02369	0.000777	1938.42	0.000488	974.74	0.294	0.034	0		3129	3083.57	1.6164	1.6033	490.63	1.6559	3086.83	1.6235	1.6112	491.26	1.6621	0.9282	1	0.05716	0.10934	0.334	1	0.99245	1.00	0	0
450135	Texas Health Harris Methodist Fort Worth	23104	23104	19124	23104	45910	48439	7	lurban	lurban	W	0.9736						1	0.004	0.0063	652	493	0.00218	0.00178	0.274	0.02955	0.05705	0.02955	0.001604	1231.18	0.001317	852.78	0.204	0.016	0		11126	10991.5	1.7542	1.7445	5260.15	1.8675	11006.2	1.7544	1.7452	5265.28	1.871	0.9818	1	0.02636	0.02268	0.296	1	0.9955	1.00	0	0
450137	Baylor Scott And White All Saints Medical Center	23104	23104	19124	23104	45910	48439	7	lurban	lurban	W	0.9736						1	0	0	358	220	0	0	0.3838	0.0522	0.08082	0.0522	0.000686	1380.7	0.000805	1327.87	0.309	0.013	0		4263	4220.76	1.7782	1.7579			4224.24	1.7926	1.7725			0.9818	1	0.12992	0.03068	0.247	1	1.00429	1.00	0	0
450143	Seton Smithville Regional Hospital	12420	12420	12420	12420	45100	48021	7	lurban	lurban	N	0.9417						1	0	0	36	2	0	0	0.0716	0	0	0		0		0	0.726	0.048	0		76	72.74	1.0111	0.9991			73.05	1.0077	0.9973			0.9597	1	0.0169	0.00915	0.528	1.25	1	1.00	0	0
450144	Permian Regional Medical Center Andrews County Ho	45	45	36220	45	45010	48003	7	rural	rural	W	0.8969						1	0	0	42	4	0	0	0.2774	0.03	0	0.03	0.000108	6016.63		0	0.733	0.095	16	8509.7	183	173.32	1.0976	1.0736			173.77	1.0974	1.0739			0.9282	1	0	0	0.195	1.20348	1.03007	1.00	0	0
450147	Detar Healthcare System	47020	47020	47020	47020	45948	48469	7	ourban	ourban	N	0.8725						1	0	0	204	92	0	0	0.3194	0.03891	0.06682	0.03891	0.000266	656.65	0.000294	625.2	0.097	0.008	0		3322	3258.84	1.5736	1.5541			3263.01	1.5783	1.5578			0.9108	1	0.01308	0.01535	0.415	1	0.99792	1.00	0	0
450148	Texas Health Harris Methodist Hospital Cleburne	23104	23104	19124	23104	45720	48251	7	lurban	lurban	W	0.9736						1	0	0	109	43	0	0	0.2079	0.01592	0.043	0.01592	0.000266	1881.83	0.00019	1061.31	0.214	0.017	0		1011	984.45	1.3735	1.3609			988.51	1.3553	1.3435			0.9818	1	0.00165	0.00184	0.301	1	1.00345	0.99	0	0
450152	Metroplex Hospital	28660	28660	28660	28660	45120	48027	7	ourban	ourban	N	0.9701						1	0	0	208	65	0	0	0.3671	0.04875	0.07717	0.04875	0.000322	1416.68	0.000271	1005.73	0.229	0.025	0		1816	1758.09	1.5111	1.4983			1762.79	1.5015	1.4887			0.9794	1	0.00882	0.01802	0.34	1	1	1.00	1	0
450154	Val Verde Regional Medical Center	45	45	45	45	45946	48465	7	rural	rural	N	0.8106						1	0	0	45	23	0	0	0.4794	0.03	0	0.03	0.000122	1393.82	0.000127	1126.55	0.368	0.034	16	5755.69	696	670.53	1.3709	1.3612			672.61	1.3716	1.3625			0.8661	1	0.00408	0.00872	0.305	1.07758	1.00788	1.00	0	0
450155	Hereford Regional Medical Center	45	45	45	45	45392	48117	7	rural	rural	N	0.8106						1	0	0	42	6	0	0	0.4601	0.03	0	0.03	0.000084	5066.98	0.000066	2963.46	0.661	0.02	0		111	105.12	1.245	1.2113			105.47	1.2287	1.1953			0.8661	1	0.00853	0.00088	0.233	1.22871	1	1.00	0	0
450162	Grace Medical Center	31180	31180	31180	31180	45770	48303	7	ourban	ourban	N	0.8597						1	0	0	92	8	0	0	0.0425	0	0	0		0		0	0.317	0.023	0		498	494.05	2.3651	2.3589			494.23	2.3289	2.3222			0.9017	1	0.01863	0.01299	0.437	1	1	1.00	0	0
450163	Christus Spohn Hospital Kleberg	45	45	45	45	45743	48273	7	rural	rural	N	0.8267				YES	0.0161	1	0	0	50	31	0	0	0.3267	0.03	0	0.03	0.000208	1957.41	0.00014	1053.53	0.149	0.01	16	5728.63	911	896.95	1.1663	1.1569			898.57	1.1545	1.1456			0.8778	1	0.00133	0.00136	0.339	1.07992	1.00224	0.99	0	0
450165	Methodist Hospital South	41700	41700	41700	41700	45060	48013	7	lurban	lurban	N	0.8538						1	0	0	67	13	0	0	0.3723	0.03	0	0.03	0.000096	1511.87	0.000058	770.56	0.183	0.026	16	4901.28	529	503.41	1.3571	1.3261			505.34	1.3583	1.3291			0.8974	1	0.0016	0.00693	0.339	1.17038	0.99408	0.99	0	0
450176	Mission Regional Medical Center	32580	32580	32580	32580	45650	48215	7	ourban	ourban	N	0.8224						1	0	0	229	104	0	0	0.7451	0.12671	0.16286	0.12671	0.000506	1750.7	0.000596	1581.98	0.192	0.017	0		2244	2217.17	1.5651	1.5472			2218.13	1.5718	1.5537			0.8747	1	0.00946	0.01203	0.331	1	1.00619	0.99	0	0
450184	Memorial Hermann Hospital System	26420	26420	26420	26420	45610	48201	7	lurban	lurban	N	0.9754						1	0.0313	0.0523	1216	782	0.01696	0.01487	0.3696	0.04927	0.07772	0.04927	0.003772	2151.74	0.002917	1351.51	0.233	0.021	0		14557	14257.9	1.8544	1.8317	9602.44	1.7908	14281	1.8631	1.8405	9612.16	1.8043	0.9831	1	0.01835	0.02426	0.232	1	1.00654	0.99	0	0
450187	Scott & White Hospital Brenham	45	45	45	45	45952	48477	7	rural	rural	N	0.8106						1	0	0	50	10	0	0	0.4117	0.03	0	0.03	0.000081	1371.91	0.000061	864.35	0.387	0.018	0		549	532.11	1.3015	1.2916			533.25	1.3031	1.2942			0.8661	1	0.01491	0.00626	0.401	1.18598	1.00109	0.99	0	0
450192	Hill Regional Hospital	45	45	23104	23104	45651	48217	7	rural	lurban	L	0.9592	LUGAR					1	0	0	53	7	0	0	0.3236	0.03	0	0.03	0.000072	1475.44	0.000057	833.37	0.273	0.077	16	4538.59	341	325.85	1.1348	1.12			327.52	1.132	1.1188			0.9719	1	0.00094	0.01791	0.45	1.12167	1.00874	1.00	0	0
450193	Chi St Luke'S Health Baylor College Of Medicine Me	26420	26420	26420	26420	45610	48201	7	lurban	lurban	N	0.9754						1	0.1583	0.2117	654	473	0.08279	0.06156	0.1662	0.00888	0.03423	0.00888	0.00098	1150.5	0.000768	696	0.242	0.014	0		6439	6368.78	2.8159	2.8067	4332.12	2.3279	6374.81	2.8212	2.8118	4336.1	2.3295	0.9831	1	0.19337	0.08218	0.313	1	0.99801	0.99	0	0
450194	Ut Health East Texas Jacksonville Hospital	45	45	45	45	45281	48073	7	rural	rural	N	0.8106						1	0	0	38	13	0	0	0.3717	0.03	0	0.03	0.000071	1385.61		0	0.142	0.02	16	5755.95	357	348.08	1.344	1.3386			349.82	1.3241	1.3191			0.8661	1	0	0	0.336	1.15364	1.00306	1.00	0	0
450196	Paris Regional Medical Center	45	45	19124	45	45750	48277	7	rural	rural	W	0.9736						1	0	0	230	75	0	0	0.2473	0.02404	0	0.02404		0	0.000188	354.87	0.211	0.019	17	6040.97	3537	3451.28	1.6756	1.6598			3456.82	1.6845	1.6689			0.9818	1	0.00421	0.00557	0.567	1	0.99347	1.00	0	0
450200	Wadley Regional Medical Center	45500	45500	45500	45	45170	48037	7	ourban	rural	S	0.8803		YES				1	0.0495	0.1347	189	79	0.02668	0.03874	0.385	0.05244	0	0.05244	0.000183	560.29	0.000233	585.57	0.195	0.013	7		2655	2598.68	1.7731	1.7585	434.47	1.8414	2606.14	1.7675	1.7547	435.23	1.8567	0.9164	1	0.01552	0.00801	0.423	1	1.00252	0.99	0	0
450203	Medical City Weatherford	23104	23104	23104	23104	45843	48367	7	lurban	lurban	N	0.9592						1	0.1764	0	82	53	0.09181	0	0.1805	0.01121	0	0.01121	0.000167	703.2	0.000135	480.83	0.169	0.029	0		1954	1925.79	1.3984	1.3847	460	1.4203	1929.19	1.3944	1.3806	460.28	1.4238	0.9719	1	0.01184	0.04243	0.419	1	1.00327	0.99	0	0
450209	Northwest Texas Hospital	11100	11100	31180	45	45860	48375	7	ourban	rural	S	0.8597		YES	YES			1	0.1437	0.2772	345	171	0.07544	0.08137	0.4958	0.0753	0	0.0753	0.001042	2437.75	0.000879	1741.11	0.157	0.013	7		3743	3652.9	1.8096	1.7712	799.69	1.7407	3657.93	1.826	1.787	800.62	1.7566	0.9017	1	0.00984	0.01327	0.228	1	0.99295	1.00	0	0
450210	Ut Health East Texas Carthage Hospital	45	45	45	45	45842	48365	7	rural	rural	N	0.8291				YES	0.0185	1	0	0	42	5	0	0	0.2353	0.02157	0	0.02157	0.00008	2002.96	0.000042	792.52	0.183	0.017	16	5249.09	297	285.21	1.0043	0.9884			286.14	1.0016	0.9861			0.8796	1	0.00587	0.00828	0.499	1.23758	1	0.98	0	0
450211	Chi St Lukes Health Memorial Lufkin	45	45	30980	45	45020	48005	7	rural	rural	W	0.8106						1	0	0	172	84	0	0	0.182	0.01145	0	0.01145	0.0004	1154.22	0.000307	707.42	0.18	0.012	7		2874	2791.21	1.7987	1.7818			2798.4	1.7984	1.7811			0.8661	1	0.0192	0.01089	0.482	1	0.99748	0.99	0	0
450213	University Health System	41700	41700	12420	45	45130	48029	7	ourban	rural	S	0.925		YES	YES			1	0.5491	0.833	598	407	0.26182	0.265	0.5208	0.08045	0	0.08045	0.004275	9217.81	0.003891	7639.55	0.279	0.035	7		3951	3893.4	2.0725	2.0414	1778.47	2.0326	3898.6	2.0854	2.0559	1779.72	2.0474	0.948	1	0.08524	0.23047	0.142	1	0.99085	1.00	0	0
450219	Baylor Scott & White Medical Center - Llano	45	45	45	45	45761	48299	7	rural	rural	N	0.8106						1	0	0	25	2	0	0	0.0569	0	0	0		0	0.000045	1134.97	0.721	0.048	16	3837.49	124	119.12	1.0173	1.008			119.38	1.0079	0.9988			0.8661	1	0	0	0.77	1.25	1	0.99	0	0
450222	Conroe Regional Medical Center	26420	26420	26420	26420	45801	48339	7	lurban	lurban	N	0.9754						1	0.0733	0.0982	276	210	0.03924	0.0281	0.2678	0.02827	0.05573	0.02827	0.000784	1332.07	0.00041	561.68	0.101	0.011	0		4684	4620.92	1.6347	1.6132	2323.35	1.7072	4624.57	1.643	1.6218	2324.91	1.7129	0.9831	1	0.00764	0.01472	0.335	1	0.9953	0.99	0	0
450229	Hendrick Medical Center	10180	10180	10180	10180	45911	48441	7	ourban	ourban	N	0.8247						1	0	0	309	196	0	0	0.2328	0.02105	0.04827	0.02105	0.00065	861.88	0.000426	470.4	0.16	0.012	0		6313	6221.85	1.8303	1.8218			6228.18	1.8459	1.837			0.8764	1	0.04773	0.03655	0.426	1	0.99678	1.00	0	0
450231	Baptist St Anthony'S Hospital	11100	11100	11100	11100	45860	48375	7	ourban	ourban	N	0.8154						1	0.0213	0.0365	421	243	0.01157	0.01035	0.1744	0.01022	0.03595	0.01022	0.000677	747.8	0.000427	386.26	0.21	0.048	0		7443	7284.8	1.6553	1.6425	1522.53	1.5457	7296.63	1.6614	1.6489	1523.75	1.552	0.8696	1	0.031	0.17151	0.366	1	1.00098	1.00	0	0
450235	Memorial Hospital	45	45	45	45	45562	48177	7	rural	rural	N	0.8106						1	0	0	34	6	0	0	0.3409	0.03	0	0.03	0.000088	2759.48	0.000058	1406.85	0.656	0.046	16	5059.11	268	262.37	1.3616	1.3476			262.77	1.3565	1.3428			0.8661	1	0.01296	0.0136	0.407	1.23553	0.99573	1.00	0	1
450236	Christus Mother Frances Hospital Sulphur Springs	45	45	45	45	45654	48223	7	rural	rural	N	0.8414				YES	0.0308	1	0	0	82	29	0	0	0.3004	0.03	0	0.03	0.000147	986.32	0.000181	1005.3	0.545	0.076	0		1300	1263.58	1.4149	1.4047			1265.49	1.4154	1.4047			0.8885	1	0.20453	0.46147	0.428	1	0.99165	1.00	0	0
450237	Christus Santa Rosa Medical Center	41700	41700	12420	45	45130	48029	7	ourban	rural	S	0.925		YES	YES			1	0.0738	0.15	414	196	0.0395	0.04324	0.2447	0.02351	0	0.02351	0.001277	1653.8	0.000749	822.45	0.201	0.015	7		6743	6554.21	1.6813	1.6651	2269.59	1.6173	6571.39	1.6821	1.6663	2272.97	1.629	0.948	1	0.01445	0.01213	0.346	1	0.99862	1.00	0	0
450241	Faith Community Hospital	45	45	45	45	45680	48237	7	rural	rural	N	0.8106						1	0	0	17	2	0	0	0.3499	0.03	0	0.03	0.000053	5659.77	0.000025	2380.72	0.289	0.02	16	5041.49	80	78.1	0.9145	0.9049			78.15	0.9105	0.9011			0.8661	1	0	0	0.386	1.25	1	1.00	1	0
450243	Hamlin Memorial Hospital	10180	10180	45	45	45721	48253	7	ourban	rural	S	0.8106		YES				1	0	0	25	1	0	0	0.1292	0	0	0	0.00001	1286.08	0.000008	742.92	0.299	0.093	14	8283.14	47	46.25	0.9101	0.9066			46.34	0.912	0.9101			0.8661	1	0	0	0.66	1.25	1	1.00	0	0
450253	Bellville St Joseph Health Center	26420	26420	26420	26420	45070	48015	7	lurban	lurban	N	0.9754						1	0	0	32	2	0	0	0.01906	0	0	0		0		0	0.194	0.02	0		29	28.47	1.0205	1.0222			28.5	1.0235	1.0246			0.9831	1	0	0	0.436	1.25	1	1.00	0	0
450271	Wise Regional Health System	23104	23104	23104	23104	45973	48497	7	lurban	lurban	N	0.9592						1	0	0	81	48	0	0	0.1845	0.01186	0	0.01186	0.000427	1941.68	0.000238	947.89	0.27	0.044	0		1984	1932.92	1.5679	1.5453			1937.34	1.5643	1.5431			0.9719	1	0.05472	0.19212	0.404	1	0.99226	1.00	0	0
450272	Central Texas Medical Center	12420	12420	12420	12420	45631	48209	7	lurban	lurban	N	0.9417						1	0	0	178	40	0	0	0.2879	0.03242	0.06003	0.03242	0.000247	1612.16	0.00019	969.24	0.229	0.008	0		1123	1090.35	1.5135	1.4992			1093.53	1.5131	1.4994			0.9597	1	0.00438	0.00013	0.323	1	1.00126	1.00	0	0
450280	Baylor Scott & White Medical Center Garland	19124	19124	19124	19124	45390	48113	7	lurban	lurban	N	0.9736						1	0.1234	0.1315	112	87	0.06514	0.03781	0.1893	0.01264	0.03908	0.01264	0.000501	1304.21	0.000424	853.79	0.262	0.013	0		3205	3137	1.4595	1.449	846.25	1.4312	3143.18	1.4576	1.4468	847.91	1.4313	0.9818	1	0.01333	0.00245	0.455	1	0.99483	1.00	0	0
450289	Harris Health System	26420	26420	26420	26420	45610	48201	7	lurban	lurban	N	0.9754						1	0.8375	0.9422	690	478	0.37721	0.30459	0.8132	0.0875	0.1189	0.0875	0.014618	68130.44	0.010015	34611.86	0.419	0.024	0		1534	1519.71	1.7596	1.7444	895.96	1.7793	1520.71	1.7494	1.7352	896.47	1.7751	0.9831	1	0.00722	0.01335	0.059	1	0.9953	1.00	0	0
450292	Texas Health Presbyterian Hospital Kaufman	19124	19124	19124	19124	45730	48257	7	lurban	lurban	N	0.9736						1	0	0	68	18	0	0	0.1759	0.01046	0	0.01046	0.000143	1558.99	0.000104	870.96	0.289	0.024	0		662	634	1.2147	1.2074			637.41	1.1921	1.1858			0.9818	1	0.00165	0.00259	0.422	1.12773	1.00364	1.00	0	0
450299	College Station Medical Center	17780	17780	17780	17780	45190	48041	7	ourban	ourban	N	0.8491						1	0.0039	0.0244	152	48	0.00213	0.00691	0.3568	0.04663	0.07493	0.04663	0.000175	1146.59	0.000206	969.72	0.113	0.017	0		1051	1035.97	1.7577	1.751	229.7	1.848	1036.98	1.7584	1.7506	229.88	1.8421	0.894	1	0.04527	0.14541	0.307	1	0.99919	0.99	0	0
450306	Stamford Memorial Hospital	10180	10180	10180	10180	45721	48253	7	ourban	ourban	N	0.8247						1	0	0	22	1	0	0	0.1992	0.01425	0	0.01425	0.000012	1424.38	0.000013	1011.68	0.194	0.02	0		46	44.83	1.0054	0.9956			44.87	1.0086	0.9986			0.8764	1	0	0	0.674	1.25	1	1.00	0	0
450324	Texoma Medical Center	43300	43300	19124	43300	45564	48181	7	ourban	ourban	W	0.9736						1	0.0395	0.0255	268	159	0.02135	0.00722	0.2034	0.01499	0.04205	0.01499	0.00055	726.84	0.000357	434.85	0.15	0.017	0		6985	6837.86	1.6774	1.663	1299.55	1.616	6850.26	1.6855	1.6715	1300.89	1.6317	0.9818	1	0.01428	0.02788	0.459	1	0.99784	0.99	0	0
450330	Oakbend Medical Center	26420	26420	26420	26420	45530	48157	7	lurban	lurban	N	0.9754						1	0	0.0103	171	74	0	0.00291	0.35	0.04523	0.07345	0.04523	0.000395	2116.82	0.000323	1514.66	0.342	0.02	0		1530	1497.23	1.5657	1.5482			1501.85	1.559	1.5424			0.9831	1	0.06332	0.03053	0.265	1	0.99902	1.00	0	1
450340	San Angelo Community Medical Center	41660	41660	41660	41660	45930	48451	7	ourban	ourban	N	0.8106						1	0	0	131	47	0	0	0.3106	0.0371	0.06492	0.0371	0.000116	628.65	0.000134	581.93	0.131	0.013	0		1567	1541.2	1.7617	1.7542			1542.21	1.7751	1.7665			0.8661	1	0.04785	0.06923	0.369	1	1.00283	1.00	0	0
450346	Baptist Beaumont Hospital	13140	13140	26420	45	45700	48245	7	ourban	rural	S	0.9754		YES	YES			1	0	0	371	173	0	0	0.3052	0.03599	0	0.03599	0.000766	1379.03	0.000461	663.87	0.155	0.014	7		4333	4259.75	1.5086	1.4963			4265.76	1.5087	1.4959			0.9831	1	0.00623	0.00805	0.286	1	1	0.99	0	0
450347	Huntsville Memorial Hospital	45	45	26420	45	45949	48471	7	rural	rural	W	0.9754						1	0	0	87	51	0	0	0.1711	0.00968	0	0.00968	0.000158	968.34	0.000113	563.38	0.251	0.018	0		1343	1318.25	1.4402	1.4297			1320.97	1.4343	1.4241			0.9831	1	0.00768	0.00544	0.291	1	0.99548	1.00	0	0
450348	Falls Community Hospital And Clinic	47380	47380	45	45	45500	48145	7	ourban	rural	S	0.8106		YES				1	0	0	32	3	0	0	0.2516	0.02493	0	0.02493		0		0	0.302	0.015	16	6492.71	227	222.46	0.9972	0.992			222.8	0.9969	0.9918			0.8661	1	0	0	0.594	1.25	1	1.00	1	0
450351	Texas Health Harris Methodist Hospital Stephenvill	45	45	23104	45	45490	48143	7	rural	rural	W	0.9592						1	0	0	54	16	0	0	0.2152	0.01742	0	0.01742	0.000114	1125.28		0	0.319	0.02	16	5932.41	794	775.5	1.3219	1.3132			777.1	1.3189	1.3095			0.9719	1	0.01265	0.00712	0.482	1.11538	1.00422	0.99	0	0
450352	Hunt Regional Medical Center	19124	19124	19124	19124	45670	48231	7	lurban	lurban	N	0.9736						1	0.0446	0.0996	142	61	0.02407	0.02851	0.3118	0.03735	0.06518	0.03735	0.000327	1100.47	0.000241	719.67	0.306	0.029	0		2654	2595.59	1.3567	1.3439	266.5	1.4579	2600.84	1.3603	1.3478	266.95	1.4602	0.9818	1	0.00302	0.00438	0.428	1	1.00019	0.98	0	0
450358	Houston Methodist Hospital	26420	26420	26420	26420	45610	48201	7	lurban	lurban	N	0.9754						1	0.248	0.3455	885	610	0.12673	0.10241	0.1501	0.00627	0.03086	0.00627	0.001013	613.99	0.000895	444.48	0.193	0.015	0		13855	13686.2	2.3382	2.3266	3742.79	2.4737	13716.5	2.3402	2.3289	3744.58	2.479	0.9831	1	0.25466	0.21812	0.387	1	1.00585	0.99	0	0
450369	Childress Regional Medical Center	45	45	45	45	45290	48075	7	rural	rural	N	0.8106						1	0	0	39	8	0	0	0.1234	0	0	0		0		0	0.631	0.054	16	5950.25	253	252.02	1.1647	1.1649			252.07	1.1589	1.1591			0.8661	1	0.0138	0.01638	0.294	1.21811	1.0033	1.00	0	0
450370	Columbus Community Hospital	45	45	26420	45	45312	48089	7	rural	rural	W	0.9754						1	0	0	40	10	0	0	0.259	0.02646	0	0.02646	0.000048	743.37	0.000044	514.54	0.539	0.022	16	5643.49	444	440.63	1.1417	1.1409			441.28	1.14	1.1393			0.9831	1	0	0	0.575	1.21098	1.00754	1.00	0	0
450372	Baylor Scott & White Medical Center- Waxahachie	19124	19124	19124	19124	45470	48139	7	lurban	lurban	N	0.9736						1	0	0	87	54	0	0	0.1794	0.01103	0	0.01103	0.000288	1053.26		0	0.255	0.024	0		2687	2613.47	1.4018	1.3844			2619.76	1.3988	1.3814			0.9818	1	0.01512	0.02116	0.382	1	1.00273	0.99	0	0
450379	Dallas Medical Center	19124	19124	19124	19124	45390	48113	7	lurban	lurban	N	0.9736						1	0	0	119	39	0	0	0.3484	0.0449	0.0731	0.0449	0.000107	1050.52	0.000096	699.61	0.138	0.022	0		770	732.4	2.0567	2.0099			735.89	2.0501	2.0083			0.9818	1	0.02954	0.09859	0.236	1	0.99993	0.99	0	0
450388	Methodist Hospital	41700	41700	41700	41700	45130	48029	7	lurban	lurban	N	0.8538						1	0.0059	0.0077	1492	1112	0.00322	0.00218	0.3423	0.04364	0.07177	0.04364	0.003458	1382.22	0.002919	954.85	0.131	0.011	0		20724	20507.7	1.8946	1.8831	8730.46	1.8842	20524.5	1.8988	1.8876	8736.32	1.8994	0.8974	1	0.04133	0.04054	0.273	1	0.99601	0.99	0	0
450389	Ut Health East Texas Athens Hospital	45	45	46340	46340	45640	48213	7	rural	ourban	L	0.8244	LUGAR					1	0	0	127	49	0	0	0.3197	0.03898	0.06688	0.03898	0.000327	1487.56	0.000169	566.03	0.132	0.019	0		1709	1673.86	1.2602	1.2483			1676.73	1.2618	1.2506			0.8761	1	0.00375	0.01471	0.39	1	0.99993	1.00	0	0
450395	Memorial Medical Center Livingston	45	45	45	45	45850	48373	7	rural	rural	N	0.8106						1	0	0	66	17	0	0	0.3388	0.03	0	0.03	0.000161	2049.98	0.000122	1100.84	0.242	0.035	0		651	623.71	1.4678	1.4491			626.27	1.4546	1.4376			0.8661	1	0.00228	0.01511	0.366	1.17523	0.99488	1.00	0	0
450399	Brownfield Regional Medical Center	45	45	45	45	45913	48445	7	rural	rural	N	0.8106						1	0	0	26	5	0	0	0.3871	0.03	0	0.03		0		0	0.72	0.043	16	6983.85	198	188.96	0.9699	0.9629			189.58	0.9664	0.9607			0.8661	1	0.01168	0.00532	0.379	1.25	1.01338	1.00	0	1
450400	Parkview Regional Hospital	45	45	17780	45	45758	48293	7	rural	rural	W	0.8491						1	0	0	49	3	0	0	0.1708	0.00963	0	0.00963		0		0	0.325	0.064	14	5147.57	201	194.14	1.2336	1.234			194.75	1.2299	1.2302			0.894	1	0.11413	0.46371	0.58	1.25	1	1.00	0	0
450403	Medical Center Of Mckinney	19124	19124	19124	19124	45310	48085	7	lurban	lurban	N	0.9736						1	0	0	151	119	0	0	0.2431	0.02318	0.05046	0.02318	0.000435	1171.68	0.000223	516.61	0.088	0.008	0		3110	3052.91	1.605	1.5979			3055.13	1.6089	1.6017			0.9818	1	0.01498	0.02248	0.35	1	0.99986	0.98	0	0
450411	Eastland Memorial Hospital	45	45	45	45	45450	48133	7	rural	rural	N	0.8106						1	0	0	34	6	0	0	0.1304	0	0	0		0		0	0.439	0.044	16	3930.52	259	247.44	1.1184	1.1093			247.83	1.119	1.1097			0.8661	1	0	0	0.662	1.24515	1	1.00	0	0
450419	Texas Health Harris Methodist Hospital Azle	23104	23104	19124	23104	45910	48439	7	lurban	lurban	W	0.9736						1	0	0	31	14	0	0	0.1337	0	0	0		0		0	0.277	0.019	0		500	487.26	1.1965	1.1908			488.07	1.1986	1.1932			0.9818	1	0	0	0.38	1.17045	0.99868	1.00	0	0
450422	Baylor Medical Center At Uptown	19124	19124	19124	19124	45390	48113	7	lurban	lurban	N	0.9736						1	0	0	24	5	0	0	0.0197	0	0	0		0		0	0.37	0.06	0		356	334.24	2.3093	2.3218			342.82	2.2504	2.2596			0.9818	1	0.01683	0.06138	0.313	1	1	1.00	0	0
450424	Houston Methodist San Jacinto Hospital	26420	26420	26420	26420	45610	48201	7	lurban	lurban	N	0.9754						1	0.0949	0.1381	191	132	0.05049	0.03974	0.2726	0.02926	0.05675	0.02926	0.000597	1453.04	0.000509	973.55	0.18	0.012	0		3241	3182.2	1.7353	1.7158	1320.95	1.7052	3186.9	1.741	1.7209	1322.59	1.7074	0.9831	1	0.04962	0.02922	0.359	1	0.99515	1.00	0	0
450431	St David'S Medical Center	12420	12420	12420	12420	45940	48453	7	lurban	lurban	N	0.9417						1	0	0	468	320	0	0	0.3719	0.04974	0.07822	0.04974	0.000965	977.52	0.001114	944.26	0.13	0.011	0		8351	8233.74	2.1587	2.1498			8249.87	2.1541	2.1457			0.9597	1	0.03289	0.03056	0.3	1	1.00712	0.99	0	0
450447	Navarro Regional Hospital	45	45	19124	45	45820	48349	7	rural	rural	W	0.9736						1	0	0	162	20	0	0	0.3473	0.04467	0	0.04467	0.000106	882.56	0.000102	642.21	0.139	0.015	7		935	902.58	1.4988	1.4843			905.19	1.489	1.4756			0.9818	1	0.00172	0.00469	0.408	1.10136	0.98845	1.00	0	0
450451	Glen Rose Medical Center	23104	23104	23104	23104	45893	48425	7	lurban	lurban	N	0.9592						1	0	0	16	5	0	0	0.0236	0	0	0		0		0	0.552	0.09	0		146	142.05	1.0063	0.9968			142.08	1.0128	1.004			0.9719	1	0.00958	0.05394	0.598	1.24614	1	1.00	0	0
450460	Tyler County Hospital	45	45	45	45	45942	48457	7	rural	rural	N	0.821				YES	0.0104	1	0	0	25	4	0	0	0.1571	0.0074	0	0.0074		0	0.000029	692.84	0.653	0.056	16	5300.95	272	257.75	0.9702	0.9552			258.96	0.9585	0.9446			0.8737	1	0	0	0.642	1.25	1	1.00	0	0
450462	Texas Health Presbyterian Hospital  Dallas	19124	19124	19124	19124	45390	48113	7	lurban	lurban	N	0.9736						1	0.0573	0.094	544	336	0.03081	0.02688	0.2536	0.02534	0.0527	0.02534	0.001241	1443.93	0.00105	994.09	0.231	0.02	0		7552	7407.49	1.9454	1.9326	1948.45	2.0504	7429.96	1.9339	1.9228	1951.91	2.0449	0.9818	1	0.0396	0.04492	0.272	1	0.99496	1.00	0	0
450465	Matagorda Regional Medical Center	45	45	26420	45	45790	48321	7	rural	rural	W	0.9754						1	0	0	46	19	0	0	0.3199	0.03	0	0.03	0.000145	1628.69	0.000118	1057.88	0.417	0.027	16	6058.67	651	621.29	1.3317	1.3188			623.43	1.3242	1.3111			0.9831	1	0.00491	0.00283	0.434	1.13417	0.9943	1.00	0	0
450469	Wilson N Jones Regional Medical Center	43300	43300	19124	43300	45564	48181	7	ourban	ourban	W	0.9736						1	0	0	217	59	0	0	0.1888	0.01256	0.03897	0.01256	0.000182	726.39	0.000157	466.9	0.249	0.027	0		1837	1808.4	1.7474	1.7346			1811.23	1.7525	1.7404			0.9818	1	0.07277	0.128	0.548	1	0.99834	0.99	0	0
450475	Ut Health East Texas Henderson Hospital	30980	30980	30980	30980	45881	48401	7	ourban	ourban	N	0.8106						1	0	0	41	11	0	0	0.4823	0.03	0	0.03	0.000097	1667.76	0.00005	649.41	0.244	0.015	0		464	450.74	1.0802	1.0644			451.71	1.0835	1.0688			0.8661	1	0.00214	0.00154	0.352	1.17871	1.00258	0.99	0	0
450484	Woodland Heights Medical Center	45	45	30980	45	45020	48005	7	rural	rural	W	0.8106						1	0	0	134	57	0	0	0.3065	0.03625	0	0.03625	0.00011	485.37	0.000116	424.7	0.105	0.013	7		1935	1910.55	1.6461	1.6273			1913.6	1.6353	1.6163			0.8661	1	0.02878	0.06996	0.406	1	1.00085	0.99	0	0
450488	Allegiance Specialty Hospital Of Kilgore	30980	30980	30980	30980	45570	48183	7	ourban	ourban	N	0.8106						1	0	0	38	0	0	0	0.1429	0	0	0		0		0	0.2	0.021	0		1	1	0.9332	0.9332			1	0.9002	0.9002			0.8661	1	0	0	0.643	1	1	1.00	1	0
450489	Medical Arts Hospital	45	45	45	45	45391	48115	7	rural	rural	N	0.8106						1	0	0	22	3	0	0	0.4335	0.03	0	0.03	0.000069	6086.61	0.00005	3278.2	0.582	0.111	16	7269.62	66	65.87	0.977	0.9774			65.81	0.9802	0.9807			0.8661	1	0	0	0.294	1.25	1	1.00	0	0
450498	Stephens Memorial Hospital	45	45	45	45	45901	48429	7	rural	rural	N	0.8106						1	0	0	22	3	0	0	0.1161	0	0	0		0		0	0.899	0.055	16	4915.3	142	138.03	0.9594	0.9552			138.25	0.9568	0.954			0.8661	1	0.00965	0.00402	0.721	1.25	1	1.00	1	0
450508	Memorial Hospital	45	45	30980	45	45810	48347	7	rural	rural	W	0.8106						1	0	0	104	48	0	0	0.3241	0.03988	0	0.03988	0.000313	1653.9	0.000269	1114.84	0.219	0.038	7		1476	1440.07	1.517	1.4919			1442.82	1.518	1.4932			0.8661	1	0.00849	0.05656	0.405	1	0.99555	0.99	0	0
450518	The Medical Center Of Southeast Texas	13140	13140	13140	13140	45700	48245	7	ourban	ourban	N	0.8878						1	0	0	171	84	0	0	0.3596	0.04721	0.07554	0.04721	0.000207	723.4	0.000237	702.34	0.135	0.021	0		2412	2376.3	1.6442	1.6331			2379.89	1.633	1.621			0.9217	1	0.00477	0.01924	0.311	1	0.99654	1.00	0	0
450537	Methodist Richardson Medical Center	19124	19124	19124	19124	45390	48113	7	lurban	lurban	N	0.9736						1	0	0	138	92	0	0	0.1258	0	0.0258	0		0		0	0.249	0.029	0		2196	2142.58	1.7906	1.7845			2147.82	1.8006	1.7942			0.9818	1	0.0764	0.13875	0.279	1	1.00082	1.00	0	0
450539	Covenant Hospital Plainview	45	45	45	45	45582	48189	7	rural	rural	N	0.8205				YES	0.0099	1	0	0	49	21	0	0	0.3628	0.03	0	0.03	0.000149	1975.61	0.000099	1044.99	0.163	0.007	16	4920.61	640	618.88	1.4804	1.4745			619.92	1.4746	1.4681			0.8733	1	0	0	0.3	1.13811	1.00354	0.99	0	0
450558	Abilene Regional Medical Center	10180	10180	10180	10180	45911	48441	7	ourban	ourban	N	0.8247						1	0	0	180	64	0	0	0.2395	0.02243	0.04969	0.02243	0.000142	578.27	0.000167	561.33	0.108	0.012	0		2203	2165.96	1.8202	1.8168			2169.82	1.8293	1.8256			0.8764	1	0.01323	0.02526	0.346	1	0.99753	1.00	0	0
450563	Baylor Scott & White Medical Center  Grapevine	23104	23104	19124	23104	45910	48439	7	lurban	lurban	W	0.9736						1	0	0	310	146	0	0	0.0485	0	0.00987	0		0		0	0.251	0.019	0		4258	4196.98	1.4462	1.4314			4203.21	1.4499	1.4354			0.9818	1	0.02249	0.01782	0.282	1	1.00131	1.00	0	0
450565	Palo Pinto General Hospital	45	45	45	45	45841	48363	7	rural	rural	N	0.8656				YES	0.055	1	0	0	48	18	0	0	0.3435	0.04388	0	0.03	0.000103	1358.93	0.000107	1073.25	0.418	0.027	14	5432.59	590	577.28	1.1554	1.1442			578.38	1.144	1.1344			0.9059	1	0.08753	0.06824	0.457	1.15939	0.99541	1.00	0	0
450571	Shannon Medical Center	41660	41660	41660	41660	45930	48451	7	ourban	ourban	N	0.8106						1	0	0	242	150	0	0	0.2513	0.02487	0.05221	0.02487	0.000576	914.9	0.000468	634.28	0.219	0.013	0		5284	5212.47	1.6557	1.6499			5217.15	1.6604	1.6547			0.8661	1	0.02661	0.01198	0.458	1	0.99968	1.00	0	0
450573	Christus Jasper Memorial Hospital	45	45	13140	45	45690	48241	7	rural	rural	W	0.8548						1	0	0	40	8	0	0	0.4325	0.03	0	0.03	0.000139	2423.96	0.000083	1170.82	0.362	0.027	0		461	444.8	1.0906	1.0855			446.78	1.0601	1.0559			0.8981	1	0.00394	0.00465	0.358	1.18159	1.00065	1.00	0	0
450578	Hemphill County Hospital	45	45	45	45	45632	48211	7	rural	rural	N	0.8106						1	0	0	11	1	0	0	0.05647	0	0	0		0		0	0.289	0.02	16	14113.35	78	76.23	0.9436	0.9388			76.33	0.9382	0.9343			0.8661	1	0	0	0.496	1.25	1	0.99	0	0
450580	Timberlands Hospital	45	45	45	45	45660	48225	7	rural	rural	N	0.8106						1	0	0	49	7	0	0	0.4005	0.03	0	0.03	0.000039	1328.65	0.000032	641.84	0.32	0.038	16	3734.66	143	136.94	1.1994	1.1483			138.05	1.1636	1.1343			0.8661	1	0.00315	0.01113	0.531	1.24455	0.99862	1.00	1	0
450584	Wilbarger General Hospital	45	45	45	45	45961	48487	7	rural	rural	N	0.8106						1	0	0	28	4	0	0	0.0945	0	0	0		0		0	0.64	0.055	16	6098.24	365	350.28	1.1906	1.178			351.59	1.1906	1.1781			0.8661	1	0.00769	0.00882	0.562	1.25	1	1.00	0	0
450586	Seymour Hospital	45	45	45	45	45110	48023	7	rural	rural	N	0.8106						1	0	0	27	3	0	0	0.3379	0.03	0	0.03	0.000022	1068.54	0.000014	549.68	0.81	0.1	16	5142.48	197	189.24	1.2645	1.254			189.76	1.2734	1.2631			0.8661	1	0	0	0.518	1.25	1	1.00	0	0
450587	Brownwood Regional Medical Center	45	45	45	45	45220	48049	7	rural	rural	N	0.8106						1	0	0	83	33	0	0	0.3024	0.03	0	0.03		0		0	0.179	0.014	16	5576.69	1217	1175.35	1.6964	1.6788			1178.44	1.7056	1.6879			0.8661	1	0.01268	0.01077	0.457	1	0.99488	1.00	0	1
450596	Lake Granbury Medical Center	23104	23104	23104	23104	45653	48221	7	lurban	lurban	N	0.9592						1	0	0	43	26	0	0	0.1684	0.00924	0	0.00924	0.000139	984.2	0.000078	448.21	0.117	0.016	0		1179	1122.32	1.7075	1.691			1129.43	1.7037	1.6887			0.9719	1	0.00807	0.02512	0.445	1.07288	0.99712	1.00	0	0
450597	Cuero Regional Hospital	45	45	45	45	45420	48123	7	rural	rural	N	0.824				YES	0.0134	1	0	0	49	10	0	0	0.3047	0.03	0	0.03	0.000046	933.67	0.000044	701.08	0.515	0.023	0		423	405.26	1.2729	1.2328			406.92	1.2591	1.2216			0.8758	1	0.01358	0.00387	0.507	1.21894	1.00451	1.00	0	0
450604	Hill Country Memorial Hospital Inc	45	45	41700	45	45552	48171	7	rural	rural	W	0.8538						1	0	0	57	22	0	0	0.1593	0.00776	0	0.00776	0.000106	744.33	0.000079	439.23	0.312	0.023	14	4930.69	1078	1042.62	1.8186	1.8031			1044.44	1.8112	1.7937			0.8974	1	0.00681	0.00538	0.484	1.08371	1.01452	1.00	0	0
450605	Care Regional Medical Center	18580	18580	18580	18580	45885	48409	7	ourban	ourban	N	0.917						1	0	0	63	12	0	0	0.2445	0.02347	0	0.02347	0.000059	1659.95	0.000051	1026.06	0.216	0.051	0		299	292.86	1.3626	1.3352			293.95	1.3239	1.3004			0.9424	1	0	0	0.293	1.22788	1	1.00	0	1
450610	Memorial Hermann Memorial City Medical Center	26420	26420	26420	26420	45610	48201	7	lurban	lurban	N	0.9754						1	0	0	374	244	0	0	0.2182	0.01804	0.04518	0.01804	0.000883	1454.53	0.000676	880.55	0.245	0.068	0		4884	4774.11	1.9009	1.8871			4785.98	1.9068	1.8919			0.9831	1	0.01329	0.13002	0.242	1	1.00239	1.00	0	0
450617	Clear Lake Regional Medical Center	26420	26420	26420	26420	45610	48201	7	lurban	lurban	N	0.9754						1	0	0	554	360	0	0	0.2619	0.02705	0.05447	0.02705	0.001152	1134.81	0.00076	594.76	0.107	0.011	0		7907	7830.85	1.6103	1.6015			7836.05	1.6086	1.6002			0.9831	1	0.03318	0.04862	0.315	1	1.00193	0.99	0	0
450634	Medical City Denton	19124	19124	19124	19124	45410	48121	7	lurban	lurban	N	0.9736						1	0	0	184	125	0	0	0.1095	0	0.02242	0		0		0	0.1	0.009	0		3699	3644.61	1.6754	1.6692			3649.86	1.6815	1.6755			0.9818	1	0.0268	0.03507	0.431	1	1.00383	0.97	0	0
450638	Houston Northwest Medical Center	26420	26420	26420	26420	45610	48201	7	lurban	lurban	N	0.9754						1	0.0046	0.0091	306	188	0.00251	0.00257	0.5056	0.07732	0.10781	0.07732	0.000959	2615.76	0.000619	1347.03	0.133	0.01	0		2946	2900.91	1.6841	1.6625	1777.29	1.6249	2903.82	1.6984	1.6776	1778.63	1.6284	0.9831	1	0.01677	0.01674	0.182	1	0.99473	0.99	0	0
450639	Texas Health Harris Methodist Hurst-Euless-Bedford	23104	23104	19124	23104	45910	48439	7	lurban	lurban	W	0.9736						1	0	0	202	135	0	0	0.1946	0.0135	0.04019	0.0135	0.000507	1332.45	0.000336	709.76	0.22	0.014	0		3131	3068.02	1.5643	1.5571			3074.54	1.5608	1.553			0.9818	1	0.02719	0.01382	0.276	1	0.99561	1.00	0	0
450641	Nocona General Hospital	45	45	45	45	45800	48337	7	rural	rural	N	0.868				YES	0.0574	1	0	0	33	6	0	0	0.1041	0	0	0		0		0	0.525	0.017	14	5823.41	311	300.16	1.2892	1.2792			300.89	1.2932	1.2829			0.9076	1	0.0006	0	0.66	1.24856	1	0.99	0	0
450643	Doctors Hospital Of Laredo	29700	29700	29700	29700	45953	48479	7	ourban	ourban	N	0.8106						1	0	0	171	113	0	0	0.5672	0.09002	0.12171	0.09002	0.000336	1372.91	0.000397	1306.79	0.119	0.011	0		2000	1985.67	1.753	1.7492			1986.57	1.7629	1.759			0.8661	1	0.01516	0.0199	0.329	1	0.99809	1.00	0	0
450644	West Houston Medical Center	26420	26420	26420	26420	45610	48201	7	lurban	lurban	N	0.9754						1	0.0507	0.0616	213	179	0.02731	0.01754	0.5087	0.07796	0.1085	0.07796	0.000696	2160.12	0.000504	1204.81	0.121	0.012	0		2503	2465.1	1.7486	1.7324	1272.21	1.7868	2467.41	1.7589	1.743	1272.94	1.7994	0.9831	1	0.01877	0.02745	0.247	1	0.99715	1.00	0	0
450647	Medical City Dallas	19124	19124	19124	19124	45390	48113	7	lurban	lurban	N	0.9736						1	0.0013	0.0023	649	412	0.00071	0.00065	0.3537	0.04599	0.07425	0.04599	0.000994	1563.98	0.000765	970.95	0.094	0.015	0		5300	5240.98	2.0082	2.0034	1933.75	1.7742	5248.57	2.0088	2.0041	1936.35	1.7688	0.9818	1	0.113	0.31393	0.208	1	0.99904	1.00	0	0
450651	Medical Center Of Plano	19124	19124	19124	19124	45310	48085	7	lurban	lurban	N	0.9736						1	0	0	362	279	0	0	0.1945	0.01348	0.04017	0.01348	0.000952	1504.53	0.000374	511.08	0.103	0.013	0		5542	5468.95	1.8313	1.8142			5473.31	1.845	1.8288			0.9818	1	0.05584	0.12265	0.275	1	0.99332	1.00	0	0
450653	Scenic Mountain Medical Center	45	45	33260	45	45661	48227	7	rural	rural	W	0.8918						1	0	0	75	20	0	0	0.2584	0.02633	0	0.02633	0.000135	1355.64		0	0.196	0.022	16	5994.44	786	761.19	1.3129	1.2954			762.97	1.3153	1.2982			0.9246	1	0.00322	0.01097	0.437	1.12205	1.00335	0.99	0	0
450654	Starr County Memorial Hospital	45	45	45	45	45900	48427	7	rural	rural	N	0.8106						1	0	0	48	12	0	0	0.5979	0.03	0	0.03		0		0	0.555	0.04	16	6344.12	638	616.16	1.1493	1.1316			617.62	1.15	1.1326			0.8661	1	0.00086	0.00062	0.538	1.19485	1.00953	0.99	0	1
450656	Nacogdoches Medical Center	45	45	30980	45	45810	48347	7	rural	rural	W	0.8106						1	0	0	147	36	0	0	0.1756	0.01041	0	0.01041	0.000107	535.07	0.000069	280.84	0.135	0.013	7		1731	1684.16	1.5429	1.5261			1687.75	1.5453	1.5288			0.8661	1	0.02983	0.04702	0.45	1	0.99897	1.00	0	0
450658	Freestone Medical Center	45	45	45	45	45540	48161	7	rural	rural	N	0.8106						1	0	0	37	3	0	0	0.1041	0	0	0		0		0	0.384	0.022	14	5319.43	202	196.54	0.9925	0.9908			196.76	0.9913	0.9893			0.8661	1	0	0	0.585	1.25	1	1.00	0	0
450659	Park Plaza Hospital	26420	26420	26420	26420	45610	48201	7	lurban	lurban	N	0.9754						1	0	0.0166	133	62	0	0.0047	0.3915	0.05378	0.08251	0.05378	0.000126	873.95	0.000175	937	0.135	0.014	0		1100	1080.9	1.5228	1.5033			1081.92	1.5298	1.5095			0.9831	1	0.03168	0.04583	0.327	1	1.00239	1.00	0	0
450661	Odessa Regional Medical Center	36220	36220	36220	36220	45451	48135	7	ourban	ourban	N	0.8969						1	0	0	192	82	0	0	0.5336	0.08309	0.11411	0.08309	0.000246	1939.34	0.000366	2546.66	0.146	0.023	0		1145	1128.14	1.7093	1.6931			1130.2	1.7065	1.6919			0.9282	1	0.02251	0.08094	0.131	1	0.99085	0.99	0	0
450662	Valley Regional Medical Center	15180	15180	15180	15180	45240	48061	7	ourban	ourban	N	0.876						1	0	0	214	147	0	0	0.5769	0.09202	0.12392	0.09202	0.000535	1695.57	0.000512	1290.46	0.086	0.007	0		2536	2491.89	1.8872	1.8648			2497.42	1.8618	1.8421			0.9133	1	0.06911	0.07864	0.344	1	0.99728	0.99	0	0
450668	Sierra Medical Center	21340	21340	21340	21340	45480	48141	7	ourban	ourban	N	0.8106						1	0	0	280	124	0	0	0.3457	0.04434	0.07251	0.04434	0.000232	666	0.000303	665.01	0.103	0.007	0		2750	2696.72	1.7457	1.7303			2703.23	1.7525	1.7382			0.8661	1	0.03296	0.02362	0.302	1	0.99295	1.00	0	0
450669	Medical Center Of Lewisville	19124	19124	19124	19124	45410	48121	7	lurban	lurban	N	0.9736						1	0	0	161	74	0	0	0.3308	0.04127	0.06928	0.04127	0.000395	2081.09	0.000196	822.05	0.124	0.012	0		1501	1475.49	1.4918	1.4845			1477.51	1.4911	1.484			0.9818	1	0.02165	0.03073	0.241	1	1.00294	1.00	0	0
450670	Tomball Regional Medical Center	26420	26420	26420	26420	45610	48201	7	lurban	lurban	N	0.9754						1	0	0	283	110	0	0	0.175	0.01031	0.03607	0.01031	0.000286	836.32	0.00023	507.7	0.135	0.019	0		2579	2548.74	1.6544	1.6387			2551.44	1.6576	1.6415			0.9831	1	0.013	0.0398	0.348	1	1.00379	0.99	0	0
450672	Plaza Medical Center Of Fort Worth	23104	23104	19124	23104	45910	48439	7	lurban	lurban	W	0.9736						1	0.2316	0.4006	205	142	0.11884	0.11969	0.1934	0.0133	0.03994	0.0133	0.000297	663.85	0.00017	305.37	0.111	0.012	0		3644	3591.21	2.0091	2.0005	1457.85	1.8798	3594.62	2.0239	2.0157	1459.08	1.9021	0.9818	1	0.04918	0.07826	0.387	1	1.00311	1.00	0	0
450674	"Womans Hospital Of Texas,The"	26420	26420	26420	26420	45610	48201	7	lurban	lurban	N	0.9754						1	0	0	257	128	0	0	0.5947	0.09569	0.12798	0.09569	0.000427	32433.82	0.000721	42793.69	0.15	0.019	0		91	91	1.3304	1.3304			91	1.3476	1.3476			0.9831	1	0.06997	0.23363	0.005	1	0.9981	1.00	0	0
450675	Medical City Arlington	23104	23104	19124	23104	45910	48439	7	lurban	lurban	W	0.9736						1	0	0	275	199	0	0	0.409	0.05739	0.08635	0.05739	0.001138	2829.03	0.000631	1279.06	0.087	0.008	0		3410	3366.8	1.6708	1.6606			3372.38	1.6787	1.6696			0.9818	1	0.01745	0.02963	0.229	1	0.99125	0.99	0	0
450677	Texas Health Huguley Hospital Fort Worth South	23104	23104	19124	23104	45910	48439	7	lurban	lurban	W	0.9736						1	0	0	213	117	0	0	0.2407	0.02268	0.04995	0.02268	0.000402	1139.25	0.000305	709.05	0.185	0.01	0		2792	2732.46	1.6305	1.6206			2739.41	1.621	1.6114			0.9818	1	0.00935	0.00274	0.309	1	1.00074	0.99	0	0
450678	Baylor Scott And White Medical Center White Rock	19124	19124	19124	19124	45390	48113	7	lurban	lurban	N	0.9736						1	0	0	191	80	0	0	0.3577	0.04681	0.07512	0.04681	0.000319	1317.5	0.000196	655.44	0.122	0.01	0		2001	1963.96	1.5065	1.4885			1966.26	1.5131	1.495			0.9818	1	0.00855	0.00997	0.275	1	0.99648	0.99	0	0
450684	Memorial Hermann Northeast	26420	26420	26420	26420	45610	48201	7	lurban	lurban	N	0.9754						1	0	0	255	146	0	0	0.2887	0.03258	0.0602	0.03258	0.000692	1996.33	0.000545	1276.7	0.254	0.016	0		2764	2709.68	1.6637	1.6464			2715.04	1.6785	1.6623			0.9831	1	0.00648	0.00333	0.255	1	0.99782	0.99	0	0
450686	University Medical Center	31180	31180	31180	31180	45770	48303	7	ourban	ourban	N	0.8597						1	0.3437	0.5114	428	316	0.17158	0.15525	0.3957	0.05465	0.08343	0.05465	0.001501	2397.16	0.001367	1767.2	0.21	0.012	0		5093	5035.39	2.024	2.0151	1549.86	1.7799	5041.72	2.0334	2.025	1550.72	1.7922	0.9017	1	0.0744	0.03022	0.252	1	0.99862	0.99	0	0
450688	Dallas Regional Medical Center	19124	19124	19124	19124	45390	48113	7	lurban	lurban	N	0.9736						1	0	0	176	52	0	0	0.3017	0.03526	0.063	0.03526	0.000205	1250.07	0.000117	656.93	0.156	0.013	0		1530	1492.82	1.7936	1.7832			1496.65	1.7861	1.7751			0.9818	1	0.01788	0.01654	0.313	1	0.99964	0.99	0	0
450690	University Of Texas Health Science Center At Tyler	46340	46340	46340	46340	45892	48423	7	ourban	ourban	N	0.8244						1	0.15	0.6877	104	19	0.07862	0.21418	0.12591	0.0875	0.1189	0.0875	0.000123	1521.86	0.000083	767.14	0.333	0.024	0		592	576.45	1.4314	1.4054	147.97	1.5076	577.93	1.4196	1.394	147.82	1.4846	0.8761	1	0.03966	0.0318	0.429	1	1.00638	1.00	0	0
450694	El Campo Memorial Hospital	45	45	45	45	45954	48481	7	rural	rural	N	0.8106						1	0	0	25	4	0	0	0.1132	0	0	0		0		0	0.58	0.094	16	5432.79	338	324.05	1.0945	1.0891			324.71	1.0951	1.0902			0.8661	1	0.00207	0.00696	0.55	1.25	1	1.00	0	0
450697	Southwest General Hospital	41700	41700	41700	41700	45130	48029	7	lurban	lurban	N	0.8538						1	0	0	232	106	0	0	0.6677	0.11075	0.14478	0.11075	0.00039	2354.76	0.000534	2442.87	0.16	0.017	0		1288	1264.98	2.0619	2.0544			1266.18	2.0864	2.0792			0.8974	1	0.00649	0.01244	0.201	1	0.99621	1.00	0	0
450698	Lamb Healthcare Center	45	45	45	45	45751	48279	7	rural	rural	N	0.8106						1	0	0	42	4	0	0	0.2985	0.03	0	0.03		0		0	0.289	0.122	16	9592.77	84	84	0.9656	0.9656			84	0.9619	0.9619			0.8661	1	0	0	0.428	1.25	1	1.00	0	1
450702	Longview Regional Medical Center	30980	30980	30980	30980	45570	48183	7	ourban	ourban	N	0.8106						1	0	0	215	92	0	0	0.314	0.0378	0.06565	0.0378	0.00018	443.96	0.000171	378	0.1	0.013	0		3653	3581.53	1.7788	1.7679			3587.89	1.7805	1.7698			0.8661	1	0.02579	0.06477	0.356	1	1.00448	0.99	0	0
450709	Houston Methodist St John Hospital	26420	26420	26420	26420	45610	48201	7	lurban	lurban	N	0.9754						1	0	0	178	63	0	0	0.1395	0	0.02865	0	0.000191	1048.89	0.000126	551.07	0.189	0.013	0		1461	1425.07	1.546	1.5264			1426.07	1.5508	1.5292			0.9831	1	0.03556	0.02184	0.292	1	1.00422	0.99	0	0
450711	Rio Grande Regional Hospital	32580	32580	15180	45	45650	48215	7	ourban	rural	S	0.876		YES	YES			1	0	0	320	177	0	0	0.6796	0.11321	0	0.11321	0.000771	1751.38	0.000762	1369.1	0.103	0.009	7		3565	3530.73	1.6256	1.6164			3532.98	1.6318	1.6231			0.9133	1	0.01261	0.02123	0.28	1	1.00808	1.00	0	0
450713	St David'S South Austin Medical Center	12420	12420	12420	12420	45940	48453	7	lurban	lurban	N	0.9417						1	0	0	279	206	0	0	0.2157	0.01753	0.04465	0.01753	0.00068	913.82	0.00051	567.56	0.119	0.013	0		6254	6135.42	1.73	1.7154			6143.78	1.7415	1.7276			0.9597	1	0.026	0.04375	0.389	1	0.99739	0.99	0	0
450716	Cypress Fairbanks Medical Center	26420	26420	26420	26420	45610	48201	7	lurban	lurban	N	0.9754						1	0	0	181	93	0	0	0.5813	0.09293	0.12492	0.09293	0.000465	3907.05	0.000352	2296.28	0.152	0.014	0		974	953.31	1.4936	1.4767			955.25	1.4974	1.4797			0.9831	1	0.00702	0.01166	0.11	1	0.99508	1.00	0	0
450718	Round Rock Medical Center	12420	12420	12420	12420	45970	48491	7	lurban	lurban	N	0.9417						1	0	0	146	93	0	0	0.198	0.01405	0.04091	0.01405	0.000329	973.32	0.000259	657.31	0.122	0.014	0		2821	2745.54	1.7984	1.7926			2751.58	1.8062	1.7992			0.9597	1	0.03711	0.06815	0.331	1	0.99824	0.99	0	0
450723	Methodist Charlton Medical Center	19124	19124	19124	19124	45390	48113	7	lurban	lurban	N	0.9736						1	0.047	0.0652	275	155	0.02535	0.01857	0.3395	0.04306	0.07117	0.04306	0.000947	2083.95	0.000737	1222.64	0.225	0.015	0		3585	3491.38	1.7325	1.715	1733.13	1.6438	3501.18	1.7228	1.7058	1736.71	1.6328	0.9818	1	0.03696	0.02422	0.296	1	0.99393	1.00	0	0
450730	Baylor Scott And White Medical Center Carrollton	19124	19124	19124	19124	45410	48121	7	lurban	lurban	N	0.9736						1	0	0	109	77	0	0	0.3148	0.03797	0.06582	0.03797	0.000393	1935.27	0.000319	1376.43	0.3	0.03	0		1804	1771.91	1.4904	1.4827			1774.33	1.4884	1.4815			0.9818	1	0.04864	0.07603	0.284	1	0.99162	1.00	0	0
450742	Baylor Scott And White Medical Center Lake Pointe	19124	19124	19124	19124	45879	48397	7	lurban	lurban	N	0.9736						1	0	0	112	71	0	0	0.3439	0.04397	0.07212	0.04397	0.000294	1288.12	0.000196	735.37	0.132	0.014	0		2036	1994.5	1.5445	1.5244			1998.29	1.5451	1.5262			0.9818	1	0.01159	0.02019	0.23	1	0.99885	0.99	0	0
450743	Texas Health Presbyterian Hospital Denton	19124	19124	19124	19124	45410	48121	7	lurban	lurban	N	0.9736						1	0	0	208	126	0	0	0.2284	0.02015	0.04734	0.02015	0.00047	1298.11	0.000428	1047.37	0.214	0.019	0		3122	3069.15	1.6466	1.6366			3073.72	1.6475	1.6377			0.9818	1	0.03385	0.04002	0.302	1	0.99451	1.00	0	0
450746	Knox County Hospital	45	45	45	45	45744	48275	7	rural	rural	N	0.8106						1	0	0	28	1	0	0	0.2722	0.02918	0	0.02918		0		0	0.289	0.047	16	5599.72	30	29.47	0.9274	0.9273			29.52	0.9126	0.9128			0.8661	1	0	0	0.661	1.25	1	1.00	0	0
450747	Palestine Regional Medical Center	45	45	46340	45	45000	48001	7	rural	rural	W	0.8244						1	0	0	116	37	0	0	0.3258	0.04023	0	0.04023	0.000162	1070.39	0.000159	762	0.142	0.01	17	4570.49	992	958.71	1.3674	1.354			960.61	1.3698	1.357			0.8761	1	0.00231	0.00217	0.369	1	0.99873	1.00	0	0
450749	East Texas Medical Center Trinity	45	45	45	45	45941	48455	7	rural	rural	N	0.8106						1	0	0	45	2	0	0	0.2034	0.01499	0	0.01499		0	0.000016	672.04	0.289	0.148	14	5759.66	17	16.88	0.9775	0.9779			16.91	0.9751	0.9755			0.8661	1	0	0	0.687	1.25	1	1.00	0	0
450754	Hamilton General Hospital	45	45	45	45	45590	48193	7	rural	rural	N	0.8106						1	0	0	42	14	0	0	0.1129	0	0	0		0		0	0.422	0.028	16	4415.48	466	458.55	0.983	0.9815			459.02	0.9825	0.981			0.8661	1	0.01657	0.01259	0.64	1.1897	1.00523	0.99	0	0
450755	Covenant Hospital Levelland	45	45	45	45	45652	48219	7	rural	rural	N	0.8106						1	0	0	48	6	0	0	0.3664	0.03	0	0.03	0.00006	2775.8	0.000046	1528.97	0.496	0.028	0		135	131.33	1.0946	1.0892			131.52	1.1059	1.1008			0.8661	1	0	0	0.286	1.22758	1.00566	1.00	0	0
450766	Ut Southwestern University Hospital-Zale Lipshy	19124	19124	19124	19124	45390	48113	7	lurban	lurban	N	0.9736						1	0.2682	0.3956	92	61	0.13636	0.11811	0.0743	0	0	0		0		0	0.368	0.02	0		1875	1841.65	2.3943	2.3804	424.03	2.1479	1842.91	2.4133	2.3974	424.45	2.1532	0.9818	1	0.15664	0.0578	0.36	1	1.00176	1.00	0	0
450771	Texas Health Presbyterian Hospital Plano	19124	19124	19124	19124	45310	48085	7	lurban	lurban	N	0.9736						1	0	0	338	198	0	0	0.189	0.01259	0.03901	0.01259	0.000551	1194.27	0.000445	803.74	0.222	0.021	0		3837	3766.73	1.7257	1.7119			3776.06	1.7241	1.7098			0.9818	1	0.02748	0.03827	0.252	1	0.99772	1.00	0	0
450774	Tops Surgical Specialty Hospital	26420	26420	26420	26420	45610	48201	7	lurban	lurban	N	0.9754						1	0	0	16	4	0	0	0.055	0	0	0		0		0	0.235	0.036	0		162	161.57	2.121	2.1214			161.77	2.0735	2.0736			0.9831	1	0	0	0.255	1	1	1.00	0	0
450775	Kingwood Medical Center	26420	26420	26420	26420	45610	48201	7	lurban	lurban	N	0.9754						1	0.0202	0.0338	325	223	0.01098	0.00958	0.2988	0.03467	0.06238	0.03467	0.000659	1231.16	0.000434	666.65	0.087	0.01	0		4322	4252.78	1.7302	1.716	2490.43	1.7242	4258.38	1.7352	1.7217	2492.48	1.7274	0.9831	1	0.01807	0.04275	0.292	1	0.99671	0.99	0	0
450779	Texas Health Harris Methodist Hospital Southwest F	23104	23104	19124	23104	45910	48439	7	lurban	lurban	W	0.9736						1	0	0	222	137	0	0	0.2243	0.0193	0.04647	0.0193	0.000399	853.29	0.000336	647.31	0.219	0.016	0		4090	3961.61	1.6552	1.6402			4002.75	1.6397	1.6294			0.9818	1	0.00968	0.00686	0.261	1	1.00426	1.00	0	0
450780	Methodist Ambulatory Surgery Hospital Nw	41700	41700	41700	41700	45130	48029	7	lurban	lurban	N	0.8538						1	0	0	23	3	0	0	0.0246	0	0	0		0		0	0.218	0.028	0		182	180.95	2.1625	2.1606			181.07	2.11	2.1081			0.8974	1	0.00957	0.0264	0.35	1	1	1.00	0	0
450788	"Corpus Christi Medical Center,The"	18580	18580	18580	18580	45830	48355	7	ourban	ourban	N	0.917						1	0.0479	0.0809	384	240	0.02583	0.02309	0.4075	0.05708	0.08602	0.05708	0.00081	1668.88	0.000693	1179.68	0.102	0.009	0		4291	4189.99	1.7259	1.7116	2213.82	1.8633	4207.56	1.7213	1.7094	2227.97	1.8575	0.9424	1	0.01151	0.0166	0.206	1	0.99658	0.99	0	0
450797	Us Pain & Spine Hospital	26420	26420	26420	26420	45610	48201	7	lurban	lurban	N	0.9754						1	0	0	7	1	0	0	0.2958	0.03	0	0.03	0.000001	158.94	0	121.94	0.127	0.014	0		55	55	3.1669	3.1669			55	3.1724	3.1724			0.9831	1	0.64677	0.96046	0.101	1	1	1.00	0	0
450801	Christus St Michael Health System	45500	45500	45500	45	45170	48037	7	ourban	rural	S	0.8803		YES				1	0.0148	0.036	354	155	0.00806	0.01021	0.291	0.03306	0	0.03306	0.000736	1100.15	0.000475	576.61	0.194	0.01	7		5606	5451.57	1.6814	1.6704	1180.52	1.5785	5463.02	1.6869	1.6757	1182.57	1.5813	0.9164	1	0.02277	0.01023	0.411	1	1.00957	0.99	0	0
450803	United Memorial Medical Center	26420	26420	26420	26420	45610	48201	7	lurban	lurban	N	0.9754						1	0	0	113	27	0	0	0.4599	0.06789	0.0976	0.06789	0.000078	2390.04	0.000161	3558.61	0.461	0.043	0		264	262.89	1.524	1.5209			263.06	1.5314	1.5284			0.9831	1	0.36738	0.4805	0.262	1	1	1.00	1	0
450804	Texas Orthopedic Hospital	26420	26420	26420	26420	45610	48201	7	lurban	lurban	N	0.9754						1	0	0	49	24	0	0	0.05214	0	0	0		0		0	0.114	0.009	0		1148	1130.91	2.381	2.3761			1134.9	2.3376	2.3314			0.9831	1	0.00174	0.00166	0.318	1	1	1.00	0	0
450808	Northwest Hills Surgical Hospital	12420	12420	12420	12420	45940	48453	7	lurban	lurban	N	0.9417						1	0	0	8	2	0	0	0.00716	0	0	0		0		0	0.192	0.024	0		142	139.57	4.3136	4.3052			139.88	4.2743	4.2638			0.9597	1	0.06337	0.16398	0.249	1	1	1.00	0	0
450809	North Austin Medical Center	12420	12420	12420	12420	45940	48453	7	lurban	lurban	N	0.9417						1	0	0.0039	341	258	0	0.0011	0.3028	0.03549	0.06324	0.03549	0.000604	1079.22	0.000606	904.79	0.136	0.017	0		4684	4599.74	1.6212	1.6126			4609.86	1.624	1.6159			0.9597	1	0.03655	0.07704	0.22	1	1.00098	0.99	0	0
450820	Houston Methodist Sugarland Hospital	26420	26420	26420	26420	45530	48157	7	lurban	lurban	N	0.9754						1	0	0	243	176	0	0	0.2294	0.02035	0.04755	0.02035	0.000439	689.44	0.000345	477.94	0.191	0.02	0		5584	5502.6	1.786	1.7712			5506.41	1.7967	1.7809			0.9831	1	0.0577	0.0898	0.33	1	1.00713	0.99	0	0
450822	Medical City Las Colinas	19124	19124	19124	19124	45390	48113	7	lurban	lurban	N	0.9736						1	0	0	90	47	0	0	0.2425	0.02305	0	0.02305	0.000199	2245.48	0.000068	640.03	0.106	0.012	0		708	696.56	1.4344	1.4306			697.05	1.444	1.4406			0.9818	1	0.00371	0.01092	0.153	1	1.00484	1.00	0	0
450825	Cornerstone Regional Hospital	32580	32580	32580	32580	45650	48215	7	ourban	ourban	N	0.8224						1	0	0	14	3	0	0	0.2426	0.02307	0	0.02307	0.000003	123.12	0.000004	126.06	0.165	0.009	0		209	206.8	2.2602	2.2447			206.96	2.2191	2.2029			0.8747	1	0	0	0.327	1	1	1.00	0	0
450827	Kell West Regional Hospital	48660	48660	48660	48660	45960	48485	7	ourban	ourban	N	0.8643						1	0	0	41	10	0	0	0.04963	0	0	0		0		0	0.49	0.04	0		677	669.5	2.3088	2.313			669.92	2.3127	2.3165			0.905	1	0.00209	0.00204	0.547	1	1	0.98	0	0
450828	Christus Spohn Hospital Alice	45	45	45	45	45711	48249	7	rural	rural	N	0.8106						1	0	0	72	27	0	0	0.3649	0.03	0	0.03	0.000259	2639.89	0.000154	1192.66	0.179	0.009	16	5631.19	751	720.56	1.3487	1.331			722.84	1.3541	1.336			0.8661	1	0.00011	0	0.309	1.12697	1.00913	1.00	0	0
450831	Surgery Specialty Hospitals Of America Se Houston	26420	26420	26420	26420	45610	48201	7	lurban	lurban	N	0.9754						1	0	0	37	0	0	0	0.0067	0	0	0		0		0	0.459	0.052	0		7	6.83	2.1183	2.1199			6.91	2.1399	2.1419			0.9831	1	1.68139	2.52965	0.235	1	1	1.00	0	0
450833	Ennis Regional Medical Center	19124	19124	19124	19124	45470	48139	7	lurban	lurban	N	0.9736						1	0	0	50	10	0	0	0.0909	0	0	0		0	0.000086	1305.35	0.201	0.025	0		285	275.05	1.2977	1.2859			276.09	1.29	1.279			0.9818	1	0	0	0.353	1.1922	1.00138	1.00	0	0
450834	"Physicians Centre,The"	17780	17780	17780	17780	45190	48041	7	ourban	ourban	N	0.8491						1	0	0	16	2	0	0	0.0236	0	0	0		0		0	0.378	0.055	0		101	101	2.5824	2.5824			101	2.5318	2.5318			0.894	1	0.00405	0.01141	0.455	1	1	1.00	0	0
450840	Texas Health Presbyterian Hospital Allen	19124	19124	19124	19124	45310	48085	7	lurban	lurban	N	0.9736						1	0	0	63	27	0	0	0.2164	0.01767	0	0.01767	0.000244	2367.19	0.000153	1265.98	0.26	0.026	0		900	867.18	1.5177	1.5115			870.24	1.5073	1.5007			0.9818	1	0.01288	0.02372	0.264	1	0.99367	1.00	0	0
450844	Houston Methodist Willowbrook Hospital	26420	26420	26420	26420	45610	48201	7	lurban	lurban	N	0.9754						1	0	0	277	173	0	0	0.284	0.03161	0.0592	0.03161	0.000528	1035.46	0.000483	819.39	0.18	0.019	0		4472	4398.18	1.6745	1.6642			4405.38	1.6671	1.6572			0.9831	1	0.03124	0.05416	0.254	1	1.01054	0.99	0	0
450845	El Paso Specialty Hospital	21340	21340	29740	21340	45480	48141	7	ourban	ourban	W	0.8566						1	0	0	31	5	0	0	0.0906	0	0	0		0		0	0.257	0.056	0		225	214.28	2.2088	2.2124			218.49	2.1569	2.1579			0.8994	1	0.02257	0.11493	0.289	1	1	1.00	0	0
450847	Memorial Hermann Katy Hospital	26420	26420	26420	26420	45610	48201	7	lurban	lurban	N	0.9754						1	0	0	142	86	0	0	0.1948	0.01353	0.04024	0.01353	0.000405	1469.08	0.000288	865.21	0.27	0.036	0		2365	2277.62	1.7389	1.7135			2284.28	1.744	1.719			0.9831	1	0.01141	0.0302	0.245	1	1.00369	1.00	0	0
450848	Memorial Hermann Sugar Land Hospital	26420	26420	26420	26420	45610	48201	7	lurban	lurban	N	0.9754						1	0	0	77	51	0	0	0.3184	0.03	0	0.03	0.000236	1540.27	0.000183	1069.69	0.262	0.031	0		1448	1395.12	1.6596	1.6533			1399.08	1.6665	1.6593			0.9831	1	0.00874	0.02268	0.225	1	0.99893	1.00	0	0
450851	Baylor Scott And White Heart And Vascular Hospital	19124	19124	19124	19124	45390	48113	7	lurban	lurban	N	0.9736						1	0.0783	0.1804	54	23	0.04185	0.05223	0.0804	0	0	0		0		0	0.275	0.017	0		1145	1129.34	2.9818	2.9803	162.27	2.2031	1130.42	2.9312	2.9315	162.41	2.1829	0.9818	1	0.01566	0.00485	0.517	1	1.00677	1.00	0	0
450853	Baylor Medical Center At Frisco	19124	19124	19124	19124	45310	48085	7	lurban	lurban	N	0.9736						1	0	0	68	35	0	0	0.02256	0	0	0		0		0	0.327	0.038	0		709	677.6	2.2194	2.2184			688.16	2.1835	2.179			0.9818	1	0.04833	0.08919	0.083	1	1.00841	1.00	0	0
450855	Harlingen Medical Center	15180	15180	15180	15180	45240	48061	7	ourban	ourban	N	0.876						1	0	0	112	57	0	0	0.4214	0.05995	0.08908	0.05995	0.000177	862.31	0.000146	577.01	0.178	0.032	0		1651	1617.26	1.9142	1.8829			1621.05	1.9117	1.8824			0.9133	1	0.00988	0.05213	0.354	1	1.01057	1.00	0	0
450856	South Texas Spine And Surgical Hospital	41700	41700	41700	41700	45130	48029	7	lurban	lurban	N	0.8538						1	0	0	30	7	0	0	0.01747	0	0	0		0		0	0.261	0.044	0		415	411.88	2.9578	2.9611			412.34	2.9374	2.939			0.8974	1	0.01294	0.05241	0.35	1	1	0.98	0	0
450860	Sugar Land Surgical Hospital Llp	26420	26420	26420	26420	45610	48201	7	lurban	lurban	N	0.9754						1	0	0	6	2	0	0	0.0346	0	0	0		0		0	0.336	0.051	0		97	96.83	2.1407	2.1409			96.91	2.0853	2.0854			0.9831	1	0	0	0.276	1	1	0.98	0	0
450862	St Luke'S The Woodlands Hospital	26420	26420	26420	26420	45610	48201	7	lurban	lurban	N	0.9754						1	0	0	213	120	0	0	0.1622	0.00823	0.03339	0.00823	0.000283	774.85		0	0.215	0.018	0		2921	2853.28	1.8639	1.8561			2859.36	1.858	1.8503			0.9831	1	0.02239	0.02237	0.265	1	0.99133	0.99	0	0
450864	Baylor Scott & White Texas Spine & Joint Hospital	46340	46340	46340	46340	45892	48423	7	ourban	ourban	N	0.8244						1	0	0	18	14	0	0	0.022	0	0	0		0		0	0.153	0.018	0		1039	1028.45	2.7588	2.758			1030.06	2.718	2.7175			0.8761	1	0.00126	0.00369	0.544	1	1	1.00	1	0
450865	Seton Southwest Hospital	12420	12420	12420	12420	45940	48453	7	lurban	lurban	N	0.9417						1	0	0	33	9	0	0	0.2161	0.01761	0	0.01761	0.000081	23789.45	0.000094	24419.87	0.295	0.029	0		29	28.39	1.5691	1.5147			28.4	1.5555	1.5022			0.9597	1	0.0901	0.39655	0.022	1	1	1.00	0	0
450867	Seton Northwest Hospital	12420	12420	12420	12420	45940	48453	7	lurban	lurban	N	0.9417						1	0	0	106	49	0	0	0.2939	0.03365	0.06132	0.03365	0.000266	2321.25	0.000298	1989.21	0.19	0.012	0		893	869.54	1.446	1.4236			871.42	1.4533	1.4322			0.9597	1	0.04904	0.02763	0.183	1	1.00585	0.99	0	0
450869	Doctors Hospital At Renaissance	32580	32580	32580	32580	45650	48215	7	ourban	ourban	N	0.8224						1	0.0295	0	451	368	0.01599	0	0.7235	0.12226	0.15779	0.12226	0.00135	2071.12	0.001736	2097.11	0.193	0.012	0		5108	5048.25	1.9981	1.9856	1104.97	2.0366	5052.9	1.9999	1.9879	1105.58	2.0414	0.8747	1	0.0137	0.00615	0.194	1	1.00436	1.00	0	0
450871	Arise Austin Medical Center	12420	12420	12420	12420	45940	48453	7	lurban	lurban	N	0.9417						1	0	0	23	6	0	0	0.02684	0	0	0		0		0	0.281	0.098	0		286	278.55	2.5011	2.4795			278.95	2.4625	2.4398			0.9597	1	0.05231	0.69336	0.344	1	1	1.00	0	0
450872	Usmd Hospital At Arlington L P	23104	23104	19124	23104	45910	48439	7	lurban	lurban	W	0.9736						1	0	0	34	15	0	0	0.02255	0	0	0		0		0	0.278	0.02	0		423	416.51	1.8684	1.8546			416.93	1.884	1.871			0.9818	1	0.05716	0.03699	0.229	1	1	1.00	1	1
450874	Baylor Surgical Hospital At Las Colinas	19124	19124	19124	19124	45390	48113	7	lurban	lurban	N	0.9736						1	0	0	20	4	0	0	0.02462	0	0	0		0		0	0.349	0.029	0		228	213.81	2.6733	2.6688			218.08	2.6348	2.6165			0.9818	1	0.10456	0.10585	0.211	1	1	1.00	0	0
450875	Quail Creek Surgical Hospital	11100	11100	11100	11100	45860	48375	7	ourban	ourban	N	0.8154						1	0	0	32	11	0	0	0.0107	0	0	0		0		0	0.312	0.035	0		765	759.89	2.3158	2.3126			760.89	2.2677	2.2641			0.8696	1	0.00106	0.00415	0.353	1	1	1.00	1	1
450876	Lubbock Heart Hospital Lp	31180	31180	31180	31180	45770	48303	7	ourban	ourban	N	0.8597						1	0	0	73	32	0	0	0.1146	0	0	0		0		0	0.278	0.033	0		1658	1624.2	2.0805	2.0664			1626.15	2.0697	2.0546			0.9017	1	0.02603	0.05607	0.62	1	1.00583	0.97	0	0
450877	Foundation Surgical Hospital Of El Paso	21340	21340	21340	21340	45480	48141	7	ourban	ourban	N	0.8106						1	0	0	40	5	0	0	0.1524	0.00664	0	0.00664		0		0	0.137	0.038	0		181	176.9	2.871	2.8745			177.2	2.8562	2.8588			0.8661	1	0.11786	0.98377	0.234	1	1	1.00	0	0
450880	Baylor Surgical Hospital At Fort Worth	23104	23104	19124	23104	45910	48439	7	lurban	lurban	W	0.9736						1	0	0	34	8	0	0	0.04024	0	0	0		0		0	0.328	0.047	0		560	552.36	2.746	2.7392			553.19	2.7127	2.7043			0.9818	1	0.05928	0.17556	0.303	1	1	1.00	0	0
450883	Baylor Medical Center At Trophy Club	19124	19124	19124	19124	45410	48121	7	lurban	lurban	N	0.9736						1	0	0	22	5	0	0	0.0072	0	0	0		0		0	0.314	0.024	0		242	238.64	2.732	2.7188			238.73	2.7158	2.7001			0.9818	1	0.05855	0.04558	0.195	1	1	0.98	0	0
450885	Baylor Scott &  White Medical Center - Centennial	19124	19124	19124	19124	45310	48085	7	lurban	lurban	N	0.9736						1	0	0	118	42	0	0	0.1693	0.00939	0.03488	0.00939	0.000155	1363.72		0	0.177	0.02	0		985	957.87	1.7223	1.7113			961.08	1.7083	1.6974			0.9818	1	0.021	0.04315	0.274	1	0.99858	1.00	0	0
450888	Texas Health Harris Methodist Hospital Southlake	23104	23104	19124	23104	45910	48439	7	lurban	lurban	W	0.9736						1	0	0	16	7	0	0	0.0175	0	0	0		0		0	0.326	0.039	0		340	331.98	2.4394	2.4372			334.16	2.3951	2.3904			0.9818	1	0.03795	0.08194	0.39	1	1	0.97	0	0
450889	Texas Institute For Surgery At Presbyterian Hospit	19124	19124	19124	19124	45390	48113	7	lurban	lurban	N	0.9736						1	0	0	9	2	0	0	0	0	0	0		0		0	0.382	0.041	0		142	133.87	2.3493	2.3636			137.11	2.2969	2.3044			0.9818	1	0.10985	0.19571	0.326	1	1	1.00	0	0
450890	Baylor Regional Medical Center At Plano	19124	19124	19124	19124	45310	48085	7	lurban	lurban	N	0.9736						1	0	0	119	87	0	0	0.0348	0	0.00707	0		0		0	0.316	0.019	0		3348	3286.55	1.7107	1.7066			3290.66	1.7139	1.7097			0.9818	1	0.08128	0.03617	0.511	1	0.99767	1.00	0	0
450891	Texas Health Center For Diagnostics & Surgery Plan	19124	19124	19124	19124	45310	48085	7	lurban	lurban	N	0.9736						1	0	0	18	4	0	0	0.0281	0	0	0		0		0	0.295	0.03	0		98	95.9	2.9218	2.9376			96.7	2.9147	2.9238			0.9818	1	0.07858	0.11198	0.13	1	1.01775	1.00	0	0
450893	The Heart Hospital Baylor Denton	19124	19124	19124	19124	45410	48121	7	lurban	lurban	N	0.9736						1	0	0	22	4	0	0	0.0282	0	0	0		0		0	0.352	0.027	0		315	308.95	2.7751	2.7546			309.21	2.8052	2.7842			0.9818	1	0.195	0.15697	0.446	1	1	1.00	0	0
450894	Pine Creek Medical Center Llp	19124	19124	19124	19124	45390	48113	7	lurban	lurban	N	0.9736						1	0	0	15	8	0	0	0.0231	0	0	0		0		0	0.238	0.027	0		210	207.82	2.3867	2.3909			208.81	2.3703	2.3728			0.9818	1	0.19496	0.32521	0.163	1	1	0.97	1	1
460001	Utah Valley Hospital	39340	39340	41620	39340	46240	49049	8	ourban	ourban	W	0.9527						1	0.0538	0.0905	322	198	0.02896	0.02587	0.3089	0.03675	0.06455	0.03675	0.000655	1430.44	0.000641	1124.37	0.329	0.021	0		3724	3638.31	2.1552	2.1467	1512.54	2.0774	3644.54	2.1617	2.1519	1514	2.0789	0.9674	1	0.06141	0.03561	0.216	1	1.00038	1.00	0	0
460003	Salt Lake Regional Medical Center	41620	41620	41620	41620	46170	49035	8	lurban	lurban	N	0.9693						1	0.076	0.2981	119	25	0.04065	0.08776	0.2722	0.02918	0.05667	0.02918	0.000094	1044.77	0.00008	647.9	0.288	0.031	0		663	647.86	2.1906	2.1801	215.09	2.3648	649.96	2.1806	2.1728	215.51	2.3929	0.9789	1	0.02804	0.0551	0.241	1	1.00311	0.99	0	0
460004	Mckay Dee Hospital	36260	36260	41620	36260	46280	49057	8	ourban	ourban	W	0.9527						1	0.0487	0.1305	249	132	0.02625	0.03751	0.2572	0.02609	0.05346	0.02609	0.000675	1588.67	0.000499	963.84	0.305	0.019	0		3510	3339.96	2.0729	2.0452	1359.56	1.91	3357.03	2.0702	2.0395	1365.16	1.908	0.9674	1	0.03295	0.01498	0.225	1	0.99404	1.00	0	0
460005	Ogden Regional Medical Center	36260	36260	41620	36260	46280	49057	8	ourban	ourban	W	0.9527						1	0	0	164	80	0	0	0.221	0.01862	0.04577	0.01862	0.000171	881.32	0.000126	553	0.181	0.022	0		1654	1594.62	1.799	1.7738			1599.46	1.7948	1.769			0.9674	1	0.02753	0.05919	0.193	1	0.99111	1.00	0	0
460006	Lds Hospital	41620	41620	41620	41620	46170	49035	8	lurban	lurban	N	0.9693						1	0.0075	0.0174	204	88	0.00409	0.00492	0.2415	0.02285	0.05012	0.02285	0.00046	3129.46	0.000332	1857.44	0.317	0.019	0		1226	1187.22	1.9973	1.9754	600.07	1.9745	1193.98	1.9831	1.9622	603.45	1.9567	0.9789	1	0.13922	0.08542	0.149	1	0.99706	1.00	0	0
460007	Cedar City Hospital	46	46	46	46	46100	49021	8	rural	rural	N	0.8738						1	0	0	48	18	0	0	0.2764	0.03	0	0.03		0		0	0.467	0.034	16	6248.73	760	723.47	1.518	1.5013			731.25	1.4926	1.4792			0.9118	1	0.00466	0.00318	0.292	1.07197	1.01308	1.00	0	0
460009	University Of Utah Hospitals And Clinics	41620	41620	41620	41620	46170	49035	8	lurban	lurban	N	0.9693						1	0.5475	0.8007	513	371	0.26114	0.25352	0.2952	0.03392	0.0616	0.03392	0.001766	2482.11	0.001824	2233.8	0.407	0.024	0		6210	6030.18	2.4063	2.3899	1694.2	2.3585	6057.63	2.3979	2.3818	1702.71	2.352	0.9789	1	0.17579	0.09039	0.205	1	0.99665	1.00	0	0
460010	Intermountain Medical Center	41620	41620	41620	41620	46170	49035	8	lurban	lurban	N	0.9693						1	0.1518	0.2375	448	306	0.07952	0.06932	0.1862	0.01213	0.03843	0.01213	0.001122	1610.25	0.000818	978.18	0.277	0.019	0		5852	5705.86	2.1623	2.1552	2510.1	1.9706	5719.97	2.1533	2.1453	2515.26	1.9608	0.9789	1	0.04267	0.0273	0.221	1	0.99284	1.00	0	0
460011	Castleview Hospital	46	46	46	46	46030	49007	8	rural	rural	N	0.8738						1	0	0	49	13	0	0	0.2286	0.02019	0	0.02019	0.000048	542.73	0.000047	470.15	0.291	0.035	16	5078.27	832	793.37	1.4207	1.4104			796.18	1.4187	1.4083			0.9118	1	0.00078	0.00325	0.437	1.15977	1.0007	0.99	0	0
460013	Mountain View Hospital	39340	39340	41620	39340	46240	49049	8	ourban	ourban	W	0.9527						1	0	0	114	26	0	0	0.164	0.00853	0.03377	0.00853	0.000099	1030.93	0.000051	478.48	0.234	0.024	0		877	852.88	1.7185	1.7128			855.37	1.7118	1.7054			0.9674	1	0.00575	0.01077	0.24	1.04515	1.00056	1.00	0	0
460014	Mountain West Medical Center	41620	41620	41620	41620	46220	49045	8	lurban	lurban	N	0.9693						1	0	0	36	12	0	0	0.2404	0.02262	0	0.02262	0.000086	1600.62	0.000044	651.51	0.285	0.021	0		429	414.95	1.3263	1.3204			416.61	1.3051	1.3021			0.9789	1	0.00065	0.00059	0.275	1.15167	0.99796	1.00	0	0
460015	Logan Regional Hospital	30860	30860	36260	30860	46020	49005	8	ourban	ourban	W	0.9095						1	0	0	121	41	0	0	0.2652	0.02774	0.05517	0.02774	0.000255	2241.32	0.000173	1296	0.414	0.033	0		977	938.51	1.8055	1.8034			942.79	1.7893	1.7849			0.9371	1	0.01277	0.0123	0.179	1	1.00747	1.00	0	0
460017	Brigham City Community Hospital	36260	36260	41620	36260	46010	49003	8	ourban	ourban	W	0.9527						1	0	0	40	8	0	0	0.2254	0.01953	0	0.01953	0.000041	1270.55	0.00002	543.16	0.225	0.022	0		283	273.27	1.4042	1.3914			274.63	1.3777	1.3646			0.9674	1	0	0	0.219	1.20462	0.99701	1.00	0	1
460019	Uintah Basin Medical Center	46	46	46	46	46060	49013	8	rural	rural	N	0.8738						1	0	0	49	11	0	0	0.2823	0.03	0	0.03	0.000204	5164.41	0.000135	3046.71	0.535	0.06	16	6637.87	333	319.64	1.3851	1.3605			320.39	1.3771	1.3529			0.9118	1	0.00804	0.03234	0.191	1.16197	1.00581	1.00	0	0
460021	Dixie Regional Medical Center	41100	41100	41100	41100	46260	49053	8	ourban	ourban	N	0.9434						1	0	0	216	138	0	0	0.1817	0.0114	0.03748	0.0114		0		0	0.359	0.023	17	6629.27	6160	6009.62	1.973	1.9569			6034.75	1.9587	1.9429			0.9609	1	0.0402	0.02167	0.418	1	1.00116	1.00	0	0
460023	American Fork Hospital	39340	39340	41620	39340	46240	49049	8	ourban	ourban	W	0.9527						1	0	0	90	44	0	0	0.1765	0.01056	0	0.01056	0.000136	1404	0.000126	1061.95	0.361	0.028	0		771	734.19	1.6285	1.5793			737.46	1.637	1.5895			0.9674	1	0.00305	0.0036	0.142	1	0.99322	1.00	0	0
460026	Sevier Valley Hospital	46	46	39340	46	46200	49041	8	rural	rural	W	0.9255						1	0	0	24	6	0	0	0.2192	0.01825	0	0.01825	0.00004	898.61	0.000027	551.93	0.445	0.042	16	5668.55	413	400.59	1.4437	1.429			403.46	1.4102	1.4016			0.9484	1	0	0	0.438	1.22212	0.99786	0.99	0	0
460030	Ashley Regional Medical Center	46	46	46	46	46230	49047	8	rural	rural	N	0.8738						1	0	0	39	8	0	0	0.2122	0.0168	0	0.0168		0		0	0.263	0.025	16	6416.3	324	307.79	1.498	1.4787			309.29	1.4915	1.4735			0.9118	1	0.00269	0.00468	0.238	1.16689	1.00585	1.00	0	0
460039	Bear River Valley Hospital	36260	36260	41620	36260	46010	49003	8	ourban	ourban	W	0.9527						1	0	0	16	2	0	0	0.2185	0.0181	0	0.0181	0.00003	2669.28	0.000017	1466.64	0.639	0.106	0		105	97.65	1.264	1.2509			98.35	1.2286	1.2154			0.9674	1	0	0	0.191	1.25	1	1.00	0	0
460041	Davis Hospital And Medical Center	36260	36260	41620	36260	46050	49011	8	ourban	ourban	W	0.9527						1	0	0	170	44	0	0	0.2325	0.02099	0.04821	0.02099	0.000122	856.02	0.000115	656.93	0.29	0.033	0		1169	1135.17	1.7797	1.7691			1139.14	1.7816	1.7691			0.9674	1	0.01482	0.03126	0.209	1	0.98895	0.99	0	0
460042	Lakeview Hospital	36260	36260	41620	36260	46050	49011	8	ourban	ourban	W	0.9527						1	0	0	87	33	0	0	0.13143	0	0	0		0		0	0.198	0.021	0		1270	1225.72	1.9994	1.9841			1232.88	1.9807	1.9658			0.9674	1	0.01362	0.02533	0.291	1	1.00258	1.00	0	0
460043	Orem Community Hospital	39340	39340	41620	39340	46240	49049	8	ourban	ourban	W	0.9527						1	0	0	18	6	0	0	0.4833	0.03	0	0.03	0.000047	97547.24	0.000055	73798.43	0.375	0.019	0		2	2	1.8531	1.8531			2	1.9002	1.9002			0.9674	1	0	0	0.004	1	1	1.00	0	0
460044	Alta View Hospital	41620	41620	41620	41620	46170	49035	8	lurban	lurban	N	0.9693						1	0	0	66	22	0	0	0.1324	0	0	0		0	0.000086	1011.08	0.367	0.025	0		490	465.13	1.6915	1.6919			467.86	1.6671	1.666			0.9789	1	0.00413	0.00247	0.172	1	1.00152	0.99	0	0
460047	St Mark'S Hospital	41620	41620	41620	41620	46170	49035	8	lurban	lurban	N	0.9693						1	0.0607	0.0996	232	143	0.03261	0.02851	0.2145	0.01728	0.04439	0.01728	0.00037	893.66	0.000264	514.35	0.171	0.017	0		3378	3285.35	1.9269	1.9173	1307.33	1.9814	3295.77	1.9125	1.903	1311.85	1.9822	0.9789	1	0.02622	0.0391	0.248	1	0.99356	0.97	0	0
460049	The Orthopedic Specialty Hospital	41620	41620	41620	41620	46170	49035	8	lurban	lurban	N	0.9693						1	0	0	36	11	0	0	0.0475	0	0	0		0		0	0.331	0.021	0		513	507.67	2.486	2.4807			508.93	2.44	2.434			0.9789	1	0.00385	0.00213	0.26	1	1	1.00	0	0
460051	Jordan Valley Medical Center	41620	41620	41620	41620	46170	49035	8	lurban	lurban	N	0.9693						1	0	0	264	92	0	0	0.2787	0.03052	0.05806	0.03052	0.000329	1716.39	0.000291	1329.4	0.273	0.047	0		1675	1625.03	1.7338	1.7132			1628.15	1.7406	1.717			0.9789	1	0.00285	0.01971	0.154	1	0.99294	1.00	0	0
460052	Timpanogos Regional Hospital	39340	39340	41620	39340	46240	49049	8	ourban	ourban	W	0.9527						1	0	0	117	42	0	0	0.2434	0.02324	0.05052	0.02324	0.0001	1370.17	0.000084	976.29	0.232	0.028	0		643	619.98	2.027	2.0045			622.54	2.0299	2.0056			0.9674	1	0.07665	0.17524	0.097	1	0.99762	0.98	0	0
460054	Cache Valley  Hospital	30860	30860	30860	30860	46020	49005	8	ourban	ourban	N	0.8822						1	0	0	22	4	0	0	0.0776	0	0	0		0		0	0.324	0.054	0		287	275.96	2.0745	2.0744			278.04	2.0473	2.0464			0.9177	1	0.06928	0.23909	0.342	1	1	0.99	0	0
460057	Park City Hospital	46	46	41620	46	46210	49043	8	rural	rural	W	0.9527						1	0	0	37	11	0	0	0.0795	0	0	0		0		0	0.463	0.048	0		371	358.25	1.6721	1.6705			360.59	1.6448	1.6438			0.9674	1	0.00348	0.00494	0.223	1.15932	1.00728	1.00	0	0
460058	Riverton Hospital	41620	41620	41620	41620	46170	49035	8	lurban	lurban	N	0.9693						1	0	0	88	31	0	0	0.1781	0.01082	0	0.01082	0.000126	2580.82	0.000104	1875.14	0.359	0.054	0		438	419.89	1.5349	1.5297			420.72	1.5312	1.5223			0.9789	1	0	0	0.075	1	0.99647	1.00	0	0
460060	Lone Peak Hospital	41620	41620	41620	41620	46170	49035	8	lurban	lurban	N	0.9693						1	0.0014	0.0035	30	10	0.00077	0.00099	0.1262	0	0	0		0		0	0.251	0.07	0		317	308.81	1.6421	1.6432	180.46	1.614	309.78	1.6237	1.6248	181.78	1.5976	0.9789	1	0.00926	0.06861	0.153	1	1.00536	0.99	0	0
470001	Central Vermont Medical Center	47	47	30	47	47110	50023	1	rural	rural	W	1.0474						1	0	0	62	39	0	0	0.236	0.02171	0	0.02171		0		0	0.479	0.026	17	9333.55	2138	2053.67	1.3051	1.2929			2060.01	1.3104	1.2984			1.0322	1	0.02912	0.01481	0.598	1	1.00287	1.00	0	0
470003	University Of Vermont Medical Center	15540	15540	15540	15540	47030	50007	1	ourban	ourban	N	1.0175						1	0.5709	0.8461	405	284	0.27097	0.26969	0.3376	0.04267	0.07075	0.04267	0.000528	571.91	0.000707	646	0.412	0.028	0		7922	7777.43	1.9615	1.9563	619.04	2.2881	7792.49	1.9644	1.9595	620.05	2.2832	1.012	1	0.10732	0.07148	0.408	1	0.99504	1.00	0	0
470005	Rutland Regional Medical Center	47	47	47	47	47100	50021	1	rural	rural	N	0.9825						1	0	0	123	75	0	0	0.3014	0.0352	0	0.0352		0		0	0.483	0.037	17	8472.65	3390	3289.12	1.4883	1.4782			3309.52	1.4817	1.4739			0.988	1	0.09811	0.0852	0.518	1	1.00241	1.00	0	0
470011	Brattleboro Memorial Hospital	47	47	47	47	47120	50025	1	rural	rural	N	1.0219				YES	0.0394	1	0	0	47	14	0	0	0.3084	0.03665	0	0.03	0.00006	673.87	0.000056	541.13	0.583	0.046	14	8620.36	799	782.37	1.3246	1.3216			783.72	1.3143	1.3111			1.0149	1	0.00485	0.00506	0.445	1.17106	1.01038	1.00	0	0
470012	Southwestern Vermont Medical Center	47	47	38340	47	47010	50003	1	rural	rural	W	1.056						1	0.0169	0	78	35	0.00919	0	0.2568	0.026	0	0.026		0		0	0.53	0.029	17	7210.45	1749	1699.33	1.3396	1.3295	133.09	1.2668	1704.28	1.3358	1.326	133.49	1.2571	1.038	1	0.00794	0.00306	0.528	1	1.00838	1.00	0	0
470024	Northwestern Medical Center Inc	15540	15540	15540	47	47050	50011	1	ourban	rural	S	1.0175		YES				1	0	0	53	21	0	0	0.3152	0.03	0	0.03		0		0	0.643	0.034	16	8656.49	1330	1263.16	1.4205	1.4194			1269.12	1.4104	1.4101			1.012	1	0.01893	0.00537	0.509	1.1003	1.00783	1.00	0	0
490001	Norton Community Hospital	49	49	49	49	49661	51720	3	rural	rural	N	0.7575						1	0.3028	0.674	51	25	0.15265	0.20949	0.3783	0.03	0	0.03	0.000073	536.91	0.000086	510.54	0.168	0.021	0		1049	990.3	1.4077	1.3914	324.46	1.4709	996.62	1.399	1.3867	325.83	1.4667	0.8268	1	0.00221	0.00648	0.425	1	1.01002	1.00	0	0
490002	Russell County Medical Center	49	49	49	49	49830	51167	3	rural	rural	N	0.7575						1	0	0	49	10	0	0	0.2207	0.01856	0	0.01856	0.000033	447.54	0.000034	354.72	0.192	0.035	14	5061.94	530	506.72	1.1783	1.1699			508.29	1.1798	1.1717			0.8268	1	0	0	0.551	1.19326	1.00311	0.98	0	0
490004	Sentara Rmh Medical Center	25500	25500	16820	49	49421	51660	3	ourban	rural	S	0.8969		YES	YES			1	0	0	238	138	0	0	0.1673	0.00906	0	0.00906		0		0	0.389	0.048	17	6988.32	6249	6119.92	1.6339	1.6271			6131.59	1.6358	1.6288			0.9282	1	0.04089	0.09078	0.469	1	1.00756	0.99	0	0
490005	Winchester Medical Center	49020	49020	47894	49	49962	51840	3	ourban	rural	S	0.9998		YES	YES			1	0.0202	0.0304	389	258	0.01098	0.00862	0.2011	0.01455	0	0.01455		0		0	0.348	0.028	16	6618.81	9769	9628.73	1.81	1.7998	1340.02	1.8836	9639.43	1.817	1.8071	1341.16	1.8814	0.9999	1	0.0485	0.04599	0.472	1	0.99748	0.99	0	0
490007	Sentara Norfolk General Hospital	47260	47260	47260	47260	49641	51710	3	lurban	lurban	N	0.8852						1	0.2011	0.2566	469	383	0.104	0.0751	0.3152	0.03805	0.06591	0.03805	0.00145	1504.33	0.00125	1057.22	0.234	0.016	0		7869	7788.03	2.4182	2.409	1486.18	2.0303	7793.03	2.4199	2.4109	1487.94	2.0412	0.9199	1	0.08228	0.05482	0.333	1	0.99878	1.00	0	0
490009	University Of Virginia Medical Center	16820	16820	16820	16820	49191	51540	3	ourban	ourban	N	0.9097						1	0.9673	1.1994	553	426	0.42563	0.4028	0.3878	0.05302	0.0817	0.05302	0.002026	1762.7	0.001182	846.38	0.235	0.023	0		9768	9600.82	2.272	2.2608	1290.02	2.3963	9619.52	2.2771	2.2655	1292.61	2.3983	0.9372	1	0.12394	0.18146	0.341	1	0.99682	0.99	0	0
490011	Bon Secours Depaul Medical Center	47260	47260	47260	47260	49641	51710	3	lurban	lurban	N	0.8852						1	0.0922	0.1494	106	69	0.04909	0.04306	0.266	0.0279	0.05534	0.0279	0.000196	812.25	0.000177	573.61	0.251	0.025	0		2000	1961.96	1.8606	1.8483	429.48	1.5643	1965.59	1.8672	1.855	430	1.5714	0.9199	1	0.10909	0.16244	0.34	1	0.99931	1.00	0	0
490013	Sentara Halifax Regional Hospital	49	49	31340	49	49410	51083	3	rural	rural	W	0.8361						1	0	0	173	41	0	0	0.2389	0.02231	0	0.02231	0.000081	327.54	0.000106	352.4	0.39	0.036	17	5133.08	2082	2047.71	1.5056	1.4987			2050.23	1.5056	1.4987			0.8846	1	0.04701	0.06051	0.576	1	1.00872	0.99	0	0
490017	Bon Secours Maryview Medical Center	47260	47260	47260	47260	49711	51740	3	lurban	lurban	N	0.8852						1	0.0733	0.1031	210	141	0.03924	0.02952	0.2789	0.03056	0.0581	0.03056	0.000401	869.16	0.000417	735.39	0.25	0.02	0		3840	3757.7	1.7931	1.7815	953.37	1.7598	3763.9	1.8023	1.7898	955.17	1.7654	0.9199	1	0.02625	0.02488	0.387	1	1.00129	0.99	0	0
490018	Augusta Health	44420	44420	16820	49	49070	51015	3	ourban	rural	S	0.8969		YES	YES			1	0	0	195	97	0	0	0.1476	0	0	0		0		0	0.243	0.019	17	6349.27	4802	4651.4	1.5796	1.5741			4668.76	1.5667	1.5608			0.9282	1	0.02003	0.01725	0.468	1	1.00398	1.00	0	0
490019	Novant Health Uva Health System Culpeper Med Cente	47894	47894	47894	47894	49230	51047	3	lurban	lurban	N	0.9998						1	0	0	70	35	0	0	0.2316	0.02081	0	0.02081	0.000165	889.72	0.000114	495.05	0.324	0.024	0		1451	1410.08	1.4879	1.4816			1414.37	1.4748	1.4688			0.9999	1	0.00784	0.00611	0.497	1	1.00617	0.98	0	0
490020	John Randolph Medical Center	40060	40060	40060	40060	49451	51670	3	lurban	lurban	N	0.9065						1	0	0	123	41	0	0	0.1676	0.00911	0.03452	0.00911	0.000174	900.05	0.000084	332.11	0.127	0.011	0		1560	1529.56	1.3366	1.3267			1532.91	1.3331	1.3243			0.935	1	0.03996	0.0414	0.512	1	0.99492	0.99	0	0
490021	"Centra  Health, Inc"	31340	31340	16820	49	49551	51680	3	ourban	rural	S	0.8969		YES	YES			1	0.0292	0.0598	433	298	0.01583	0.01702	0.2404	0.02262	0	0.02262		0		0	0.316	0.026	17	6029.59	11948	11775.1	1.7538	1.7444	1632.35	1.8761	11786.5	1.7587	1.7494	1633.16	1.8932	0.9282	1	0.04185	0.04351	0.479	1	1.00744	0.99	0	0
490022	"Mary Washington Hospital, Inc"	47894	47894	47894	47894	49342	51630	3	lurban	lurban	N	0.9998						1	0	0	407	255	0	0	0.2027	0.01484	0.0419	0.01484	0.000935	901.45	0.001031	784.71	0.286	0.039	0		8253	8100.56	1.737	1.7247			8118.36	1.7339	1.7221			0.9999	1	0.03248	0.08042	0.412	1	0.99715	1.00	0	0
490023	Fauquier Hospital	47894	47894	47894	47894	49300	51061	3	lurban	lurban	N	0.9998						1	0	0	97	51	0	0	0.1505	0.00633	0	0.00633		0		0	0.293	0.026	0		2288	2238.71	1.4021	1.3945			2243.37	1.4069	1.399			0.9999	1	0.04716	0.05453	0.466	1	0.99565	0.97	0	0
490024	Carilion Roanoke Memorial Hospital	40220	40220	40220	40220	49801	51770	3	ourban	ourban	N	0.8411						1	0.1748	0.2654	606	450	0.09102	0.07777	0.3148	0.03797	0.06582	0.03797	0.00138	951.48	0.001445	823	0.252	0.015	0		12363	12103.1	2.0908	2.0796	3212.03	2.022	12152.9	2.0854	2.0747	3221.87	2.0145	0.8883	1	0.07624	0.03692	0.359	1	0.99787	0.99	0	0
490032	Medical College Of Virginia Hospitals	40060	40060	40060	40060	49791	51760	3	lurban	lurban	N	0.9065						1	0.5762	0.7857	679	558	0.27318	0.24823	0.384	0.05224	0.08086	0.05224	0.001185	1214.32	0.001518	1305.18	0.234	0.021	0		8506	8407.85	2.2478	2.2369	1515.62	2.2521	8417.83	2.263	2.2532	1515.23	2.28	0.935	1	0.26873	0.31899	0.263	1	0.99694	1.00	0	0
490033	Warren Memorial Hospital	47894	47894	47894	47894	49930	51187	3	lurban	lurban	N	0.9998						1	0.1942	0.4159	46	17	0.10061	0.12453	0.242	0.02295	0	0.02295	0.000129	1305.26	0.000135	1107.01	0.436	0.042	0		825	793.71	1.1992	1.1936	60.26	1.2061	796.29	1.1941	1.1881	60.4	1.2041	0.9999	1	0.00197	0.00341	0.477	1.12008	1.00816	1.00	0	0
490037	Riverside Shore Memorial Hospital	49	49	41540	49	49650	51131	3	rural	rural	W	0.9142						1	0	0	135	25	0	0	0.3068	0.03	0	0.03632	0.00012	792.69		0	0.305	0.038	16	5590.78	1103	1050.83	1.3929	1.3821			1055.16	1.387	1.3765			0.9404	1	0.00446	0.01113	0.523	1	1.01125	1.00	0	0
490038	Smyth County Community Hospital	49	49	49	49	49860	51173	3	rural	rural	N	0.7575						1	0	0	30	12	0	0	0.1621	0.00822	0	0.00822		0	0.00003	265.3	0.184	0.032	14	5858.52	628	599.27	1.3827	1.3728			600.69	1.3803	1.37			0.8268	1	0.0002	0.00203	0.588	1.18402	1.01011	0.99	0	0
490040	Inova Alexandria Hospital	47894	47894	47894	47894	49011	51510	3	lurban	lurban	N	0.9998						1	0	0	334	202	0	0	0.1488	0	0.03059	0	0.000704	1089.53	0.00057	718.89	0.416	0.031	0		5232	5125.04	1.6121	1.598			5141.99	1.6001	1.5881			0.9999	1	0.04306	0.03291	0.362	1	1.00081	0.98	0	0
490041	Mary Immaculate Hospital	47260	47260	47260	47260	49622	51700	3	lurban	lurban	N	0.8852						1	0	0	115	63	0	0	0.2303	0.02054	0.04774	0.02054	0.000134	409.74	0.000145	340.66	0.246	0.014	0		2541	2392.52	1.9396	1.9127			2434.45	1.9212	1.8972			0.9199	1	0.03877	0.01399	0.35	1	1.01035	1.00	0	0
490042	Carilion New River Valley Medical Center	13980	13980	13980	13980	49771	51750	3	ourban	ourban	N	0.8295						1	0	0	110	57	0	0	0.22	0.01841	0.04556	0.01841	0.000256	886.75	0.000199	589.33	0.29	0.02	7		2515	2440.71	1.5594	1.5465			2449.16	1.5511	1.5392			0.8798	1	0.02666	0.01724	0.397	1	1.00998	1.00	0	0
490043	Inova Loudoun Hospital	47894	47894	47894	47894	49530	51107	3	lurban	lurban	N	0.9998						1	0.0021	0.0023	157	104	0.00115	0.00065	0.1618	0.00817	0.03331	0.00817	0.000402	858.7	0.000296	567.78	0.457	0.041	0		4047	3932.3	1.4791	1.4715	348.66	1.5651	3940.72	1.4772	1.4684	349.46	1.5544	0.9999	1	0.04052	0.04747	0.342	1	1.00446	0.99	0	0
490044	Sentara Obici Hospital	47260	47260	47260	47260	49892	51800	3	lurban	lurban	N	0.8852						1	0.0068	0.0121	158	92	0.00371	0.00342	0.2545	0.02553	0.05289	0.02553	0.000408	936.85	0.000291	566.94	0.268	0.024	0		3730	3639.3	1.5512	1.545	811.51	1.5496	3651.69	1.5429	1.5368	812.75	1.5441	0.9199	1	0.01957	0.02437	0.42	1	1.01026	1.00	0	0
490045	Novant Health Uva  Prince William Medical Center	47894	47894	47894	47894	49750	51153	3	lurban	lurban	N	0.9998						1	0	0	108	58	0	0	0.2506	0.02472	0.05206	0.02472	0.00037	1751	0.000348	1267.51	0.397	0.047	0		1628	1552.35	1.6825	1.6691			1559.44	1.6875	1.6734			0.9999	1	0.051	0.1035	0.267	1	0.99244	0.99	0	0
490046	Sentara Leigh Hospital	47260	47260	47260	47260	49641	51710	3	lurban	lurban	N	0.8852						1	0.037	0.0562	250	160	0.02001	0.01599	0.1894	0.01265	0.0391	0.01265	0.000488	641.5	0.000372	420.59	0.242	0.028	0		6827	6708.4	1.6498	1.6397	1131.51	1.6274	6724.81	1.646	1.6364	1133.78	1.6127	0.9199	1	0.02051	0.03941	0.416	1	1.00913	0.99	0	0
490048	Lewisgale Medical Center	40220	40220	40220	40220	49838	51775	3	ourban	ourban	N	0.8411						1	0	0	328	225	0	0	0.2059	0.0155	0.04258	0.0155	0.000328	385.76	0.00023	222.96	0.156	0.012	0		7078	6998.21	1.5685	1.5638			7008	1.5757	1.5715			0.8883	1	0.04413	0.036	0.473	1	0.99578	1.00	0	0
490050	Virginia Hospital Center	47894	47894	47894	47894	49060	51013	3	lurban	lurban	N	0.9998						1	0.1104	0.1597	261	196	0.05849	0.0461	0.164	0.00853	0.03377	0.00853	0.000435	514.66	0.000379	388.02	0.318	0.025	0		7680	7463.22	1.8048	1.7864	286.74	1.6969	7508.03	1.7977	1.7817	286.77	1.6992	0.9999	1	0.02561	0.02261	0.326	1	1.00644	1.00	0	0
490052	Riverside Regional Medical Center	47260	47260	47260	47260	49622	51700	3	lurban	lurban	N	0.8852						1	0.1239	0.2667	335	231	0.0654	0.07817	0.3099	0.03695	0.06477	0.03695	0.000751	923.72	0.00067	688.86	0.274	0.031	0		6836	6728.58	1.7282	1.717	1474.2	1.6495	6741.91	1.7351	1.725	1477.48	1.6548	0.9199	1	0.02447	0.04431	0.347	1	1.00087	0.99	0	0
490053	Johnston Memorial Hospital	28700	28700	28700	28700	49950	51191	3	ourban	ourban	N	0.7575						1	0.0499	0.0731	116	77	0.02689	0.02084	0.2597	0.0266	0.054	0.0266	0.000154	348.48	0.000154	298.74	0.138	0.03	0		3661	3547.99	1.5298	1.5154	1081.41	1.537	3556.05	1.5286	1.5143	1085.24	1.5353	0.8268	1	0.00703	0.04514	0.45	1	1.00137	0.99	0	0
490057	Sentara Virginia Beach General Hospital	47260	47260	47260	47260	49921	51810	3	lurban	lurban	N	0.8852						1	0.0089	0.0116	225	162	0.00485	0.00328	0.1164	0	0.02385	0		0		0	0.228	0.017	0		6111	6028.3	1.6804	1.674	976.63	1.691	6038.04	1.6909	1.6846	978.03	1.697	0.9199	1	0.03076	0.02364	0.517	1	1.00436	0.99	0	0
490059	Bon Secours St Marys Hospital	40060	40060	40060	40060	49791	51760	3	lurban	lurban	N	0.9065						1	0.0317	0.0396	378	219	0.01717	0.01124	0.1911	0.01293	0.03946	0.01293	0.000506	641.11	0.000519	534.94	0.212	0.014	0		6509	6362.66	1.9764	1.9702	1550.59	1.8171	6381.41	1.9756	1.9692	1553.05	1.8216	0.935	1	0.11452	0.06561	0.346	1	0.99935	1.00	0	0
490060	Clinch Valley Medical Center	49	49	49	49	49920	51185	3	rural	rural	N	0.7575						1	0	0	151	40	0	0	0.3339	0.03	0	0.0419	0.000123	700	0.000129	526.63	0.155	0.017	0		1230	1205.72	1.33	1.3168			1207.11	1.3394	1.3264			0.8268	1	0.00426	0.01016	0.42	1	1.01269	0.99	0	0
490063	Inova Fairfax Hospital	47894	47894	47894	47894	49291	51610	3	lurban	lurban	N	0.9998						1	0.143	0.2125	830	531	0.07509	0.0618	0.2825	0.0313	0.05887	0.0313	0.002049	1395.16	0.00204	1172.88	0.388	0.037	0		12491	12252.3	2.1809	2.1745	828.12	2.3844	12278.8	2.1876	2.1813	829.57	2.4079	0.9999	1	0.08746	0.1191	0.305	1	0.99893	0.99	0	0
490066	Sentara Williamsburg Regional Medical Center	47260	47260	40060	47260	49961	51830	3	lurban	lurban	W	0.9065						1	0	0	139	63	0	0	0.1344	0	0.02759	0		0		0	0.259	0.03	0		3476	3410.1	1.507	1.4987			3415.96	1.5039	1.4957			0.935	1	0.00944	0.01907	0.5	1	1.01847	0.99	0	0
490067	Southside Regional Medical Center	40060	40060	40060	40060	49701	51730	3	lurban	lurban	N	0.9065						1	0	0	299	154	0	0	0.2332	0.02114	0.04836	0.02114	0.000401	657.9	0.000394	530.09	0.105	0.005	0		5184	5111.21	1.5689	1.5613			5117.03	1.5783	1.5709			0.935	1	0.01807	0.0037	0.41	1	0.99269	0.97	0	0
490069	Bon Secours Memorial Regional Medical Center	40060	40060	40060	40060	49791	51760	3	lurban	lurban	N	0.9065						1	0	0	224	160	0	0	0.1557	0.00718	0.03203	0.00718	0.000305	426.5	0.000301	336.68	0.203	0.022	0		5765	5635.35	1.7587	1.7461			5657.71	1.7501	1.737			0.935	1	0.04344	0.07303	0.461	1	0.99876	1.00	0	0
490075	Sovah Health Danville	49	49	40220	49	49241	51590	3	rural	rural	W	0.831						1	0.2352	0.5184	215	76	0.12058	0.15753	0.2588	0.02642	0	0.02642	0.00043	929.28	0.000264	447.35	0.167	0.019	0		3719	3647.83	1.5145	1.507	624.96	1.544	3653.44	1.5183	1.511	626.11	1.547	0.8809	1	0.0023	0.00604	0.527	1	0.99385	0.99	0	0
490077	Martha Jefferson Hospital	16820	16820	16820	16820	49191	51540	3	ourban	ourban	N	0.9097						1	0	0	176	92	0	0	0.1001	0	0.02048	0		0		0	0.428	0.03	0		4596	4478.67	1.5679	1.5619			4496.45	1.565	1.5605			0.9372	1	0.05989	0.0436	0.473	1	1.00749	0.99	0	0
490079	Sovah Health Martinsville	49	49	49	49	49561	51690	3	rural	rural	N	0.7575						1	0	0	208	49	0	0	0.2061	0.01555	0	0.01555		0	0.000158	414.41	0.2	0.016	7		2533	2470.96	1.5077	1.4955			2477.33	1.5177	1.5062			0.8268	1	0.00691	0.00688	0.532	1	0.99984	0.99	0	0
490084	Riverside Tappahannock Hospital	49	49	40060	49	49280	51057	3	rural	rural	W	0.9065						1	0	0	67	14	0	0	0.1343	0	0	0		0		0	0.321	0.024	16	6181.81	990	945.81	1.537	1.5179			950.43	1.5363	1.5188			0.935	1	0.0013	0.00106	0.605	1.16652	1.00773	0.99	0	0
490088	Bedford Memorial Hospital	31340	31340	31340	31340	49090	51019	3	ourban	ourban	N	0.8499						1	0	0	50	15	0	0	0.1394	0	0	0		0		0	0.481	0.054	0		927	895.27	1.2225	1.2112			897.68	1.2178	1.2071			0.8946	1	0.01039	0.01843	0.599	1.18159	1.00773	0.99	0	0
490089	Carilion Franklin Memorial Hospital	40220	40220	40220	40220	49330	51067	3	ourban	ourban	N	0.8411						1	0	0	37	13	0	0	0.1386	0	0	0	0.000106	1432.07	0.000058	608.72	0.306	0.022	0		590	567.9	1.2253	1.2056			570.42	1.215	1.1969			0.8883	1	0.00299	0.00303	0.469	1.17742	1.00272	1.00	0	0
490090	"Southside Community Hospital, Inc"	49	49	40060	49	49730	51147	3	rural	rural	W	0.9065						1	0	0	86	32	0	0	0.3045	0.03	0	0.03		0		0	0.361	0.051	16	5858.46	1861	1756.58	1.3601	1.3412			1764.7	1.3582	1.3408			0.935	1	0.01695	0.04662	0.461	1	1.00927	1.00	0	0
490092	Southampton Memorial Hospital	49	49	49	49	49328	51620	3	rural	rural	N	0.7575						1	0	0	63	17	0	0	0.2906	0.03	0	0.03		0		0	0.204	0.014	16	6364.02	620	597.99	1.2785	1.27			599.92	1.2703	1.2623			0.8268	1	0.01193	0.00837	0.388	1.14629	1.01105	0.98	0	0
490093	Sentara Careplex Hospital	47260	47260	47260	47260	49411	51650	3	lurban	lurban	N	0.8852						1	0	0	218	108	0	0	0.1562	0.00726	0.03214	0.00726	0.000529	1212.69	0.000311	567.44	0.273	0.029	0		3567	3493.05	1.7242	1.7119			3506.65	1.7204	1.7082			0.9199	1	0.03603	0.0639	0.449	1	0.99695	0.98	0	0
490094	Bon Secours Richmond Community Hospital	40060	40060	40060	40060	49791	51760	3	lurban	lurban	N	0.9065						1	0	0	101	28	0	0	0.434	0.06255	0.09186	0.06255	0.000129	2163.04	0.000137	1570.65	0.466	0.049	0		443	437.66	1.1254	1.1144			437.95	1.1313	1.121			0.935	1	0.05082	0.08468	0.27	1	1	1.00	0	0
490097	Southern Virginia Regional Medical Center	49	49	40060	49	49270	51595	3	rural	rural	W	0.9065						1	0	0	70	12	0	0	0.214	0.01718	0	0.01718	0.000047	639.07	0.000056	555.86	0.121	0.018	14	4082.46	555	536.14	1.1527	1.144			538.34	1.1468	1.139			0.935	1	0.0113	0.02968	0.517	1.19409	0.99823	0.99	0	0
490098	Community Memorial Hospital	49	49	49	49	49580	51117	3	rural	rural	N	0.7575						1	0	0	68	37	0	0	0.2247	0.01938	0	0.01938		0		0	0.286	0.038	16	5627.59	1402	1372.18	1.421	1.4136			1376.04	1.4109	1.4042			0.8268	1	0.02627	0.06933	0.589	1	0.99899	0.99	0	0
490101	Inova Fair Oaks Hospital	47894	47894	47894	47894	49288	51600	3	lurban	lurban	N	0.9998						1	0	0	182	105	0	0	0.2029	0.01489	0.04194	0.01489	0.000354	864.34	0.00031	622.68	0.405	0.028	0		3411	3312.61	1.66	1.6534			3321.73	1.6583	1.6511			0.9999	1	0.01667	0.01115	0.275	1	1.0063	1.00	0	0
490104	Hiram W Davis Medical Center	40060	40060	40060	40060	49701	51730	3	lurban	lurban	N	0.9065						1	0		4	1	0	0.52699	0	0	0	0		0		0	0.272	0.108	0		1	1	0.7461	0.7461			1	0.7519	0.7519			0.935	1	0	0	0.023	1	1	1.00	1	1
490107	Reston Hospital Center	47894	47894	47894	47894	49290	51059	3	lurban	lurban	N	0.9998						1	0	0	199	139	0	0	0.1628	0.00833	0.03352	0.00833	0.000282	599.07		0	0.214	0.024	0		3977	3900.28	1.7901	1.7914			3906.14	1.7829	1.784			0.9999	1	0.034	0.06162	0.315	1	0.99887	0.97	0	0
490110	Lewisgale Hospital Montgomery	13980	13980	13980	13980	49600	51121	3	ourban	ourban	N	0.8498				YES	0.0203	1	0.3962	0.774	88	42	0.19539	0.24411	0.1714	0.00973	0	0.00973	0.000116	504.62	0.000076	273.79	0.199	0.019	0		1938	1886.18	1.5472	1.5359	344.93	1.5262	1892.63	1.5395	1.5286	345.27	1.5181	0.8945	1	0.01332	0.01897	0.502	1	0.99777	0.98	0	0
490111	Wythe County Community Hospital	49	49	49	49	49980	51197	3	rural	rural	N	0.7575						1	0	0	92	16	0	0	0.2173	0.01786	0	0.01786		0		0	0.223	0.019	16	6246.37	928	879.02	1.4439	1.4157			883.56	1.4279	1.405			0.8268	1	0.0059	0.00642	0.488	1.13061	0.99786	1.00	0	0
490112	Cjw Medical Center	40060	40060	40060	40060	49791	51760	3	lurban	lurban	N	0.9065						1	0	0.0196	616	381	0	0.00555	0.214	0.01718	0.04429	0.01718	0.000903	706.44	0.000593	385.29	0.089	0.007	0		10750	10641.2	1.7209	1.7137			10653	1.7206	1.7137			0.935	1	0.05488	0.05486	0.394	1	0.99585	0.98	0	0
490113	Sentara Northern Virginia Medical Center	47894	47894	47894	47894	49750	51153	3	lurban	lurban	N	0.9998						1	0	0	181	108	0	0	0.2777	0.03031	0.05785	0.03031	0.000629	1549.76	0.000464	965.44	0.301	0.064	0		3594	3520.59	1.5733	1.5639			3525.83	1.5796	1.5692			0.9999	1	0.04835	0.25208	0.371	1	1.00424	1.00	0	0
490114	Lonesome Pine Hospital	49	49	49	49	49970	51195	3	rural	rural	N	0.7575						1	0.1425	0.6408	110	15	0.07484	0.19822	0.344	0.03	0	0.04399	0.000157	1438.05	0.00009	630.64	0.255	0.018	0		950	904.13	1.3806	1.3574	264.79	1.4125	906.83	1.3836	1.3603	265.96	1.4111	0.8268	1	0	0	0.415	1	1.00458	0.99	0	0
490115	Twin County Regional Hospital	49	49	49	49	49343	51640	3	rural	rural	N	0.7575						1	0	0	141	26	0	0	0.2817	0.03	0	0.03114		0		0	0.244	0.038	16	6122.15	1382	1323.08	1.275	1.2611			1328.16	1.2764	1.2615			0.8268	1	0.00367	0.01896	0.54	1	1.00152	1.00	0	0
490116	Lewisgale Hospital Pulaski	13980	13980	49	49	49770	51155	3	ourban	rural	S	0.7575		YES				1	0	0	86	19	0	0	0.1372	0	0	0	0.000096	732.92		0	0.268	0.032	14	6193.91	987	956.17	1.2885	1.2738			957.41	1.3016	1.2864			0.8268	1	0.03898	0.07736	0.637	1.14061	1.00067	0.98	0	0
490117	Carilion Tazewell Community Hospital	49	49	49	49	49920	51185	3	rural	rural	N	0.7575						1	0	0	56	6	0	0	0.2379	0.0221	0	0.0221	0.000032	907.35	0.000021	499.5	0.289	0.03	14	5514.93	282	268.05	1.1988	1.1867			269.33	1.186	1.1739			0.8268	1	0.00808	0.01234	0.522	1.24114	0.99425	0.99	0	0
490118	Henrico Doctors' Hospital	40060	40060	40060	40060	49791	51760	3	lurban	lurban	N	0.9065						1	0	0	707	262	0	0	0.2205	0.01852	0.04566	0.01852	0.000547	636.15	0.000427	398.01	0.105	0.011	0		7020	6920.82	1.7688	1.7617			6932.21	1.7663	1.7588			0.935	1	0.06275	0.09536	0.349	1	0.99673	0.99	0	0
490119	Sentara Princess Anne Hospital	47260	47260	47260	47260	49921	51810	3	lurban	lurban	N	0.8852						1	0.0143	0.0235	160	135	0.00779	0.00665	0.1759	0.01046	0.03626	0.01046	0.000393	800.63	0.000308	538.31	0.253	0.021	0		4289	4207.52	1.57	1.5578	846.2	1.3899	4215.62	1.5651	1.5529	847.9	1.3866	0.9199	1	0.04137	0.04304	0.351	1	1.00872	1.00	0	0
490120	Chesapeake General Hospital	47260	47260	47260	47260	49194	51550	3	lurban	lurban	N	0.8852						1	0	0	310	177	0	0	0.2079	0.01592	0.043	0.01592	0.000505	747.83	0.000482	582.23	0.393	0.038	0		5447	5359.98	1.7118	1.7016			5368.4	1.7265	1.7171			0.9199	1	0.01967	0.02909	0.389	1	0.9951	0.97	0	0
490122	Inova Mount Vernon Hospital	47894	47894	47894	47894	49011	51510	3	lurban	lurban	N	0.9998						1	0	0	140	61	0	0	0.0968	0	0.0198	0		0		0	0.433	0.03	0		3285	3145.71	1.6923	1.6755			3185.35	1.6754	1.6633			0.9999	1	0.04113	0.02675	0.608	1	1.00634	1.00	0	0
490126	Lewisgale Hospital Alleghany	49	49	40220	49	49020	51005	3	rural	rural	W	0.831						1	0	0	95	22	0	0	0.1068	0	0	0		0		0	0.227	0.025	16	5864.31	1075	1040.58	1.3391	1.3273			1043.07	1.3367	1.3252			0.8809	1	0.03829	0.06583	0.679	1.15174	1.00109	0.99	0	0
490127	Buchanan General Hospital	49	49	49	49	49130	51027	3	rural	rural	N	0.7575						1	0	0	49	15	0	0	0.1865	0.01218	0	0.01218		0		0	0.283	0.034	16	6188.77	509	501.66	1.127	1.1217			502.37	1.1222	1.1173			0.8268	1	0.0111	0.02617	0.457	1.19356	1.00022	0.97	0	0
490130	Riverside Walter Reed Hospital	47260	47260	47260	47260	49360	51073	3	lurban	lurban	N	0.8852						1	0	0	67	28	0	0	0.1055	0	0	0		0		0	0.305	0.04	0		1534	1499.42	1.4249	1.4109			1505.01	1.4226	1.4102			0.9199	1	0.00623	0.01709	0.631	1	1.00927	1.00	0	0
490136	Bon Secours St Francis Medical Center	40060	40060	40060	40060	49200	51041	3	lurban	lurban	N	0.9065						1	0.167	0.2153	130	88	0.08713	0.06264	0.1796	0.01106	0.03704	0.01106	0.000248	627.03	0.000225	469.59	0.228	0.029	0		3344	3250.58	1.6982	1.69	633.18	1.7453	3259.45	1.6846	1.6754	634.63	1.742	0.935	1	0.04292	0.1041	0.349	1	0.99931	0.99	0	0
490140	"Stafford Hospital, Llc"	47894	47894	47894	47894	49890	51179	3	lurban	lurban	N	0.9998						1	0	0	90	36	0	0	0.1641	0.00854	0	0.00854	0.00016	995.45	0.000185	929.22	0.297	0.067	0		1347	1317.2	1.3652	1.3551			1320.62	1.3631	1.3544			0.9999	1	0.01647	0.09863	0.33	1	1.01139	1.00	0	0
490141	Spotsylvania Regional Medical Center	47894	47894	47894	47894	49880	51177	3	lurban	lurban	N	0.9998						1	0	0	105	50	0	0	0.1884	0.01249	0.03889	0.01249	0.000252	1164.34	0.000103	428.28	0.218	0.04	0		1957	1927.29	1.4499	1.4426			1928.28	1.4549	1.4458			0.9999	1	0.0075	0.02778	0.367	1	0.99425	0.99	0	0
490143	Riverside Doctors' Hospital Of Williamsburg	47260	47260	47260	47260	49470	51095	3	lurban	lurban	N	0.8852						1	0	0	40	12	0	0	0.06754	0	0	0		0		0	0.446	0.129	0		802	772.75	1.4358	1.4223			776.66	1.4324	1.418			0.9199	1	0.02707	0.23314	0.512	1	1.00786	1.00	0	0
490144	Novant Health Uva Health Haymarket Medical Center	47894	47894	47894	47894	49750	51153	3	lurban	lurban	N	0.9998						1	0	0	53	17	0	0	0.02788	0	0	0		0		0	0.391	0.11	0		717	687.42	1.6089	1.5988			687.74	1.6353	1.6223			0.9999	1	0.0345	0.23407	0.298	1	0.99935	0.99	0	0
490145	Stonesprings Hospital Center	47894	47894	47894	47894	49530	51107	3	lurban	lurban	N	0.9998						1	0		124	10	0	0.52699	0.3038	0.0357	0.06345	0.0357		0		0	0.512	0.029	0		411	395.31	1.4354	1.4076			396.32	1.4247	1.3956			0.9999	1	0.31879	0.11471	0.368	1	1	1.00	0	0
500001	Northwest Hospital	42644	42644	42644	42644	50160	53033	9	lurban	lurban	N	1.1612						1	0.1557	0.1062	168	112	0.08148	0.03042	0.2754	0.02984	0.05735	0.02984	0.000233	524.79	0.000178	328.33	0.278	0.022	0		3645	3573.55	1.7895	1.7766	842.75	1.7214	3579.59	1.7937	1.7813	844.1	1.7298	1.1078	1	0.03284	0.03425	0.384	1	1.00647	0.99	0	0
500002	Providence St Mary Medical Center	47460	47460	47460	47460	50350	53071	9	ourban	ourban	N	1.0389						1	0	0	68	41	0	0	0.2956	0.03	0	0.03	0.000085	317.74	0.000062	213.6	0.381	0.025	7		2476	2426.25	2.0079	2.0069			2430.19	2.0084	2.0054			1.0265	1	0.05036	0.0275	0.49	1	1.00715	1.00	0	0
500003	Skagit Valley Hospital	34580	34580	42644	34580	50280	53057	9	ourban	ourban	W	1.1493						1	0.2144	0.2112	134	79	0.1105	0.06141	0.2991	0.03473	0.06244	0.03473	0.000163	528.97	0.000198	561.63	0.243	0.022	7		2880	2848.16	1.4892	1.4798	714.25	1.5595	2851.62	1.4787	1.4694	714.8	1.5579	1.1	1	0.02728	0.03475	0.371	1	1.00299	1.00	0	0
500005	Virginia Mason Medical Center	42644	42644	42644	42644	50160	53033	9	lurban	lurban	N	1.1612						1	0.3769	0.4183	236	197	0.1867	0.12529	0.1638	0.00849	0.03373	0.00849	0.000248	413.25		0	0.37	0.036	0		5232	5202.13	2.063	2.0534	768.23	2.222	5204.04	2.0604	2.0511	768.28	2.2412	1.1078	1	0.13141	0.18016	0.327	1	1.00677	1.00	0	0
500007	Island Hospital	34580	34580	42644	50	50280	53057	9	ourban	rural	S	1.1493		YES	YES			1	0	0	42	26	0	0	0.1941	0.01342	0	0.01342	0.000037	232.95	0.000046	238.91	0.444	0.027	14	6061.03	1317	1297.99	1.9068	1.9065			1300.2	1.8948	1.8941			1.1	1	0.00421	0.00149	0.485	1	1.00075	1.00	0	0
500008	University Of Washington Medical Ctr	42644	42644	42644	42644	50160	53033	9	lurban	lurban	N	1.1612						1	0.601	0.8308	382	318	0.28347	0.26422	0.3798	0.05137	0.07994	0.05137	0.0006	1029.43	0.00078	1149.71	0.346	0.02	0		5113	5080.32	2.6242	2.6184	890.44	2.5852	5083.06	2.6255	2.6205	890.64	2.5858	1.1078	1	0.17581	0.08145	0.262	1	1.00283	1.00	0	0
500011	Highline Medical Center	42644	42644	42644	42644	50160	53033	9	lurban	lurban	N	1.1612						1	0	0	128	86	0	0	0.3989	0.05531	0.08413	0.05531	0.000259	1050.1	0.00024	776.42	0.245	0.022	0		1964	1927.42	1.6646	1.6522			1930.14	1.6594	1.6458			1.1078	1	0.06575	0.07833	0.325	1	0.99378	1.00	0	0
500012	Yakima Regional Medical And Cardiac Center	49420	49420	49420	49420	50380	53077	9	ourban	ourban	N	1.0314						1	0.0499	0.1861	124	47	0.02689	0.05392	0.361	0.04749	0.07584	0.04749	0.000081	381.85	0.000109	379.65	0.178	0.017	0		1608	1584.72	1.8855	1.8759	207.34	1.7989	1587.29	1.8851	1.8751	207.68	1.8264	1.0214	1	0.04844	0.06276	0.479	1	1.00809	1.00	0	0
500014	Providence Regional Medical Center Everett	42644	42644	42644	42644	50300	53061	9	lurban	lurban	N	1.1612						1	0	0	436	328	0	0	0.3136	0.03772	0.06556	0.03772	0.000641	856.15	0.000741	858.65	0.259	0.029	0		6753	6623.09	1.7137	1.7061			6640.74	1.7034	1.6959			1.1078	1	0.0486	0.08789	0.232	1	1.00063	1.00	0	0
500015	Multicare Auburn Medical Center	42644	42644	42644	42644	50160	53033	9	lurban	lurban	N	1.1612						1	0	0	109	65	0	0	0.4385	0.06348	0.09286	0.06348	0.000206	985.31	0.000214	844.47	0.23	0.022	0		1685	1651.71	1.7025	1.6912			1654.23	1.6928	1.6801			1.1078	1	0.04745	0.06612	0.318	1	0.9953	1.00	0	0
500016	Central Washington Hospital	48300	48300	42644	50	50030	53007	9	ourban	rural	S	1.1493		YES	YES			1	0	0	176	116	0	0	0.3244	0.03995	0	0.03995	0.000182	321.11	0.000231	342.98	0.341	0.024	17	1983.46	4733	4678.98	1.9541	1.9492			4684.03	1.9534	1.9487			1.1	1	0.03464	0.02523	0.461	1	1.00826	1.00	0	0
500019	Providence Centralia Hospital	50	50	45104	50	50200	53041	9	rural	rural	W	1.1687						1	0.0017	0	86	47	0.00093	0	0.3862	0.03	0	0.03		0		0	0.225	0.019	16	7442.15	1918	1865.83	1.4097	1.401	62.5	1.325	1872.09	1.3837	1.3756	62.56	1.2699	1.1127	1	0.01081	0.01117	0.385	1	1.01717	0.99	0	0
500021	St Clare Hospital	45104	45104	45104	45104	50260	53053	9	ourban	ourban	N	1.1687						1	0	0	106	81	0	0	0.4099	0.05758	0.08655	0.05758	0.000176	638.96	0.000177	507.46	0.182	0.013	0		2240	2212.78	1.5595	1.5535			2215.88	1.5358	1.5299			1.1127	1	0.01403	0.00847	0.393	1	0.99882	1.00	0	0
500024	Providence St Peter Hospital	36500	36500	45104	36500	50330	53067	9	ourban	ourban	W	1.1687						1	0.0628	0.0825	238	209	0.03371	0.02355	0.2759	0.02994	0.05746	0.02994	0.000389	511.16	0.000497	552.48	0.209	0.01	0		6569	6502.84	1.9391	1.9348	2102.85	1.8329	6511	1.9295	1.9251	2104.95	1.8272	1.1127	1	0.05268	0.0161	0.373	1	0.99986	1.00	0	0
500025	Swedish Medical Center / Cherry Hill	42644	42644	42644	42644	50160	53033	9	lurban	lurban	N	1.1612						1	0.1712	0.2623	170	125	0.08923	0.07683	0.2426	0.02307	0.05035	0.02307	0.000212	528.53	0.000153	310.78	0.199	0.017	0		3117	3068.93	3.021	3.015	1381.06	2.772	3076.43	2.9777	2.9723	1383.37	2.7439	1.1078	1	0.13542	0.13955	0.395	1	1.00022	1.00	0	0
500026	Swedish Edmonds Hospital	42644	42644	42644	42644	50300	53061	9	lurban	lurban	N	1.1612						1	0	0	149	107	0	0	0.3568	0.04663	0.07493	0.04663	0.000229	656.77	0.000231	568.83	0.269	0.031	0		3015	2930.93	1.6147	1.6016			2940.82	1.5842	1.5719			1.1078	1	0.08068	0.13017	0.325	1	1.00108	0.99	0	0
500027	Swedish Medical Center	42644	42644	42644	42644	50160	53033	9	lurban	lurban	N	1.1612						1	0.1251	0.2108	595	383	0.06601	0.06129	0.3868	0.05282	0.08148	0.05282	0.000776	825.09	0.000923	815.24	0.216	0.022	0		7476	7372.07	1.9384	1.9288	3317.33	1.7339	7390.04	1.912	1.9027	3322.54	1.7212	1.1078	1	0.08392	0.13117	0.213	1	0.99898	1.00	0	0
500030	St Joseph Medical Center	13380	13380	13380	50	50360	53073	9	ourban	rural	S	1.2073		YES				1	0	0	207	152	0	0	0.27	0.02873	0	0.02873		0		0	0.25	0.019	16	7692.76	5228	5157.12	1.7657	1.7576			5161.94	1.7681	1.7582			1.1377	1	0.03806	0.03243	0.372	1	0.99668	1.00	0	0
500031	Grays Harbor Community Hospital	50	50	36500	50	50130	53027	9	rural	rural	W	1.1309						1	0	0	105	43	0	0	0.5348	0.03	0	0.08334		0		0	0.268	0.02	16	6667.43	1804	1757.8	1.4564	1.4484			1762.39	1.4643	1.4566			1.0879	1	0.01064	0.00853	0.398	1	0.9963	1.00	0	0
500033	Samaritan Hospital	50	50	50	50	50120	53025	9	rural	rural	N	1.0314						1	0	0	48	20	0	0	0.4991	0.03	0	0.03		0		0	0.371	0.03	16	6778.62	965	947.75	1.4914	1.4812			949.64	1.485	1.4758			1.0214	1	0.0076	0.00759	0.294	1.07379	1.01043	1.00	0	0
500036	Yakima Valley Memorial Hospital	49420	49420	49420	49420	50380	53077	9	ourban	ourban	N	1.0314						1	0.0193	0.0336	208	113	0.01049	0.00953	0.4857	0.07321	0.10335	0.07321	0.000282	565.01	0.000427	711.14	0.363	0.018	0		4171	4093.86	1.6923	1.6801	508.72	1.6845	4101.12	1.6955	1.682	510.5	1.7027	1.0214	1	0.02668	0.00585	0.364	1	0.99947	1.00	0	0
500037	Toppenish Community Hospital	49420	49420	49420	49420	50380	53077	9	ourban	ourban	N	1.0314						1	0	0	36	9	0	0	0.7849	0.03	0	0.03	0.00004	1384.74	0.000061	1525.1	0.352	0.051	0		186	177.66	1.3229	1.318			178.92	1.2964	1.2912			1.0214	1	0.01021	0.03695	0.167	1.17735	1.0125	0.99	0	0
500039	Harrison Memorial Hospital	14740	14740	45104	50	50170	53035	9	ourban	rural	S	1.1687		YES	YES			1	0	0	254	149	0	0	0.2652	0.02774	0	0.02774	0.000266	392.55	0.000285	341.6	0.24	0.019	7		5672	5614.08	1.8531	1.8478			5619.68	1.8459	1.8408			1.1127	1	0.13633	0.12581	0.472	1	0.99475	1.00	0	0
500041	Peachealth St John Medical Center	31020	31020	50	50	50070	53015	9	ourban	rural	S	1.0314		YES				1	0	0	166	77	0	0	0.3841	0.05226	0	0.05226	0.000211	684.78	0.000303	800.26	0.328	0.008	17	6061.03	2482	2423.92	1.5704	1.5568			2428.45	1.5705	1.558			1.0214	1	0.06047	0.0052	0.349	1	1.00187	0.99	0	0
500044	Multicare Deaconess Hospital	44060	44060	44060	44060	50310	53063	9	ourban	ourban	N	1.1133						1	0.0243	0.0556	301	164	0.01319	0.01581	0.3886	0.05319	0.08187	0.05319	0.000253	564.08	0.000441	806.09	0.17	0.013	0		3638	3587.34	1.9668	1.9621	1104.24	1.8585	3596.64	1.9674	1.9628	1106.99	1.8627	1.0763	1	0.03849	0.02853	0.327	1	0.99233	1.00	0	0
500049	Walla Walla General Hospital	47460	47460	47460	47460	50350	53071	9	ourban	ourban	N	1.0389						1	0	0	37	10	0	0	0.3051	0.03	0	0.03		0	0.00004	472.53	0.343	0.028	0		517	499.4	1.3801	1.3578			501.57	1.3607	1.3409			1.0265	1	0.006	0.0061	0.439	1	1.01245	1.00	0	0
500050	Peacehealth Southwest Medical Center	38900	38900	38900	38900	50050	53011	9	lurban	lurban	N	1.1888						1	0.0458	0.0736	398	226	0.02471	0.02099	0.3513	0.04549	0.07373	0.04549	0.000582	861.84	0.000616	728.49	0.31	0.019	0		5541	5494.08	1.8372	1.8332	2545.99	1.894	5499.82	1.8368	1.833	2548.05	1.8988	1.1257	1	0.05147	0.02496	0.333	1	0.99785	1.00	0	0
500051	Overlake Hospital Medical Center	42644	42644	42644	42644	50160	53033	9	lurban	lurban	N	1.1612						1	0	0	286	167	0	0	0.1534	0.0068	0.03155	0.0068	0.000199	400.59	0.000184	304.76	0.272	0.022	0		4185	4104.41	1.6865	1.6814			4113.89	1.6793	1.674			1.1078	1	0.03063	0.0283	0.232	1	1.00867	1.00	0	0
500053	Kennewick General Hospital	28420	28420	28420	28420	50020	53005	9	ourban	ourban	N	1.0427						1	0.1279	0.0901	111	55	0.06744	0.02575	0.3688	0.0491	0.07754	0.0491	0.000165	577.48	0.000187	579.75	0.308	0.06	0		2413	2380.28	1.522	1.5105	65.87	1.4918	2383.74	1.5153	1.504	65.73	1.5204	1.029	1	0.02054	0.10219	0.388	1	0.99986	1.00	0	0
500054	Providence Sacred Heart Medical Center	44060	44060	44060	44060	50310	53063	9	ourban	ourban	N	1.1133						1	0.0919	0.145	575	395	0.04894	0.04177	0.4232	0.06032	0.08948	0.06032	0.000674	638.19	0.000976	789.53	0.291	0.014	0		9022	8855.15	2.3137	2.3069	2343.23	2.132	8881.44	2.3005	2.2944	2348.21	2.116	1.0763	1	0.0671	0.01685	0.28	1	0.99321	1.00	0	0
500058	Kadlec Regional Medical Center	28420	28420	28420	28420	50020	53005	9	ourban	ourban	N	1.0427						1	0.0381	0	242	170	0.0206	0	0.4093	0.05746	0.08641	0.05746	0.000411	596.52	0.000444	558.5	0.316	0.027	0		6203	6129.76	1.8247	1.8101	233.39	1.8039	6133.74	1.8347	1.8194	233.65	1.8253	1.029	1	0.06988	0.07637	0.376	1	0.99934	0.99	0	0
500060	Cascade Valley Hospital	42644	42644	42644	42644	50300	53061	9	lurban	lurban	N	1.1612						1	0	0	48	14	0	0	0.2962	0.03	0	0.03	0.000036	749.64	0.000033	529.42	0.484	0.006	0		337	330.33	1.3293	1.3274			330.83	1.3257	1.3243			1.1078	1	0.10786	0.00358	0.32	1.17098	1.00595	1.00	0	0
500064	Harborview Medical Center	42644	42644	42644	42644	50160	53033	9	lurban	lurban	N	1.1612						1	0.5618	0.666002837	323	296	0.26716	0.20677	0.5751	0.09165	0.12351	0.09165	0.001123	2514.48	0.001119	2056.77	0.327	0.02	0		3805	3778.65	2.4724	2.4663	923.25	2.4023	3780.04	2.491	2.4851	923.38	2.4197	1.1078	1	0.24294	0.13063	0.243	1	0.99589	1.00	0	0
500072	Olympic Medical Center	50	50	14740	50	50040	53009	9	rural	rural	W	1.0368						1	0	0	78	40	0	0	0.2537	0.02536	0	0.02536		0		0	0.498	0.031	17	6742.85	2408	2328.84	1.5314	1.5217			2340.01	1.5142	1.505			1.0251	1	0.01952	0.00963	0.558	1	1.00239	1.00	0	0
500077	Providence Holy Family Hospital	44060	44060	44060	44060	50310	53063	9	ourban	ourban	N	1.1133						1	0	0	184	100	0	0	0.3703	0.04941	0.07787	0.04941	0.000229	606.51	0.000249	554.76	0.31	0.019	0		3184	3085.4	1.7172	1.7053			3100.87	1.6969	1.6858			1.0763	1	0.02419	0.01009	0.36	1	0.99243	1.00	0	0
500079	Multicare Good Samaritan Hospital	45104	45104	45104	45104	50260	53053	9	ourban	ourban	N	1.1687						1	0.0017	0.0024	258	204	0.00093	0.00068	0.2804	0.03087	0.05842	0.03087	0.000545	811.88	0.000457	583.52	0.205	0.024	0		5837	5774.75	1.5612	1.5563	2083.41	1.4967	5781.54	1.5514	1.5465	2085.3	1.4921	1.1127	1	0.03892	0.07666	0.362	1	1.00151	1.00	0	0
500084	Evergreen Health Monroe	42644	42644	42644	42644	50300	53061	9	lurban	lurban	N	1.1612						1	0	0	27	9	0	0	0.2796	0.03	0	0.03	0.000046	1083.01	0.000037	772.72	0.45	0.041	0		379	369.95	1.3421	1.3304			370.88	1.3405	1.3306			1.1078	1	0.02724	0.03566	0.386	1.20833	0.9981	1.00	0	0
500088	Valley Medical Center	42644	42644	45104	42644	50160	53033	9	lurban	lurban	W	1.1687						1	0.0722	0.1103	282	184	0.03866	0.03162	0.424	0.06049	0.08965	0.06049	0.000385	683.29	0.000523	789.01	0.262	0.022	0		4857	4803.64	1.7892	1.7821	1551.36	1.7338	4811.09	1.7654	1.7584	1553.03	1.7105	1.1127	1	0.02737	0.03133	0.291	1	1.00716	1.00	0	0
500108	St Joseph Medical Center	45104	45104	45104	45104	50260	53053	9	ourban	ourban	N	1.1687						1	0	0	310	273	0	0	0.4284	0.0614	0.09063	0.0614	0.000539	902.88	0.000627	822.93	0.231	0.013	0		4636	4596.83	2.2258	2.2201			4601.82	2.2291	2.2235			1.1127	1	0.14105	0.05293	0.274	1	0.99911	1.00	0	0
500119	Multicare Valley Hospital	44060	44060	44060	44060	50310	53063	9	ourban	ourban	N	1.1133						1	0.0015	0.0042	123	56	0.00082	0.00119	0.2785	0.03048	0.05802	0.03048	0.000093	390.01	0.000135	452.24	0.183	0.012	0		1991	1940.92	1.4813	1.4652	750.72	1.5175	1950.7	1.4705	1.4557	756.26	1.5074	1.0763	1	0.00506	0.00222	0.395	1	0.9956	1.00	0	0
500124	Evergreenhealth Medical Center	42644	42644	42644	42644	50160	53033	9	lurban	lurban	N	1.1612						1	0	0	304	167	0	0	0.225	0.01944	0.04662	0.01944	0.000272	567.53	0.0003	521.56	0.25	0.015	0		3858	3795.67	1.7031	1.6986			3804.24	1.7111	1.7061			1.1078	1	0.04545	0.02166	0.278	1	1.00228	1.00	0	0
500129	Tacoma General Allenmore Hospital	45104	45104	45104	45104	50260	53053	9	ourban	ourban	N	1.1687						1	0.0384	0.0776	309	264	0.02076	0.02214	0.5153	0.07932	0.10999	0.07932	0.001058	1636.56	0.000892	1148.48	0.212	0.02	0		5389	5329.73	1.9562	1.949	1666.09	1.967	5336.4	1.9542	1.9473	1668.02	1.969	1.1127	1	0.0743	0.09821	0.273	1	1.00224	1.00	0	0
500139	Capital Medical Center	36500	36500	45104	36500	50330	53067	9	ourban	ourban	W	1.1687						1	0	0	110	38	0	0	0.2707	0.02887	0.05635	0.02887	0.00005	246.75	0.000064	262.34	0.201	0.013	0		1663	1640.46	1.9946	1.9859			1642.45	1.9969	1.9877			1.1127	1	0.01011	0.00365	0.41	1	1.01009	1.00	0	0
500141	St Francis Community Hospital	42644	42644	42644	42644	50160	53033	9	lurban	lurban	N	1.1612						1	0.0487	0.0646	124	91	0.02625	0.0184	0.3638	0.04807	0.07645	0.04807	0.000204	695.04	0.000193	539.36	0.19	0.014	0		2436	2399.57	1.6105	1.6032	745.04	1.5322	2403.74	1.6012	1.5939	745.74	1.5178	1.1078	1	0.03944	0.02951	0.317	1	0.99918	1.00	0	0
500148	Confluence Health- Wenatchee Valley Hosp & Clinics	48300	48300	50	50	50030	53007	9	ourban	rural	S	1.0314		YES				1	0	0	14	2	0	0	0.1403	0	0	0	0.000042	7325.38	0.000033	2594.72	0.459	0.072	0		69	68.73	1.335	1.3315			68.71	1.3401	1.3369			1.0214	1	0.07691	0.20403	0.284	1	1	1.00	0	0
500150	Legacy Salmon Creek Medical Center	38900	38900	38900	38900	50050	53011	9	lurban	lurban	N	1.1888						1	0	0	166	135	0	0	0.3569	0.04665	0.07495	0.04665	0.000266	782.07	0.000346	832.58	0.293	0.027	0		2752	2722.55	1.6138	1.611			2724.8	1.6095	1.6061			1.1257	1	0.03143	0.04033	0.219	1	1.01	1.00	0	0
500151	St Anthony Hospital	45104	45104	45104	45104	50260	53053	9	ourban	ourban	N	1.1687						1	0	0	80	62	0	0	0.2015	0.01462	0	0.01462	0.000068	221.04	0.000069	191.55	0.178	0.026	0		2633	2607.13	1.5708	1.565			2609.5	1.554	1.5486			1.1127	1	0.02556	0.06938	0.49	1	1.00499	1.00	0	0
500152	Swedish Issaquah	42644	42644	42644	42644	50160	53033	9	lurban	lurban	N	1.1612						1	0.0017	0.0007	86	43	0.00093	0.0002	0.2059	0.0155	0	0.0155	0.000089	386.22	0.000057	221.01	0.286	0.077	0		1940	1885.62	1.6095	1.6024	688.5	1.5675	1891.75	1.5921	1.585	690.14	1.5471	1.1078	1	0.07153	0.44834	0.288	1	1.00116	1.00	0	0
510001	West Virginia University Hospitals	34060	34060	38300	34060	51300	54061	3	ourban	ourban	W	0.8272						1	0.5274	0.7834	447	376	0.25264	0.24742	0.4626	0.06845	0.0982	0.06845	0.000833	848.34	0.001102	1022.03	0.279	0.023	7		9353	9213.74	2.0089	1.997	2213.42	2.0787	9227.78	2.0133	2.0021	2217.11	2.0825	0.8782	1	0.08736	0.09146	0.279	1	0.99192	1.00	0	0
510002	Greenbrier Valley Medical Center	51	51	40220	51	51120	54025	3	rural	rural	W	0.831						1	0.0731	0.265	98	36	0.03913	0.07765	0.3635	0.04801	0	0.03	0.000061	327.86	0.000091	372.37	0.277	0.031	17	5356	1308	1269.19	1.3733	1.3637	223.1	1.4231	1270.25	1.3897	1.3787	223.25	1.4293	0.8809	1	0.00106	0.00238	0.497	1	1.00046	0.98	0	0
510006	United Hospital Center	51	51	34060	51	51160	54033	3	rural	rural	W	0.8252						1	0.091	0.1285	232	151	0.04847	0.03693	0.3946	0.05442	0	0.05442	0.000331	577.73		0	0.321	0.052	17	5832.52	4834	4747.95	1.5531	1.5447	739.24	1.5624	4753.68	1.5651	1.5571	739.16	1.5818	0.8767	1	0.01962	0.0665	0.431	1	1.00076	0.99	0	0
510007	St Mary'S Medical Center	26580	26580	26580	26580	51050	54011	3	ourban	ourban	N	0.8369						1	0.0819	0.1158	341	223	0.04373	0.03322	0.2858	0.03198	0.05958	0.03198	0.000375	462.88	0.000445	458.55	0.357	0.017	0		6786	6698.97	1.7826	1.7664	1866.21	1.9119	6705.48	1.7909	1.7746	1867.16	1.9145	0.8852	1	0.06812	0.01628	0.453	1	1.00044	0.99	0	0
510008	Berkeley Medical Center	25180	25180	47894	25180	51010	54003	3	ourban	ourban	W	0.9998						1	0.015	0.0295	157	88	0.00816	0.00836	0.3692	0.04919	0.07763	0.04919	0.000246	722.19	0.000221	530.96	0.419	0.042	0		2844	2792.21	1.4875	1.4767	613.42	1.4477	2795.3	1.4919	1.481	613.88	1.4592	0.9999	1	0.01697	0.02642	0.409	1	0.99733	1.00	0	0
510012	Pleasant Valley Hospital	51	51	51	51	51260	54053	3	rural	rural	N	0.765				YES	0.0315	1	0	0	94	16	0	0	0.3675	0.03	0	0.03	0.000075	721.2	0.000064	506.61	0.309	0.017	0		858	828.27	1.1691	1.1557			830.7	1.1649	1.1525			0.8324	1	0.00071	0	0.466	1	1	1.00	1	0
510013	Reynolds Memorial Hospital	48540	48540	48540	48540	51250	54051	3	ourban	ourban	N	0.7335						1	0	0	70	23	0	0	0.2181	0.01802	0	0.01802	0.00004	460.48	0.000047	435.68	0.461	0.024	0		729	710.64	1.245	1.2253			712.88	1.2388	1.2193			0.8088	1	0	0	0.443	1	0.99817	1.00	0	1
510022	Charleston Area Medical Center	16620	16620	16620	16620	51190	54039	3	ourban	ourban	N	0.8436						1	0.1723	0.2741	798	504	0.08977	0.08042	0.3631	0.04793	0.0763	0.04793	0.001019	633.66	0.001265	648.91	0.286	0.012	0		13250	13099.6	1.8689	1.8595	3309.48	1.8213	13111.8	1.8793	1.8708	3310.63	1.8335	0.8901	1	0.06115	0.01061	0.399	1	0.99626	1.00	0	0
510023	Weirton Medical Center	48260	48260	38300	48260	51140	54029	3	ourban	ourban	W	0.8272						1	0	0	127	64	0	0	0.2525	0.02512	0.05246	0.02512	0.000103	360.49	0.000184	548.82	0.28	0.014	0		2421	2314.81	1.6206	1.5951			2321.25	1.6351	1.6073			0.8782	1	0.0221	0.00526	0.401	1	0.99927	0.99	0	0
510024	Monongalia County General Hospital	34060	34060	38300	34060	51300	54061	3	ourban	ourban	W	0.8272						1	0	0	189	93	0	0	0.2047	0.01526	0.04232	0.01526	0.000185	495.82	0.000166	375.18	0.35	0.032	7		3282	3239.17	1.7404	1.7367			3242.27	1.7424	1.7387			0.8782	1	0.07269	0.09183	0.391	1	1.00318	0.98	0	0
510029	Thomas Memorial Hospital	16620	16620	16620	16620	51190	54039	3	ourban	ourban	N	0.8436						1	0	0	178	102	0	0	0.344	0.04399	0.07214	0.04399	0.000198	571.92	0.000237	506.47	0.256	0.029	0		2477	2440.3	1.6501	1.6475			2442.92	1.651	1.6482			0.8901	1	0.01202	0.02539	0.411	1	1.00592	0.98	0	0
510030	Davis Medical Center	51	51	51	51	51410	54083	3	rural	rural	N	0.7335						1	0	0	90	27	0	0	0.3011	0.03	0	0.03		0		0	0.485	0.044	16	5665.84	1256	1216.87	1.4543	1.4462			1219.39	1.4532	1.4452			0.8088	1	0.0109	0.01551	0.453	1.07439	1.01209	1.00	0	0
510031	St Francis Hospital	16620	16620	16620	16620	51190	54039	3	ourban	ourban	N	0.8436						1	0	0	113	33	0	0	0.2445	0.02347	0.05076	0.02347	0.00006	637.52	0.000081	466.02	0.426	0.045	0		286	275.27	1.8122	1.7561			275.85	1.8274	1.7725			0.8901	1	0.11274	0.16942	0.472	1	1	1.00	1	0
510038	Stonewall Jackson Memorial Hospital	51	51	51	51	51200	54041	3	rural	rural	N	0.7335						1	0	0	70	19	0	0	0.3064	0.03623	0	0.03	0.000045	523.56	0.000061	534.04	0.535	0.046	14	5145.4	663	645.01	1.3432	1.3295			646.25	1.3304	1.3171			0.8088	1	0.00366	0.00574	0.386	1.14227	1.00831	0.97	0	0
510039	Ohio Valley Medical Center	48540	48540	48540	48540	51340	54069	3	ourban	ourban	N	0.7335						1	0.1985	0.4585	119	52	0.10272	0.13813	0.2962	0.03413	0.06182	0.03413	0.000094	602.96	0.000106	542.4	0.287	0.024	0		1296	1260.65	1.5919	1.5782	581.5	1.6421	1266.28	1.5866	1.5747	584.14	1.6343	0.8088	1	0.00437	0.00511	0.3	1	0.99625	0.99	0	0
510046	Princeton Community Hospital	51	51	13980	51	51270	54055	3	rural	rural	W	0.7801						1	0	0	162	68	0	0	0.342	0.04358	0	0.04358	0.000114	385.86	0.000145	386.88	0.358	0.017	7		2339	2299.39	1.5753	1.5718			2302.83	1.5752	1.5721			0.8436	1	0.00974	0.00251	0.427	1	0.99166	0.98	0	0
510047	Fairmont Regional Medical Center	51	51	38300	51	51240	54049	3	rural	rural	W	0.8272						1	0	0	94	41	0	0	0.2811	0.03	0	0.03	0.000085	467.37	0.000135	644.67	0.371	0.013	0		1350	1315.64	1.3942	1.3862			1318.15	1.3902	1.3822			0.8782	1	0.01673	0.0013	0.516	1	1.00138	0.98	0	0
510048	Logan Regional Medical Center	51	51	51	51	51220	54045	3	rural	rural	N	0.7335						1	0	0	132	49	0	0	0.3939	0.03	0	0.05428		0		0	0.255	0.015	16	6908.42	1946	1927.93	1.3504	1.3457			1928.13	1.3559	1.3511			0.8088	1	0.04242	0.02174	0.498	1	1.00764	0.99	0	0
510050	Wheeling Hospital	48540	48540	38300	48540	51340	54069	3	ourban	ourban	W	0.8272						1	0.1024	0.2108	223	120	0.05437	0.06129	0.2651	0.02771	0.05515	0.02771	0.000289	711.78	0.000249	533.51	0.371	0.02	0		3608	3559.7	1.6051	1.5937	1353.87	1.6255	3562.54	1.6242	1.6108	1354.92	1.6367	0.8782	1	0.01602	0.00431	0.311	1	0.99573	0.97	0	0
510055	Cabell Huntington Hospital Inc	26580	26580	26580	26580	51050	54011	3	ourban	ourban	N	0.8369						1	0.2213	0.405	288	200	0.11385	0.12108	0.6534	0.1078	0.14147	0.1078	0.000647	1437.7	0.000944	1731.94	0.279	0.017	0		3725	3651.53	1.7814	1.7753	963.64	1.925	3663.52	1.7919	1.787	965.19	1.9465	0.8852	1	0.12824	0.06941	0.248	1	0.99503	1.00	0	0
510058	Camden Clark Medical Center	37620	37620	36	51	51530	54107	3	ourban	rural	S	0.7993		YES	YES			1	0.0716	0.0744	226	116	0.03834	0.02122	0.3271	0.0405	0	0.0405	0.00023	399.8	0.000335	463.9	0.337	0.037	7		4775	4701.82	1.5522	1.5444	1017.5	1.6319	4708.25	1.5609	1.5532	1019.32	1.6425	0.8578	1	0.04134	0.08017	0.462	1	1.00186	0.99	0	0
510062	Beckley Arh Hospital	13220	13220	13220	13220	51400	54081	3	ourban	ourban	N	0.8003						1	0	0	100	55	0	0	0.3438	0.04395	0.0721	0.04395	0.000117	468.62	0.000142	444.35	0.443	0.013	0		2023	1973.17	1.6437	1.6311			1977.93	1.6234	1.6112			0.8585	1	0.01947	0.00116	0.53	1	1.01409	1.00	0	0
510070	Raleigh General Hospital	13220	13220	16620	13220	51400	54081	3	ourban	ourban	W	0.8336						1	0	0	300	118	0	0	0.378	0.051	0.07955	0.051	0.000239	430.56	0.000315	457.58	0.24	0.017	7		4574	4512.45	1.5616	1.5513			4519.07	1.5509	1.5414			0.8828	1	0.02264	0.01439	0.483	1	0.99725	0.98	0	0
510071	Bluefield Regional Medical Center	51	51	13980	51	51270	54055	3	rural	rural	W	0.7801						1	0.255	0.6086	92	36	0.13008	0.18738	0.3924	0.05397	0	0.03	0.000089	488.65	0.000121	496.39	0.303	0.038	7		1579	1545.71	1.4478	1.4356	249.73	1.6339	1548.54	1.4477	1.4363	250.23	1.6314	0.8436	1	0.0163	0.04098	0.45	1	0.99902	0.98	0	0
510072	Wetzel County Hospital	51	51	51	51	51510	54103	3	rural	rural	N	0.7335						1	0	0	48	4	0	0	0.1576	0.00749	0	0.00749	0.000014	636.01	0.000013	413.22	0.41	0.025	16	4683.87	184	174.52	1.1891	1.1708			174.96	1.1949	1.1769			0.8088	1	0.00339	0.00167	0.456	1.25	1	1.00	0	0
510077	Williamson Memorial Hospital	51	51	51	51	51290	54059	3	rural	rural	N	0.7675				YES	0.034	1	0	0	76	10	0	0	0.4515	0.03	0	0.03	0.000056	1049.24	0.000068	839.21	0.41	0.053	0		359	351.03	1.1704	1.1621			351.6	1.1683	1.1608			0.8343	1	0.01132	0.02571	0.465	1	1.01062	0.99	0	0
510082	Summersville Regional Medical Center	51	51	51	51	51330	54067	3	rural	rural	N	0.7335						1	0	0	49	19	0	0	0.3799	0.03	0	0.03		0		0	0.484	0.024	16	5315.32	806	781.5	1.3115	1.2996			783.04	1.3188	1.3073			0.8088	1	0.01348	0.00434	0.45	1.12083	1.00145	1.00	0	1
510086	Welch Community Hospital	51	51	51	51	51230	54047	3	rural	rural	N	0.7335						1	0	0	49	8	0	0	0.5222	0.03	0	0.03		0		0	0.647	0.016	16	10493.05	203	201.77	1.0652	1.0598			201.9	1.0696	1.0641			0.8088	1	0.13814	0.00529	0.373	1.23447	1.01723	1.00	0	0
510091	Charleston Surgical Hospital	16620	16620	16620	16620	51190	54039	3	ourban	ourban	N	0.8436						1	0	0	35	1	0	0	0.03561	0	0	0	0.000001	96.4		0	0.585	0.024	0		68	67.83	2.0365	2.0365			67.91	1.9744	1.9744			0.8901	1	0	0	0.226	1	1	0.97	1	1
520002	Ascension St Michaels Hospital	52	52	48140	52	52480	55097	4	rural	rural	W	0.9221						1	0	0	89	37	0	0	0.2234	0.01911	0	0.01911	0.0001	586.36	0.000096	463.24	0.493	0.042	7		1445	1397.37	1.4702	1.4518			1402.51	1.4658	1.4486			0.946	1	0.01753	0.01859	0.323	1	1.02023	1.00	0	1
520004	Mayo Clinic Hlth System  Franciscan Med Ctr	29100	29100	40340	52	52310	55063	4	ourban	rural	S	1.048		YES	YES			1	0.0868	0.1737	145	73	0.04629	0.05024	0.2681	0.02833	0	0.02833	0.000135	432.36	0.00022	566.83	0.432	0.027	7		2592	2569.69	1.6503	1.6433	416.34	1.7744	2571.3	1.6507	1.6438	416.79	1.7775	1.0326	1	0.0467	0.027	0.395	1	1.00339	0.97	0	0
520008	Waukesha Memorial Hospital	33340	33340	33340	33340	52660	55133	4	lurban	lurban	N	0.9734						1	0.0659	0.1055	258	134	0.03535	0.03022	0.1344	0	0.02759	0		0		0	0.296	0.049	0		4076	3983.6	1.7221	1.711	1959.6	1.6071	3995.24	1.717	1.7065	1964.25	1.6074	0.9817	1	0.06484	0.24503	0.36	1	0.99715	1.00	0	0
520009	Ascension Ne Wisconsin St Elizabeth Hospital	11540	11540	11540	11540	52430	55087	4	ourban	ourban	N	0.9335						1	0.0261	0.0427	190	96	0.01416	0.01212	0.3232	0.0397	0.06764	0.0397	0.000173	1083.66	0.000231	1174.62	0.322	0.036	0		1259	1240.35	1.7947	1.7797	1643.82	1.9781	1241	1.7994	1.7818	1645.03	1.9783	0.954	1	0.01641	0.03158	0.158	1	1.00641	0.99	0	0
520011	Lakeview Medical Center	52	52	20740	52	52020	55005	4	rural	rural	W	0.9683						1	0	0	40	17	0	0	0.2614	0.02695	0	0.02695		0		0	0.468	0.048	16	5881.21	772	753.58	1.4318	1.4331			755.15	1.4175	1.4188			0.9782	1	0	0	0.369	1.1078	1.01076	1.00	0	0
520013	Sacred Heart Hospital	20740	20740	33460	20740	52170	55035	4	ourban	ourban	W	1.077						1	0.0356	0.0615	177	111	0.01926	0.01751	0.3338	0.04188	0.06993	0.04188	0.000186	440.43	0.000222	430.24	0.28	0.031	0		3460	3412.06	1.7999	1.7851	735.68	1.9858	3415.32	1.8032	1.7877	736.14	1.9993	1.0521	1	0.02942	0.05256	0.415	1	1.00222	1.00	0	0
520017	St Josephs Hospital	20740	20740	20740	20740	52080	55017	4	ourban	ourban	N	0.9683						1	0	0	102	34	0	0	0.4564	0.06717	0.09683	0.06717	0.000081	1004.29	0.000085	844.42	0.373	0.037	0		664	643.46	1.2926	1.2679			644.49	1.3028	1.2777			0.9782	1	0.00273	0.00488	0.164	1	1.01279	1.00	0	0
520019	Ascension St Marys Hospital	52	52	52	52	52420	55085	4	rural	rural	N	0.9221						1	0	0	59	21	0	0	0.2345	0.0214	0	0.0214		0		0	0.379	0.033	16	6560.68	1038	1006.91	1.549	1.538			1010.41	1.5384	1.5282			0.946	1	0.02022	0.02142	0.422	1.10235	1.01531	1.00	0	1
520021	Froedtert South - Kenosha Medical Center	29404	29404	29404	29404	52290	55059	4	ourban	ourban	N	1.0427						1	0	0	220	94	0	0	0.2345	0.0214	0.04863	0.0214	0.000205	575.97	0.000219	466.79	0.382	0.041	0		2723	2696.83	1.5187	1.517			2700.51	1.52	1.5186			1.029	1	0.10105	0.15849	0.404	1	0.99182	1.00	0	0
520027	Ascension Columbia St Mary'S Hospital Ozaukee	33340	33340	33340	33340	52440	55089	4	lurban	lurban	N	0.9734						1	0	0	120	61	0	0	0.1641	0.00854	0.03379	0.00854	0.000068	278.2	0.000063	196.98	0.29	0.031	0		1783	1749.29	1.5727	1.5677			1752.52	1.5842	1.5797			0.9817	1	0.0398	0.06516	0.432	1	0.9983	1.00	0	0
520028	The Monroe Clinic	31540	31540	31540	31540	52220	55045	4	ourban	ourban	N	1.0694						1	0.0095	0.0409	95	23	0.00518	0.01161	0.2024	0.01478	0	0.01478	0.00008	573.65	0.00007	407.06	0.355	0.001	0		1163	1134.63	1.5331	1.523	201.25	1.4265	1136.45	1.5338	1.5225	201.24	1.4186	1.047	1	0.02373	0	0.456	1.09167	1.00453	1.00	0	0
520030	Aspirus Wausau Hospital	48140	48140	48140	48140	52360	55073	4	ourban	ourban	N	0.9221						1	0.0629	0.1021	226	140	0.03377	0.02923	0.2301	0.0205	0.0477	0.0205	0.00015	290.38	0.000238	401.5	0.305	0.031	0		4507	4435.21	1.9427	1.9309	2018.95	1.969	4443.15	1.9468	1.9346	2021.81	1.9785	0.946	1	0.03197	0.04725	0.332	1	1.00731	1.00	0	0
520033	Aspirus Riverview Hospital & Clinics Inc	52	52	52	52	52700	55141	4	rural	rural	N	0.9221						1	0	0	44	21	0	0	0.1648	0.00866	0	0.00866	0.000065	594.69	0.000054	415.29	0.466	0.039	0		933	904.48	1.5821	1.57			906.46	1.5755	1.5632			0.946	1	0.01036	0.01146	0.323	1.0822	1.00658	0.99	0	0
520034	Aurora Medical Ctr Manitowoc County	52	52	52	52	52350	55071	4	rural	rural	N	0.9221						1	0	0	69	16	0	0	0.2049	0.0153	0	0.0153	0.000026	316.55	0.000031	308.4	0.367	0.027	14	7864.75	712	676.09	1.5289	1.5061			679.43	1.5087	1.4902			0.946	1	0.00241	0.00207	0.335	1	1.0201	1.00	0	0
520035	Aurora Sheboygan Memorial Medical Ctr	43100	43100	33340	52	52580	55117	4	ourban	rural	S	0.9734		YES	YES			1	0	0	134	50	0	0	0.395	0.05451	0	0.05451	0.000095	610.24	0.000125	648.42	0.293	0.019	7		1254	1222.29	1.6111	1.5994			1224.55	1.61	1.5984			0.9817	1	0.0043	0.00278	0.246	1	1.01613	1.00	0	0
520037	Marshfield Medical Center	52	52	52	52	52700	55141	4	rural	rural	N	0.9221						1	0.1758	0.2243	286	173	0.09151	0.06534	0.2702	0.02877	0	0.02877		0		0	0.332	0.023	16	7234.3	3398	3368.32	1.9269	1.9265	1949.24	1.7351	3372.02	1.9217	1.9212	1951.59	1.7388	0.946	1	0.12955	0.09709	0.289	1	0.99734	0.99	0	0
520038	Aurora Medical Ctr Washington County	33340	33340	33340	33340	52650	55131	4	lurban	lurban	N	0.9734						1	0	0	53	14	0	0	0.0404	0	0	0		0		0	0.331	0.023	0		594	578.1	1.4179	1.3875			580.28	1.4073	1.3775			0.9817	1	0.01222	0.00729	0.505	1	1.01351	1.00	0	0
520041	Divine Savior Healthcare	31540	31540	31540	31540	52100	55021	4	ourban	ourban	N	1.0694						1	0	0	43	13	0	0	0.1688	0.00931	0	0.00931	0.000057	571.87	0.000046	406.96	0.457	0.031	0		825	796.72	1.3922	1.3849			799.38	1.3748	1.3674			1.047	1	0.01153	0.00717	0.492	1.15735	1.00321	0.99	0	0
520044	St Nicholas Hospital	43100	43100	43100	43100	52580	55117	4	ourban	ourban	N	0.9437				YES	0.0089	1	0	0	53	22	0	0	0.156	0.00723	0	0.00723	0.000041	468.06	0.000039	340.32	0.336	0.03	0		653	639.27	1.5699	1.557			640.52	1.5657	1.5527			0.9611	1	0.00697	0.00933	0.324	1	1.01026	0.99	0	0
520045	Thedacare Regional Medical Center - Neenah Inc	36780	36780	36780	36780	52690	55139	4	ourban	ourban	N	0.9324				YES	0.001	1	0	0	139	82	0	0	0.2248	0.0194	0.04657	0.0194	0.000104	596.44	0.000142	658.52	0.492	0.032	0		1361	1334.49	1.8747	1.8668			1336.89	1.8861	1.8793			0.9532	1	0.04364	0.02273	0.184	1	1.00037	1.00	0	0
520048	Ascension Ne Wisconsin Mercy Campus	36780	36780	36780	36780	52690	55139	4	ourban	ourban	N	0.9324				YES	0.001	1	0	0	106	44	0	0	0.2198	0.01837	0.04551	0.01837	0.000064	547.77	0.000133	861.8	0.367	0.037	0		833	813.29	1.7416	1.7348			814.27	1.7483	1.7394			0.9532	1	0.01382	0.02271	0.237	1	1.00263	1.00	0	0
520049	Bellin Memorial Hospital	24580	24580	24580	24580	52040	55009	4	ourban	ourban	N	0.9221						1	0	0	161	76	0	0	0.1878	0.01239	0.03876	0.01239	0.000192	697.25	0.000163	472.52	0.352	0.029	0		2179	2143.77	2.16	2.1553			2146.65	2.1457	2.1413			0.946	1	0.02236	0.02303	0.292	1	1.0041	1.00	0	0
520051	Ascension Columbia St Mary'S Hospital Milwaukee	33340	33340	29404	52	52390	55079	4	ourban	rural	S	1.0427		YES	YES			1	0.1705	0.2682	268	154	0.08888	0.07862	0.5184	0.07996	0	0.07996	0.000474	1480.31	0.000568	1359.21	0.321	0.037	7		2483	2451.62	1.6508	1.6405	1326.56	1.7484	2453.7	1.6677	1.6575	1327.38	1.7746	1.029	1	0.12288	0.21896	0.234	1	1.00052	1.00	0	0
520057	Ssm Health St Clare Hospital - Baraboo	52	52	31540	52	52550	55111	4	rural	rural	W	1.0568						1	0.0799	0.191	43	16	0.04269	0.05538	0.2601	0.02668	0	0.02668	0.000079	661.42	0.000057	393.65	0.37	0.017	0		1035	1004.21	1.2588	1.2552	62.78	1.2083	1006.27	1.2532	1.2497	63.31	1.1949	1.0386	1	0.00545	0.00108	0.527	1.12886	1.01462	1.00	0	0
520059	Aurora Memorial Hospital Burlington	39540	39540	39540	39540	52500	55101	4	ourban	ourban	N	0.9533				YES	0.0312	1	0	0	41	21	0	0	0.0818	0	0	0		0		0	0.328	0.021	0		1000	962.73	1.4357	1.4192			965.97	1.4367	1.4205			0.9678	1	0.01626	0.00678	0.518	1	1.00624	1.00	0	0
520062	Oconomowoc Memorial Hospital	33340	33340	33340	33340	52660	55133	4	lurban	lurban	N	0.9734						1	0	0	58	23	0	0	0.1462	0	0	0		0		0	0.343	0.07	0		1119	1086.94	1.5969	1.5879			1090.13	1.5901	1.5808			0.9817	1	0.02778	0.12618	0.382	1	1.00097	0.99	0	0
520063	St Josephs Community Hospital Of West Bend	33340	33340	33340	33340	52650	55131	4	lurban	lurban	N	0.9734						1	0	0	70	36	0	0	0.1283	0	0	0		0	0.00006	302.76	0.377	0.03	0		1319	1287.65	1.4533	1.4432			1289.13	1.4443	1.4333			0.9817	1	0.06208	0.05767	0.364	1	1.00874	1.00	0	0
520066	Mercy Health System Corp	27500	27500	27500	27500	52520	55105	4	ourban	ourban	N	0.9615				YES	0.0394	1	0.0952	0.2331	182	75	0.05065	0.06799	0.3217	0.03939	0.06731	0.03939	0.000146	473.39	0.000171	460.43	0.237	0.023	0		2629	2591.05	1.6738	1.6504	534.65	1.7983	2593.22	1.6842	1.6605	535.05	1.8084	0.9735	1	0.02516	0.03401	0.41	1	1.00378	0.99	0	0
520070	Mayo Clinic Health System In Eau Claire	20740	20740	33460	52	52170	55035	4	ourban	rural	S	1.077		YES	YES			1	0.0399	0.0609	190	119	0.02156	0.01733	0.2101	0.01637	0	0.01637	0.000174	310.89	0.000219	328.3	0.379	0.033	7		4662	4620.82	1.8424	1.8358	392.4	2.0959	4622.45	1.8469	1.8393	392.75	2.114	1.0521	1	0.05181	0.05746	0.492	1	1.00425	1.00	0	0
520071	Fort Memorial Hospital	52	52	33340	33340	52270	55055	4	rural	lurban	L	0.9734	LUGAR					1	0	0	72	16	0	0	0.1911	0.01293	0	0.01293	0.000044	414.31	0.000052	384.57	0.387	0.053	0		801	769.67	1.5714	1.5551			772.1	1.5703	1.5532			0.9817	1	0.01078	0.0332	0.438	1.13174	1.01271	1.00	0	0
520075	St Vincent Hospital	24580	24580	11540	24580	52040	55009	4	ourban	ourban	W	0.9335						1	0	0	223	120	0	0	0.327	0.04048	0.06846	0.04048	0.000193	659.84	0.000239	677.25	0.266	0.028	0		2459	2416.93	2.1839	2.1721			2422.86	2.1625	2.152			0.954	1	0.03374	0.0545	0.225	1	0.99697	1.00	0	0
520076	Beaver Dam Community Hospital	52	52	52	52	52130	55027	4	rural	rural	N	0.9526				YES	0.0305	1	0	0	125	10	0	0	0.2071	0.01575	0	0.01575	0.000061	851.02	0.000047	483.83	0.345	0.036	7		511	488.8	1.358	1.3438			489.81	1.3527	1.3374			0.9673	1	0.01581	0.02817	0.353	1.17864	1.00946	1.00	0	0
520078	Wheaton Franciscan Healthcare St Francis Hospital	33340	33340	33340	33340	52390	55079	4	lurban	lurban	N	0.9734						1	0.0009	0.0009	168	94	0.00049	0.00025	0.4286	0.06144	0.09067	0.06144	0.000262	1129.9	0.000283	886.21	0.351	0.038	0		1706	1691.91	1.5994	1.5903	1182.94	1.5645	1693.4	1.6048	1.5962	1183.52	1.5823	0.9817	1	0.06496	0.11119	0.317	1	1.00265	1.00	0	0
520083	Ssm Health St Mary'S Hospital - Madison	31540	31540	31540	31540	52120	55025	4	ourban	ourban	N	1.0694						1	0.1036	0.165	357	230	0.05499	0.04766	0.2331	0.02111	0.04833	0.02111	0.000345	346.4	0.00041	332.39	0.293	0.014	0		8002	7870.76	1.9264	1.9191	708.3	1.8745	7881.12	1.9351	1.9273	709.68	1.8835	1.047	1	0.04217	0.00983	0.44	1	1.00638	0.99	0	0
520087	Gundersen Lutheran Medical Center	29100	29100	29100	29100	52310	55063	4	ourban	ourban	N	0.9416						1	0.1942	0.3098	249	166	0.10061	0.09136	0.2967	0.03423	0.06192	0.03423	0.000302	597.08	0.000332	550.34	0.396	0.038	0		4282	4238.56	1.9243	1.9176	1873.77	1.8729	4242.64	1.9152	1.9089	1876.24	1.8611	0.9596	1	0.0553	0.07618	0.304	1	1.00711	1.00	0	0
520088	St Agnes Hospital	22540	22540	33340	52	52190	55039	4	ourban	rural	S	0.9734		YES	YES			1	0	0	125	57	0	0	0.1762	0.01051	0	0.01051		0		0	0.275	0.04	16	6232.61	1709	1662.89	1.7296	1.7216			1665.96	1.7274	1.7186			0.9817	1	0.03216	0.08792	0.325	1	0.99919	1.00	0	0
520089	Unitypoint Health - Meriter	31540	31540	31540	31540	52120	55025	4	ourban	ourban	N	1.0694						1	0.1219	0.216	283	158	0.06438	0.06285	0.3185	0.03873	0.06662	0.03873	0.000267	567.9	0.000377	637.14	0.28	0.02	0		3767	3698.9	1.8575	1.8463	719.28	1.8429	3705.88	1.8391	1.8285	721.23	1.8193	1.047	1	0.02734	0.01764	0.258	1	1.01266	0.99	0	0
520091	Howard Young Medical Ctr	52	52	52	52	52420	55085	4	rural	rural	N	0.9221						1	0	0	99	23	0	0	0.2086	0.01606	0	0.01606		0		0	0.359	0.043	16	6937.12	1029	1006.37	1.4701	1.4607			1007.52	1.462	1.4549			0.946	1	0.00737	0.01371	0.452	1.10924	1.01722	1.00	0	1
520095	Sauk Prairie Hospital	52	52	31540	52	52550	55111	4	rural	rural	W	1.0568						1	0	0	36	12	0	0	0.0892	0	0	0		0		0	0.454	0.057	0		806	785.99	1.7262	1.7216			787.78	1.6919	1.6867			1.0386	1	0.00527	0.01317	0.357	1.15182	1.01476	1.00	0	0
520096	Wheaton Franciscan Healthcare All Saints	39540	39540	16974	52	52500	55101	4	ourban	rural	S	1.0263		YES	YES			1	0.0106	0	289	150	0.00578	0	0.4049	0.05655	0	0.05655	0.000488	1142.14	0.000478	863.51	0.328	0.026	7		3490	3421.22	1.5793	1.5723			3426.98	1.5766	1.5693			1.0179	1	0.0308	0.03199	0.313	1	0.98814	1.00	0	0
520097	St Marys Hospital Medical Ctr	24580	24580	24580	24580	52040	55009	4	ourban	ourban	N	0.9221						1	0	0	83	35	0	0	0.2021	0.01472	0	0.01472	0.000076	639.6	0.000073	466.49	0.296	0.024	0		955	936.65	1.4991	1.493			939.81	1.4874	1.4826			0.946	1	0.00561	0.00592	0.282	1	1.00836	0.99	0	0
520098	University Of Wi  Hospitals & Clinics Authority	31540	31540	31540	31540	52120	55025	4	ourban	ourban	N	1.0694						1	0.5133	0.7441	564	420	0.24663	0.23366	0.237	0.02192	0.04916	0.02192	0.000767	643.05	0.001081	798.92	0.303	0.028	0		10607	10466.5	2.0964	2.0837	1964.2	2.073	10481.2	2.1085	2.096	1965.92	2.0854	1.047	1	0.10766	0.13505	0.336	1	1.00374	1.00	0	0
520100	Beloit Memorial Hospital	27500	27500	31540	52	52520	55105	4	ourban	rural	S	1.0568		YES	YES			1	0	0	103	46	0	0	0.2512	0.02485	0	0.02485	0.000141	635.93	0.00014	514.33	0.264	0.02	0		1764	1733.71	1.4433	1.4383			1736.34	1.441	1.4365			1.0386	1	0.05321	0.04421	0.479	1	1.00075	0.99	0	0
520102	Aurora Lakeland Medical Center	52	52	29404	52	52630	55127	4	rural	rural	W	1.0427						1	0	0	64	22	0	0	0.2491	0.02441	0	0.02441	0.000063	537.76	0.000051	333.23	0.309	0.005	14	6783.74	950	905.12	1.4071	1.3873			907.88	1.4041	1.3839			1.029	1	0.01028	0	0.397	1	1.00063	1.00	0	0
520103	Community Memorial Hospital	33340	33340	33340	33340	52660	55133	4	lurban	lurban	N	0.9734						1	0	0	169	64	0	0	0.1105	0	0.02263	0		0		0	0.349	0.03	0		2702	2629.67	1.6617	1.6521			2638.21	1.6605	1.6505			0.9817	1	0.0657	0.07014	0.37	1	1.00118	0.99	0	0
520107	Holy Family Memorial	52	52	11540	52	52350	55071	4	rural	rural	W	0.9335						1	0	0	67	25	0	0	0.1711	0.00968	0	0.00968	0.000057	509.25	0.000047	335.56	0.315	0.021	14	6206.66	934	914.21	1.6669	1.6569			917.09	1.6526	1.6423			0.954	1	0.00924	0.00331	0.396	1	1.0008	1.00	0	0
520109	Mile Bluff Medical Center	52	52	52	52	52280	55057	4	rural	rural	N	0.9221						1	0	0	40	11	0	0	0.2529	0.0252	0	0.0252		0		0	0.346	0.033	16	6200.86	539	526.08	1.2822	1.268			526.49	1.2809	1.2663			0.946	1	0.00692	0.00988	0.535	1.19394	1.00542	1.00	0	0
520113	Bay Area Medical Center	52	52	52	52	52370	55075	4	rural	rural	N	0.9221						1	0	0	99	31	0	0	0.2051	0.01534	0	0.01534		0		0	0.29	0.066	16	6212.7	1263	1215.14	1.3591	1.3445			1220.35	1.3325	1.3185			0.946	1	0.0055	0.04039	0.505	1	1.00831	0.99	0	0
520116	Watertown Regional Medical Center	52	52	33340	52	52270	55055	4	rural	rural	S	0.9734	LUGAR	YES	YES			1	0	0	95	16	0	0	0.1751	0.01033	0	0.01033	0.000052	524.46	0.000044	374.36	0.287	0.029	14	7351.95	837	820.18	1.4553	1.4477			820.94	1.4455	1.4373			0.9817	1	0.00706	0.01391	0.45	1	1.00735	1.00	0	0
520136	Wheaton Franciscan - St Joseph	33340	33340	33340	33340	52390	55079	4	lurban	lurban	N	0.9734						1	0.1968	0.3635	321	158	0.10189	0.10803	0.5564	0.0878	0.11926	0.0878	0.000556	1519.98	0.000673	1314.99	0.347	0.032	0		2612	2560.76	1.7429	1.7332	1586.98	1.7211	2568.16	1.746	1.7368	1590	1.7155	0.9817	1	0.04214	0.05264	0.22	1	0.99809	1.00	0	0
520138	Aurora St Lukes Medical Center	33340	33340	29404	52	52390	55079	4	ourban	rural	S	1.0427		YES	YES			1	0.1444	0.2057	869	627	0.0758	0.05977	0.3687	0.04908	0	0.04908	0.001095	678.78	0.001311	644.87	0.209	0.01	7		12909	12774.6	1.9277	1.9166	5756.62	1.9415	12788	1.9342	1.9232	5761.43	1.9596	1.029	1	0.06895	0.02437	0.352	1	1.00246	1.00	0	0
520139	Aurora West Allis Medical Center	33340	33340	33340	33340	52390	55079	4	lurban	lurban	N	0.9734						1	0.0044	0.007	229	143	0.0024	0.00198	0.3205	0.03914	0.06705	0.03914	0.000235	628.63	0.000287	581.78	0.207	0.015	0		2798	2736.21	1.484	1.4672	1382.22	1.5305	2741.26	1.4852	1.4686	1385.77	1.5305	0.9817	1	0.006	0.00383	0.248	1	1.00042	1.00	0	0
520160	Thedacare Regional Medical Center - Appleton Inc	11540	11540	11540	11540	52430	55087	4	ourban	ourban	N	0.9335						1	0.0828	0.1373	147	92	0.0442	0.03951	0.1047	0	0.02143	0		0	0.000098	309.56	0.475	0.027	0		2132	2082.47	2.0592	2.0549	1643.34	2.1042	2087.72	2.0529	2.0486	1647.66	2.0991	0.954	1	0.04736	0.01794	0.267	1	0.99454	1.00	0	0
520177	Froedtert Memorial Lutheran Hospital	33340	33340	29404	52	52390	55079	4	ourban	rural	S	1.0427		YES	YES			1	0.4823	0.6348	497	381	0.2333	0.19619	0.3006	0.03504	0	0.03504	0.000708	775.81	0.000817	736.06	0.254	0.022	7		7676	7546.63	2.0246	2.0144	3768.6	2.0092	7556.15	2.0352	2.0259	3775.43	2.0231	1.029	1	0.1272	0.1445	0.278	1	0.99995	1.00	0	0
520189	Aurora Medical Ctr Kenosha	29404	29404	29404	29404	52290	55059	4	ourban	ourban	N	1.0427						1	0	0	73	47	0	0	0.2055	0.01542	0	0.01542	0.000088	391.66	0.000077	281.66	0.26	0.018	0		1939	1892.45	1.517	1.5046			1897.19	1.5163	1.505			1.029	1	0.0039	0.00263	0.352	1	1.00537	0.99	0	0
520193	Aurora Baycare Medical Ctr	24580	24580	11540	52	52040	55009	4	ourban	rural	S	0.9335		YES	YES			1	0	0	161	97	0	0	0.2828	0.03137	0	0.03137	0.00017	628.66	0.000196	616.12	0.305	0.028	7		2306	2252.11	1.9569	1.9444			2256.79	1.9733	1.9604			0.954	1	0.03267	0.0462	0.261	1	1.00486	1.00	0	0
520194	Orthopaedic Hospital Of Wisconsin	33340	33340	33340	33340	52390	55079	4	lurban	lurban	N	0.9734						1	0	0	30	8	0	0	0.0666	0	0	0		0		0	0.298	0.017	0		376	374.93	2.3754	2.3728			374.95	2.3204	2.3175			0.9817	1	0	0	0.281	1	1	1.00	0	1
520195	Columbia Center	33340	33340	33340	33340	52390	55079	4	lurban	lurban	N	0.9734						1	0		17	4	0	0.52699	0.0205	0	0	0		0		0	0.307	0.028	0		2	2	0.9112	0.9112			2	0.8476	0.8476			0.9817	1	0	0	0	1	1	1.00	1	1
520196	Oakleaf Surgical Hospital	20740	20740	20740	20740	52170	55035	4	ourban	ourban	N	0.9683						1	0	0	13	4	0	0	0.059	0	0	0		0		0	0.493	0.071	0		361	359.54	2.3548	2.3543			359.87	2.3006	2.3007			0.9782	1	0.08944	0.24629	0.412	1	1	1.00	0	0
520198	Aurora Medical Ctr Oshkosh	36780	36780	36780	36780	52690	55139	4	ourban	ourban	N	0.9324				YES	0.001	1	0	0	61	25	0	0	0.2507	0.02474	0	0.02474	0.000055	472.04	0.000062	454.18	0.313	0.023	0		999	966.31	1.6824	1.6672			968.72	1.6823	1.6673			0.9532	1	0.01987	0.0159	0.325	1	1.01356	0.99	0	0
520202	Ascension St Clares Hospital	48140	48140	11540	48140	52360	55073	4	ourban	ourban	W	0.9335						1	0	0	98	56	0	0	0.1859	0.01208	0	0.01208	0.000077	290.07	0.000076	246.05	0.368	0.044	0		2179	2143.42	1.854	1.8502			2146.33	1.8638	1.8604			0.954	1	0.02623	0.05926	0.399	1	1.00699	0.99	0	0
520204	Wheaton Franciscan Healthcare Franklin	33340	33340	33340	33340	52390	55079	4	lurban	lurban	N	0.9734						1	0	0	44	27	0	0	0.0981	0	0	0		0		0	0.292	0.055	0		982	968.43	1.6136	1.6061			969.79	1.6225	1.6134			0.9817	1	0.02832	0.11811	0.367	1	1.00446	1.00	0	0
520205	Midwest Orthopedic Specialty Hospital	33340	33340	33340	33340	52390	55079	4	lurban	lurban	N	0.9734						1	0.0185	0.0429	16	8	0.01006	0.01218	0.0426	0	0	0		0		0	0.28	0.016	0		404	395.92	2.2544	2.2554	303.82	2.1771	398.43	2.2054	2.2053	305.37	2.1222	0.9817	1	0.00443	0.00014	0.319	1	1	1.00	0	0
520206	Aurora Medical Center	33340	33340	33340	33340	52660	55133	4	lurban	lurban	N	0.9734						1	0	0	77	32	0	0	0.1402	0	0	0		0		0	0.319	0.047	0		1113	1085.55	1.7056	1.6933			1088.27	1.7117	1.6983			0.9817	1	0.03143	0.07928	0.32	1	1.00369	1.00	0	0
520207	Aurora Medical Center	33340	33340	33340	33340	52440	55089	4	lurban	lurban	N	0.9734						1	0	0	107	68	0	0	0.0989	0	0.02023	0		0		0	0.237	0.027	0		2401	2350.17	1.7674	1.7458			2356.63	1.7688	1.7476			0.9817	1	0.03117	0.05636	0.325	1	1.01013	1.00	0	0
520208	Ssm Health St Mary'S Hospital - Janesville	27500	27500	31540	52	52520	55105	4	ourban	rural	S	1.0568		YES	YES			1	0	0	50	25	0	0	0.2087	0.01608	0	0.01608	0.000089	518.29	0.000053	242.96	0.282	0.067	0		1336	1306.43	1.3449	1.3338			1308.96	1.3441	1.3332			1.0386	1	0.00569	0.03967	0.586	1	1.01019	0.99	0	0
530002	Campbell County Memorial Hospital	53	53	53	53	53020	56005	8	rural	rural	N	1						1	0	0	66	19	0	0	0.2463	0.02384	0	0.02384		0		0	0.412	0.051	16	9322.88	668	652.5	1.5501	1.5393			653.22	1.5451	1.5338			1	1	0.07972	0.16411	0.27	1.09545	0.99945	1.00	0	0
530006	Sheridan Memorial Hospital	53	53	53	53	53160	56033	8	rural	rural	N	1						1	0	0	66	18	0	0	0.1319	0	0	0		0		0	0.508	0.042	16	9271.27	1045	1019.51	1.4802	1.4747			1021.05	1.4852	1.4798			1	1	0.02872	0.02775	0.488	1.12098	1.00123	1.00	0	0
530008	Sagewest Health Care	53	53	53	53	53060	56013	8	rural	rural	N	1						1	0	0	133	20	0	0	0.33	0.03	0	0.0411		0		0	0.232	0.027	16	7277.42	778	757.36	1.238	1.2291			758.82	1.2351	1.2266			1	1	0.00374	0.00833	0.368	1.08045	1.01683	1.00	0	0
530011	Memorial Hospital Sweetwater County	53	53	53	53	53180	56037	8	rural	rural	N	1						1	0	0	58	18	0	0	0.2072	0.01577	0	0.01577		0		0	0.493	0.068	16	8828.84	628	598.28	1.3889	1.3678			601.42	1.3811	1.3604			1	1	0.0331	0.08094	0.317	1.13265	1.00089	1.00	0	0
530012	Wyoming Medical Center	16220	16220	16220	16220	53120	56025	8	ourban	ourban	N	1						1	0.0741	0.1214	158	91	0.03965	0.03485	0.1582	0.00758	0.03255	0.00758		0	0.0003	565.87	0.274	0.027	16	6830.69	3812	3749.88	1.8912	1.8858	6	1.1017	3754.55	1.8912	1.8846	6	1.0963	1	1	0.02699	0.04025	0.439	1	0.99736	0.99	0	0
530014	Cheyenne Regional Medical Center	16940	16940	53	53	53100	56021	8	ourban	rural	S	1		YES				1	0.0361	0.0783	170	101	0.01953	0.02234	0.1792	0.011	0	0.011		0		0	0.32	0.033	16	9184.09	3685	3634.55	1.6152	1.6088	39.82	1.6187	3639.59	1.6091	1.6027	39.83	1.6119	1	1	0.08641	0.12732	0.5	1	0.99283	0.99	0	0
530015	St Johns Medical Center	53	53	53	53	53190	56039	8	rural	rural	N	1						1	0	0	48	13	0	0	0.0778	0	0	0		0		0	0.606	0.054	16	9764.62	613	597.37	1.6964	1.6948			598.36	1.6939	1.6919			1	1	0.1161	0.13218	0.322	1.14364	1.01303	0.98	0	0
530025	Ivinson Memorial Hospital	53	53	53	53	53000	56001	8	rural	rural	N	1						1	0	0	66	14	0	0	0.1608	0.00801	0	0.00801		0		0	0.424	0.042	16	9475.9	602	591.48	1.5607	1.5433			592.37	1.5533	1.5358			1	1	0.01904	0.03163	0.436	1.17356	1.00374	1.00	0	0
530032	Evanston Regional Hospital	53	53	53	53	53200	56041	8	rural	rural	N	1						1	0	0	32	4	0	0	0.3158	0.03	0	0.03	0.000046	1753.72	0.000024	625.81	0.307	0.045	16	6003.42	211	198.75	1.1805	1.1712			199.27	1.1711	1.1604			1	1	0.00858	0.02333	0.335	1.23439	1	0.99	0	0
530033	Mountain View Regional Hospital	16220	16220	16220	16220	53120	56025	8	ourban	ourban	N	1						1	0	0	23	8	0	0	0.06483	0	0	0		0		0	0.315	0.053	0		363	361.08	2.7148	2.6877			361.07	2.6984	2.6688			1	1	0.09183	0.34319	0.5	1	1	0.99	0	0
670004	St Marks Medical Center	45	45	45	45	45511	48149	7	rural	rural	N	0.8106						1	0	0	44	11	0	0	0.1559	0.00721	0	0.00721	0.000042	522.32	0.000037	362.68	0.413	0.074	0		610	594.34	1.4913	1.4777			595.2	1.4851	1.4703			0.8661	1	0.0103	0.04183	0.515	1.19061	1.00349	0.99	0	0
670005	Memorial Hermann Surgical Hospital Kingwood	26420	26420	26420	26420	45610	48201	7	lurban	lurban	N	0.9754						1	0	0	10	1	0	0	0.0108	0	0	0		0		0	0.326	0.07	0		87	85.48	2.1274	2.1252			85.82	2.0688	2.0654			0.9831	1	0	0	0.419	1	1	0.97	0	0
670006	The Hospital At Westlake Medical Center	12420	12420	12420	12420	45940	48453	7	lurban	lurban	N	0.9417						1	0	0	23	8	0	0	0.0185	0	0	0		0		0	0.418	0.076	0		345	335.46	2.2931	2.291			339.16	2.2386	2.2377			0.9597	1	0.04071	0.19054	0.447	1	1	0.97	0	0
670008	Houston Physicians' Hospital	26420	26420	26420	26420	45610	48201	7	lurban	lurban	N	0.9754						1	0	0	21	4	0	0	0.0192	0	0	0		0		0	0.139	0.008	0		222	213.88	2.317	2.3163			217.02	2.2781	2.2742			0.9831	1	0.02123	0.00816	0.341	1	1	0.98	0	0
670019	University General Hospital	26420	26420	26420	26420	45610	48201	7	lurban	lurban	N	0.9754						1	0	0	69	34	0	0	0.2203	0.01847	0	0.01847		0		0	0.19	0.021	0		96	92.46	2.4806	2.4057			92.69	2.4469	2.3784			0.9831	1	0.56148	0.8812	0.322	1	1	1.00	0	1
670023	Methodist Mansfield Medical Center	23104	23104	19124	23104	45910	48439	7	lurban	lurban	W	0.9736						1	0	0	197	101	0	0	0.0646	0	0.01317	0		0		0	0.217	0.028	0		2366	2309.7	1.6656	1.6606			2314.31	1.6695	1.6639			0.9818	1	0.03613	0.07718	0.258	1	0.99422	0.99	0	0
670024	North Cypress Medical Center	26420	26420	26420	26420	45610	48201	7	lurban	lurban	N	0.9754						1	0	0	139	111	0	0	0.1113	0	0.02279	0		0		0	0.113	0.016	0		3625	3542.83	1.7902	1.7644			3554.02	1.7833	1.7578			0.9831	1	0.01574	0.04503	0.436	1	1.00089	0.99	0	0
670025	The Heart Hospital Baylor Plano	19124	19124	19124	19124	45310	48085	7	lurban	lurban	N	0.9736						1	0	0	116	70	0	0	0.0336	0	0.00683	0		0		0	0.273	0.019	0		2557	2534.04	3.6801	3.6794			2537.74	3.6738	3.6741			0.9818	1	0.13306	0.0826	0.513	1	1.00609	1.00	0	0
670031	St Luke'S Patients Medical Center	26420	26420	26420	26420	45610	48201	7	lurban	lurban	N	0.9754						1	0	0	61	54	0	0	0.0978	0	0	0		0		0	0.218	0.042	0		1161	1140.71	1.5667	1.5489			1143.85	1.573	1.5564			0.9831	1	0.01761	0.08431	0.313	1	1.00258	1.00	0	0
670034	Scott & White Hospital-Round Rock	12420	12420	12420	12420	45970	48491	7	lurban	lurban	N	0.9417						1	0	0	101	62	0	0	0.04585	0	0.00933	0		0		0	0.257	0.039	0		4623	4520.98	1.8768	1.8581			4529.18	1.875	1.8554			0.9597	1	0.02655	0.09142	0.546	1	1.0072	1.00	0	0
670041	Seton Medical Center Williamson	12420	12420	12420	12420	45970	48491	7	lurban	lurban	N	0.9417						1	0	0	142	87	0	0	0.1352	0	0.02776	0		0		0	0.147	0.009	0		2260	2216.34	1.8073	1.7862			2219.88	1.8215	1.8008			0.9597	1	0.0631	0.03384	0.34	1	1.00275	1.00	0	0
670043	Cedar Park Regional Medical Center	12420	12420	12420	12420	45970	48491	7	lurban	lurban	N	0.9417						1	0	0	93	42	0	0	0.1606	0.00797	0	0.00797	0.000148	969.58	0.000094	564.61	0.133	0.021	0		1366	1334.87	1.4953	1.487			1341.03	1.4937	1.4878			0.9597	1	0.01143	0.04067	0.3	1	0.9994	0.99	0	0
670044	Texas Health Presbyterian Hospital Rockwall	19124	19124	19124	19124	45879	48397	7	lurban	lurban	N	0.9736						1	0	0	50	43	0	0	0.0475	0	0	0		0		0	0.257	0.03	0		1366	1328.97	1.4851	1.4728			1332.39	1.4807	1.4673			0.9818	1	0.00451	0.01045	0.33	1	0.99998	0.99	0	0
670046	Usmd Hospital  At Fort Worth Lp	23104	23104	19124	23104	45910	48439	7	lurban	lurban	W	0.9736						1	0	0	8	1	0	0	0.0018	0	0	0		0		0	0.399	0.046	0		47	47	2.1759	2.1759			47	2.1565	2.1565			0.9818	1	0.37845	0.61591	0.23	1	1	1.00	0	1
670047	Sierra Providence East Medical Center	21340	21340	21340	21340	45480	48141	7	ourban	ourban	N	0.8106						1	0	0	182	118	0	0	0.4725	0.07049	0.10041	0.07049	0.00036	1372.67	0.000283	903.74	0.101	0.011	0		2199	2166.41	1.6337	1.6231			2168.89	1.6409	1.6301			0.8661	1	0.02299	0.04194	0.213	1	0.98962	1.00	0	0
670049	North Central Surgical Center Llp	19124	19124	19124	19124	45390	48113	7	lurban	lurban	N	0.9736						1	0	0	24	8	0	0	0.0056	0	0	0		0		0	0.344	0.031	0		509	502.35	2.514	2.5177			504.63	2.4632	2.4651			0.9818	1	0.00558	0.00685	0.369	1	1	1.00	0	0
670053	St Luke'S Sugar Land Hospital	26420	26420	26420	26420	45530	48157	7	lurban	lurban	N	0.9754						1	0	0	87	49	0	0	0.2726	0.02926	0	0.02926	0.000215	1868.26	0.000131	901.87	0.231	0.053	0		851	827.37	1.7391	1.7015			829.94	1.7377	1.7003			0.9831	1	0.02869	0.20822	0.303	1	1	1.00	1	0
670054	Foundation Surgical Hospital Of San Antonio	41700	41700	41700	41700	45130	48029	7	lurban	lurban	N	0.8538						1	0	0	20	8	0	0	0.0404	0	0	0		0		0	0.123	0.018	0		272	271.33	2.224	2.2236			271.43	2.1979	2.1976			0.8974	1	0.02583	0.09172	0.226	1	1	1.00	0	0
670055	Methodist Stone Oak Hospital	41700	41700	41700	41700	45130	48029	7	lurban	lurban	N	0.8538						1	0	0	140	125	0	0	0.174	0.01015	0.03586	0.01015	0.000197	431.33	0.000135	255.52	0.136	0.017	0		3865	3799.13	1.7547	1.7425			3806.02	1.7509	1.7392			0.8974	1	0.01767	0.03839	0.334	1	1.00347	1.00	0	0
670056	Seton Medical Center Hays	12420	12420	12420	12420	45631	48209	7	lurban	lurban	N	0.9417						1	0	0	112	77	0	0	0.2531	0.02524	0.05259	0.02524	0.000228	950.86	0.000284	968.07	0.156	0.012	0		1886	1839.07	1.7408	1.7295			1842.26	1.7542	1.7436			0.9597	1	0.05755	0.04538	0.322	1	1.00062	0.99	0	0
670058	Memorial Hermann First Colony Hospital	26420	26420	26420	26420	45530	48157	7	lurban	lurban	N	0.9754						1	0	0	7	1	0	0	0.02121	0	0	0	0.000004	5509.49	0.000002	1357.46	1.005	0.02	0		1	1	0.7461	0.7461			1	0.7519	0.7519			0.9831	1	0	0	0.1	1	1	1.00	0	1
670059	St Lukes Lakeside Hospital	26420	26420	26420	26420	45801	48339	7	lurban	lurban	N	0.9754						1	0	0	30	5	0	0	0.02055	0	0	0		0		0	0.277	0.025	0		242	239.8	2.3915	2.3947			240.51	2.3686	2.3712			0.9831	1	0.01818	0.02578	0.277	1	1	1.00	0	0
670060	Baylor Scott And White Medical Center Sunnyvale	19124	19124	19124	19124	45390	48113	7	lurban	lurban	N	0.9736						1	0	0	70	53	0	0	0.3122	0.03	0	0.03	0.000276	1518.04	0.000479	2233.8	0.16	0.019	0		1609	1578.11	1.5456	1.539			1580.63	1.5444	1.5383			0.9818	1	0.005	0.0107	0.317	1	1.00383	1.00	0	1
670061	South Texas Surgical Hospital	18580	18580	18580	18580	45830	48355	7	ourban	ourban	N	0.917						1	0	0	33	8	0	0	0.0546	0	0	0		0		0	0.228	0.041	0		222	220.87	2.0364	2.0349			221.22	1.9894	1.989			0.9424	1	0.00761	0.03831	0.287	1	1.01576	0.97	0	0
670062	Baylor Emergency Medical Center	19124	19124	19124	19124	45410	48121	7	lurban	lurban	N	0.9736						1	0	0	32	0	0	0	0.0481	0	0	0		0		0	0.66	0.02	0		65	62.12	0.9407	0.9316			62.27	0.931	0.9217			0.9818	1	0	0	0.877	1	1	1.00	0	1
670067	Baylor Orthopedic And Spine Hospital At Arlington	23104	23104	19124	23104	45910	48439	7	lurban	lurban	W	0.9736						1	0	0	24	8	0	0	0.0113	0	0	0		0		0	0.221	0.037	0		502	485.98	2.502	2.5145			492.04	2.454	2.461			0.9818	1	0.00827	0.03765	0.308	1	1	1.00	0	0
670068	Texas Health Presbyterian Hospital Flower Mound	19124	19124	19124	19124	45410	48121	7	lurban	lurban	N	0.9736						1	0	0	103	56	0	0	0.2016	0.01464	0.04167	0.01464	0.000121	682.16	0.000105	512.8	0.233	0.031	0		1545	1511.93	1.608	1.6019			1515.76	1.5882	1.5818			0.9818	1	0.01121	0.02975	0.242	1	1.00205	0.98	0	0
670069	Methodist Mckinney Hospital	19124	19124	19124	19124	45310	48085	7	lurban	lurban	N	0.9736						1	0	0	19	7	0	0	0.02845	0	0	0		0		0	0.457	0.034	0		316	313.96	2.6	2.6005			314.05	2.5522	2.5521			0.9818	1	0.05075	0.03308	0.297	1	1	1.00	1	1
670071	Texas Health Heart & Vascular Hospital Arlington	23104	23104	19124	23104	45910	48439	7	lurban	lurban	W	0.9736						1	0	0	48	15	0	0	0.0665	0	0	0		0		0	0.222	0.022	0		424	417.52	2.1989	2.188			418.37	2.2049	2.1947			0.9818	1	0.09113	0.14554	0.409	1	1.00751	0.99	0	0
670073	Methodist Hospital For Surgery	19124	19124	19124	19124	45390	48113	7	lurban	lurban	N	0.9736						1	0	0	32	17	0	0	0.0191	0	0	0		0		0	0.396	0.055	0		610	604.19	2.9529	2.9366			604.37	2.8943	2.8767			0.9818	1	0.01996	0.06683	0.247	1	1.00921	1.00	0	1
670075	St Luke'S Hospital At The Vintage	26420	26420	26420	26420	45610	48201	7	lurban	lurban	N	0.9754						1	0	0	78	44	0	0	0.3946	0.03	0	0.03	0.000185	2218.05	0.000117	1067.05	0.203	0.051	0		572	559.55	1.6054	1.5804			560.96	1.5987	1.575			0.9831	1	0.0109	0.12161	0.186	1	1.00215	1.00	0	0
670076	Baylor Scott And White Surgical Hospital At Sherma	43300	43300	19124	43300	45564	48181	7	ourban	ourban	W	0.9736						1	0	0	14	2	0	0	0.028	0	0	0		0		0	0.31	0.052	0		202	198.43	2.2009	2.1982			199.08	2.1677	2.1642			0.9818	1	0.03569	0.15971	0.381	1	1	0.97	0	0
670077	Houston Methodist West Hospital	26420	26420	26420	26420	45610	48201	7	lurban	lurban	N	0.9754						1	0	0	193	103	0	0	0.2839	0.03159	0.05917	0.03159	0.000409	1170.53	0.000311	771.43	0.198	0.031	0		2988	2910.8	1.7153	1.6964			2918	1.7203	1.7008			0.9831	1	0.03276	0.11813	0.239	1	1.00094	1.00	0	0
670078	Baptist Emergency Hospital	41700	41700	41700	41700	45130	48029	7	lurban	lurban	N	0.8538						1	0	0	42	1	0	0	0.0871	0	0	0		0		0	0.353	0.02	0		173	169.81	0.8841	0.8803			169.95	0.876	0.8724			0.8974	1	0.00234	0	0.75	1	1	1.00	0	1
670080	Seton Medical Center Harker Heights	28660	28660	28660	28660	45120	48027	7	ourban	ourban	N	0.9701						1	0	0	58	29	0	0	0.2949	0.03	0	0.03	0.00017	1062.33	0.000143	750.52	0.21	0.038	0		1343	1274.29	1.5646	1.5523			1281.82	1.5558	1.5455			0.9794	1	0.00791	0.04031	0.362	1	1.00682	1.00	0	0
670082	Baylor Scott And White  Medical Center  Mckinney	19124	19124	19124	19124	45310	48085	7	lurban	lurban	N	0.9736						1	0	0	143	79	0	0	0.1711	0.00968	0.03525	0.00968	0.000295	1074.9	0.000232	827.03	0.284	0.031	0		2657	2590.83	1.4224	1.4137			2595.69	1.4258	1.4177			0.9818	1	0.0324	0.05219	0.271	1	1.00167	1.00	0	0
670083	Texas General Hospital	19124	19124	19124	19124	45390	48113	7	lurban	lurban	N	0.9736						1	0	0	41	3	0	0	0.4113	0.03	0	0.03	0.000193	27484.37	0.000082	8633.44	0.089	0.031	0		48	47.12	1.6055	1.5975			47.2	1.5239	1.5136			0.9818	1	0.37047	4.78205	0.177	1	1	1.00	0	0
670085	Texas Health Harris Methodist Hospital Alliance	23104	23104	19124	23104	45910	48439	7	lurban	lurban	W	0.9736						1	0	0	74	49	0	0	0.1457	0	0	0	0.000187	1436.75	0.000077	598.28	0.213	0.025	0		1239	1207.25	1.4326	1.4227			1210.6	1.426	1.4166			0.9818	1	0.01355	0.03131	0.205	1	1.00754	1.00	0	0
670087	Baylor Scott & White Emergency Medical Center At C	12420	12420	12420	12420	45970	48491	7	lurban	lurban	N	0.9417						1	0	0	8	0	0	0	0.01961	0	0	0		0		0	0.194	0.02	0		6	6	0.8458	0.8458			6	0.8404	0.8404			0.9597	1	0	0	0.51	1	1	1.00	0	0
670088	Baylor Scott & White Medical Center- College Stati	17780	17780	17780	17780	45190	48041	7	ourban	ourban	N	0.8491						1	0	0	116	51	0	0	0.2161	0.01761	0.04473	0.01761	0.000154	626.98	0.000107	404.83	0.285	0.043	0		2324	2265.7	1.8429	1.8364			2270.46	1.8475	1.8408			0.894	1	0.02588	0.09428	0.347	1	1.01298	1.00	0	0
670090	Crescent Medical Center Lancaster	19124	19124	19124	19124	45390	48113	7	lurban	lurban	N	0.9736						1	0	0	92	3	0	0	0.2172	0.01784	0	0.01784		0		0	0.237	0.079	0		133	131.32	1.4878	1.4676			131.43	1.4601	1.441			0.9818	1	0.74632	3.88756	0.317	1	1	1.00	0	1
670092	Walnut Hill Medical Center	19124	19124	19124	19124	45390	48113	7	lurban	lurban	N	0.9736						1	0	0	100	25	0	0	0.0504	0	0.01026	0		0		0	0.28	0.147	0		547	541.42	1.899	1.895			541.96	1.9034	1.9			0.9818	1	0.19645	3.01652	0.538	1	1	1.00	0	0
670093	"Aspire Behavioral Health Of Conroe, Llc"	26420	26420	26420	26420	45801	48339	7	lurban	lurban	N	0.9754						1	0	0	4	0	0	0	0.1466	0	0	0	0	35.19		0	0.176	0.02	0		14	14	0.8972	0.8972			14	0.9052	0.9052			0.9831	1	0	0	1	1	1	1.00	1	0
670094	Little River Healthcare Cameron Hospital	45	45	12420	12420	45795	48331	7	rural	lurban	L	0.925	LUGAR					1	0	0	10	1	0	0	0.0571	0	0	0		0		0	0.724	0.141	0		18	18	1.0712	1.0712			18	1.0731	1.0731			0.948	1	0.21137	0.65573	0.455	1	1	1.00	0	0
670095	Memorial Hermann Tomball Hospital	26420	26420	26420	26420	45610	48201	7	lurban	lurban	N	0.9754						1	0	0	8	0	0	0	0	0	0	0	0.000003	4951.2		0	0.194	0.02	0		3	3	0.8181	0.8181			3	0.8061	0.8061			0.9831	1	0	0	0.688	1	1	1.00	0	1
670096	"Bay Area Regional Medical Center, Llc"	26420	26420	26420	26420	45610	48201	7	lurban	lurban	N	0.9754						1	0	0	104	50	0	0	0.07181	0	0.01465	0		0		0	0.247	0.087	0		1835	1791.32	1.6884	1.6728			1794.68	1.6923	1.6775			0.9831	1	0.1232	1.128	0.37	1	1.00311	1.00	0	0
670097	Baylor Emergency Medical Center	19124	19124	19124	19124	45879	48397	7	lurban	lurban	N	0.9736						1	0	0	8	0	0	0	0	0	0	0		0		0	0.532	0.02	0		15	13.9	0.9709	0.9581			13.95	0.9681	0.9561			0.9818	1	0	0	1	1	1	1.00	0	1
670098	Resolute Health Hospital	41700	41700	41700	41700	45320	48091	7	lurban	lurban	N	0.8672				YES	0.0134	1	0	0	69	31	0	0	0.1213	0	0	0		0		0	0.189	0.082	0		1252	1227.84	1.3525	1.3434			1229.9	1.3572	1.3479			0.907	1	0.04861	0.65024	0.32	1	1.00248	0.99	0	0
670099	Emil J Freireich Cancer Center	26420	26420	26420	26420	45801	48339	7	lurban	lurban	N	0.9754						1	0	0	5	2	0	0	0.19094	0.0129	0	0.0129		0		0	0.418	0.02	0		7	6.83	1.5549	1.5427			6.91	1.5292	1.5231			0.9831	1	0.01765	0	0.556	1	1	1.00	1	1
670102	"Ad Hospital East, Llc"	26420	26420	26420	26420	45610	48201	7	lurban	lurban	N	0.9754						1	0	0	4	1	0	0	0.4643	0.03	0	0.03	0	0		0	0.438	0.051	0		53	52.87	1.8373	1.8352			52.86	1.842	1.8395			0.9831	1	1.73719	2.62923	0.123	1	1	1.00	1	0
670103	Medical City Alliance	23104	23104	19124	23104	45910	48439	7	lurban	lurban	W	0.9736						1	0	0	55	16	0	0	0.2967	0.03	0	0.03	0.000181	5539.82		0	0.163	0.036	0		449	431.96	1.5568	1.5378			433.11	1.5543	1.5348			0.9818	1	0.0402	0.21391	0.095	1	1.00343	1.00	0	0
670106	Pearland Medical Center	26420	26420	26420	26420	45180	48039	7	lurban	lurban	N	0.9754						1	0	0	30	11	0	0	0.3603	0.03	0	0.03	0.000198	5301.76		0	0.149	0.034	0		387	370.09	1.5008	1.4763			372.11	1.5005	1.4756			0.9831	1	0.01528	0.12628	0.186	1	0.99547	1.00	0	0
670107	Baylor Emergency Medical Center	23104	23104	19124	23104	45720	48251	7	lurban	lurban	W	0.9736						1	0	0	16	0	0	0	0.1818	0.01142	0	0.01142		0		0	0.194	0.02	0		27	26.11	0.8899	0.8879			25.97	0.9014	0.8952			0.9818	1	0	0	1	1	1	1.00	0	1
670108	Baylor Scott & White Medical Center - Marble Falls	45	45	45	45	45222	48053	7	rural	rural	N	0.8289				YES	0.0183	1	0	0	45	12	0	0	0.22	0.01841	0	0.01841	0.000123	1473.66		0	0.305	0.089	0		1198	1154.94	1.2871	1.2764			1159.33	1.2829	1.271			0.8794	1	0.00692	0.05292	0.505	1	1.00825	1.00	0	0
670109	Altus Baytown Hospital	26420	26420	26420	26420	45610	48201	7	lurban	lurban	N	0.9754						1	0		14	0	0	0.52699	0	0	0	0		0		0	0.194	0.02	0		11	10.05	1.01	0.9881			10.07	1.0077	0.982			0.9831	1	0	0		1	1	1.00	1	1
670110	First Texas Hospital Carrrollton Llc	19124	19124	19124	19124	45390	48113	7	lurban	lurban	N	0.9736						1	0		18	0	0	0.52699	0.1309	0	0	0		0		0	0.433	0.02	0		111	109.14	1.3984	1.4011			109.3	1.3876	1.3907			0.9818	1	0.03145	0		1	1	1.00	0	0
670112	Cumberland Surgical Hospital	41700	41700	41700	41700	45130	48029	7	lurban	lurban	N	0.8538						1	0		26	3	0	0.52699	0.0636	0	0	0		0		0	0.225	0.056	0		144	142.86	2.262	2.257			143.08	2.2355	2.23			0.8974	1	0.07125	0.52581	0.39	1	1	1.00	1	0
670114	Weimar Medical Center	45	45	45	45	45312	48089	7	rural	rural	N	0.8106						1	0		38	1	0	0.52699	0.0571	0	0	0		0		0	0.289	0.02	0		48	48	0.9949	0.9949			48	0.9955	0.9955			0.8661	1	0	0	0.611	1	1	1.00	1	0
670115	Cleveland Emergency Hospital	26420	26420	26420	26420	45757	48291	7	lurban	lurban	N	0.9754						1	0		4	2	0	0.52699	0.2	0.01438	0	0.01438		0		0	0.283	0.061	0		1	1	1.2673	1.2673			1	1.294	1.294			0.9831	1	0.43919	1.97767	0.081	1	1	1.00	1	0
670116	Wise Health System	23104	23104	23104	23104	45910	48439	7	lurban	lurban	N	0.9681				YES	0.0089	1	0		12	3	0	0.52699	0	0	0	0		0		0	0.579	0.053	0		90	89.88	2.763	2.7654			89.91	2.7645	2.7664			0.978	1	2.3334	2.21128	0.171	1	1	1.00	0	0
670117	Texas General Hospital- Vzrmc Lp	45	45	19124	19124	45947	48467	7	rural	lurban	L	0.9736	LUGAR					1	0		1	0	0	0.52699	0	0	0	0		0		0	0.19	0.019	0		11	10.85	0.9462	0.9361			10.83	0.9372	0.9239			0.9818	1	1.85028	2.08964		1	1	1.00	0	0
670118	First Texas Hospital	26420	26420	26420	26420	45610	48201	7	lurban	lurban	N	0.9754						1	0		14	0	0	0.52699	0.0422	0	0	0		0		0	0.334	0.02	0		25	23.81	1.0181	0.9917			23.89	1.0095	0.9845			0.9831	1	0	0		1	1	1.00	0	0
670119	Providence Hospital Of North Houston Llc	26420	26420	26420	26420	45610	48201	7	lurban	lurban	N	0.9754						1	0		16	0	0	0.52699	0	0	0	0		0		0	0.194	0.02	0		26	25.83	2.0265	2.0264			25.91	1.995	1.9951			0.9831	1	0.12864	0.10565		1	1	1.00	0	0
670120	The Hospitals Of Providence Transmountain Campus	21340	21340	21340	21340	45480	48141	7	ourban	ourban	N	0.8106						1	0		106	0	0	0.52699	0	0	0	0		0		0	0.194	0.02	0		534	524.1	1.4612	1.454			524.19	1.474	1.4656			0.8661	1	0.28338	0.30956		1	1	1.00	0	0
670121	Saint Camillus Medical Center	23104	23104	23104	23104	45910	48439	7	lurban	lurban	N	0.9681				YES	0.0089	1	0		23	0	0	0.52699	0	0	0	0		0		0	0.194	0.02	0		3	3	3.2205	3.2205			3	3.2486	3.2486			0.978	1	0.00833	0		1	1	1.00	0	0
670122	Houston Methodist The Woodlands Hospital	26420	26420	26420	26420	45801	48339	7	lurban	lurban	N	0.9754						1	0		139	0	0	0.52699	0	0	0	0		0		0	0.194	0.02	0		213	207.03	1.9885	1.9769			207.3	1.9893	1.974			0.9831	1	0.01882	0.00755		1	1	1.00	0	0
																																																									
																																																									
