FY 2020 IPPS Impact File -  Final Rule (August 2019)																																																								
Provider Number	Name	Geographic Labor Market Area	Pre-Reclass Labor Market Area	Post Reclass Labor Market Area	Payment Labor Market Area (for purposes of Capital and DSH)	FIPS County Code	Region	URGEO	URSPA	RECLASS	FY 2020 Wage Index	LUGAR	Section 401 Hospital	Section 401 or LUGAR Hospitals with a MGCRB Wage Index Reclass	Section  505 Eligible	Section 505 Adjustment	Cost of Living Adjustment	Resident to Bed Ratio	RDAY	Beds	Average Daily Census	TCHOP	TCHCP	DSHPCT	DSHOPP	DSHCPP	DSH_LY	UCP_ADJ	UCP Per Claim Amount	UCP_ADJ_LY	UCP Per Claim Amount LY	Operating CCR	Capital CCR	Provider Type	HSP Rate	Bills	CASETA36	CMIV36	TACMIV36	IME_CASETA36	IME_TACMIV36	CASETA37	CMIV37	TACMIV37	IME_CASETA37	IME_TACMIV37	GAF	Capital Cost of Living Adjustment	OUT19F	COUT19F	Medicare Percentage	Low Volume Hospital Adjustment	Proxy Value Based Purchasing Adjustment Factor	Proxy Readmission Adjustment Factor	Proxy Quality Reduction	Proxy EHR Reduction
010001	Southeast Alabama Medical Center	20020	20020	10	01	01069	5	ourban	rural	S	0.9485		YES	YES	N		1	0.0383	0	387	259	0.02071	0	0.2943	0.03374	0	0.03374	0.000676	717.64	0.000652	651.39	0.18	0.013	7		6943	6826.42	1.9103	1.8936	290.88	2.2382	6833.13	1.9099	1.8935	291.13	2.2417	0.9644	1	0.00922	0.00886	0.45372	1	0.99273	0.9916	0	0
010005	Marshall Medical Center South	01	01	26620	01	01095	5	rural	rural	W	0.8131				N		1	0	0	204	101	0	0	0.2907	0.03299	0	0.03299	0.000357	867.25	0.000311	709.31	0.327	0.04	7		3048	3006.16	1.3822	1.3768			3009.29	1.3822	1.3770			0.8679	1	0.00594	0.01584	0.45297	1	0.99297	0.9954	0	0
010006	North Alabama Medical Center	22520	22520	26620	01	01077	5	ourban	rural	S	0.8131		YES	YES	N		1	0	0	358	160	0	0	0.2433	0.02322	0	0.02322	0.000272	410.44	0.000269	385.6	0.169	0.01	7		5125	5060.52	1.7372	1.7325			5064.61	1.7421	1.7374			0.8679	1	0.00695	0.00389	0.46476	1	0.99173	0.9849	0	0
010007	Mizell Memorial Hospital	01	01	01	01	01039	5	rural	rural	N	0.7543				N		1	0	0	45	12	0	0	0.1614	0.0081	0	0.0081	0.000044	520.34	0.000034	379.66	0.354	0.039	14	4282.04	675	664.14	1.1239	1.1211			664.81	1.1243	1.1217			0.8244	1	0.00254	0.00484	0.6972	1.19856	0.9922	0.9917	0	1
010008	Crenshaw Community Hospital	01	01	01	01	01041	5	rural	rural	N	0.7543				N		1	0	0	29	3	0	0	0.2487	0.02433	0	0.02433	0.000001	38.19	0.000055	2127.11	0.275	0.025	0		166	165.26	1.0683	1.0674			165.37	1.0593	1.0583			0.8244	1	0	0	0.67891	1.25	1	0.9995	0	0
010011	St Vincent's East	13820	13820	13820	13820	01073	5	lurban	lurban	N	0.8127				N		1	0.0478	0.0626	312	235	0.02577	0.01782	0.2636	0.02741	0.05483	0.02741	0.00045	1078.2	0.000446	962.36	0.183	0.007	0		2866	2840.84	1.8564	1.8467	2582.27	1.8273	2842.42	1.8565	1.8473	2583.75	1.8286	0.8676	1	0.04173	0.01075	0.26045	1	0.99505	0.9985	0	0
010012	Dekalb Regional Medical Center	01	01	01	01	01049	5	rural	rural	N	0.7543				N		1	0	0	97	29	0	0	0.3597	0.03	0	0.03	0.000126	1008.41		0	0.125	0.006	16	5470.81	1033	1004.33	1.4001	1.3906			1005.20	1.3993	1.3893			0.8244	1	0.00637	0.00333	0.39473	1.04992	0.99441	0.9954	0	0
010016	Shelby Baptist Medical Center	13820	13820	13820	13820	01117	5	lurban	lurban	N	0.8127				N		1	0	0	212	127	0	0	0.2227	0.01897	0.04613	0.01897	0.0004	1153.08	0.000347	941.53	0.132	0.008	0		2606	2543.18	1.7495	1.7364			2546.14	1.7494	1.7367			0.8676	1	0.01661	0.00974	0.27877	1	0.99692	0.9985	0	0
010018	Uab Callahan Eye Hospital Authority	13820	13820	13820	13820	01073	5	lurban	lurban	N	0.8127				N		1	0.6183	1.5	12	1	0.2906	0.52699	0.08812069	0	0	0		0		0	1.044	0.017	0		34	34.00	1.2564	1.2564	15.00	1.4392	34.00	1.3245	1.3245	15.00	1.5285	0.8676	1	0.40136	0	0.59483	1	1	1.0000	0	0
010019	Helen Keller Memorial Hospital	22520	22520	22520	22520	01033	5	ourban	ourban	N	0.7543				N		1	0	0	185	65	0	0	0.3123	0.03745	0.06528	0.03745	0.000254	764.33	0.000231	686.11	0.242	0.011	0		2906	2875.19	1.3752	1.3714			2877.69	1.3747	1.3711			0.8244	1	0.00341	0.00078	0.4383	1	0.99932	0.9906	0	1
010021	Dale Medical Center	01	01	01	01	01045	5	rural	rural	N	0.7543				N		1	0	0	77	22	0	0	0.4291	0.03	0	0.03	0.000072	1044.75	0.000073	921.78	0.413	0.017	0		446	432.82	1.3196	1.3013			433.50	1.3220	1.3041			0.8244	1	0.00926	0.0025	0.44705	1.17197	0.9965	0.9984	0	0
010022	Floyd Cherokee Medical Center	01	01	12060	40660	01019	5	rural	ourban	L	0.9119	LUGAR			N		1	0	0	45	7	0	0	0.3983	0.03	0	0.03	0.000017	730.09	0.000022	618.25	0.289	0.016	0		58	56.82	0.9026	0.8968			56.88	0.8956	0.8903			0.9388	1	0	0	0.41725	1.22296	1.01868	0.9999	0	0
010023	Baptist Medical Center South	33860	33860	33860	33860	01101	5	ourban	ourban	N	0.8008				N		1	0.1208	0.1765	329	235	0.06382	0.05107	0.4053	0.05663	0.08554	0.05663	0.000763	1311.48	0.000723	1227.44	0.233	0.013	0		4353	4283.56	1.8582	1.8452	724.46	2.2792	4287.61	1.8615	1.8490	725.03	2.2749	0.8589	1	0.04313	0.02413	0.28064	1	0.99505	0.9886	0	0
010024	Jackson Hospital & Clinic Inc	33860	33860	13820	01	01101	5	ourban	rural	S	0.8042		YES	YES	N		1	0	0	241	188	0	0	0.2772	0.03021	0	0.03021	0.000398	769.7	0.000388	706.79	0.172	0.016	7		4002	3964.21	1.8427	1.8242			3966.73	1.8424	1.8244			0.8614	1	0.02204	0.03236	0.36897	1	0.99766	0.9860	0	0
010029	East Alabama Medical Center	12220	12220	17980	12220	01081	5	ourban	ourban	W	0.798				N		1	0	0	315	196	0	0	0.3083	0.03662	0.06442	0.03662	0.00077	1202.31	0.00057	820.98	0.405	0.042	7		4771	4705.97	1.7497	1.7469			4707.72	1.7543	1.7514			0.8568	1	0.02208	0.0396	0.45264	1	1.00074	0.9832	0	0
010033	University Of Alabama Hospital	13820	13820	13820	13820	01073	5	lurban	lurban	N	0.8127				N		1	0.2972	0.3968	1054	830	0.15004	0.11849	0.3603	0.04735	0.07569	0.04735	0.003883	2652.48	0.002904	1936.44	0.209	0.013	0		11261	11063.67	2.3711	2.3592	4984.22	2.2302	11076.49	2.3819	2.3698	4990.18	2.2459	0.8676	1	0.14089	0.10309	0.25762	1	1.00773	0.9971	0	0
010034	Community Hospital Inc	33860	33860	33860	33860	01051	5	ourban	ourban	N	0.8008				N		1	0	0	37	14	0	0	0.2642	0.02753	0	0.02753	0.000058	1151.88	0.000047	824.32	0.513	0.046	0		314	307.33	1.1693	1.1580			307.73	1.1645	1.1535			0.8589	1	0	0	0.4807	1.20371	1.00522	0.9978	0	0
010035	Cullman Regional Medical Center	01	01	13820	01	01043	5	rural	rural	W	0.8042				N		1	0	0	115	75	0	0	0.2105	0.01645	0	0.01645		0		0	0.219	0.023	17	6766.61	3027	2978.34	1.3690	1.3575			2981.26	1.3706	1.3593			0.8614	1	0.01296	0.02167	0.45879	1	0.99541	0.9793	0	0
010036	Andalusia Health	01	01	01	01	01039	5	rural	rural	N	0.7543				N		1	0	0	88	28	0	0	0.369	0.03	0	0.03	0.000063	383.23	0.000073	440.76	0.142	0.012	0		1348	1316.67	1.3228	1.3061			1318.59	1.3173	1.3021			0.8244	1	0.00364	0.00513	0.49805	1.0525	1.00911	0.9912	0	0
010038	Stringfellow Memorial Hospital	11500	11500	11500	11500	01015	5	ourban	ourban	N	0.8147				N		1	0	0	125	34	0	0	0.2018	0.01467	0.04171	0.01467	0.000092	612.11	0.000076	445.14	0.098	0.009	0		1016	1005.97	1.2944	1.2892			1007.04	1.2955	1.2905			0.8691	1	0.00642	0.01264	0.48297	1	1.00994	0.9914	0	0
010039	Huntsville Hospital	26620	26620	26620	26620	01089	5	ourban	ourban	N	0.8362				N		1	0.0674	0.1054	863	633	0.03614	0.03019	0.2602	0.0267	0.0541	0.0267	0.001818	977.88	0.001605	847.13	0.178	0.009	0		14852	14741.08	1.8687	1.8638	4044.15	1.9438	14749.59	1.8735	1.8688	4046.73	1.9459	0.8847	1	0.04764	0.01846	0.34875	1	0.99403	0.9930	0	0
010040	Gadsden Regional Medical Center	23460	23460	13820	23460	01055	5	ourban	ourban	W	0.8042				N		1	0	0	225	184	0	0	0.2837	0.03155	0.05913	0.03155	0.000397	727.42	0.00041	695.11	0.077	0.006	0		4096	4040.03	1.7852	1.7720			4044.00	1.7883	1.7748			0.8614	1	0.02294	0.02534	0.40642	1	0.99643	0.9779	0	0
010044	Marion Regional Medical Center	01	01	13820	01	01093	5	rural	rural	W	0.8042				N		1	0	0	36	4	0	0	0.1503	0.0063	0	0.0063	0.000054	1314.32	0.00004	1104.86	0.239	0.017	14	5663.78	340	330.19	1.0895	1.0802			330.88	1.0807	1.0712			0.8614	1	0	0	0.69927	1.25	1.0183	1.0000	0	0
010045	Fayette Medical Center	01	01	46220	01	01057	5	rural	rural	W	0.8048				N		1	0	0	42	8	0	0	0.1991	0.01423	0	0.01423	0.000054	1051.74	0.000042	715.05	0.546	0.032	14	5177.94	392	379.75	1.1393	1.1339			380.46	1.1347	1.1287			0.8618	1	0.01584	0.01054	0.695	1.22492	1.01299	0.9880	0	0
010046	Riverview Regional Medical Center	23460	23460	23460	23460	01055	5	ourban	ourban	N	0.7653				Y	0.0149	1	0	0	255	80	0	0	0.2465	0.02388	0.05118	0.02388	0.000152	428.32		0	0.096	0.01	0		2714	2666.51	1.6777	1.6665			2668.96	1.6778	1.6670			0.8326	1	0.01207	0.0258	0.46834	1	1.00837	0.9791	0	0
010047	Georgiana Medical Center	01	01	01	01	01013	5	rural	rural	N	0.7693				Y	0.0299	1	0	0	22	4	0	0	0.193	0.01324	0	0.01324	0.000029	756.69	0.000021	498.01	0.629	0.053	14	3174.09	309	304.63	0.8961	0.8900			304.55	0.8963	0.8901			0.8356	1	0	0	0.70006	1.24909	1	0.9932	0	0
010049	Medical Center Enterprise	01	01	01	01	01031	5	rural	rural	N	0.7543				N		1	0	0	117	23	0	0	0.3705	0.03	0	0.03	0.000084	718.4	0.000082	684.03	0.127	0.011	0		938	900.05	1.3659	1.3551			902.78	1.3628	1.3530			0.8244	1	0.0119	0.01679	0.30168	1.02833	1.00271	0.9946	0	0
010051	Greene County Hospital	01	01	01	01	01063	5	rural	rural	N	0.7543				N		1	0	0	20	2	0	0	0.4478	0.03	0	0.03	0.000045	4432.48	0.000032	2323.35	1.012	0.065	0		74	71.84	0.9233	0.9085			71.94	0.9204	0.9057			0.8244	1	0	0	0.47765	1.25	1	0.9979	1	1
010052	Lake Martin Community Hospital	01	01	01	01	01123	5	rural	rural	N	0.7696				Y	0.0305	1	0	0	46	4	0	0	0.2688	0.02848	0	0.02848	0.000044	1192	0.000031	758.7	0.525	0.055	14	3704.67	279	270.87	0.9962	0.9876			271.62	0.9952	0.9869			0.8358	1	0	0	0.60381	1.24273	1	1.0000	0	0
010055	Flowers Hospital	20020	20020	37460	01	01069	5	ourban	rural	S	0.8058		YES	YES	N		1	0	0	235	136	0	0	0.2178	0.01796	0	0.01796	0.000225	392.31	0.000283	485.97	0.112	0.009	7		4448	4387.62	1.8983	1.8865			4391.67	1.8944	1.8826			0.8626	1	0.02118	0.02705	0.46756	1	0.99569	0.9955	0	0
010056	St Vincent's Birmingham	13820	13820	13820	13820	01073	5	lurban	lurban	N	0.8127				N		1	0.0029	0.0063	409	266	0.00158	0.00178	0.172	0.00983	0.03544	0.00983	0.000478	726.49	0.000381	539.26	0.219	0.014	0		4755	4698.62	1.9699	1.9649	931.69	2.0012	4702.43	1.9689	1.9640	932.28	2.0013	0.8676	1	0.05811	0.0365	0.27615	1	1.00019	0.9935	0	0
010058	Bibb Medical Center	13820	13820	13820	13820	01007	5	lurban	lurban	N	0.8127				N		1	0	0	25	5	0	0	0.3305	0.03	0	0.03	0.000048	2768.5	0.000035	1739.31	0.62	0.082	0		137	135.22	0.9643	0.9600			135.28	0.9648	0.9605			0.8676	1	0	0	0.35419	1.24871	1	1.0000	1	0
010059	Lawrence Medical Center	19460	19460	19460	19460	01079	5	ourban	ourban	N	0.7615				N		1	0	0	43	6	0	0	0.2622	0.02712	0	0.02712	0.000019	486.45	0.000025	588.41	0.401	0.022	0		284	273.75	1.1700	1.1589			274.24	1.1643	1.1532			0.8298	1	0	0	0.65575	1.23947	1	0.9970	0	0
010061	Highlands Medical Center	01	01	16860	01	01071	5	rural	rural	W	0.8383				N		1	0	0	170	30	0	0	0.3531	0.03	0	0.03	0.000143	961.79	0.000124	720.68	0.337	0.016	16	2085.97	1013	997.65	1.2210	1.2114			998.48	1.2189	1.2095			0.8862	1	0	0	0.55924	1.0025	0.99906	0.9911	0	0
010062	Wiregrass Medical Center	20020	20020	01	01	01061	5	ourban	rural	S	0.7543		YES		N		1	0	0	73	13	0	0	0.2408	0.0227	0	0.0227	0.000034	506.7	0.000036	516.27	0.317	0.021	0		520	515.87	1.1893	1.1846			516.27	1.1860	1.1818			0.8244	1	0.00144	0.00056	0.6121	1.20462	0.99782	0.9937	0	1
010065	Russell Medical Center	01	01	13820	01	01123	5	rural	rural	W	0.8042				N		1	0	0	43	28	0	0	0.3044	0.03582	0	0.03582	0.0001	633.43	0.000088	504.86	0.34	0.033	7		1026	996.76	1.3485	1.3400			998.32	1.3461	1.3375			0.8614	1	0.00626	0.0125	0.48289	1.05599	0.99792	0.9786	0	0
010069	Medical Center Barbour	01	01	01	01	01005	5	rural	rural	N	0.7543				N		1	0	0	30	11	0	0	0.2555	0.02573	0	0.02573		0		0	0.245	0.017	16	5689.57	427	418.02	1.1412	1.1299			418.34	1.1416	1.1302			0.8244	1	0.00481	0.00393	0.55896	1.20591	1.00408	0.9976	0	0
010073	Clay County Hospital	01	01	01	01	01027	5	rural	rural	N	0.7543				N		1	0	0	46	15	0	0	0.4563	0.06715	0	0.06715	0.000034	528.08	0.000043	607.64	0.561	0.03	14	4041.31	503	489.11	1.1728	1.1678			488.16	1.2446	1.2373			0.8244	1	0.03751	0.0233	0.596	1.19447	1.00181	0.9978	0	0
010078	Northeast Alabama Regional Medical Center	11500	11500	11500	01	01015	5	ourban	rural	S	0.8147		YES		N		1	0	0	251	141	0	0	0.3254	0.04015	0	0.04015	0.000457	851.34	0.000382	663.01	0.125	0.009	7		4040	4001.94	1.6492	1.6428			4004.85	1.6474	1.6411			0.8691	1	0.01364	0.01377	0.47116	1	0.99842	0.9850	0	0
010079	Athens Limestone Hospital	26620	26620	26620	26620	01083	5	ourban	ourban	N	0.8362				N		1	0	0	71	41	0	0	0.2798	0.03	0	0.03	0.00016	810.27	0.000134	639.77	0.278	0.017	0		1489	1452.92	1.5485	1.5391			1454.46	1.5415	1.5326			0.8847	1	0.00592	0.00307	0.4523	1	1.00105	0.9937	0	0
010083	South Baldwin Regional Medical Center	19300	19300	37860	19300	01003	5	ourban	ourban	W	0.8312				N		1	0.0717	0	112	69	0.0384	0	0.214	0.01718	0.04429	0.01718	0.000202	793.44	0.000168	644.48	0.089	0.008	7		2027	1985.32	1.6015	1.5895	192.25	1.5961	1987.99	1.5852	1.5745	192.50	1.6007	0.8811	1	0.0045	0.00744	0.3634	1	1.01001	0.9915	0	0
010085	Decatur Morgan Hospital-Decatur Campus	19460	19460	26620	19460	01103	5	ourban	ourban	W	0.8131				N		1	0	0	194	115	0	0	0.2209	0.0186	0.04575	0.0186	0.000335	697.84	0.000296	575.54	0.293	0.015	0		3722	3670.62	1.4932	1.4808			3674.39	1.4944	1.4824			0.8679	1	0.02089	0.00828	0.50552	1	0.99749	0.9829	0	0
010086	Northwest Medical Center	01	01	01	01	01093	5	rural	rural	N	0.7543				N		1	0	0	61	11	0	0	0.1928	0.01321	0	0.01321	0.000033	482.75	0.000028	335.24	0.197	0.015	14	4747.09	486	472.06	1.0085	0.9979			473.17	1.0027	0.9926			0.8244	1	0	0	0.64566	1.20114	0.9982	1.0000	0	0
010087	University Of South Alabama Medical Center	33660	33660	33660	33660	01097	5	ourban	ourban	N	0.8012				N		1	0.9808	1.1416	144	117	0.43055	0.3801	0.4773	0.07148	0.10148	0.07148	0.000647	3973.51	0.000541	3579.73	0.381	0.015	0		1462	1445.39	2.0715	2.0574	576.55	2.0741	1446.06	2.0867	2.0729	576.73	2.0987	0.8592	1	0.03891	0.01004	0.17959	1	0.99195	0.9989	0	0
010089	Walker Baptist Medical Center	13820	13820	13820	13820	01127	5	lurban	lurban	N	0.8127				N		1	0	0	145	61	0	0	0.3122	0.03743	0.06526	0.03743	0.000268	1199.98	0.000234	956.55	0.152	0.007	16	5892.74	1694	1662.52	1.4018	1.3939			1664.70	1.4011	1.3931			0.8676	1	0.01331	0.00379	0.33344	1	0.99571	0.9966	0	0
010090	Providence Hospital	33660	33660	33660	33660	01097	5	ourban	ourban	N	0.8012				N		1	0.0024	0.0061	349	204	0.00131	0.00172	0.2151	0.0174	0.04452	0.0174	0.000404	786.48	0.000311	549.37	0.264	0.018	0		3708	3654.06	1.8224	1.8096	2215.32	1.7319	3656.54	1.8220	1.8086	2216.73	1.7316	0.8592	1	0.01548	0.01082	0.31143	1	0.99588	0.9876	0	0
010091	Grove Hill Memorial Hospital	01	01	01	01	01025	5	rural	rural	N	0.7543				N		1	0	0	21	7	0	0	0.4995	0.03	0	0.03	0.000038	1433.69	0.000038	1270.44	0.314	0.037	0		166	158.90	1.0261	0.9981			159.27	1.0224	0.9941			0.8244	1	0	0	0.28248	1	0.99574	0.9941	0	0
010092	D C H Regional Medical Center	46220	46220	46220	01	01125	5	ourban	rural	S	0.8282		YES		N		1	0.0902	0.1088	520	403	0.04805	0.03118	0.3486	0.04494	0	0.04494	0.000951	714.19	0.000993	693.23	0.233	0.016	17	5834.02	9887	9731.12	1.6638	1.6554	3073.95	1.6653	9738.96	1.6610	1.6525	3075.89	1.6605	0.8789	1	0.02081	0.01671	0.41969	1	0.98917	0.9904	0	0
010095	Hale County Hospital	46220	46220	46220	46220	01065	5	ourban	ourban	N	0.8282				N		1	0	0	28	4	0	0	0.3139	0.03	0	0.03	0.000032	1370.56	0.000024	1026.17	0.802	0.1	0		209	206.25	0.9608	0.9578			206.38	0.9618	0.9590			0.8789	1	0	0	0.45073	1.25	1	1.0000	0	1
010097	Elmore Community Hospital	33860	33860	33860	33860	01051	5	ourban	ourban	N	0.8008				N		1	0	0	33	8	0	0	0.375	0.03	0	0.03	0.000035	911.75	0.000032	764.81	0.563	0.015	0		280	273.05	1.1802	1.1756			272.34	1.2640	1.2571			0.8589	1	0	0	0.44687	1.2303	1.00446	1.0000	0	0
010099	D W Mcmillan Memorial Hospital	01	01	01	01	01053	5	rural	rural	N	0.7543				N		1	0	0	49	16	0	0	0.34	0.03	0	0.03	0.000063	890.38	0.00006	764.75	0.45	0.047	0		560	548.09	1.0528	1.0421			548.58	1.0462	1.0359			0.8244	1	0	0	0.38555	1.16553	1.00356	0.9989	0	1
010100	Thomas Hospital	19300	19300	37860	19300	01003	5	ourban	ourban	W	0.8312				N		1	0	0	129	95	0	0	0.1523	0.00662	0.03132	0.00662	0.000213	550.67	0.000176	457.9	0.325	0.03	7		3150	3093.31	1.7906	1.7822			3096.48	1.7961	1.7873			0.8811	1	0.01075	0.0162	0.40622	1	1.00562	0.9869	0	0
010101	Citizens Baptist Medical Center	01	01	13820	13820	01121	5	rural	lurban	L	0.8042	LUGAR			N		1	0	0	81	21	0	0	0.4159	0.03	0	0.03	0.000133	1633.44	0.00011	1198.01	0.187	0.008	7		548	529.36	1.2339	1.2245			530.01	1.2331	1.2238			0.8614	1	0.00064	0	0.35162	1.10508	0.99806	0.9973	0	0
010102	J Paul Jones Hospital	01	01	01	01	01131	5	rural	rural	N	0.7543				N		1	0	0	21	2	0	0	0.4399	0.03	0	0.03	0.000021	2039.7	0.000013	1184.52	0.825	0.025	16	2750.53	89	86.27	0.8762	0.8658			86.52	0.8764	0.8667			0.8244	1	0	0	0.49065	1.25	1	1.0000	0	0
010103	Princeton Baptist Medical Center	13820	13820	13820	13820	01073	5	lurban	lurban	N	0.8127				N		1	0.1896	0.2472	273	185	0.09834	0.07225	0.2411	0.02276	0.05003	0.02276	0.000448	914.98	0.000459	911.21	0.133	0.007	0		3897	3827.89	2.2541	2.2270	2928.58	2.1105	3831.51	2.2664	2.2396	2931.29	2.1127	0.8676	1	0.03215	0.01136	0.32488	1	0.99361	0.9946	0	0
010104	Grandview Medical Center	13820	13820	13820	13820	01073	5	lurban	lurban	N	0.8127				N		1	0.1025	0.2163	350	240	0.05442	0.06294	0.1931	0.01325	0.03988	0.01325	0.000535	901.65	0.000317	620.55	0.084	0.009	0		5209	5158.62	1.9861	1.9790	3006.32	1.9914	5162.40	1.9863	1.9792	3008.24	1.9941	0.8676	1	0.03891	0.07664	0.31013	1	1.00252	0.9718	0	0
010108	Prattville Baptist Hospital	33860	33860	33860	33860	01001	5	ourban	ourban	N	0.8008				N		1	0	0	50	39	0	0	0.213	0.01697	0	0.01697	0.000144	1018.15	0.000098	659.92	0.23	0.013	0		1038	1014.11	1.1659	1.1544			1015.26	1.1650	1.1535			0.8589	1	0.0102	0.00693	0.39775	1	1.00133	0.9993	0	0
010109	Pickens County Medical Center	46220	46220	46220	46220	01107	5	ourban	ourban	N	0.8282				N		1	0	0	40	4	0	0	0.252	0.02501	0	0.02501		0		0	0.646	0.078	16	7800.71	247	241.23	1.0056	1.0030			241.61	1.0038	1.0013			0.8789	1	0	0.0034	0.56029	1.25	1	1.0000	0	1
010110	Bullock County Hospital	01	01	01	01	01011	5	rural	rural	N	0.7543				N		1	0	0	30	8	0	0	0.4435	0.03	0	0.03	0.000039	1429.92	0.000046	1348.93	0.299	0.02	16	2692.5	168	165.99	1.0687	1.0660			165.42	1.1342	1.1288			0.8244	1	0	0	0.40404	1.24129	1	1.0000	0	0
010112	Bryan W. Whitfield Memorial Hospital	01	01	01	01	01091	5	rural	rural	N	0.7543				N		1	0	0	89	18	0	0	0.6322	0.03	0	0.03	0.000105	1511	0.000107	1156.27	0.7	0.047	16	5388.2	471	464.12	1.1259	1.1244			463.98	1.1778	1.1759			0.8244	1	0.00277	0.00244	0.47621	1.15735	0.99707	0.9992	0	0
010113	Mobile Infirmary Medical Center	33660	33660	33660	33660	01097	5	ourban	ourban	N	0.8012				N		1	0.0084	0.025	601	392	0.00458	0.00708	0.2968	0.03425	0.06194	0.03425	0.000654	699.27	0.00072	728.61	0.32	0.016	0		7028	6958.76	1.9155	1.8958	5084.50	1.9687	6961.76	1.9194	1.8994	5087.99	1.9744	0.8592	1	0.03588	0.01161	0.33692	1	0.99856	0.9942	0	0
010114	"Medical West, An Affiliate Of Uab Health System"	13820	13820	13820	13820	01073	5	lurban	lurban	N	0.8127				N		1	0	0	187	90	0	0	0.2169	0.01777	0.0449	0.01777	0.000337	1722.58	0.000262	1334.54	0.177	0.014	0		1592	1570.80	1.5540	1.5462			1571.65	1.5298	1.5218			0.8676	1	0.01477	0.01525	0.29685	1	1.00166	0.9986	0	0
010118	Vaughan Regional Medical Center Parkway Campus	01	01	46220	01	01047	5	rural	rural	W	0.8048				N		1	0.0725	0.2501	163	45	0.03882	0.07313	0.5793	0.09252	0	0.09252	0.000122	579.53	0.000171	770.6	0.108	0.01	17	5228.88	1653	1604.97	1.3486	1.3254	398.03	1.3478	1606.83	1.3501	1.3271	398.84	1.3507	0.8618	1	0.00355	0.0053	0.35244	1	1.0042	0.9965	0	0
010120	Monroe County Hospital	01	01	01	01	01099	5	rural	rural	N	0.7543				N		1	0	0	49	9	0	0	0.3653	0.03	0	0.03	0.000059	1106.03	0.000039	672.51	0.407	0.048	16	4608.95	419	404.97	1.0758	1.0649			405.70	1.0725	1.0615			0.8244	1	0	0.00219	0.42702	1.20159	1.00958	0.9982	0	0
010125	Lakeland Community Hospital	01	01	13820	01	01133	5	rural	rural	W	0.8042				N		1	0	0	50	15	0	0	0.3042	0.03578	0	0.03578	0.000034	366.63	0.000032	317.46	0.225	0.014	14	2419.66	649	641.21	1.0237	1.0217			640.90	1.0264	1.0230			0.8614	1	0	0	0.63596	1.1828	1.00351	1.0000	0	0
010126	Troy Regional Medical Center	01	01	33860	01	01109	5	rural	rural	W	0.8008				N		1	0	0	97	18	0	0	0.3574	0.03	0	0.03	0.000074	1097.3	0.000051	670.86	0.229	0.018	0		536	522.12	1.3887	1.3698			522.54	1.3963	1.3823			0.8589	1	0.00001	0.00025	0.41447	1.16265	0.98683	0.9946	0	1
010128	Jackson Medical Center	01	01	01	01	01025	5	rural	rural	N	0.7543				N		1	0	0	35	9	0	0	0.4707	0.03	0	0.03	0.000036	917.04	0.000027	706.74	0.617	0.046	0		315	309.47	0.9702	0.9663			309.18	0.9974	0.9920			0.8244	1	0	0	0.35706	1	0.99214	0.9970	0	0
010129	North Baldwin Infirmary	19300	19300	19300	19300	01003	5	ourban	ourban	N	0.7999				Y	0.014	1	0	0	55	16	0	0	0.2982	0.03	0	0.03	0.000087	1586.75	0.000069	1181.27	0.358	0.042	0		377	363.62	1.3644	1.3540			364.29	1.3642	1.3535			0.8582	1	0	0	0.31354	1.15023	0.99948	0.9830	0	0
010130	St Vincent's St Clair	13820	13820	13820	13820	01115	5	lurban	lurban	N	0.8127				N		1	0	0	40	20	0	0	0.127199125	0	0	0		0		0	0.195	0.019	0		563	553.94	1.0633	1.0574			554.42	1.0571	1.0527			0.8676	1	0	0	0.37653	1.14947	1.00939	1.0000	0	0
010131	Crestwood Medical Center	26620	26620	26620	26620	01089	5	ourban	ourban	N	0.8362				N		1	0	0	175	118	0	0	0.1739	0.01013	0.03584	0.01013	0.000274	562.83	0.000191	381.17	0.075	0.007	0		3723	3691.17	1.8251	1.8203			3693.08	1.8150	1.8100			0.8847	1	0.01414	0.02268	0.4118	1	0.99709	0.9700	0	0
010138	Hill Hospital Of Sumter County	01	01	01	01	01119	5	rural	rural	N	0.7543				N		1	0	0	33	10	0	0	0.9823	0.03	0	0.03	0.00001	643.03	0.000013	642.88	0.294	0.035	0		92	91.46	0.8113	0.8113			91.51	0.8173	0.8174			0.8244	1	0	0	0.43166	1.24583	1	1.0000	0	1
010139	Brookwood Baptist Medical Center	13820	13820	13820	13820	01073	5	lurban	lurban	N	0.8127				N		1	0	0	406	213	0	0	0.2111	0.01658	0.04367	0.01658	0.000384	733.89	0.000384	643.8	0.09	0.007	0		3542	3504.26	1.7867	1.7802			3506.77	1.7884	1.7819			0.8676	1	0.03334	0.03646	0.25645	1	0.99593	0.9869	0	0
010144	Springhill Memorial Hospital	33660	33660	33660	33660	01097	5	ourban	ourban	N	0.8012				N		1	0	0	186	149	0	0	0.2061	0.01555	0.04262	0.01555	0.000323	895.8	0.000264	698.69	0.311	0.018	0		2845	2824.40	1.9005	1.8918			2826.06	1.9056	1.8974			0.8592	1	0.02639	0.01334	0.32901	1	0.99951	0.9923	0	0
010146	Rmc Jacksonville	11500	11500	11500	11500	01015	5	ourban	ourban	N	0.8147				N		1	0	0	38	9	0	0	0.309	0.03	0	0.03	0.000026	757.56	0.000032	783.97	0.224	0.022	0		229	224.66	0.9410	0.9352			224.76	0.9464	0.9397			0.8691	1	0.00021	0.00219	0.39167	1	1	0.9957	0	0
010148	Evergreen Medical Center	01	01	01	01	01035	5	rural	rural	N	0.7629				N		1	0	0	44	14	0	0	0.3459	0.04438	0	0.04438	0.000039	407.6	0.000036	356.61	0.314	0.025	14	4088.03	741	729.64	0.9866	0.9814			730.15	0.9829	0.9778			0.8308	1	0	0	0.56351	1.165	1.00996	0.9860	0	1
010149	Baptist Medical Center East	33860	33860	33860	33860	01101	5	ourban	ourban	N	0.8008				N		1	0	0	176	123	0	0	0.4277	0.06125	0.09047	0.06125	0.000209	892.49	0.00029	1185.79	0.207	0.01	0		1740	1713.66	1.4395	1.4305			1715.29	1.4423	1.4332			0.8589	1	0.01084	0.00313	0.1926	1	0.99763	0.9997	0	0
010150	L V Stabler Memorial Hospital	01	01	33860	01	01013	5	rural	rural	W	0.8008				N		1	0	0	44	8	0	0	0.2188	0.01817	0	0.01817	0.000029	550.92	0.000026	443.78	0.132	0.015	14	3732.53	377	368.74	1.0840	1.0714			369.24	1.0825	1.0704			0.8589	1	0.00001	0.00185	0.59966	1.22205	0.99972	0.9961	0	0
010157	Shoals Hospital	22520	22520	19460	22520	01033	5	ourban	ourban	W	0.7615				N		1	0	0	122	16	0	0	0.1761	0.01049	0.0363	0.01049	0.000057	771.24	0.000047	519.88	0.267	0.022	0		384	372.98	1.1896	1.1796			373.70	1.1860	1.1769			0.8298	1	0.01965	0.02418	0.53889	1	1.00016	0.9899	0	0
010158	Russellville Hospital	01	01	25	01	01059	5	rural	rural	W	0.7929				N		1	0	0	92	16	0	0	0.2576	0.02617	0	0.02617	0.000051	482.53	0.000047	411.91	0.194	0.018	14	4512.32	848	837.54	1.2281	1.2209			838.19	1.2270	1.2201			0.8531	1	0	0	0.57224	1.14636	1.0013	0.9991	0	0
010164	Coosa Valley Medical Center	01	01	13820	13820	01121	5	rural	lurban	L	0.8042	LUGAR			N		1	0	0	122	34	0	0	0.3917	0.05383	0.08255	0.03	0.000121	977.59	0.000105	780.59	0.185	0.013	0		928	906.83	1.4184	1.3922			908.28	1.4150	1.3901			0.8614	1	0.00388	0.00347	0.37537	1.055	1.00437	0.9968	0	1
010168	Jack Hughston Memorial Hospital	17980	17980	17980	17980	01113	5	ourban	ourban	N	0.8213				N		1	0.1361	0.2426	47	19	0.0716	0.07086	0.068391917	0	0	0		0		0	0.305	0.024	0		1134	1123.19	2.2438	2.2432	239.06	2.5256	1125.40	2.2289	2.2280	240.32	2.5111	0.8739	1	0.00119	0.00121	0.46276	1	1.00655	0.9998	0	0
010169	Atmore Community Hospital	01	01	01	01	01053	5	rural	rural	N	0.7543				N		1	0	0	49	12	0	0	0.1961	0.01374	0	0.01374	0.000037	648.23	0.000031	467.44	0.327	0.029	0		411	394.07	1.1921	1.1619			394.39	1.1909	1.1609			0.8244	1	0.00029	0.00086	0.49379	1.17962	1.00731	1.0000	0	0
010173	St Vincent's Chilton	13820	13820	13820	13820	01021	5	lurban	lurban	N	0.8127				N		1	0		26	13	0	0.52699	0.175697015	0.01043	0	0.01043		0		0	0.369	0.052	0		139	134.35	1.1411	1.1415			134.65	1.1401	1.1404			0.8676	1	0.02974	0.06001	0.24664	1	1	1.0000	0	0
020001	Providence Alaska Medical Center	11260	11260	11260	11260	02020	9	ourban	ourban	N	1.2624				N		1.25	0.053	0.085	388	274	0.02853	0.02428	0.4874	0.07356	0.10373	0.07356	0.001359	2481.93	0.001224	2327.43	0.205	0.016	0		4633	4611.35	2.1065	2.0976	69.77	2.0762	4613.22	2.1040	2.0965	69.77	2.0886	1.173	1.0788	0.10049	0.09376	0.28032	1	1.00323	1.0000	0	0
020006	Mat-Su Regional Medical Center	11260	11260	02	02	02170	9	ourban	rural	S	1.2624		YES		N		1.25	0	0	74	50	0	0	0.3168	0.03	0	0.03		0		0	0.196	0.021	16	10687.92	1543	1527.27	1.8227	1.8145			1527.98	1.8106	1.8027			1.173	1.0788	0.05983	0.10208	0.40071	1	1.0152	0.9969	0	0
020008	Bartlett Regional Hospital	02	02	02	02	02110	9	rural	rural	N	1.2624				N		1.25	0	0	45	18	0	0	0.327598766	0.03	0	0.03		0		0	0.583	0.058	16	12156.33	573	566.36	1.3698	1.3668			566.59	1.3683	1.3655			1.173	1.0788	0.24182	0.32198	0.37711	1	1.00546	1.0000	0	1
020012	Fairbanks Memorial Hospital	21820	21820	21820	21820	02090	9	ourban	ourban	N	1.2624				N		1.25	0	0	122	50	0	0	0.474	0.0708	0.10074	0.0708		0		0	0.384	0.062	17	13835.55	1233	1219.78	1.6467	1.6362			1220.35	1.6469	1.6365			1.173	1.0788	0.09742	0.28838	0.22904	1	1.0157	1.0000	0	0
020017	Alaska Regional Hospital	11260	11260	11260	11260	02020	9	ourban	ourban	N	1.2624				N		1.25	0	0	141	88	0	0	0.4058	0.05673	0.08565	0.05673	0.000368	1366.81	0.000269	1113.12	0.182	0.018	0		2371	2357.22	2.2579	2.2470			2358.18	2.2598	2.2486			1.173	1.0788	0.07781	0.11397	0.36278	1	1.00553	0.9995	0	0
020018	Yukon Kuskokwim Delta Reg Hospital	02	98	98	98	02290	9	rural	rural	N	1.9343				N		1.25	0	0	34	11	0	0	0.711	0.03	0	0.03	0.000143	4735.85	0.000138	4758.31	0.467	0.027	8		246	244.78	1.0560	1.0555			244.95	1.0513	1.0509			1.5711	1.0788			0.18459	1.15727	1.01261	1.0000	0	0
020024	Central Peninsula General Hospital	02	02	02	02	02122	9	rural	rural	N	1.2624				N		1.25	0	0	49	24	0	0	0.311527383	0.03	0	0.03		0		0	0.403	0.052	16	13359.58	1029	1020.53	1.5704	1.5648			1020.94	1.5646	1.5591			1.173	1.0788	0.10577	0.24598	0.42369	1	1.00541	0.9763	0	0
020026	Alaska Native Medical Center	11260	98	98	98	02020	9	ourban	rural	N	1.9343				N		1.25	0	0	152	106	0	0	0.6972	0.03	0	0.03	0.000454	2343.61	0.000437	2444.43	0.22	0.027	8		1806	1800.16	1.7215	1.7156			1800.74	1.7247	1.7192			1.5711	1.0788			0.23313	1	1.0033	0.9988	0	0
030002	Banner - University Medical Center Phoenix	38060	38060	39140	03	04013	8	ourban	rural	S	1.0002		YES	YES	N		1	0.2455	0.3617	618	421	0.12553	0.10746	0.5299	0.08233	0	0.08233	0.000714	1119.48	0.00094	1424.48	0.177	0.015	0		5243	5172.60	2.6817	2.6639	3130.75	2.3354	5177.10	2.6940	2.6761	3133.29	2.3332	1.0001	1	0.05231	0.06307	0.18016	1	0.99486	0.9982	0	0
030006	Tucson Medical Center	46060	46060	38060	03	04019	8	ourban	rural	S	1.0002		YES	YES	N		1	0.0989	0.1316	441	344	0.05256	0.03784	0.4007	0.05568	0	0.05568	0.000302	347.41	0.000623	744.86	0.25	0.022	7		7242	7153.00	1.9558	1.9472	5142.18	1.7499	7157.95	1.9573	1.9485	5145.87	1.7535	1.0001	1	0.02267	0.03048	0.22785	1	0.99372	0.9961	0	0
030007	Verde Valley Medical Center	39140	39140	03	03	04025	8	ourban	rural	S	1.026		YES		N		1	0.126	0.2435	93	45	0.06647	0.07113	0.2688	0.02848	0	0.02848		0		0	0.196	0.014	16	9642.92	1771	1740.23	1.6449	1.6377	659.13	1.7414	1741.93	1.6462	1.6392	659.61	1.7453	1.0177	1	0.05838	0.04341	0.3676	1	1.00119	1.0000	0	0
030010	St. Mary's Hospital	46060	46060	03	03	04019	8	ourban	rural	S	1.026		YES		N		1	0	0	349	133	0	0	0.374	0.05018	0	0.05018	0.000118	400.51	0.000181	592.29	0.16	0.011	7		2473	2428.76	1.7991	1.7942			2431.12	1.7972	1.7925			1.0177	1	0.03081	0.02518	0.24723	1	0.99891	0.9988	0	0
030011	St Joseph's Hospital	46060	46060	03	03	04019	8	ourban	rural	S	1.026		YES		N		1	0	0	451	158	0	0	0.2679	0.02829	0	0.02829	0.00009	199.55	0.00023	498.1	0.15	0.009	7		3602	3529.33	1.8429	1.8309			3534.05	1.8467	1.8346			1.0177	1	0.01688	0.00913	0.26017	1	0.99633	0.9998	0	0
030012	Yavapai Regional Medical Center	39140	39140	22380	03	04025	8	ourban	rural	S	1.0267		YES	YES	N		1	0	0	164	78	0	0	0.2095	0.01625	0	0.01625		0		0	0.239	0.018	16	7350.33	4301	4216.09	1.6705	1.6613			4221.09	1.6690	1.6595			1.0182	1	0.0334	0.02698	0.4657	1	1.00261	0.9849	0	0
030013	Yuma Regional Medical Center	49740	49740	49740	49740	04027	8	ourban	ourban	N	1.0002				N		1	0.0474	0.0625	406	193	0.02556	0.01779	0.3896	0.05339	0.08209	0.05339		0	0.001411	1886.42	0.243	0.029	17	7284.32	5632	5500.86	1.9492	1.9373	1109.76	1.9297	5514.07	1.8656	1.8542	1111.71	1.8185	1.0001	1	0.04337	0.09925	0.40242	1	1.00098	0.9913	0	0
030014	John C. Lincoln North Mountain Hospital	38060	38060	39140	03	04013	8	ourban	rural	S	1.0002		YES	YES	N		1	0.0284	0.0036	223	169	0.0154	0.00102	0.3775	0.0509	0	0.0509	0.0003	674.98	0.000551	1200	0.14	0.017	7		3410	3343.32	1.7953	1.7814	1992.68	1.8449	3347.25	1.7984	1.7841	1995.12	1.8464	1.0001	1	0.03148	0.07829	0.28598	1	0.99451	0.9957	0	0
030016	Banner Casa Grande Medical Center	38060	38060	38060	38060	04021	8	lurban	lurban	N	1.0002				N		1	0	0	164	58	0	0	0.3913	0.05374	0.08246	0.05374	0.000177	906.58	0.0002	980.32	0.195	0.027	0		1552	1513.87	1.7330	1.7232			1515.30	1.7340	1.7242			1.0001	1	0.02939	0.08052	0.34338	1	1.0052	0.9928	0	0
030022	Maricopa Medical Center	38060	38060	03	03	04013	8	ourban	rural	S	1.026		YES		N		1	0.6403	0.9455	300	141	0.2996	0.30581	0.8489	0.14812	0	0.14812	0.001591	19951.92	0.001476	18173.33	0.188	0.011	7		713	694.61	2.0061	1.9911	565.95	2.0813	695.36	2.0313	2.0166	566.41	2.1102	1.0177	1	0.12106	0.10576	0.06957	1	0.9891	1.0000	0	0
030023	Flagstaff Medical Center	22380	22380	22380	22380	04005	8	ourban	ourban	N	1.059				N		1	0	0	220	144	0	0	0.5083	0.07787	0.10841	0.07787		0		0	0.306	0.016	17	11206.06	4066	4009.48	2.2075	2.1897			4011.96	2.2059	2.1873			1.04	1	0.08172	0.02826	0.29504	1	1.00313	1.0000	0	0
030024	St. Joseph's Hospital And Medical Center	38060	38060	03	03	04013	8	ourban	rural	S	1.026		YES		N		1	0.3275	0.3708	517	396	0.16413	0.11031	0.4913	0.07437	0	0.07437	0.000845	1311.86	0.001003	1645.3	0.181	0.013	7		5640	5528.61	2.5551	2.5219	3315.75	2.0899	5534.22	2.5727	2.5404	3319.09	2.1021	1.0177	1	0.06055	0.06082	0.17678	1	0.99263	0.9991	0	0
030030	Abrazo Central Campus	38060	38060	38060	38060	04013	8	lurban	lurban	N	1.0002				N		1	0.107	0.111	125	75	0.05674	0.03182	0.5412	0.08466	0.11582	0.08466	0.000296	2196.07	0.000416	2411.63	0.154	0.013	0		1214	1190.47	1.7766	1.7400	1305.15	1.7077	1191.87	1.7800	1.7434	1307.00	1.7183	1.0001	1	0.02034	0.0286	0.15996	1	1.00178	0.9991	0	0
030036	Chandler Regional Medical Center	38060	38060	03	03	04013	8	ourban	rural	S	1.026		YES		N		1	0	0	338	274	0	0	0.2888	0.0326	0	0.0326	0.000519	688.04	0.000522	738.39	0.14	0.008	7		6665	6491.36	1.9550	1.9351			6503.68	1.9519	1.9325			1.0177	1	0.02881	0.01389	0.2514	1	0.99458	0.9982	0	0
030037	St Luke's Medical Center	38060	38060	38060	38060	04013	8	lurban	lurban	N	1.0002				N		1	0	0	185	71	0	0	0.4497	0.06579	0.09534	0.06579	0.000117	686.3	0.000165	969.48	0.161	0.011	0		1294	1273.80	2.2183	2.2055			1275.79	2.2127	2.2002			1.0001	1	0.03654	0.02816	0.1858	1	0.99692	0.9998	0	0
030038	Scottsdale Osborn Medical Center	38060	38060	39140	03	04013	8	ourban	rural	S	1.0002		YES	YES	N		1	0.0545	0.1187	330	167	0.02933	0.03406	0.2745	0.02965	0	0.02965	0.000305	557.98	0.000345	652.99	0.136	0.015	7		4674	4595.91	1.7224	1.7166	1530.83	1.9212	4602.76	1.7241	1.7186	1533.68	1.9302	1.0001	1	0.01889	0.03632	0.30807	1	0.99408	0.9988	0	0
030043	Canyon Vista Medical Center	43420	43420	03	03	04003	8	ourban	rural	S	1.026		YES		N		1	0.2354	0.4926	75	38	0.12067	0.14914	0.2857	0.03	0	0.03		0		0	0.249	0.032	16	8217.87	1781	1719.01	1.4923	1.4715	503.98	1.4333	1721.91	1.4838	1.4635	505.24	1.4266	1.0177	1	0.00755	0.01949	0.38529	1	0.99891	0.9700	0	1
030055	Kingman Regional Medical Center	29420	29420	39140	29420	04015	8	ourban	ourban	W	1.0002				N		1	0.0981	0.1651	214	111	0.05215	0.04769	0.2827	0.03134	0.05892	0.03134		0		0	0.177	0.003	17	7485.47	2640	2603.83	1.9173	1.9020	1121.31	1.8543	2605.34	1.9189	1.9040	1121.98	1.8607	1.0001	1	0.0739	0.00002	0.3943	1	0.99835	0.9770	0	0
030061	Banner Boswell Medical Center	38060	38060	38060	38060	04013	8	lurban	lurban	N	1.0002				N		1	0.0097	0.0097	400	168	0.00529	0.00274	0.1205	0	0.0247	0		0		0	0.169	0.016	0		5218	5135.83	1.9253	1.9155	4325.53	1.8853	5139.93	1.9239	1.9148	4330.67	1.8822	1.0001	1	0.01017	0.01329	0.37014	1	1.00915	1.0000	0	0
030062	Summit Healthcare Regional Medical Center	03	03	03	03	04017	8	rural	rural	N	1.026				N		1	0	0	89	36	0	0	0.3629	0.03	0	0.03		0		0	0.271	0.035	16	8671.2	1534	1488.43	1.7038	1.6798			1491.02	1.7006	1.6777			1.0177	1	0.0126	0.03607	0.31264	1	1.00275	0.9981	0	0
030064	Banner - University Medical Center Tucson Campus	46060	46060	38060	03	04019	8	ourban	rural	S	1.0002		YES	YES	N		1	0.5243	0.7184	479	344	0.25132	0.22474	0.5215	0.0806	0	0.0806	0.000839	1656.44	0.001127	2107.13	0.206	0.014	7		3878	3844.40	2.3720	2.3573	2362.34	2.1933	3846.30	2.3795	2.3649	2363.90	2.1957	1.0001	1	0.07539	0.05571	0.19498	1	1.00211	0.9984	0	0
030065	Banner Desert Medical Center	38060	38060	38060	38060	04013	8	lurban	lurban	N	1.0002				N		1	0	0	615	383	0	0	0.4302	0.06177	0.09102	0.06177	0.000705	1100.15	0.000999	1619.91	0.174	0.023	0		5421	5363.12	1.8984	1.8815			5366.68	1.8990	1.8820			1.0001	1	0.02684	0.07415	0.17169	1	0.99877	0.9960	0	0
030068	Mt. Graham Regional Medical Center	03	03	03	03	04009	8	rural	rural	N	1.026				N		1	0	0	49	10	0	0	0.4327	0.03	0	0.03		0		0	0.392	0.043	16	9353	271	266.54	1.4320	1.4237			266.76	1.4326	1.4250			1.0177	1	0.01545	0.02562	0.17791	1.1397	1.00375	1.0000	0	0
030069	Havasu Regional Medical Center	29420	29420	40140	03	04015	8	ourban	rural	S	1.1822		YES	YES	N		1	0	0	144	61	0	0	0.1833	0.01166	0	0.01166	0.000077	216.79	0.000099	274.66	0.135	0.017	17	6349.55	2853	2818.09	1.8010	1.7901			2820.39	1.7997	1.7892			1.1214	1	0.00654	0.01947	0.50136	1	1.00949	0.9852	0	0
030071	Fort Defiance Indian Hospital	03	99	99	99	04001	8	rural	rural	N	1.4448				N		1	0	0	56	25	0	0	0.8277	0.03	0	0.03	0.000203	2576.63	0.000198	2848.6	0.289	0.017	8		676	673.13	0.9800	0.9795			673.07	0.9812	0.9808			1.2866	1			0.22394	1.12424	1.01214	1.0000	0	0
030073	Tuba City Regional Health Care Corporation	22380	99	99	99	04005	8	ourban	rural	N	1.4448				N		1	0	0	73	26	0	0	0.8406	0.03	0	0.03	0.000153	2227.39	0.000148	2189.07	0.186	0.017	8		519	516.30	1.4081	1.4072			516.39	1.4107	1.4099			1.2866	1			0.30337	1.12174	1.00944	0.9899	0	0
030074	Sells Hospital	46060	99	99	99	04019	8	ourban	rural	N	1.4448				N		1	0	0	15	4	0	0	0.7785	0.03	0	0.03	0.00002	4229.1	0.000019	3645.12	0.186	0.017	8		42	40.85	0.9454	0.9327			40.90	0.9452	0.9323			1.2866	1			0.09168	1.25	1	1.0000	1	0
030077	San Carlos Apache Healthcare	03	99	99	99	04007	8	rural	rural	N	1.4448				N		1	0		8	4	0	0.52699	0.7368	0.03	0	0.03	0.000004	348.39	0.000003	270.16	0.289	0.017	8		75	74.34	0.9392	0.9377			74.31	0.9381	0.9360			1.2866	1			0.19439	1.25	1	1.0000	0	0
030078	Phoenix Indian Medical Center	38060	99	99	99	04013	8	ourban	rural	N	1.4448				N		1	0	0	133	26	0	0	0.7373	0.03	0	0.03	0.000095	4087.56	0.000093	4615.17	0.186	0.017	8		221	217.53	1.5409	1.5213			217.63	1.5454	1.5263			1.2866	1			0.09577	1.10773	1.0221	1.0000	0	1
030083	Abrazo Scottsdale Campus	38060	38060	38060	38060	04013	8	lurban	lurban	N	1.0002				N		1	0	0	127	56	0	0	0.3855	0.05255	0.08119	0.05255	0.000152	1235.03	0.000167	1385.93	0.164	0.021	0		971	949.50	1.6359	1.6291			951.10	1.6359	1.6295			1.0001	1	0.02396	0.06393	0.18264	1	0.99953	0.9984	0	0
030084	Chinle Comprehensive Health Care Facility	03	99	99	99	04001	8	rural	rural	N	1.4448				N		1	0	0	60	14	0	0	1.0471	0.03	0	0.03	0.00012	3081.93	0.000115	2916.09	0.289	0.017	8		319	315.11	1.1340	1.1276			315.10	1.1338	1.1270			1.2866	1			0.27225	1.15833	1.00972	1.0000	0	0
030085	Northwest Medical Center	46060	46060	38060	03	04019	8	ourban	rural	S	1.0002		YES	YES	N		1	0	0	281	151	0	0	0.2852	0.03186	0	0.03186	0.000109	208.92	0.000212	395.18	0.122	0.011	7		4002	3904.43	1.8583	1.8572			3911.97	1.8515	1.8501			1.0001	1	0.00927	0.01424	0.27609	1	0.99067	0.9709	0	0
030087	Scottsdale Shea Medical Center	38060	38060	39140	03	04013	8	ourban	rural	S	1.0002		YES	YES	N		1	0.0113	0.0121	412	224	0.00616	0.00342	0.1171	0	0	0		0		0	0.151	0.017	7		6812	6685.21	1.9693	1.9634	1684.04	2.0640	6694.26	1.9727	1.9674	1686.45	2.0715	1.0001	1	0.03049	0.07255	0.30062	1	0.99396	0.9912	0	0
030088	Banner Baywood Medical Center	38060	38060	38060	38060	04013	8	lurban	lurban	N	1.0002				N		1	0	0	318	194	0	0	0.1997	0.01433	0.04127	0.01433	0.000173	241.52	0.000236	316.9	0.152	0.013	0		5685	5589.14	1.6582	1.6409			5595.85	1.6559	1.6393			1.0001	1	0.01218	0.01485	0.38107	1	0.99631	0.9942	0	0
030089	Banner Thunderbird Medical Center	38060	38060	38060	38060	04013	8	lurban	lurban	N	1.0002				N		1	0	0	499	277	0	0	0.4175	0.05915	0.08822	0.05915	0.000449	1039.36	0.000779	1717.06	0.174	0.022	0		3599	3538.10	2.1142	2.0992			3541.24	2.1172	2.1026			1.0001	1	0.03711	0.09691	0.16772	1	0.99662	0.9985	0	0
030092	Honorhealth Deer Valley Medical Center	38060	38060	39140	03	04013	8	ourban	rural	S	1.0002		YES	YES	N		1	0	0	204	132	0	0	0.2419	0.02293	0	0.02293	0.000501	1246.3	0.000413	1076.01	0.127	0.018	7		3438	3382.07	1.8716	1.8487			3385.30	1.8701	1.8471			1.0001	1	0.01425	0.04772	0.30458	1	0.99735	0.9935	0	0
030093	Banner Del E. Webb Medical Center	38060	38060	38060	38060	04013	8	lurban	lurban	N	1.0002				N		1	0	0	286	144	0	0	0.1911	0.01293	0.03946	0.01293	0.000186	306.06	0.000219	363.27	0.157	0.018	0		5173	5096.18	1.7203	1.7093			5100.48	1.7147	1.7041			1.0001	1	0.01614	0.03171	0.35943	1	1.00823	1.0000	0	0
030094	Abrazo Arrowhead Campus	38060	38060	38060	38060	04013	8	lurban	lurban	N	1.0002				N		1	0	0	262	163	0	0	0.3501	0.04525	0.07347	0.04525	0.000178	386.8	0.000257	645.53	0.149	0.007	0		3848	3788.22	2.2800	2.2648			3792.00	2.2839	2.2685			1.0001	1	0.05766	0.01054	0.24447	1	0.99261	0.9991	0	0
030101	Western Arizona Regional Medical Center	29420	29420	29420	29420	04015	8	ourban	ourban	N	1.0002				N		1	0	0	139	52	0	0	0.223	0.01903	0.04619	0.01903	0.000045	202.62	0.000073	283.33	0.071	0.006	7		1747	1714.33	1.7001	1.6850			1715.23	1.6995	1.6844			1.0001	1	0.0044	0.00579	0.4267	1	1.01342	0.9925	0	0
030103	Mayo Clinic Hospital	38060	38060	03	03	04013	8	ourban	rural	S	1.026		YES		N		1	0.2294	0.3184	261	192	0.11778	0.09401	0.0608	0	0	0		0		0	0.364	0.021	7		7964	7822.15	2.2274	2.2172	337.21	2.1603	7831.37	2.2387	2.2293	337.30	2.1895	1.0177	1	0.12001	0.05727	0.48527	1	1.01385	0.9999	0	0
030105	Banner Heart Hospital	38060	38060	38060	38060	04013	8	lurban	lurban	N	1.0002				N		1	0	0	111	54	0	0	0.1273	0	0.02611	0		0		0	0.129	0.009	0		1926	1909.80	2.6296	2.6265			1910.45	2.6109	2.6075			1.0001	1	0.00963	0.00632	0.43838	1	1.00565	0.9997	0	0
030107	Arizona Spine And Joint Hospital	38060	38060	38060	38060	04013	8	lurban	lurban	N	1.0002				N		1	0	0	23	5	0	0	0.010539779	0	0	0		0		0	0.163	0.01	0		627	623.70	2.4553	2.4496			624.21	2.4283	2.4217			1.0001	1	0.0028	0.00135	0.42818	1	1	1.0000	0	0
030108	"Core Institute Specialty Hospital, The"	38060	38060	38060	38060	04013	8	lurban	lurban	N	1.0002				N		1	0	0	33	4	0	0	0.013320521	0	0	0		0		0	0.355	0.059	0		716	712.28	2.4781	2.4794			713.37	2.4491	2.4498			1.0001	1	0.00007	0.00452	0.40065	1	1	1.0000	0	0
030110	Abrazo West Campus	38060	38060	38060	38060	04013	8	lurban	lurban	N	1.0002				N		1	0	0	179	117	0	0	0.424	0.06049	0.08965	0.06049	0.000397	1282.24	0.000457	1738.84	0.132	0.009	0		2507	2458.92	1.5717	1.5631			2461.09	1.5736	1.5652			1.0001	1	0.02175	0.01647	0.2074	1	0.99621	0.9937	0	0
030111	Banner-University Medical Center South Campus	46060	46060	46060	46060	04019	8	ourban	ourban	N	1.0002				N		1	0.6514	0.9168	145	92	0.30411	0.29527	0.6965	0.11669	0.15147	0.11669	0.000236	1715.65	0.000308	2054.23	0.205	0.01	0		1088	1068.04	1.4858	1.4738	1227.62	1.5186	1068.90	1.4875	1.4769	1228.42	1.5175	1.0001	1	0.0106	0.00439	0.17578	1	1.00593	0.9998	0	0
030112	Arizona Specialty Hospital	38060	38060	38060	38060	04013	8	lurban	lurban	N	1.0002				N		1	0	0	24	5	0	0	0.0073	0	0	0		0		0	0.188	0.016	0		423	419.57	2.3348	2.3359			420.93	2.3143	2.3151			1.0001	1	0.01248	0.01367	0.37302	1	1	0.9700	0	0
030113	Whiteriver Phs Indian Hospital	03	99	99	99	04017	8	rural	rural	N	1.4448				N		1	0	0	40	9	0	0	0.9914	0.03	0	0.03	0.000083	4466.04	0.000079	4365.56	0.289	0.017	8		161	158.57	1.0050	1.0030			158.74	1.0005	0.9990			1.2866	1			0.22089	1.22485	1	1.0000	0	0
030114	Oro Valley Hospital	46060	46060	38060	46060	04019	8	ourban	ourban	W	1.0002				N		1	0	0	111	47	0	0	0.0769	0	0.01569	0		0		0	0.121	0.014	0		2254	2210.53	1.6102	1.6009			2213.06	1.6019	1.5926			1.0001	1	0.00717	0.01437	0.48963	1	1.00873	0.9978	0	0
030115	Banner Estrella Medical Center	38060	38060	38060	38060	04013	8	lurban	lurban	N	1.0002				N		1	0	0	317	156	0	0	0.5286	0.08206	0.11298	0.08206	0.000415	1553.07	0.000505	1925.49	0.141	0.023	0		2319	2297.18	1.8086	1.7998			2298.47	1.8023	1.7934			1.0001	1	0.01402	0.05762	0.14202	1	1.00875	0.9967	0	0
030117	Valley View Medical Center	29420	29420	29420	29420	04015	8	ourban	ourban	N	1.0002				N		1	0	0	66	20	0	0	0.3104	0.03	0	0.03	0.000079	844.29	0.000062	625.79	0.112	0.011	0		799	786.86	1.3971	1.3838			787.14	1.3923	1.3787			1.0001	1	0.00764	0.01139	0.41077	1	1.01174	0.9950	0	0
030119	Mercy Gilbert Medical Center	38060	38060	03	03	04013	8	ourban	rural	S	1.026		YES		N		1	0	0	198	147	0	0	0.2464	0.02386	0	0.02386	0.000229	543.93	0.000264	650.6	0.15	0.011	7		3553	3473.85	1.6900	1.6768			3478.35	1.6813	1.6682			1.0177	1	0.02644	0.02502	0.24989	1	0.9979	0.9974	0	0
030120	Gilbert Hospital	38060	38060	38060	38060	04013	8	lurban	lurban	N	1.0002				N		1	0	0	19	8	0	0	0.3204	0.03	0	0.03	0.000056	3101.5	0.000049	2492.91	0.401	0.091	0		106	101.58	1.3242	1.2630			101.79	1.3279	1.2674			1.0001	1	0.09159	0.57001	0.31517	1	1	0.9955	0	1
030121	"Mountain Vista Medical Center, Lp"	38060	38060	38060	38060	04013	8	lurban	lurban	N	1.0002				N		1	0.301	0.2853	142	76	0.15181	0.08384	0.3258	0.04023	0.0682	0.04023	0.000073	289.71	0.000139	522.78	0.149	0.018	0		2004	1958.62	2.1134	2.1031	1060.98	2.1019	1960.63	2.1086	2.0981	1062.53	2.0941	1.0001	1	0.01892	0.05039	0.30349	1	1.00482	0.9985	0	0
030122	Banner Gateway Medical Center	38060	38060	38060	38060	04013	8	lurban	lurban	N	1.0002				N		1	0	0	165	112	0	0	0.2978	0.03446	0.06216	0.03446	0.000238	930.95	0.000289	1101.08	0.182	0.022	0		2172	2134.70	1.8392	1.8101			2136.35	1.8531	1.8239			1.0001	1	0.09186	0.18376	0.19327	1	0.99557	0.9985	0	0
030123	Scottsdale Thompson Peak Medical Center	38060	38060	38060	38060	04013	8	lurban	lurban	N	1.0002				N		1	0.1101	0	92	55	0.05833	0	0.06621373	0	0	0		0		0	0.137	0.026	0		3297	3222.26	1.7369	1.7314	690.17	1.7943	3235.91	1.7303	1.7264	692.38	1.7898	1.0001	1	0.01228	0.07003	0.4768	1	1.00674	0.9996	0	0
030130	Banner Ironwood Medical Center	38060	38060	38060	38060	04021	8	lurban	lurban	N	1.0002				N		1	0	0	53	20	0	0	0.3495	0.03	0	0.03	0.000088	1350.27	0.000095	1681.01	0.266	0.06	0		638	612.89	1.6247	1.5934			613.70	1.6216	1.5909			1.0001	1	0.04891	0.29381	0.17922	1	1.00024	0.9943	0	0
030131	O.A.S.I.S. Hospital	38060	38060	38060	38060	04013	8	lurban	lurban	N	1.0002				N		1	0	0	64	22	0	0	0.0075	0	0	0		0		0	0.271	0.03	0		1828	1821.30	2.3165	2.3159			1823.38	2.3024	2.3013			1.0001	1	0.00411	0.01106	0.4417	1	1	0.9782	0	1
030132	"Florence Hospital At Anthem, Llc"	38060	38060	38060	38060	04021	8	lurban	lurban	N	1.0002				N		1	0	0	36	10	0	0	0.2477	0.02413	0	0.02413	0	3.22	0.000021	1058.49	0.177	0.04	0		114	113.16	1.1133	1.1118			113.15	1.1101	1.1083			1.0001	1	0.01292	0.04878	0.18182	1	1	0.9966	0	0
030134	Banner Goldfield Medical Center	38060	38060	38060	38060	04021	8	lurban	lurban	N	1.0002				N		1	0	0	20	5	0	0	0.2073	0.01579	0	0.01579	0.000041	1441.56	0.000033	1143.35	0.252	0.038	0		265	254.37	1.3638	1.3489			254.70	1.3623	1.3468			1.0001	1	0.00517	0.03824	0.36066	1	1.01261	1.0000	0	0
030136	Dignity Health - Arizona General Hospital	38060	38060	38060	38060	04013	8	lurban	lurban	N	1.0002				N		1	0	0	9	3	0	0	0.4109	0.03	0	0.03	0.000083	13853.35	0.00008	21454.44	0.265	0.105	0		73	71.19	1.3727	1.3742			71.25	1.3842	1.3851			1.0001	1	0.01763	0.24361	0.10748	1	1	1.0000	0	1
030137	Santa Cruz Valley Regional Hospital	46060	46060	46060	46060	04019	8	ourban	ourban	N	1.0002				N		1	0	0	49	17	0	0	0.068515058	0	0	0		0		0	0.566	0.02	0		743	722.39	1.2909	1.2815			723.45	1.2881	1.2786			1.0001	1	0.1076	0.01436	0.4889	1.16227	1	0.9995	1	1
040001	Siloam Springs Regional Hospital	22220	22220	22220	22220	05007	7	ourban	ourban	N	0.8387				N		1	0	0	44	10	0	0	0.4508	0.03	0	0.03	0.000064	1466.91	0.000056	1122.49	0.18	0.02	0		357	343.10	1.3458	1.3375			344.01	1.3444	1.3367			0.8865	1	0	0	0.24042	1.16886	0.99792	0.9899	0	0
040002	Johnson Regional Medical Center	04	04	04	04	05071	7	rural	rural	N	0.7919				N		1	0	0	57	15	0	0	0.3707	0.04949	0	0.04949	0.000077	943.37	0.000082	948.42	0.456	0.085	14	5098.68	639	623.41	1.3070	1.2998			624.15	1.3024	1.2951			0.8523	1	0	0	0.41497	1.16189	1.0055	0.9971	0	0
040004	Washington Regional Medical Center	22220	22220	22220	22220	05143	7	ourban	ourban	N	0.8387				N		1	0.0492	0.1051	276	176	0.02652	0.0301	0.2887	0.03258	0.0602	0.03258	0.000122	173.2	0.000175	255.97	0.176	0.014	0		5709	5584.25	1.9704	1.9585	1501.71	2.2462	5590.60	1.9682	1.9557	1503.59	2.2292	0.8865	1	0.01463	0.01292	0.38562	1	0.99142	0.9995	0	0
040007	Chi-St Vincent Infirmary	30780	30780	30780	30780	05119	7	ourban	ourban	N	0.8263				N		1	0.0114	0.0158	426	297	0.00621	0.00447	0.394	0.0543	0.08305	0.0543	0.000161	166.19	0.000523	521.06	0.218	0.028	0		7575	7468.32	2.3476	2.3279	1723.19	2.0126	7475.58	2.3557	2.3361	1724.36	2.0232	0.8775	1	0.04519	0.11695	0.4105	1	0.99273	0.9933	0	0
040010	Mercy Hospital Northwest Arkansas	22220	22220	22220	22220	05007	7	ourban	ourban	N	0.8387				N		1	0	0	206	109	0	0	0.207	0.01573	0.04281	0.01573	0.000546	1231.21	0.000389	924.58	0.235	0.01	0		3797	3662.36	1.9216	1.8996			3669.14	1.9205	1.8978			0.8865	1	0.03158	0.00893	0.34281	1	0.99851	0.9927	0	0
040011	Chambers Memorial Hospital	04	04	04	04	05149	7	rural	rural	N	0.7919				N		1	0	0	41	12	0	0	0.2776	0.03	0	0.03	0.000013	128.74	0.000018	169.91	0.432	0.057	16	3209.68	723	710.70	1.1903	1.1807			711.11	1.1879	1.1781			0.8523	1	0.00119	0.00417	0.58787	1.17515	1.02292	0.9703	0	0
040014	White County Medical Center	04	04	30780	04	05145	7	rural	rural	W	0.8263				N		1	0.2821	0.0227	286	138	0.14294	0.00643	0.3986	0.05525	0	0.05525	0.000395	633.01	0.000376	600.59	0.236	0.017	17	4907.71	5048	4942.07	1.3876	1.3788	895.66	1.2907	4947.41	1.3872	1.3785	896.55	1.2910	0.8775	1	0.00267	0.00278	0.43904	1	1.00406	0.9990	0	0
040015	Mena Regional Health System	04	04	04	04	05113	7	rural	rural	N	0.7919				N		1	0	0	41	8	0	0	0.3481	0.03	0	0.03	0.000046	798.39	0.000047	795.04	0.401	0.031	16	5241.91	489	480.04	1.1271	1.1234			480.66	1.1269	1.1234			0.8523	1	0	0	0.45292	1.20689	1.00233	0.9943	0	0
040016	Uams Medical Center	30780	30780	30780	30780	05119	7	ourban	ourban	N	0.8263				N		1	0.4562	0.5693	502	410	0.22195	0.17428	0.5154	0.07934	0.11001	0.07934	0.000662	777.65	0.001093	1327.14	0.323	0.013	0		7113	6995.25	2.0881	2.0612	1899.71	2.0462	7001.33	2.0996	2.0719	1901.08	2.0586	0.8775	1	0.11495	0.03196	0.27168	1	0.99256	0.9952	0	0
040017	North Arkansas Regional Medical Center	04	04	22220	04	05009	7	rural	rural	W	0.8253				N		1	0	0	120	23	0	0	0.3362	0.04238	0	0.04238	0.000112	725.63		0	0.377	0.037	17	5579.83	1326	1286.27	1.4182	1.4031			1288.89	1.4167	1.4021			0.8768	1	0.00846	0.01482	0.42233	1.05402	0.99868	0.9992	0	0
040018	Sparks Medical Center - Van Buren	22900	22900	22900	22900	05033	7	ourban	ourban	N	0.8115				N		1	0	0	32	5	0	0	0.3716	0.03	0	0.03	0.000032	1291.09	0.000033	1288.82	0.144	0.026	0		238	231.37	1.2337	1.2042			230.47	1.2562	1.2082			0.8667	1	0	0	0.21058	1	1	0.9978	0	0
040019	Forrest City Medical Center	04	04	04	04	05123	7	rural	rural	N	0.7919				N		1	0	0	52	15	0	0	0.7708	0.03	0	0.03	0.000037	821.94	0.000061	1303.33	0.211	0.017	16	4223.71	370	360.78	1.0497	1.0406			361.34	1.0460	1.0366			0.8523	1	0	0	0.18289	1.12773	0.99763	0.9919	0	0
040020	St Bernards Medical Center	27860	27860	32820	27860	05031	7	ourban	ourban	W	0.8446				N		1	0.0337	0.0751	314	214	0.01824	0.02142	0.3881	0.05308	0.08176	0.05308	0.00049	648.29	0.000525	667.14	0.395	0.018	7		6092	5968.98	1.8409	1.8283	1450.27	1.7859	5976.75	1.8387	1.8262	1451.63	1.7809	0.8908	1	0.02879	0.0052	0.39906	1	0.99199	0.9779	0	0
040022	Northwest Medical Center-Springdale	22220	22220	22220	22220	05143	7	ourban	ourban	N	0.8387				N		1	0.0182	0.0578	273	130	0.0099	0.01644	0.4469	0.06521	0.09472	0.06521	0.000351	844.74	0.00042	933.16	0.1	0.012	0		3236	3155.46	1.8288	1.8142	1017.34	1.9540	3159.74	1.8132	1.7986	1019.01	1.9475	0.8865	1	0.01068	0.03573	0.23594	1	0.99171	0.9925	0	0
040026	Chi St. Vincent Hospital Hot Springs	26300	26300	26300	26300	05051	7	ourban	ourban	N	0.848				N		1	0	0	203	147	0	0	0.2736	0.02947	0.05697	0.02947	0.000286	431.41	0.000257	374.37	0.265	0.009	7		5116	5015.27	1.8133	1.7992			5020.33	1.8108	1.7968			0.8932	1	0.01909	0.00292	0.50263	1	0.99678	0.9811	0	0
040027	Baxter Regional Medical Center	04	04	44180	04	05005	7	rural	rural	W	0.8262				N		1	0	0	146	71	0	0	0.2189	0.01819	0	0.01819	0.000173	356.58	0.000135	288.71	0.284	0.025	17	4984.92	4282	4182.96	1.7829	1.7659			4188.66	1.7765	1.7595			0.8774	1	0.00829	0.01249	0.51894	1	0.99896	0.9964	0	0
040029	Conway Regional Health System	30780	30780	30780	30780	05045	7	ourban	ourban	N	0.8263				N		1	0	0	143	76	0	0	0.2767	0.03011	0.05763	0.03011	0.000124	327.36	0.000143	370.03	0.35	0.026	0		3094	3035.71	1.6460	1.6365			3038.52	1.6482	1.6387			0.8775	1	0.03815	0.03388	0.45098	1	0.99939	0.9910	0	0
040036	Baptist Health Medical Center North Little Rock	30780	30780	30780	30780	05119	7	ourban	ourban	N	0.8263				N		1	0	0	148	110	0	0	0.2466	0.0239	0.0512	0.0239	0.000218	396.33	0.00021	359.19	0.237	0.013	0		4439	4322.56	1.7361	1.7209			4327.93	1.7369	1.7222			0.8775	1	0.0114	0.0047	0.47365	1	0.98901	0.9853	0	0
040039	Arkansas Methodist Medical Center	04	04	04	04	05055	7	rural	rural	N	0.7919				N		1	0	0	114	34	0	0	0.3042	0.03578	0	0.03578	0.000092	535.65	0.000089	494.12	0.336	0.017	7		1408	1356.28	1.4397	1.4162			1358.78	1.4420	1.4183			0.8523	1	0.00219	0.00067	0.43694	1	0.99275	0.9829	0	0
040041	St Marys Regional Medical Center	04	04	30780	04	05115	7	rural	rural	W	0.8263				N		1	0	0	137	61	0	0	0.4692	0.06981	0	0.06981	0.000061	284.63	0.000122	573.39	0.113	0.011	7		1764	1726.77	1.6377	1.6292			1728.28	1.6349	1.6260			0.8775	1	0.0016	0.00282	0.36774	1	1.00048	0.9968	0	0
040047	Five Rivers Medical Center	04	04	27860	04	05121	7	rural	rural	W	0.815				N		1	0	0	32	3	0	0	0.1895	0.01267	0	0.01267	0.000016	406.27	0.000011	281.34	0.433	0.038	16	4759.39	325	313.99	1.0577	1.0528			314.73	1.0547	1.0498			0.8693	1	0	0	0.70298	1.25	0.98683	1.0000	0	0
040050	Ouachita County Medical Center	04	04	04	04	05103	7	rural	rural	N	0.7919				N		1	0	0	87	15	0	0	0.3116	0.03	0	0.03	0.000052	749.97	0.000048	686.18	0.385	0.042	16	5016.19	562	552.53	1.2682	1.2634			553.27	1.2642	1.2592			0.8523	1	0.00711	0.01747	0.36891	1.15727	1.00579	0.9989	0	0
040051	Drew Memorial Hospital	04	04	04	04	05043	7	rural	rural	N	0.8028				Y	0.0218	1	0	0	49	19	0	0	0.4365	0.03	0	0.03	0.000074	767.71	0.00006	584.05	0.377	0.025	16	4883.37	824	785.97	1.1941	1.1851			787.29	1.1941	1.1846			0.8603	1	0	0	0.35135	1.11924	1.00176	0.9882	0	0
040055	Sparks Medical Center - Fort Smith	22900	22900	37	22900	05131	7	ourban	ourban	W	0.8042				N		1	0.0558	0.0652	249	187	0.03002	0.01857	0.325	0.04007	0.06803	0.04007	0.000279	379.27	0.000384	491.91	0.141	0.016	0		5542	5433.89	1.7036	1.6835	1549.10	1.6106	5439.55	1.7056	1.6855	1550.85	1.6119	0.8614	1	0.01498	0.02958	0.47536	1	0.99415	0.9878	0	0
040062	Mercy Hospital Fort Smith	22900	22900	22220	04	05131	7	ourban	rural	S	0.8253		YES	YES	N		1	0	0	343	171	0	0	0.3183	0.03869	0	0.03869	0.000532	802.14	0.000497	771.81	0.335	0.015	7		5724	5585.73	1.8084	1.7876			5592.00	1.8080	1.7867			0.8768	1	0.02855	0.00735	0.34949	1	0.99711	0.9870	0	0
040067	Magnolia Hospital	04	04	04	04	05027	7	rural	rural	N	0.7919				N		1	0.1504	1.0916	43	11	0.07882	0.36077	0.4488	0.03	0	0.03	0.000066	977.54	0.000043	565.93	0.489	0.019	16	5226.31	520	501.43	1.0852	1.0710	84.37	1.1774	502.38	1.0856	1.0708	84.50	1.1785	0.8523	1	0	0	0.47442	1.18508	0.99479	0.9904	0	0
040069	Great River Medical Center	04	04	27860	04	05093	7	rural	rural	W	0.815				N		1	0	0	148	12	0	0	0.5221	0.08072	0	0.08072	0.000067	1119.92	0.000077	1106.67	0.371	0.022	17	4732.81	431	411.21	1.1010	1.0865			412.00	1.0999	1.0853			0.8693	1	0.0025	0.00112	0.30472	1.14894	1.00048	0.9919	0	0
040071	Jefferson Regional Medical Center	38220	38220	38220	04	05069	7	ourban	rural	S	0.8355		YES		N		1	0.0937	0.2462	248	106	0.04987	0.07195	0.3643	0.03	0	0.03		0		0	0.217	0.012	16	6803.6	3534	3483.59	1.5531	1.5499	552.10	1.4721	3486.23	1.5504	1.5473	552.23	1.4654	0.8842	1	0.03042	0.01516	0.45451	1	0.99071	0.9944	0	0
040072	Baptist Health Medical Center-Stuttgart	04	04	38220	04	05001	7	rural	rural	W	0.8355				N		1	0	0	41	10	0	0	0.3976	0.05504	0	0.05504	0.000034	578.04	0.000036	575.92	0.516	0.043	14	6224.33	452	436.05	1.1142	1.1091			437.17	1.1086	1.1039			0.8842	1	0	0	0.47148	1.20356	1.01584	0.9857	0	0
040074	North Metro Medical Center	30780	30780	30780	30780	05119	7	ourban	ourban	N	0.8263				N		1	0	0	33	14	0	0	0.2981	0.03	0	0.03	0.000007	116.97	0.000039	573.62	0.575	0.025	0		257	245.85	1.1360	1.1049			246.37	1.1360	1.1041			0.8775	1	0.07674	0.01506	0.5214	1	0.99043	0.9923	0	1
040076	Baptist Health Medical Center-Hot Springs County	04	04	26300	26300	05059	7	rural	ourban	L	0.848	LUGAR			N		1	0	0	64	25	0	0	0.6929	0.03	0	0.03	0.00007	797.49	0.000065	709.24	0.524	0.031	14	4708.2	705	686.92	1.2148	1.2058			687.88	1.2219	1.2130			0.8932	1	0.00381	0.0022	0.32199	1.11727	1.00977	0.9801	0	0
040078	National Park Medical Center	26300	26300	26300	26300	05051	7	ourban	ourban	N	0.848				N		1	0	0	126	67	0	0	0.2621	0.0271	0.05451	0.0271	0.000051	166.1	0.000095	319.93	0.081	0.005	7		2734	2693.91	1.8445	1.8402			2695.98	1.8464	1.8434			0.8932	1	0.02568	0.01667	0.51168	1	0.99389	0.9869	0	0
040084	Saline Memorial Hospital	30780	30780	30780	30780	05125	7	ourban	ourban	N	0.8263				N		1	0	0	137	53	0	0	0.2875	0.03233	0.05995	0.03233	0.000113	410.56	0.000112	398.01	0.293	0.021	0		2164	2116.71	1.4689	1.4609			2119.73	1.4683	1.4605			0.8775	1	0.00352	0.00275	0.50154	1	0.9928	0.9777	0	0
040085	Helena Regional Medical Center	04	04	32820	04	05107	7	rural	rural	W	0.8446				N		1	0	0	127	13	0	0	0.5972	0.03	0	0.03	0.000018	263.01	0.000039	565.88	0.142	0.014	16	3840.1	553	548.54	1.0209	1.0154			548.77	1.0191	1.0136			0.8908	1	0.00694	0.0112	0.37866	1.16833	1.0174	0.9980	0	0
040088	Medical Center Of South Arkansas	04	04	33740	04	05139	7	rural	rural	W	0.8109				N		1	0	0	98	34	0	0	0.2611	0.02689	0	0.02689		0		0	0.118	0.007	17	6290.43	1257	1219.73	1.6962	1.6745			1220.91	1.6930	1.6710			0.8663	1	0.01327	0.00713	0.46869	1.02273	0.99436	1.0000	0	0
040114	Baptist Health Medical Center-Little Rock	30780	30780	30780	30780	05119	7	ourban	ourban	N	0.8263				N		1	0.0084	0.0152	750	401	0.00458	0.0043	0.3555	0.04636	0.07464	0.04636	0.000544	442.29	0.000659	538.56	0.226	0.011	0		10066	9905.57	2.1298	2.0954	2379.04	2.1970	9914.56	2.1214	2.0925	2381.48	2.1875	0.8775	1	0.02449	0.00621	0.35721	1	0.98879	0.9948	0	0
040118	Nea Baptist Memorial Hospital	27860	27860	32820	04	05031	7	ourban	rural	S	0.8446		YES	YES	N		1	0.0103	0.0099	192	121	0.00561	0.0028	0.2295	0.02037	0	0.02037	0.000115	199.52	0.000131	231.23	0.188	0.033	7		5026	4965.11	1.6771	1.6721	921.48	1.7876	4969.49	1.6778	1.6727	921.81	1.7930	0.8908	1	0.01205	0.05354	0.50955	1	0.99953	0.9746	0	0
040119	White River Medical Center	04	04	27860	04	05063	7	rural	rural	W	0.815				N		1	0.0663	0	187	83	0.03556	0	0.3626	0.04782	0	0.04782	0.000108	262.81	0.000178	424.33	0.298	0.02	17	5359.61	3244	3155.09	1.6284	1.6218	361.19	1.6097	3159.15	1.6237	1.6165	361.58	1.6134	0.8693	1	0.02027	0.01515	0.51705	1	1.00247	0.9964	0	0
040132	Levi Hospital	26300	26300	26300	26300	05051	7	ourban	ourban	N	0.848				N		1	0		1	0	0	0.52699	0.4091	0.03	0	0.03	0.000014	38546.82		0	0.356	0.009	0		2	2.00	1.1961	1.1961			2.00	1.2154	1.2154			0.8932	1	0	0	1	1	1	1.0000	0	1
040134	"Arkansas Heart Hospital, Llc"	30780	30780	30780	30780	05119	7	ourban	ourban	N	0.8263				N		1	0	0	112	51	0	0	0.0669	0	0.01364	0		0		0	0.246	0.021	0		3575	3542.03	2.3501	2.3427			3543.78	2.3440	2.3371			0.8775	1	0.00203	0.00249	0.63822	1	1.01546	0.9768	0	0
040137	St Vincent Medical Center/North	30780	30780	30780	30780	05119	7	ourban	ourban	N	0.8263				N		1	0	0	49	19	0	0	0.2632	0.02732	0	0.02732	0.000024	253.53	0.000031	339.59	0.246	0.015	0		691	673.40	1.4073	1.4021			674.00	1.3972	1.3915			0.8775	1	0.00202	0.0013	0.50616	1	0.99144	0.9950	0	0
040147	Arkansas Surgical Hospital	30780	30780	30780	30780	05119	7	ourban	ourban	N	0.8263				N		1	0	0	49	18	0	0	0.024448255	0	0	0		0		0	0.231	0.023	0		1583	1574.26	2.2212	2.2181			1574.99	2.2184	2.2155			0.8775	1	0.00006	0.00046	0.50037	1	1	1.0000	0	0
040152	Northwest Health Physicians Specialty Hospital	22220	22220	22220	22220	05143	7	ourban	ourban	N	0.8387				N		1	0	0	20	5	0	0	0.052195402	0	0	0		0		0	0.225	0.041	0		311	307.24	2.3463	2.3410			307.71	2.3435	2.3382			0.8865	1	0.01071	0.06311	0.41379	1	1	1.0000	0	0
040153	Wadley Regional Medical Center At Hope	04	04	04	04	05057	7	rural	rural	N	0.7919				N		1	0	0	67	11	0	0	0.2032	0.01495	0	0.01495	0.000016	273.09	0.000026	419.4	0.186	0.015	0		490	479.07	1.3603	1.3500			479.39	1.3582	1.3478			0.8523	1	0	0	0.56154	1.22	0.99157	0.9898	0	0
040154	Baptist Health Medical Center-Conway	30780	30780	30780	30780	05045	7	ourban	ourban	N	0.8263				N		1	0		109	13	0	0.52699	0.211295652	0.01662	0.04372	0.01662		0		0	0.347	0.065	0		1322	1266.34	1.5957	1.5728			1268.65	1.5869	1.5651			0.8775	1	0.02801	0.1007	0.3837	1	1.00825	0.9982	0	0
040155	Arkansas Continued Care Hospital Of Jonesboro	27860	27860	27860	27860	05031	7	ourban	ourban	N	0.8205				N		1	0		44	0	0	0.52699	0	0	0	0		0		0	0.246	0.02	0		30	30.00	2.3863	2.3863			30.00	2.4235	2.4235			0.8733	1	1.1304	0.86952		1	1	1.0000	0	0
050002	St Rose Hospital	36084	36084	36084	36084	06001	9	lurban	lurban	N	1.7586				Y	0.0233	1	0	0	195	63	0	0	0.5923	0.0952	0.12743	0.0952	0.000072	340.01	0.000177	787.4	0.194	0.014	0		1710	1678.57	1.6014	1.5785			1679.82	1.6035	1.5805			1.4719	1	0.06498	0.0523	0.3743	1	0.99626	0.9778	0	0
050006	St Joseph Hospital	05	05	39820	05	06023	9	rural	rural	W	1.3627				N		1	0	0	133	89	0	0	0.4258	0.06086	0	0.06086	0.000171	469.4	0.000198	567.75	0.195	0.019	7		3180	3142.48	1.8003	1.7832			3144.32	1.8035	1.7864			1.2361	1	0.07202	0.11137	0.49059	1	1.00093	1.0000	0	0
050007	Mills-Peninsula Medical Center	41884	41884	41884	41884	06081	9	lurban	lurban	N	1.7835				N		1	0	0	241	127	0	0	0.1873	0.01231	0.03866	0.01231	0.00013	308.82	0.000184	435.43	0.271	0.027	0		3519	3439.74	2.0538	2.0335			3443.87	2.0560	2.0362			1.4862	1	0.09402	0.14556	0.32418	1	1.01245	0.9998	0	0
050008	California Pacific Medical Ctr-Davies Campus Hosp	41884	41884	41884	41884	06075	9	lurban	lurban	N	1.7835				N		1	0.0074	0.0225	137	49	0.00404	0.00637	0.4229	0.06026	0.08941	0.06026	0.000123	1008.37	0.000111	879.11	0.26	0.016	0		930	902.59	1.8884	1.8571	311.48	1.5935	904.10	1.9049	1.8727	312.10	1.6025	1.4862	1	0.09442	0.05517	0.3434	1	0.99394	1.0000	0	0
050009	Queen Of The Valley Medical Center	34900	34900	42034	05	06055	9	ourban	rural	S	1.79		YES	YES	N		1	0	0	176	80	0	0	0.3528	0.0458	0	0.0458	0.000165	450.1	0.000179	516.61	0.174	0.015	7		3085	3030.49	1.7839	1.7758			3032.90	1.7747	1.7663			1.4899	1	0.04118	0.0602	0.53359	1	1.00607	1.0000	0	0
050013	Adventist Health St Helena	34900	34900	34900	34900	06055	9	ourban	ourban	N	1.6181				Y	0.0688	1	0	0	137	65	0	0	0.443	0.06441	0.09385	0.06441	0.00006	199.9	0.000124	407.35	0.149	0.01	0		2131	2104.94	2.2792	2.2685			2107.04	2.2641	2.2530			1.3904	1	0.04104	0.02843	0.46162	1	1.00418	0.9986	0	0
050014	Sutter Amador Hospital	05	05	40900	05	06005	9	rural	rural	W	1.6207				N		1	0	0	52	23	0	0	0.2587	0.02639	0	0.02639		0	0.000072	507.67	0.272	0.033	16	9635.7	1233	1204.18	1.4368	1.4289			1205.40	1.4337	1.4262			1.3919	1	0.03136	0.07081	0.51213	1.10932	1.00247	0.9980	0	0
050017	Mercy General Hospital	40900	40900	40900	40900	06067	9	lurban	lurban	N	1.6207				N		1	0.0175	0.0399	390	163	0.00952	0.01132	0.4076	0.05711	0.08604	0.05711	0.000219	476.32	0.000374	782.85	0.162	0.01	0		3811	3752.33	2.2608	2.2587	1876.65	2.5405	3757.11	2.2624	2.2605	1880.08	2.5458	1.3919	1	0.0882	0.05171	0.27415	1	1.00171	0.9950	0	0
050018	Pacific Alliance Medical Center	31084	31084	31084	31084	06037	9	lurban	lurban	N	1.2918				N		1	0	0	134	67	0	0	1.2591	0.23273	0.29042	0.23273	0.000064	1223.1	0.000255	2665.76	0.32	0.008	0		23	22.71	1.3467	1.3483			22.78	1.3455	1.3464			1.1916	1	0.21916	0.01624	0.14326	1	1	0.9989	0	0
050022	Riverside Community Hospital	40140	40140	11244	40140	06065	9	lurban	lurban	W	1.2645				N		1	0.1686	0	373	288	0.08793	0	0.5211	0.08051	0.11129	0.08051	0.000472	975.53	0.000696	1496.06	0.092	0.009	0		4148	4059.53	1.9175	1.9003	3623.74	2.0606	4065.92	1.9161	1.8996	3630.45	2.0611	1.1743	1	0.02781	0.05292	0.2142	1	0.99512	0.9911	0	0
050024	Paradise Valley Hospital	41740	41740	41740	41740	06073	9	lurban	lurban	N	1.2645				N		1	0	0	229	127	0	0	0.8098	0.14006	0.1782	0.14006	0.000127	561.1	0.000315	1270.05	0.218	0.015	0		1766	1742.74	1.5050	1.4961			1744.17	1.5078	1.4991			1.1743	1	0.00845	0.00675	0.23086	1	1.00245	0.9994	0	0
050025	Uc San Diego Health Hillcrest - Hillcrest Med Ctr	41740	41740	05	05	06073	9	ourban	rural	S	1.3189		YES		N		1	0.4922	0.7522	623	471	0.23757	0.23648	0.5607	0.08868	0	0.08868	0.001142	1439.85	0.001259	1649.77	0.285	0.031	7		6927	6808.37	2.4452	2.4373	1803.47	2.1661	6819.62	2.4541	2.4462	1805.59	2.1733	1.2087	1	0.24068	0.44426	0.23391	1	1.00126	0.9998	0	0
050026	Grossmont Hospital	41740	41740	41740	41740	06073	9	lurban	lurban	N	1.2645				N		1	0	0	430	296	0	0	0.5147	0.07919	0.10985	0.07919	0.000571	615.25	0.00084	908.43	0.162	0.009	0		7779	7631.47	1.7536	1.7455			7639.12	1.7528	1.7448			1.1743	1	0.06063	0.02741	0.31085	1	0.99505	0.9948	0	0
050028	Mad River Community Hospital	05	05	05	05	06023	9	rural	rural	N	1.3189				N		1	0	0	78	19	0	0	0.3606	0.03	0	0.03	0.000054	828.53	0.000055	770.88	0.295	0.012	0		527	523.86	1.3677	1.3679			524.20	1.3705	1.3706			1.2087	1	0.06346	0.01626	0.34509	1	1.01214	0.9996	0	0
050030	Oroville Hospital	17020	17020	17020	17020	06007	9	ourban	ourban	N	1.2645				N		1	0	0	133	113	0	0	0.5282	0.08198	0.11289	0.08198	0.000151	214.84	0.00024	347.22	0.248	0.013	0		6070	6012.79	1.5647	1.5621			6015.76	1.5671	1.5646			1.1743	1	0.0119	0.00523	0.49363	1	1	0.9700	1	1
050036	Bakersfield Memorial Hospital	12540	12540	12540	12540	06029	9	ourban	ourban	N	1.2645				N		1	0	0	421	170	0	0	0.5639	0.08934	0.12096	0.08934	0.00012	303.66	0.000375	978.35	0.193	0.013	0		3425	3361.53	1.8919	1.8779			3365.12	1.8936	1.8800			1.1743	1	0.07174	0.05193	0.22359	1	0.99683	0.9923	0	1
050038	Santa Clara Valley Medical Center	41940	41940	41940	41940	06085	9	lurban	lurban	N	1.8551				N		1	0.323	0.539	453	279	0.16205	0.16428	0.8403	0.14635	0.1855	0.14635	0.002188	8639.12	0.002091	8032.55	0.261	0.027	0		2153	2114.00	1.9468	1.9287	837.86	1.5590	2115.04	1.9586	1.9403	838.52	1.5646	1.5268	1	0.35237	0.57573	0.13458	1	0.99934	0.9997	0	0
050039	Enloe Medical Center	17020	17020	17020	17020	06007	9	ourban	ourban	N	1.2645				N		1	0	0	258	198	0	0	0.3342	0.04197	0.07002	0.04197	0.000217	212.44	0.000289	297.35	0.163	0.01	0		9081	8937.17	1.6713	1.6591			8949.28	1.6624	1.6504			1.1743	1	0.05855	0.03195	0.52901	1	1.00019	0.9926	0	0
050040	Lac/Olive View-Ucla Medical Center	31084	31084	31084	31084	06037	9	lurban	lurban	N	1.2918				N		1	0.6231	1.0448	246	152	0.29257	0.34291	0.9429	0.16751	0.21038	0.16751	0.001219	11988.89	0.001193	13071.59	0.198	0.015	0		953	940.23	1.4799	1.4691	172.95	1.3913	940.66	1.4713	1.4604	172.93	1.4017	1.1916	1	0.08479	0.106	0.08518	1	1.01141	0.9985	0	0
050042	St Elizabeth Community Hospital	05	05	39820	05	06103	9	rural	rural	W	1.3627				N		1	0	0	54	23	0	0	0.4801	0.03	0	0.03		0		0	0.2	0.021	16	8354.77	1294	1232.61	1.4376	1.4245			1235.23	1.4350	1.4224			1.2361	1	0.00887	0.01561	0.47041	1.0875	1.00095	0.9979	0	0
050043	Alta Bates Summit Medical Center	36084	36084	36084	36084	06001	9	lurban	lurban	N	1.7586				Y	0.0233	1	0	0	273	156	0	0	0.4929	0.0747	0.10496	0.0747	0.000196	324.24	0.00029	504.57	0.246	0.018	0		5121	4973.09	1.9296	1.9123			4979.95	1.9300	1.9124			1.4719	1	0.06392	0.05405	0.4434	1	0.9987	0.9995	0	0
050045	El Centro Regional Medical Center	20940	20940	20940	20940	06025	9	ourban	ourban	N	1.2645				N		1	0	0	161	47	0	0	0.6531	0.10774	0.1414	0.10774	0.000186	843.62	0.000234	1048.85	0.193	0.016	0		1904	1844.10	1.5192	1.5075			1846.90	1.5134	1.5014			1.1743	1	0.01358	0.01329	0.4118	1	1.00811	0.9998	0	1
050047	California Pacific Medical Center- Van Ness Campus	41884	41884	41884	41884	06075	9	lurban	lurban	N	1.7835				N		1	0.1928	0.3447	464	256	0.09992	0.10216	0.3883	0.05312	0.0818	0.05312	0.000347	538.58	0.00041	636.13	0.257	0.018	0		5327	5238.86	2.1253	2.1181	1489.15	1.9469	5245.33	2.1331	2.1257	1490.87	1.9542	1.4862	1	0.12162	0.09617	0.27945	1	1.00211	0.9982	0	0
050054	San Gorgonio Memorial Hospital	40140	40140	11244	40140	06065	9	lurban	lurban	W	1.2645				N		1	0	0	61	38	0	0	0.4323	0.03	0	0.03	0.000057	674.3	0.000087	988.78	0.356	0.066	0		602	583.05	1.3831	1.3627			584.36	1.3850	1.3648			1.1743	1	0.08272	0.3247	0.23186	1.03008	0.99835	0.9978	0	1
050055	California Pacific Medical Center - Mission Bernal	41884	41884	41884	41884	06075	9	lurban	lurban	N	1.7835				N		1	0.0131	0.0391	149	45	0.00713	0.0111	0.6542	0.10797	0.14165	0.10797	0.000125	1178.8	0.000159	1436.63	0.37	0.018	0		828	806.93	1.5365	1.5276	376.59	1.4092	807.49	1.5407	1.5317	377.10	1.4129	1.4862	1	0.29526	0.13852	0.2936	1	1.00972	0.9957	0	0
050056	Antelope Valley Hospital	31084	31084	31084	31084	06037	9	lurban	lurban	N	1.2918				N		1	0	0	393	228	0	0	0.5614	0.08883	0.1204	0.08883	0.000217	561.7	0.000557	1469.97	0.202	0.013	0		3209	3165.00	1.8614	1.8412			3168.44	1.8562	1.8374			1.1916	1	0.04894	0.03167	0.20308	1	0.9883	0.9943	0	0
050057	Kaweah Delta Medical Center	47300	47300	47300	47300	06107	9	ourban	ourban	N	1.2645				N		1	0.206	0.0885	403	278	0.1064	0.02529	0.512	0.07864	0.10925	0.07864	0.000173	197.01	0.000476	565.96	0.264	0.011	0		7725	7638.79	1.7525	1.7444	1004.26	1.8853	7644.61	1.7537	1.7454	1004.99	1.8800	1.1743	1	0.03089	0.00688	0.37278	1	0.99538	0.9975	0	0
050058	Glendale Mem Hospital & Hlth Center	31084	31084	37100	05	06037	9	ourban	rural	S	1.437		YES	YES	N		1	0	0	271	118	0	0	0.951	0.16918	0	0.16918	0.00009	298.66	0.000305	946.72	0.174	0.008	7		2320	2281.87	1.8269	1.8156			2284.40	1.8249	1.8135			1.2818	1	0.05683	0.02507	0.32093	1	0.99856	0.9937	0	0
050060	Community Regional Medical Center	23420	23420	23420	23420	06019	9	ourban	ourban	N	1.2645				N		1	0.1854	0.2535	770	606	0.09627	0.07416	0.7555	0.12886	0.16531	0.12886	0.000552	610.63	0.001541	1720.4	0.185	0.013	0		7523	7440.96	2.0598	2.0469	1817.68	1.9030	7443.36	2.0754	2.0624	1818.09	1.9143	1.1743	1	0.08715	0.07416	0.20667	1	0.99353	0.9892	0	0
050063	Hollywood Presbyterian Medical Center	31084	31084	31084	31084	06037	9	lurban	lurban	N	1.2918				N		1	0	0	317	153	0	0	1.0329	0.18607	0.23264	0.18607	0.000138	448.38	0.000503	1605.21	0.21	0.004	0		2542	2509.43	1.8482	1.8266			2510.47	1.8549	1.8335			1.1916	1	0.06032	0.00072	0.25243	1	1.00043	0.9908	0	0
050067	Oak Valley Hospital District	33700	33700	33700	33700	06099	9	ourban	ourban	N	1.3167				Y	0.0402	1	0	0	35	9	0	0	0.388	0.03	0	0.03	0.00008	2382.91	0.000071	1974.6	0.385	0.054	0		260	257.94	1.1061	1.1057			258.17	1.1028	1.1023			1.2073	1	0.05425	0.13316	0.39675	1	1.00996	0.9985	0	0
050069	St Joseph Hospital	11244	11244	31084	11244	06059	9	lurban	lurban	W	1.2658				N		1	0	0	388	191	0	0	0.3908	0.05364	0.08235	0.05364	0.000565	1161.89	0.000396	841.05	0.191	0.014	0		4023	3882.22	2.3208	2.3185			3889.63	2.3073	2.3045			1.1752	1	0.04272	0.03284	0.22339	1	0.99818	0.9986	0	0
050070	Kaiser Foundation Hospital - South San Francisco	41884	41884	41884	41884	06081	9	lurban	lurban	N	1.7835				N		1	0	0	120	54	0	0	0.0317	0	0.00644	0		0		0	0.38	0.016	0		231	218.45	1.6244	1.6203			218.95	1.6169	1.6117			1.4862	1	0.12188	0.035	0.05201	1	1.01053	1.0000	0	0
050071	Kaiser Foundation Hospital-Santa Clara	41940	41940	41940	41940	06085	9	lurban	lurban	N	1.8551				N		1	0.2957	0.3641	327	203	0.14933	0.10821	0.0868	0	0.01773	0		0		0	0.378	0.007	0		521	496.83	2.0087	1.9981	4484.20	1.9278	497.69	2.0156	2.0041	4508.86	1.9255	1.5268	1	0.2215	0.01028	0.02377	1	1.01141	1.0000	0	0
050072	Kaiser Foundation Hospital - Walnut Creek	36084	36084	36084	36084	06013	9	lurban	lurban	N	1.7353				N		1	0.0211	0.0335	233	126	0.01146	0.0095	0.0624	0	0.01272	0		0		0	0.425	0.012	0		275	260.12	1.6040	1.5943	3498.74	1.7605	260.75	1.6042	1.5950	3505.76	1.7581	1.4586	1	0.19883	0.02752	0.02457	1	1.00516	1.0000	0	0
050073	Kaiser Foundation Hospital And Rehab Center	46700	46700	46700	46700	06095	9	ourban	ourban	N	1.8286				N		1	0.022	0.0868	200	104	0.01195	0.0248	0.135	0	0.02771	0		0	0.000097	1181.04	0.409	0.018	0		627	607.38	1.6982	1.6945	2368.33	1.6967	607.98	1.7008	1.6970	2373.69	1.6980	1.5118	1	0.16528	0.04683	0.08904	1	1.00844	0.9996	0	0
050075	Kaiser Foundation Hospital - Oakland/Richmond	36084	36084	36084	36084	06001	9	lurban	lurban	N	1.7586				Y	0.0233	1	0.2215	0.4008	353	232	0.11395	0.11975	0.1605	0.00796	0.03304	0.00796	0.000213	1281.05		0	0.432	0.033	0		1429	1388.08	1.6408	1.6370	5222.35	1.7820	1389.42	1.6446	1.6406	5228.07	1.7853	1.4719	1	0.37401	0.37666	0.06702	1	1.00394	0.9997	0	0
050076	Kaiser Foundation Hospital - San Francisco	41884	41884	42034	05	06075	9	ourban	rural	S	1.79		YES	YES	N		1	0.3434	0.5076	239	143	0.17145	0.15401	0.083	0	0	0		0		0	0.418	0.014	7		327	315.73	2.4159	2.4153	3024.34	2.3023	316.47	2.4040	2.4019	3033.42	2.2888	1.4899	1	0.23546	0.03486	0.02771	1	1.00667	1.0000	0	0
050077	Scripps Mercy Hospital	41740	41740	41740	05	06073	9	ourban	rural	S	1.2645		YES		N		1	0.1628	0.2301	510	354	0.08504	0.06709	0.5759	0.09182	0	0.09182	0.0007	1030.37	0.001015	1473.04	0.158	0.011	7		5630	5517.15	1.8004	1.7759	4513.57	1.6183	5524.59	1.8012	1.7784	4520.60	1.6228	1.1743	1	0.07698	0.07234	0.22359	1	0.99733	0.9923	0	0
050078	Providence Little Co Of Mary Med Ctr San Pedro	31084	31084	31084	31084	06037	9	lurban	lurban	N	1.2918				N		1	0	0	186	59	0	0	0.3863	0.05271	0.08137	0.05271	0.000162	1099.5	0.000138	865.6	0.181	0.01	0		1185	1154.86	1.4658	1.4523			1155.79	1.4777	1.4646			1.1916	1	0.02996	0.01513	0.294	1	0.99955	0.9988	0	0
050082	St Johns Regional Medical Center	37100	37100	37100	37100	06111	9	ourban	ourban	N	1.437				N		1	0	0	242	128	0	0	0.3807	0.05156	0.08014	0.05156	0.000177	388.13	0.000303	685.27	0.204	0.014	0		3995	3905.94	1.9099	1.8897			3910.34	1.9062	1.8870			1.2818	1	0.04457	0.02747	0.33191	1	1.00275	0.9967	0	0
050084	St Joseph's Medical Center Of Stockton	44700	44700	36084	05	06077	9	ourban	rural	S	1.7196		YES	YES	N		1	0	0	348	230	0	0	0.4835	0.07276	0	0.07276	0.000212	348.24	0.0004	646.56	0.144	0.007	7		5153	5046.42	2.0369	2.0151			5051.64	2.0377	2.0155			1.4495	1	0.01831	0.00587	0.27989	1	1.00055	0.9956	0	0
050089	Community Hospital Of San Bernardino	40140	40140	31084	40140	06071	9	lurban	lurban	W	1.2658				N		1	0	0	185	70	0	0	0.9214	0.16308	0.20513	0.16308	0.000105	1371.48	0.000281	3395.47	0.197	0.008	0		533	525.90	1.5516	1.5352			526.27	1.5462	1.5302			1.1752	1	0.0778	0.01835	0.12007	1	0.99877	0.9970	0	0
050090	Sonoma Valley Hospital	42220	42220	42220	42220	06097	9	ourban	ourban	N	1.6828				Y	0.0195	1	0	0	48	13	0	0	0.2513	0.02487	0	0.02487	0.000013	193.29	0.000019	269.07	0.234	0.028	0		543	523.60	1.5468	1.5269			524.66	1.5474	1.5282			1.4282	1	0.00892	0.02475	0.50119	1	1.00034	1.0000	0	0
050091	Community Hospital Of Huntington Park	31084	31084	31084	31084	06037	9	lurban	lurban	N	1.2918				N		1	0	0	81	38	0	0	0.9808	0.03	0	0.03	0.000096	1335.75	0.000172	2327.15	0.127	0.007	0		612	605.34	1.5614	1.5440			605.60	1.5581	1.5411			1.1916	1	0.00163	0.00099	0.18938	1	0.99435	0.9978	0	0
050093	Saint Agnes Medical Center	23420	23420	23420	23420	06019	9	ourban	ourban	N	1.2645				N		1	0	0	436	265	0	0	0.4733	0.07066	0.10059	0.07066	0.000187	178.66	0.000442	437.41	0.226	0.016	0		8896	8729.17	1.8267	1.8178			8738.27	1.8215	1.8125			1.1743	1	0.03169	0.02191	0.42123	1	0.9951	0.9982	0	0
050096	"West Covina Medical Center, Inc"	31084	31084	31084	31084	06037	9	lurban	lurban	N	1.2918				N		1	0.1923	1.5	13	6	0.09967	0.52699	0.222	0.01883	0	0.01883	0.000001	10.58	0.000003	66.11	0.594	0.037	0		425	420.13	0.9584	0.9549			420.44	0.9531	0.9497			1.1916	1	0.00505	0.00207	0.855	1	1	1.0000	0	0
050099	San Antonio Regional Hospital	40140	40140	31084	40140	06071	9	lurban	lurban	W	1.2658				N		1	0	0	271	169	0	0	0.3153	0.03807	0.06593	0.03807	0.000317	738.79	0.00029	687.05	0.164	0.012	0		3615	3525.74	1.8282	1.8113			3531.26	1.8275	1.8104			1.1752	1	0.02539	0.02224	0.24097	1	0.99744	0.9957	0	0
050100	Sharp Memorial Hospital	41740	41740	41740	41740	06073	9	lurban	lurban	N	1.2645				N		1	0	0	832	405	0	0	0.3984	0.05521	0.08402	0.05521	0.000556	857.15	0.000808	1336.11	0.162	0.009	0		5715	5622.16	2.0584	2.0562			5628.13	2.0632	2.0608			1.1743	1	0.09647	0.04663	0.1593	1	0.99688	0.9973	0	0
050101	Sutter Solano Medical Center	46700	46700	46700	46700	06095	9	ourban	ourban	N	1.8286				N		1	0	0	102	48	0	0	0.5765	0.09194	0.12383	0.09194	0.000173	788.03	0.000207	1013.64	0.25	0.015	0		1840	1789.53	1.6999	1.6851			1791.81	1.6985	1.6838			1.5118	1	0.05846	0.03914	0.45776	1	0.99387	0.9794	0	0
050102	Parkview Community Hospital Medical Center	40140	40140	11244	40140	06065	9	lurban	lurban	W	1.2645				N		1	0	0	193	106	0	0	0.6141	0.0997	0.13242	0.0997	0.000169	1009.19	0.000272	1555.73	0.2	0.008	0		1316	1289.60	1.6732	1.6393			1291.15	1.6555	1.6288			1.1743	1	0.09422	0.02244	0.23208	1	0.99564	0.9807	0	0
050103	White Memorial Medical Center	31084	31084	37100	05	06037	9	ourban	rural	S	1.437		YES	YES	N		1	0.1966	0.3005	310	211	0.10179	0.0885	0.9345	0.16578	0	0.16578	0.000231	802.58	0.000665	2272.82	0.128	0.009	7		2342	2304.91	1.7492	1.7374	1651.34	1.8750	2305.85	1.7555	1.7437	1653.58	1.8709	1.2818	1	0.01511	0.01549	0.1448	1	1.00463	0.9957	0	0
050104	Saint Francis Medical Center	31084	31084	31084	31084	06037	9	lurban	lurban	N	1.2918				N		1	0	0	339	258	0	0	0.9904	0.17731	0.22208	0.17731	0.000466	1574	0.001052	3819.95	0.222	0.009	0		2531	2497.54	1.5942	1.5726			2498.48	1.6016	1.5792			1.1916	1	0.11381	0.02872	0.13608	1	0.99612	0.9985	0	0
050107	Marian Regional Medical Center	42200	42200	42200	42200	06083	9	ourban	ourban	N	1.4138				N		1	0.0732	0.0377	238	152	0.03918	0.0107	0.4876	0.07361	0.10378	0.07361	0.000217	356.82	0.000374	634.14	0.17	0.012	0		5170	5023.35	1.7141	1.7015	615.00	1.6721	5032.22	1.7134	1.7011	615.98	1.6742	1.2676	1	0.03289	0.02858	0.33696	1	1.0024	1.0000	0	0
050108	"Sutter Medical Center, Sacramento"	40900	40900	40900	40900	06067	9	lurban	lurban	N	1.6207				N		1	0.0245	0.0454	523	358	0.0133	0.01289	0.5581	0.08815	0.11965	0.08815	0.000502	628.45	0.001124	1424.4	0.241	0.026	0		6562	6414.80	2.4579	2.4552	1800.30	2.0611	6423.07	2.4708	2.4666	1802.48	2.0665	1.3919	1	0.07659	0.13813	0.217	1	0.9964	0.9998	0	0
050110	Lompoc Valley Medical Center	42200	42200	42200	42200	06083	9	ourban	ourban	N	1.4138				N		1	0	0	60	23	0	0	0.3432	0.03	0	0.03	0.00006	579.75	0.000134	1188.87	0.513	0.061	0		814	786.61	1.2742	1.2681			788.30	1.2663	1.2603			1.2676	1	0.01495	0.03622	0.40548	1.10697	0.99761	0.9915	0	0
050112	Santa Monica - Ucla Med Ctr & Orthopaedic Hospital	31084	31084	37100	05	06037	9	ourban	rural	S	1.437		YES	YES	N		1	0.2477	0.2929	265	216	0.12658	0.08617	0.307	0.03636	0	0.03636	0.000289	511.17	0.000452	808.79	0.38	0.035	7		4745	4617.92	1.7920	1.7800	1164.83	1.5895	4623.58	1.7951	1.7831	1166.31	1.5932	1.2818	1	0.21475	0.29177	0.31941	1	1.00015	0.9943	0	0
050113	San Mateo Medical Center	41884	41884	41884	41884	06081	9	lurban	lurban	N	1.7835				N		1	0.0249	0.0818	69	35	0.01351	0.02335	0.5616	0.03	0	0.03	0.00013	3959.33	0.000238	7579.04	0.711	0.039	0		291	286.37	1.3915	1.3899	181.51	1.3865	286.57	1.3861	1.3844	181.67	1.3977	1.4862	1	0.32162	0.21032	0.10797	1	1.00256	0.9998	0	1
050115	Palomar Health Downtown Campus	41740	41740	41740	41740	06073	9	lurban	lurban	N	1.2645				N		1	0.0023	0.0035	364	222	0.00126	0.00099	0.3641	0.04813	0.07652	0.04813	0.000313	624.34	0.000443	900.83	0.172	0.026	0		3990	3824.99	1.9500	1.9333	228.89	1.7769	3835.70	1.9539	1.9381	229.79	1.7894	1.1743	1	0.08194	0.2483	0.22061	1	0.99778	0.9983	0	0
050116	Northridge Hospital Medical Center	31084	31084	37100	31084	06037	9	lurban	lurban	W	1.437				N		1	0.0406	0.0901	348	143	0.02194	0.02575	0.531	0.08256	0.11352	0.08256	0.000204	457.68	0.000395	899.03	0.141	0.009	0		3735	3624.93	1.8761	1.8691	1069.35	1.7930	3633.79	1.8802	1.8729	1071.83	1.7939	1.2818	1	0.05427	0.03488	0.31649	1	0.99626	0.9957	0	0
050118	Doctors Hospital Of Manteca	44700	44700	44700	44700	06077	9	ourban	ourban	N	1.4973				Y	0.0478	1	0	0	73	38	0	0	0.3676	0.03	0	0.03	0.000056	344.97	0.000069	411.21	0.107	0.007	0		1272	1251.72	1.3492	1.3308			1252.40	1.3474	1.3286			1.3184	1	0.02287	0.01754	0.41257	1	1.00283	0.9934	0	0
050121	Adventist Health Hanford	25260	25260	25260	25260	06031	9	ourban	ourban	N	1.2645				N		1	0.0018	0.0265	233	125	0.00098	0.00751	0.531	0.08256	0.11352	0.08256	0.000253	601.37	0.000361	805.48	0.305	0.021	0		3254	3203.78	1.5315	1.5243	31.01	1.4482	3205.90	1.5312	1.5247	31.04	1.4413	1.1743	1	0.04289	0.03151	0.36263	1	1.00031	0.9948	0	0
050122	Dameron Hospital	44700	44700	44700	44700	06077	9	ourban	ourban	N	1.4973				Y	0.0478	1	0	0	202	62	0	0	0.4756	0.07113	0.1011	0.07113	0.000054	332.65	0.000151	824.49	0.165	0.01	0		1135	1097.01	1.9617	1.9495			1101.31	1.9553	1.9420			1.3184	1	0.1113	0.05871	0.25871	1	0.99368	1.0000	0	0
050124	Usc Verdugo Hills Hospital	31084	31084	31084	31084	06037	9	lurban	lurban	N	1.2918				N		1	0	0	116	54	0	0	0.3714	0.04964	0.07811	0.04964	0.000206	931.7	0.000224	1113.6	0.269	0.014	0		1939	1881.03	1.5954	1.5808			1884.53	1.5998	1.5856			1.1916	1	0.02988	0.00854	0.45227	1	1.00112	0.9775	0	0
050125	Regional Medical Center Of San Jose	41940	41940	41940	41940	06085	9	lurban	lurban	N	1.8551				N		1	0	0	260	219	0	0	0.6399	0.10502	0.13835	0.10502	0.000504	861.92	0.00062	1046.91	0.086	0.01	0		4623	4557.25	1.7223	1.7170			4560.72	1.7326	1.7274			1.5268	1	0.08085	0.17633	0.33746	1	1.00105	0.9735	0	0
050126	Valley Presbyterian Hospital	31084	31084	31084	31084	06037	9	lurban	lurban	N	1.2918				N		1	0	0	333	173	0	0	0.9465	0.16825	0.21127	0.16825	0.00008	269.65	0.000515	1640.96	0.338	0.013	0		2305	2268.09	1.9712	1.9481			2270.06	1.9736	1.9505			1.1916	1	0.16239	0.03301	0.21117	1	1.00034	0.9883	0	0
050127	Woodland Memorial Hospital	40900	40900	40900	40900	06113	9	lurban	lurban	N	1.6207				N		1	0	0	77	27	0	0	0.4568	0.03	0	0.03	0.000062	574.26	0.000086	830.24	0.217	0.026	0		927	901.53	1.7843	1.7708			902.93	1.7811	1.7678			1.3919	1	0.06654	0.13944	0.27949	1	1.00389	0.9962	0	0
050128	Tri-City Medical Center	41740	41740	41740	41740	06073	9	lurban	lurban	N	1.2645				N		1	0.0076	0.0123	298	167	0.00415	0.00348	0.4602	0.06795	0.09767	0.06795	0.000252	680.18	0.000428	1061.33	0.2	0.011	0		2830	2733.37	1.9675	1.9537	1535.10	1.8723	2738.40	1.9697	1.9559	1538.26	1.8734	1.1743	1	0.06294	0.02487	0.22222	1	0.99782	0.9990	0	0
050129	St Bernardine Medical Center	40140	40140	31084	40140	06071	9	lurban	lurban	W	1.2658				N		1	0.0594	0	322	172	0.03192	0	0.5913	0.09499	0.1272	0.09499	0.000159	579.52	0.00039	1420.28	0.175	0.009	0		2265	2219.73	2.0642	2.0442	2280.94	1.9499	2221.90	2.0637	2.0437	2282.70	1.9555	1.1752	1	0.04799	0.01807	0.19566	1	0.99612	0.9908	0	0
050131	Novato Community Hospital	42034	42034	42034	42034	06041	9	ourban	ourban	N	1.79				N		1	0	0	47	16	0	0	0.1948	0.01353	0	0.01353	0.000046	357.42	0.000035	290.91	0.334	0.033	0		1074	1031.04	1.4951	1.4860			1033.79	1.4958	1.4872			1.4899	1	0.02526	0.04232	0.64597	1	1.01062	0.9997	0	0
050132	San Gabriel Valley Medical Center	31084	31084	31084	31084	06037	9	lurban	lurban	N	1.2918				N		1	0	0	187	96	0	0	0.8399	0.14627	0.1854	0.14627	0.000067	250.83	0.000237	910.04	0.125	0.01	0		2239	2206.34	1.6509	1.6352			2208.06	1.6530	1.6376			1.1916	1	0.0318	0.0333	0.32421	1	1	0.9966	1	0
050133	Adventist Health And Rideout	49700	49700	05	05	06115	9	ourban	rural	S	1.3189		YES		N		1	0	0	219	144	0	0	0.4628	0.03	0	0.03		0		0	0.234	0.024	16	9138.91	5234	5167.58	1.6561	1.6457			5171.10	1.6587	1.6483			1.2087	1	0.12042	0.19191	0.49209	1	0.99737	0.9946	0	0
050135	Southern California Hospital At Hollywood	31084	31084	31084	31084	06037	9	lurban	lurban	N	1.2918				N		1	0	0	397	231	0	0	0.7181	0.12115	0.15652	0.12115	0.000124	211.68	0.000421	737.97	0.178	0.007	0		5161	5108.23	1.4523	1.4436			5111.27	1.4580	1.4495			1.1916	1	0.07023	0.01571	0.33426	1	1.00112	0.9989	0	0
050136	Petaluma Valley Hospital	42220	42220	42220	42220	06097	9	ourban	ourban	N	1.6828				Y	0.0195	1	0	0	80	28	0	0	0.4027	0.03	0	0.03	0.000058	480.1	0.00006	475.73	0.176	0.012	0		973	947.46	1.4937	1.4887			948.73	1.4937	1.4891			1.4282	1	0.03726	0.03296	0.46189	1	0.99792	1.0000	0	0
050137	Kaiser Foundation Hospital - Panorama City	31084	31084	37100	05	06037	9	ourban	rural	S	1.437		YES	YES	N		1	0.0093	0.0171	218	81	0.00507	0.00484	0.1688	0.00931	0	0.00931	0.000093	3765.63		0	0.405	0.014	7		175	163.61	2.0942	2.0598	2020.05	1.7233	164.71	2.0776	2.0516	2035.41	1.7251	1.2818	1	0.10329	0.03123	0.02029	1	1.01021	1.0000	0	0
050138	Kaiser Foundation Hospital - Los Angeles	31084	31084	37100	05	06037	9	ourban	rural	S	1.437		YES	YES	N		1	0.3277	0.4932	460	300	0.16422	0.14933	0.1511	0.00643	0	0.00643	0.000183	2229.85		0	0.377	0.013	7		632	618.43	2.1417	2.1388	7056.73	2.4549	619.09	2.1537	2.1514	7069.96	2.4659	1.2818	1	0.12795	0.02471	0.02904	1	1.0044	1.0000	0	0
050139	Kaiser Foundation Hospital - Downey	31084	31084	05	05	06037	9	ourban	rural	S	1.3189		YES		N		1	0.016	0.0249	352	183	0.00871	0.00705	0.1814	0.01135	0	0.01135	0.000133	2209.15	0.000203	3629.34	0.372	0.021	7		487	458.29	1.8623	1.8209	3830.87	1.7271	459.34	1.8670	1.8260	3841.89	1.7301	1.2087	1	0.16905	0.09644	0.0211	1	1.00124	1.0000	0	0
050140	Kaiser Foundation Hospital Fontana	40140	40140	31084	40140	06071	9	lurban	lurban	W	1.2658				N		1	0.0628	0.1576	626	340	0.03371	0.04548	0.1824	0.01152	0.03763	0.01152	0.000214	1820.55	0.000255	2338.64	0.363	0.022	0		935	898.45	2.1297	2.1219	7098.95	1.9454	899.60	2.1411	2.1328	7111.45	1.9517	1.1752	1	0.19719	0.10562	0.03324	1	1.00174	0.9998	0	0
050145	Community Hospital Of The Monterey Peninsula	41500	41500	41500	41500	06053	9	ourban	ourban	N	1.774				N		1	0	0	227	129	0	0	0.2484	0.02427	0.05159	0.02427	0.0002	345.24	0.000193	340.53	0.257	0.028	0		4973	4918.41	1.7823	1.7749			4923.21	1.7879	1.7804			1.4808	1	0.21605	0.37045	0.49802	1	1.00235	1.0000	0	0
050149	California Hospital Medical Center La	31084	31084	37100	05	06037	9	ourban	rural	S	1.437		YES	YES	N		1	0.0557	0.0753	287	192	0.02996	0.02148	1.0375	0.18702	0	0.18702	0.000411	3089.42	0.000796	6064.23	0.21	0.011	7		1185	1167.97	1.7753	1.7544	1013.62	1.5175	1168.81	1.7844	1.7641	1014.36	1.5205	1.2818	1	0.01804	0.009	0.06325	1	1.00408	0.9980	0	0
050150	Sierra Nevada Memorial Hospital	05	05	40900	05	06057	9	rural	rural	W	1.6207				N		1	0	0	104	48	0	0	0.2721	0.02916	0	0.02916	0.00011	384.98	0.000109	378.37	0.205	0.013	7		2448	2390.01	1.4267	1.4170			2394.14	1.4256	1.4163			1.3919	1	0.03928	0.03005	0.50804	1	1.01058	0.9945	0	0
050152	Saint Francis Memorial Hospital	41884	41884	42034	41884	06075	9	lurban	lurban	W	1.79				N		1	0.0004	0.0135	150	57	0.00022	0.00382	0.6896	0.11527	0.14986	0.11527	0.000236	1251.75	0.00028	1408.74	0.206	0.013	0		1401	1380.53	1.7443	1.7456	188.88	1.6969	1381.48	1.7514	1.7526	189.09	1.7029	1.4899	1	0.18768	0.14424	0.38619	1	1.00503	0.9994	0	0
050153	O'connor Hospital	41940	41940	41940	41940	06085	9	lurban	lurban	N	1.8551				N		1	0.0722	0.2176	324	96	0.03866	0.06333	0.476	0.07121	0.10119	0.07121	0.00011	349.05	0.000246	761.7	0.186	0.01	0		2701	2650.10	1.7928	1.7827	874.52	1.7819	2652.37	1.7893	1.7788	875.63	1.7798	1.5268	1	0.06311	0.02811	0.33371	1	0.9941	0.9988	0	0
050158	Encino Hospital Medical Center	31084	31084	31084	31084	06037	9	lurban	lurban	N	1.2918				N		1	0	0	108	40	0	0	0.3904	0.05356	0.08226	0.05356	0.000085	713.03	0.000065	545.84	0.221	0.004	0		1093	1061.45	1.5914	1.5786			1062.87	1.5968	1.5844			1.1916	1	0.02764	0	0.26169	1	1.01034	0.9950	0	0
050159	Ventura County Medical Center	37100	37100	37100	37100	06111	9	ourban	ourban	N	1.437				N		1	0.1492	0.3097	272	121	0.07822	0.09133	0.7792	0.13375	0.17092	0.13375	0.000454	2294.79	0.000539	2757.15	0.208	0.025	0		1605	1573.44	1.4305	1.4210	165.97	1.4438	1574.66	1.4349	1.4258	166.20	1.4482	1.2818	1	0.07349	0.14586	0.16181	1	1	0.9965	1	1
050167	San Joaquin General Hospital	44700	44700	44700	44700	06077	9	ourban	ourban	N	1.4973				Y	0.0478	1	0.2134	0.3703	181	120	0.11001	0.11015	0.9203	0.16285	0.20486	0.16285	0.000224	1672.4	0.000384	3307.3	0.213	0.007	0		1336	1311.22	1.7435	1.7241	101.97	1.5294	1312.44	1.7508	1.7309	102.08	1.5325	1.3184	1	0.0668	0.00561	0.10553	1	0.99549	0.9976	0	1
050168	St Jude Medical Center	11244	11244	31084	11244	06059	9	lurban	lurban	W	1.2658				N		1	0	0	290	167	0	0	0.2724	0.02922	0.05671	0.02922	0.000308	660.77	0.000393	842.06	0.221	0.022	0		3735	3556.57	1.9479	1.9325			3567.65	1.9434	1.9304			1.1752	1	0.08258	0.1255	0.27623	1	1.00207	0.9993	0	0
050169	Pih Health Hospital-Whittier	31084	31084	31084	31084	06037	9	lurban	lurban	N	1.2918				N		1	0.0349	0.0669	394	187	0.01889	0.01906	0.2943	0.03374	0.06141	0.03374	0.000231	509.05	0.000336	751.83	0.115	0.011	0		3888	3808.03	1.7427	1.7300	3937.54	1.7244	3812.14	1.7480	1.7354	3947.68	1.7261	1.1916	1	0.02395	0.0394	0.2406	1	1.01077	0.9895	0	0
050174	Santa Rosa Memorial Hospital	42220	42220	42034	05	06097	9	ourban	rural	S	1.79		YES	YES	N		1	0	0	262	183	0	0	0.4041	0.05638	0	0.05638	0.000236	385.97	0.000286	454.66	0.159	0.014	7		5092	5028.76	1.9893	1.9772			5031.57	1.9870	1.9756			1.4899	1	0.04622	0.06419	0.4491	1	1.00349	1.0000	0	0
050179	Emanuel Medical Center	33700	33700	33700	33700	06099	9	ourban	ourban	N	1.3167				Y	0.0402	1	0	0	209	96	0	0	0.5436	0.08516	0.11637	0.08516	0.000097	261.33	0.000307	802.29	0.107	0.006	0		2962	2913.86	1.4583	1.4432			2916.28	1.4558	1.4411			1.2073	1	0.01365	0.00613	0.39501	1	0.99512	0.9797	0	0
050180	John Muir Medical Center - Walnut Creek Campus	36084	36084	36084	36084	06013	9	lurban	lurban	N	1.7353				N		1	0	0	506	233	0	0	0.2658	0.02786	0.0553	0.02786	0.000355	443.33	0.000357	463.76	0.133	0.012	0		6874	6721.22	1.7447	1.7351			6729.80	1.7482	1.7387			1.4586	1	0.08084	0.11176	0.34621	1	1.00185	0.9946	0	0
050189	George L Mee Memorial Hospital	41500	41500	41500	41500	06053	9	ourban	ourban	N	1.774				N		1	0	0	76	8	0	0	0.7498	0.03	0	0.03		0	0.000081	3882.45	0.371	0.02	16	13737.06	191	189.29	1.1225	1.1235			189.37	1.1224	1.1234			1.4808	1	0.08764	0.04181	0.19457	1.2203	1	1.0000	0	0
050191	St Mary Medical Center	31084	31084	31084	31084	06037	9	lurban	lurban	N	1.2918				N		1	0.1089	0.2274	256	132	0.05772	0.06628	0.7974	0.1375	0.17524	0.1375	0.000222	1210.64	0.00045	2451.59	0.225	0.012	0		1568	1547.90	1.8888	1.8741	996.33	1.7555	1549.00	1.8950	1.8803	997.20	1.7626	1.1916	1	0.07503	0.03306	0.16017	1	0.99583	0.9949	0	0
050192	Adventist Health Reedley	23420	23420	05	05	06019	9	ourban	rural	S	1.3189		YES		N		1	0.0312	0	49	17	0.0169	0	1.0306	0.03	0	0.03	0.00012	4896.44	0.000119	4321.63	0.567	0.012	0		187	183.96	1.0726	1.0636	23.73	1.0057	184.00	1.0687	1.0595	23.73	1.0022	1.2087	1	0.03414	0	0.09164	1.14099	0.99574	1.0000	0	0
050194	Watsonville Community Hospital	42100	42100	42100	42100	06087	9	ourban	ourban	N	1.8416				Y	0.0042	1	0	0	106	41	0	0	0.5691	0.09041	0.12215	0.09041	0.000046	325.22	0.000124	812.96	0.13	0.006	0		1125	1100.84	1.4468	1.4388			1101.96	1.4481	1.4404			1.5192	1	0.0469	0.01537	0.34978	1	0.99699	0.9949	0	0
050195	Washington Hospital	36084	36084	42100	05	06001	9	ourban	rural	S	1.8374		YES	YES	N		1	0	0	289	161	0	0	0.3609	0.04747	0	0.04747	0.000259	411.31	0.000319	510.74	0.18	0.018	7		5232	5111.61	1.6178	1.6079			5148.83	1.6194	1.6130			1.5168	1	0.10708	0.16939	0.43606	1	1.00083	0.9829	0	0
050197	Sequoia Hospital	41884	41884	41940	41884	06081	9	lurban	lurban	W	1.8551				N		1	0	0	208	52	0	0	0.0682	0	0.01391	0		0		0	0.195	0.028	0		2188	2164.44	2.1219	2.1174			2166.23	2.1234	2.1187			1.5268	1	0.09602	0.29889	0.39478	1	1.01178	1.0000	0	0
050204	Palmdale Regional Medical Center	31084	31084	31084	31084	06037	9	lurban	lurban	N	1.2918				N		1	0	0	157	107	0	0	0.4915	0.07441	0.10465	0.07441	0.00019	653.93	0.000233	761	0.127	0.017	0		2144	2109.71	1.7566	1.7377			2111.57	1.7580	1.7388			1.1916	1	0.01092	0.03322	0.33499	1	0.99451	0.9945	0	0
050205	Glendora Community Hospital	31084	31084	31084	31084	06037	9	lurban	lurban	N	1.2918				N		1	0	0	107	16	0	0	0.2575	0.02615	0.05353	0.02615	0.000025	243.42	0.000032	388.59	0.298	0.027	0		1189	1153.81	1.4958	1.4720			1155.12	1.5037	1.4804			1.1916	1	0.00876	0.01101	0.49799	1	1	1.0000	0	0
050211	Alameda Hospital	36084	36084	36084	36084	06001	9	lurban	lurban	N	1.7586				Y	0.0233	1	0	0	36	32	0	0	0.4424	0.03	0	0.03	0.000164	1279.78	0.000152	1198.41	0.294	0.007	0		1152	1130.46	1.4878	1.4676			1131.73	1.4909	1.4706			1.4719	1	0.11026	0.01213	0.47489	1	1.00304	0.9949	0	0
050222	Sharp Chula Vista Medical Center	41740	41740	41740	41740	06073	9	lurban	lurban	N	1.2645				N		1	0	0	243	184	0	0	0.5753	0.09169	0.12356	0.09169	0.000285	615.79	0.000454	985.34	0.154	0.006	0		3857	3812.24	1.8128	1.8061			3814.35	1.8181	1.8115			1.1743	1	0.07123	0.016	0.29361	1	1.00539	0.9950	0	0
050224	Hoag Memorial Hospital Presbyterian	11244	11244	31084	11244	06059	9	lurban	lurban	W	1.2658				N		1	0	0	527	310	0	0	0.1986	0.01415	0.04104	0.01415	0.000413	402.79	0.000408	416.26	0.313	0.009	0		8741	8460.06	1.8257	1.8155			8474.76	1.8283	1.8180			1.1752	1	0.11604	0.01	0.28769	1	0.99986	0.9974	0	0
050225	Adventist Health Feather River	17020	17020	05	05	06007	9	ourban	rural	S	1.3189		YES		N		1	0	0	100	42	0	0	0.3691	0.04916	0	0.04916	0.000036	122.56	0.000076	253.05	0.126	0.005	14	7538.84	2251	2200.19	1.6419	1.6320			2202.70	1.6421	1.6323			1.2087	1	0.02421	0.0041	0.52889	1	1.01093	0.9999	0	0
050226	Ahmc Anaheim Regional Medical Center	11244	11244	31084	11244	06059	9	lurban	lurban	W	1.2658				N		1	0	0	223	131	0	0	0.6443	0.10592	0.13936	0.10592	0.000069	247.4	0.000261	919.06	0.146	0.014	0		2340	2312.04	1.6540	1.6417			2313.45	1.6579	1.6456			1.1752	1	0.04232	0.05684	0.26784	1	1.00024	0.9979	0	0
050228	Zuckerberg San Francisco General Hosp & Trauma Ctr	41884	41884	42034	41884	06075	9	lurban	lurban	W	1.79				N		1	0.7709	1.596352577	284	202	0.35158	0.52699	0.8826	0.15507	0.19569	0.15507	0.001621	5758.38	0.001384	5314	0.249	0.033	0		2547	2532.66	1.7435	1.7369	421.00	1.8138	2533.22	1.7511	1.7446	421.52	1.8319	1.4899	1	0.36815	0.86422	0.19987	1	1.00048	1.0000	0	0
050230	Garden Grove Hospital & Medical Center	11244	11244	31084	11244	06059	9	lurban	lurban	W	1.2658				N		1	0	0	167	56	0	0	0.8841	0.15538	0.19606	0.15538	0.000104	620.32	0.000206	1209.94	0.209	0.017	0		1443	1409.37	1.7656	1.7510			1410.84	1.7717	1.7567			1.1752	1	0.02747	0.0265	0.30325	1	1.00062	0.9995	0	0
050231	Pomona Valley Hospital Medical Center	31084	31084	31084	31084	06037	9	lurban	lurban	N	1.2918				N		1	0.0457	0.0701	376	247	0.02465	0.01998	0.701	0.11762	0.15252	0.11762	0.00048	1295.26	0.000807	2328.72	0.104	0.006	0		3242	3131.48	1.8996	1.8685	2793.24	1.8333	3135.40	1.9067	1.8756	2796.77	1.8359	1.1916	1	0.04519	0.02264	0.12814	1	0.99287	0.9938	0	0
050232	French Hospital Medical Center	42020	42020	42020	42020	06079	9	ourban	ourban	N	1.2663				N		1	0	0	101	44	0	0	0.1922	0.01311	0.03969	0.01311	0.00006	226.35	0.000055	216.82	0.183	0.017	0		2368	2309.53	1.8976	1.8915			2313.60	1.8935	1.8868			1.1755	1	0.07145	0.08919	0.52268	1	1.0024	1.0000	0	0
050234	Sharp Coronado Hospital And Hlthcr Ctr	41740	41740	41740	41740	06073	9	lurban	lurban	N	1.2645				N		1	0	0	59	16	0	0	0.3788	0.03	0	0.03	0.000042	560.92	0.000032	454.84	0.211	0.01	0		668	644.58	1.7274	1.7248			645.75	1.7242	1.7215			1.1743	1	0.04884	0.02291	0.2955	1	1.00721	1.0000	0	0
050235	Providence Saint Joseph Medical Ctr	31084	31084	37100	05	06037	9	ourban	rural	S	1.437		YES	YES	N		1	0	0	364	187	0	0	0.4742	0.07084	0	0.07084	0.000261	375.28	0.000402	588.59	0.142	0.01	7		5853	5734.56	1.8005	1.7907			5740.18	1.8049	1.7955			1.2818	1	0.03973	0.03677	0.38418	1	0.99825	0.9925	0	0
050236	Adventist Health Simi Valley	37100	37100	37100	37100	06111	9	ourban	ourban	N	1.437				N		1	0	0	144	77	0	0	0.2624	0.02716	0.05457	0.02716	0.000047	146.9	0.000072	235.74	0.186	0.018	0		2453	2423.50	1.4692	1.4623			2425.43	1.4662	1.4600			1.2818	1	0.02699	0.0396	0.45569	1	0.99801	0.9941	0	0
050238	Methodist Hospital Of Southern Ca	31084	31084	31084	31084	06037	9	lurban	lurban	N	1.2918				N		1	0	0	346	178	0	0	0.4151	0.05865	0.08769	0.05865	0.000237	392.8	0.000324	519.11	0.142	0.018	0		4860	4798.30	1.7599	1.7499			4802.25	1.7649	1.7547			1.1916	1	0.03472	0.0816	0.4156	1	1.00278	0.9986	0	0
050239	Glendale Adventist Medical Center	31084	31084	37100	05	06037	9	ourban	rural	S	1.437		YES	YES	N		1	0.0617	0.0957	323	214	0.03313	0.02737	0.7677	0.13138	0	0.13138	0.000359	436.48	0.000575	730.61	0.147	0.009	7		6784	6670.39	1.7507	1.7403	1044.73	1.9675	6676.38	1.7473	1.7367	1046.96	1.9684	1.2818	1	0.02213	0.01552	0.42543	1	1.00228	0.9865	0	0
050242	Dominican Hospital	42100	42100	42100	42100	06087	9	ourban	ourban	N	1.8416				Y	0.0042	1	0	0	202	125	0	0	0.3311	0.04133	0.06935	0.04133	0.000221	405.24	0.000228	436.13	0.175	0.008	0		4655	4559.90	1.8117	1.7941			4565.48	1.8145	1.7967			1.5192	1	0.07611	0.02579	0.44968	1	0.99631	0.9940	0	0
050243	Desert Regional Medical Center	40140	40140	11244	40140	06065	9	lurban	lurban	W	1.2645				N		1	0.1972	0.0872	329	229	0.10208	0.02491	0.5301	0.08237	0.11332	0.08237	0.000211	529.51	0.000422	1075.32	0.11	0.005	0		3276	3238.66	1.7856	1.7713	3087.91	1.5862	3242.15	1.7926	1.7788	3094.88	1.5928	1.1743	1	0.07415	0.02362	0.20045	1	0.99342	0.9961	0	0
050245	Arrowhead Regional Medical Center	40140	40140	31084	40140	06071	9	lurban	lurban	W	1.2658				N		1	0.2916	0.4586	366	255	0.14741	0.13816	0.8241	0.14301	0.18161	0.14301	0.001052	4885.14	0.001297	6260.55	0.307	0.039	0		1776	1762.28	1.5535	1.5442	1202.27	1.4658	1763.07	1.5605	1.5516	1202.69	1.4753	1.1752	1	0.06817	0.17596	0.11717	1	0.99948	0.9978	0	1
050248	Natividad Medical Center	41500	41500	41500	41500	06053	9	ourban	ourban	N	1.774				N		1	0.1281	0.2624	151	83	0.06754	0.07686	0.8331	0.14486	0.18377	0.14486	0.000197	1302.14	0.000302	2150	0.193	0.014	0		1326	1295.14	1.4530	1.4339			1296.77	1.4617	1.4428			1.4808	1	0.06503	0.05341	0.15957	1	0.99308	0.9994	0	0
050254	Marshall Medical Center	40900	40900	40900	40900	06017	9	lurban	lurban	N	1.6207				N		1	0	0	99	58	0	0	0.3454	0.03	0	0.03	0.000178	598.82	0.000202	689.62	0.197	0.01	0		2488	2448.59	1.5174	1.5129			2451.70	1.5170	1.5130			1.3919	1	0.09066	0.04485	0.53309	1	1.00923	0.9930	0	0
050257	Good Samaritan Hospital	12540	12540	12540	12540	06029	9	ourban	ourban	N	1.2645				N		1	0	0	133	34	0	0	0.624	0.10174	0.13469	0.10174	0.000031	420.55	0.000073	771.08	0.407	0.013	0		444	437.92	1.3558	1.3340			438.08	1.3522	1.3297			1.1743	1	0.00494	0.00046	0.28659	1	0.99744	0.9991	0	1
050261	Sierra View Medical Center	47300	47300	47300	47300	06107	9	ourban	ourban	N	1.2645				N		1	0	0	128	56	0	0	0.6344	0.10388	0.13708	0.10388	0.00003	132.37	0.00015	639.07	0.244	0.021	0		1863	1826.82	1.5074	1.4787			1828.09	1.5056	1.4761			1.1743	1	0.02444	0.02732	0.42022	1	1.00057	0.9999	0	0
050262	Ronald Reagan U C L A Medical Center	31084	31084	37100	05	06037	9	ourban	rural	S	1.437		YES	YES	N		1	1.2814	1.3497	460	448	0.53541	0.46358	0.4262	0.06094	0	0.06094	0.001078	1615.87	0.001233	1831.18	0.348	0.029	7		5575	5481.77	2.6715	2.6582	1066.99	2.8398	5487.25	2.6948	2.6815	1068.11	2.8599	1.2818	1	0.43176	0.50748	0.24425	1	1.00171	0.9935	0	0
050272	Redlands Community Hospital	40140	40140	31084	40140	06071	9	lurban	lurban	W	1.2658				N		1	0	0	195	107	0	0	0.3128	0.03755	0.06539	0.03755	0.00008	418.57	0.000165	923.12	0.145	0.004	0		1649	1610.44	1.8469	1.8308			1612.55	1.8516	1.8350			1.1752	1	0.02169	0.00132	0.15186	1	1.00716	0.9998	0	0
050276	Contra Costa Regional Medical Center	36084	36084	36084	36084	06013	9	lurban	lurban	N	1.7353				N		1	0.1964	0.2303	124	102	0.10169	0.06715	0.748	0.12731	0.16354	0.12731	0.000701	6270.63	0.000534	4419.88	0.449	0.012	0		827	821.45	1.3317	1.3235			821.73	1.3313	1.3232			1.4586	1	0.17939	0.03293	0.13275	1	1.00498	1.0000	0	0
050278	Providence Holy Cross Medical Center	31084	31084	37100	05	06037	9	ourban	rural	S	1.437		YES	YES	N		1	0	0	316	193	0	0	0.5749	0.09161	0	0.09161	0.000583	1380.1	0.000781	1809.92	0.138	0.011	7		3532	3449.37	1.8196	1.8057			3452.81	1.8207	1.8072			1.2818	1	0.04705	0.05871	0.22407	1	0.99768	0.9941	0	0
050279	Hi-Desert Medical Center	40140	40140	31084	40140	06071	9	lurban	lurban	W	1.2658				N		1	0	0	59	21	0	0	0.5488	0.03	0	0.03		0		0	0.233	0.016	16	7795.76	463	451.31	1.3790	1.3409			451.79	1.3763	1.3385			1.1752	1	0.00026	0	0.26162	1.11023	1.00105	0.9919	0	1
050280	Mercy Medical Center Redding	39820	39820	39820	39820	06089	9	ourban	ourban	N	1.3627				N		1	0.0682	0.127	267	165	0.03656	0.03649	0.4358	0.06292	0.09226	0.06292	0.000216	303.99	0.000381	558.92	0.211	0.012	0		6204	6082.92	1.9316	1.9133	149.54	1.8935	6089.94	1.9312	1.9133	149.71	1.9048	1.2361	1	0.04791	0.02224	0.44589	1	0.99195	1.0000	0	0
050281	Alhambra Hospital Medical Center	31084	31084	31084	31084	06037	9	lurban	lurban	N	1.2918				N		1	0	0	101	54	0	0	0.8138	0.14088	0.17915	0.14088	0.000034	203.23	0.000103	644.69	0.157	0.005	0		1415	1389.30	1.5113	1.4950			1390.72	1.5117	1.4955			1.1916	1	0.02074	0.00233	0.36021	1	1.00283	1.0000	0	0
050283	Stanford Health Care - Valleycare	36084	36084	36084	36084	06001	9	lurban	lurban	N	1.7586				Y	0.0233	1	0	0	167	69	0	0	0.2377	0.02206	0.04931	0.02206	0.000152	519.43	0.00016	529.5	0.234	0.015	0		2264	2210.13	1.8934	1.8807			2216.11	1.8894	1.8783			1.4719	1	0.07287	0.04993	0.39814	1	1.00126	0.9982	0	1
050289	Seton Medical Center	41884	41884	41884	41884	06081	9	lurban	lurban	N	1.7835				N		1	0.0043	0.0174	275	83	0.00235	0.00492	0.3464	0.04448	0.07266	0.04448	0.000102	427.92	0.00015	574.69	0.163	0.008	0		1688	1657.99	1.8403	1.8313	1016.35	1.6974	1658.66	1.8421	1.8332	1017.05	1.6997	1.4862	1	0.09805	0.04033	0.41744	1	1.00347	0.9968	0	0
050290	Providence Saint John's Health Center	31084	31084	37100	05	06037	9	ourban	rural	S	1.437		YES	YES	N		1	0	0	266	145	0	0	0.1746	0.01025	0	0.01025	0.000168	245.56	0.000136	202.92	0.244	0.014	7		5428	5321.28	1.9283	1.9105			5339.65	1.9251	1.9081			1.2818	1	0.06714	0.03201	0.46874	1	1.00847	0.9980	0	0
050291	Sutter Santa Rosa Regional Hospital	42220	42220	42220	42220	06097	9	ourban	ourban	N	1.6828				Y	0.0195	1	0.3949	0.4771	84	69	0.19481	0.14412	0.4382	0.03	0	0.03	0.000195	823.66	0.000252	1090.19	0.265	0.038	0		2011	1967.73	1.8491	1.8418	270.96	1.8933	1970.80	1.8481	1.8410	272.08	1.8892	1.4282	1	0.04809	0.17974	0.30051	1	1.00501	1.0000	0	0
050292	Riverside University Health System-Medical Center	40140	40140	11244	40140	06065	9	lurban	lurban	W	1.2645				N		1	0.1852	0.2987	439	280	0.09617	0.08795	0.6608	0.10933	0.14318	0.10933	0.000375	1914.96	0.000819	4368.24	0.336	0.008	0		1613	1587.45	1.6815	1.6581	1269.08	1.5000	1587.85	1.6886	1.6650	1270.08	1.5084	1.1743	1	0.39983	0.04188	0.11157	1	0.99446	1.0000	0	0
050295	Mercy Hospital	12540	12540	12540	12540	06029	9	ourban	ourban	N	1.2645				N		1	0	0	222	122	0	0	0.5484	0.08615	0.11745	0.08615	0.000158	580.29	0.000247	888.81	0.203	0.013	0		2189	2145.06	1.6358	1.6264			2148.63	1.6382	1.6298			1.1743	1	0.05934	0.03863	0.20798	1	0.99626	0.9968	0	1
050296	Hazel Hawkins Memorial Hospital	41940	41940	05	05	06069	9	ourban	rural	S	1.6936		YES		N		1	0	0	41	17	0	0	0.4372	0.03	0	0.03	0.000055	581.95	0.000049	505.99	0.261	0.023	0		733	714.60	1.2104	1.1988			715.33	1.2137	1.2023			1.4345	1	0.03321	0.0438	0.36982	1.12894	1.01072	0.9963	0	0
050298	Barstow Community Hospital	40140	40140	31084	40140	06071	9	lurban	lurban	W	1.2658				N		1	0	0	30	20	0	0	0.4913	0.03	0	0.03		0		0	0.105	0.013	16	8704.27	575	552.41	1.3808	1.3453			553.14	1.3789	1.3447			1.1752	1	0.00223	0.00657	0.28833	1.10114	0.99166	0.9981	0	0
050300	St Mary Medical Center	40140	40140	31084	40140	06071	9	lurban	lurban	W	1.2658				N		1	0	0	212	178	0	0	0.5132	0.07889	0.10952	0.07889	0.000314	805.41	0.000436	1095.8	0.192	0.01	0		3078	3028.34	1.7521	1.7377			3030.26	1.7530	1.7385			1.1752	1	0.06761	0.02959	0.28149	1	0.99586	0.9919	0	1
050301	Adventist Health Ukiah Valley	05	05	05	05	06045	9	rural	rural	N	1.3189				N		1	0	0	50	31	0	0	0.4969	0.07552	0	0.07552	0.000082	502.36		0	0.315	0.009	17	7683.86	1376	1341.31	1.4399	1.4288			1342.65	1.4429	1.4319			1.2087	1	0.04306	0.00445	0.43186	1.03023	1.01546	1.0000	0	0
050305	Alta Bates Summit Medical Center - Alta Bates Camp	36084	36084	42034	36084	06001	9	lurban	lurban	W	1.79				N		1	0	0	337	169	0	0	0.5921	0.09516	0.12738	0.09516	0.000344	1037.27	0.000641	1900.86	0.308	0.022	0		2621	2552.65	1.7900	1.7777			2557.56	1.7936	1.7812			1.4899	1	0.12884	0.11242	0.18668	1	0.99654	1.0000	0	0
050308	El Camino Hospital	41940	41940	41940	41940	06085	9	lurban	lurban	N	1.8551				N		1	0	0	388	197	0	0	0.1874	0.01233	0.03868	0.01233	0.000449	657.57	0.000508	760.9	0.195	0.019	0		5851	5694.15	1.8757	1.8709			5707.14	1.8823	1.8777			1.5268	1	0.06301	0.09715	0.32075	1	0.99891	0.9964	0	0
050309	Sutter Roseville Medical Center	40900	40900	40900	40900	06061	9	lurban	lurban	N	1.6207				N		1	0	0	273	205	0	0	0.2868	0.03219	0.0598	0.03219	0.000255	328.47	0.000434	565.3	0.216	0.018	0		6223	6059.99	1.7436	1.7284			6073.27	1.7441	1.7297			1.3919	1	0.02689	0.02932	0.36768	1	0.99884	1.0000	0	0
050313	Sutter Tracy Community Hospital	44700	44700	44700	44700	06077	9	ourban	ourban	N	1.4973				Y	0.0478	1	0	0	81	33	0	0	0.3732	0.03	0	0.03	0.000114	801.9	0.000107	747.92	0.254	0.02	0		1135	1096.88	1.4892	1.4676			1098.09	1.4861	1.4647			1.3184	1	0.01523	0.01654	0.34294	1	0.99503	0.9982	0	0
050315	Kern Medical Center	12540	12540	12540	12540	06029	9	ourban	ourban	N	1.2645				N		1	0.3885	0.756	222	128	0.19193	0.23781	0.9862	0.17644	0.22104	0.17644	0.0003	2711.46	0.000454	4474.27	0.327	0.01	0		977	955.62	1.6233	1.6030	85.38	1.8736	957.60	1.6317	1.6122	85.49	1.8951	1.1743	1	0.07397	0.00653	0.09333	1	0.99441	1.0000	0	1
050320	Highland Hospital	36084	36084	36084	36084	06001	9	lurban	lurban	N	1.7586				Y	0.0233	1	0.5548	0.8756	167	141	0.26422	0.2803	0.8748	0.15347	0.19381	0.15347	0.002324	11357.9	0.001674	8725.94	0.244	0.025	0		1833	1808.16	1.6630	1.6466	144.98	1.7861	1809.02	1.6723	1.6557	145.30	1.8049	1.4719	1	0.18975	0.34907	0.18059	1	0.99887	0.9970	0	0
050324	Scripps Memorial Hospital La Jolla	41740	41740	41740	41740	06073	9	lurban	lurban	N	1.2645				N		1	0	0	402	205	0	0	0.1914	0.01298	0.03952	0.01298	0.000238	397.55	0.000307	560.77	0.151	0.016	0		5388	5324.34	2.3459	2.3337			5329.69	2.3518	2.3405			1.1743	1	0.13082	0.2101	0.26864	1	0.99811	1.0000	0	0
050327	Loma Linda University Medical Center	40140	40140	31084	40140	06071	9	lurban	lurban	W	1.2658				N		1	0.7024	0.6253	445	299	0.32461	0.19299	0.5149	0.07924	0.1099	0.07924	0.000392	701.91	0.001514	2734.93	0.151	0.009	0		4576	4496.01	2.2888	2.2654	2632.24	2.2801	4499.66	2.2924	2.2682	2634.94	2.2995	1.1752	1	0.12569	0.0796	0.25654	1	0.9955	0.9949	0	0
050329	Corona Regional Medical Center	40140	40140	11244	40140	06065	9	lurban	lurban	W	1.2645				N		1	0	0	160	70	0	0	0.5139	0.07903	0.10967	0.07903	0.000188	1168.37	0.000221	1325.3	0.168	0.012	0		1355	1328.86	1.6534	1.6383			1330.13	1.6520	1.6369			1.1743	1	0.01944	0.01738	0.24954	1	0.99887	0.9948	0	0
050334	Salinas Valley Memorial Hospital	41500	41500	42100	05	06053	9	ourban	rural	S	1.8374		YES	YES	N		1	0	0	266	122	0	0	0.4563	0.06715	0	0.06715	0.000231	469.38	0.000266	552.04	0.218	0.012	7		4286	4195.97	1.8275	1.8233			4200.62	1.8280	1.8234			1.5168	1	0.09722	0.05884	0.44111	1	0.99932	0.9963	0	0
050335	Adventist Health Sonora	05	05	05	05	06109	9	rural	rural	N	1.3189				N		1	0	0	84	43	0	0	0.3179	0.0386	0	0.0386		0		0	0.19	0.006	17	9387.98	2194	2120.53	1.6700	1.6482			2126.06	1.6719	1.6507			1.2087	1	0.01745	0.00165	0.56616	1	1.00325	0.9937	0	0
050336	Adventist Health Lodi Memorial	44700	44700	44700	44700	06077	9	ourban	ourban	N	1.4973				Y	0.0478	1	0	0	182	84	0	0	0.3681	0.04896	0.07739	0.04896	0.000102	246.17	0.000174	440.75	0.12	0.011	0		3866	3798.90	1.4556	1.4465			3805.68	1.4544	1.4459			1.3184	1	0.01996	0.02859	0.4277	1	0.99576	0.9888	0	0
050342	Pioneers Memorial Healthcare District	20940	20940	20940	20940	06025	9	ourban	ourban	N	1.2645				N		1	0	0	107	50	0	0	0.6604	0.10925	0.14309	0.10925	0.000095	500.94	0.00014	764.61	0.322	0.013	0		1582	1558.64	1.5361	1.5261			1560.03	1.5374	1.5273			1.1743	1	0.03095	0.00563	0.32633	1	0.9997	0.9977	0	0
050348	University Of California Irvine Med Center	11244	11244	31084	05	06059	9	ourban	rural	S	1.2658		YES	YES	N		1	0.6849	0.8755	353	287	0.31762	0.28026	0.66	0.10916	0	0.10916	0.000846	1662.38	0.000896	1738.63	0.192	0.015	7		4258	4164.38	2.0237	2.0031	1625.50	2.0386	4169.05	2.0348	2.0139	1627.62	2.0524	1.1752	1	0.1185	0.14223	0.20244	1	0.99344	0.9992	0	0
050350	Beverly Hospital	31084	31084	31084	31084	06037	9	lurban	lurban	N	1.2918				N		1	0	0	221	99	0	0	0.6687	0.11096	0.14501	0.11096	0.000227	1002.72	0.000315	1390.32	0.342	0.026	0		1866	1838.14	1.6492	1.6378			1839.18	1.6516	1.6403			1.1916	1	0.02192	0.01969	0.28446	1	0.99635	0.9968	0	0
050351	Torrance Memorial Medical Center	31084	31084	31084	31084	06037	9	lurban	lurban	N	1.2918				N		1	0	0	581	265	0	0	0.1828	0.01158	0.03771	0.01158	0.000127	178.35	0.000207	308.16	0.156	0.018	0		6126	5967.76	1.7892	1.7843			5978.37	1.7898	1.7855			1.1916	1	0.11445	0.19663	0.26257	1	1.00211	0.9967	0	0
050352	Barton Memorial Hospital	40900	40900	40900	40900	06017	9	lurban	lurban	N	1.6207				N		1	0	0	63	18	0	0	0.3543	0.03	0	0.03		0		0	0.211	0.013	16	10065.63	672	660.12	1.5318	1.5241			661.41	1.5309	1.5243			1.3919	1	0.01918	0.01443	0.31943	1.13023	1.0165	0.9933	0	0
050353	Providence Little Company Of Mary Med Ctr Torrance	31084	31084	31084	31084	06037	9	lurban	lurban	N	1.2918				N		1	0	0	337	179	0	0	0.3858	0.05261	0.08126	0.05261	0.000313	656.36	0.000372	739.9	0.165	0.011	0		3755	3668.31	1.8823	1.8659			3672.62	1.8798	1.8633			1.1916	1	0.05799	0.04276	0.24981	1	1.0064	0.9931	0	0
050357	Goleta Valley Cottage Hospital	42200	42200	42200	42200	06083	9	ourban	ourban	N	1.4138				N		1	0	0	28	11	0	0	0.1497	0	0	0		0		0	0.265	0.047	0		734	715.78	1.9171	1.8989			717.79	1.9154	1.8989			1.2676	1	0.01337	0.06365	0.50851	1	1.01337	1.0000	0	0
050359	Tulare Regional Medical Center	47300	47300	47300	47300	06107	9	ourban	ourban	N	1.2645				N		1	0	0	108	37	0	0	0.4914	0.07439	0.10463	0.07439	0.000104	1372.94	0.000131	1111.83	0.361	0.022	0		38	37.28	1.1226	1.1272			37.33	1.1242	1.1286			1.1743	1	0	0	0.35713	1	1	1.0000	0	0
050360	Marin General Hospital	42034	42034	42034	42034	06041	9	ourban	ourban	N	1.79				N		1	0	0	218	98	0	0	0.3095	0.03687	0.06468	0.03687	0.000118	260.93	0.00016	359.58	0.182	0.011	0		3856	3800.79	1.6797	1.6741			3805.89	1.6808	1.6757			1.4899	1	0.15978	0.09954	0.45769	1	0.99991	0.9986	0	1
050367	Northbay Medical Center	46700	46700	46700	46700	06095	9	ourban	ourban	N	1.8286				N		1	0	0	182	122	0	0	0.4742	0.07084	0.10079	0.07084	0.000266	583.37	0.000346	811.27	0.134	0.012	0		3964	3833.64	1.6653	1.6613			3839.74	1.6605	1.6559			1.5118	1	0.23395	0.32645	0.44728	1	1.00119	0.9937	0	0
050373	Lac+usc Medical Center	31084	31084	31084	31084	06037	9	lurban	lurban	N	1.2918				N		1	0.9407	1.2035	594	475	0.41586	0.40442	1.0275	0.18496	0.2313	0.18496	0.002929	15395.23	0.003583	19396.48	0.198	0.015	0		1654	1635.89	1.9662	1.9575	774.03	1.6931	1635.91	1.9732	1.9649	775.05	1.7044	1.1916	1	0.17963	0.2204	0.0627	1	0.99792	0.9997	0	0
050376	Lac/Harbor-Ucla Med Center	31084	31084	31084	31084	06037	9	lurban	lurban	N	1.2918				N		1	0.941	1.3936	388	259	0.41597	0.48182	0.9307	0.16499	0.2074	0.16499	0.001466	9110.34	0.001948	14025.86	0.198	0.015	0		1412	1394.58	1.8006	1.7868	487.41	1.8234	1395.11	1.8051	1.7913	488.50	1.8277	1.1916	1	0.09816	0.1132	0.08963	1	0.99403	0.9976	0	0
050378	Pacifica Hospital Of The Valley	31084	31084	31084	31084	06037	9	lurban	lurban	N	1.2918				N		1	0	0	133	61	0	0	1.0746	0.19467	0.2431	0.19467	0.000154	2259.18	0.000239	3277.58	0.448	0.031	0		503	499.15	1.2396	1.2186			499.41	1.2521	1.2311			1.1916	1	0.09897	0.07501	0.15512	1	0.99579	0.9996	0	1
050380	Good Samaritan Hospital	41940	41940	41940	41940	06085	9	lurban	lurban	N	1.8551				N		1	0	0	320	201	0	0	0.22	0.01841	0.04556	0.01841	0.000257	408.71	0.000274	459.7	0.111	0.007	0		5567	5464.27	1.7720	1.7652			5471.83	1.7752	1.7679			1.5268	1	0.06626	0.0469	0.31749	1	0.99038	0.9869	0	0
050382	Emanate Health Inter-Community Hospital	31084	31084	31084	31084	06037	9	lurban	lurban	N	1.2918				N		1	0.016	0	481	265	0.00871	0	0.6809	0.11347	0.14784	0.11347	0.000209	401.79	0.000871	1678.49	0.278	0.013	0		4404	4331.46	1.6771	1.6577	1129.70	1.5080	4334.72	1.6806	1.6611	1131.52	1.5141	1.1916	1	0.02527	0.00541	0.22888	1	0.99401	0.9939	0	0
050390	Hemet Valley Medical Center	40140	40140	11244	40140	06065	9	lurban	lurban	W	1.2645				N		1	0.1044	0.0685	304	119	0.0554	0.01952	0.4329	0.06232	0.09162	0.06232	0.000082	315.14	0.000191	704.15	0.201	0.016	0		2124	2080.44	1.6380	1.6151	1754.36	1.5571	2082.22	1.6409	1.6204	1758.07	1.5551	1.1743	1	0.0145	0.01393	0.26961	1	0.9951	0.9956	0	0
050393	Pih Hospital - Downey	31084	31084	31084	31084	06037	9	lurban	lurban	N	1.2918				N		1	0.0984	0.2149	183	78	0.0523	0.06252	0.479	0.07183	0.10186	0.07183	0.000051	246.43	0.00014	677.3	0.153	0.016	0		1778	1746.40	1.5358	1.5240	1604.19	1.5580	1747.79	1.5399	1.5280	1607.32	1.5600	1.1916	1	0.02907	0.04529	0.258	1	1.0024	0.9960	0	0
050394	Community Memorial Hospital San Buenaventura	37100	37100	37100	37100	06111	9	ourban	ourban	N	1.437				N		1	0.2773	0.1226	201	130	0.14067	0.0352	0.3031	0.03555	0.0633	0.03555	0.000124	359.79	0.000177	498.22	0.221	0.008	0		2753	2692.62	1.7967	1.7848	1759.32	1.8262	2696.21	1.7944	1.7826	1762.41	1.8280	1.2818	1	0.02238	0.00244	0.26454	1	0.99524	0.9993	0	0
050396	Santa Barbara Cottage Hospital	42200	42200	42200	05	06083	9	ourban	rural	S	1.4138		YES		N		1	0.1204	0.1766	325	201	0.06361	0.0511	0.3188	0.03879	0	0.03879	0.000297	423.61	0.000375	549.17	0.26	0.028	17	8796.71	5900	5829.12	1.9449	1.9353	1044.00	1.7978	5834.92	1.9562	1.9470	1044.91	1.8039	1.2676	1	0.11829	0.21109	0.35607	1	1.00249	1.0000	0	0
050397	Coalinga Regional Medical Center	23420	23420	23420	23420	06019	9	ourban	ourban	N	1.2645				N		1	0	0	22	1	0	0	0.4119	0.03	0	0.03		0		0	0.198	0.015	16	12485.11	30	29.58	1.0739	1.0646			29.58	1.0695	1.0601			1.1743	1	0	0	0.35077	1.25	1	1.0000	0	1
050407	Chinese Hospital	41884	41884	42034	41884	06075	9	lurban	lurban	W	1.79				N		1	0	0	57	17	0	0	0.7903	0.03	0	0.03	0.000019	324.68	0.000035	533.22	0.447	0.015	0		431	423.15	1.4249	1.4213			423.63	1.4240	1.4201			1.4899	1	0.13071	0.03652	0.38619	1	1.02418	1.0000	0	0
050411	Kaiser Foundation Hospital - South Bay	31084	31084	31084	31084	06037	9	lurban	lurban	N	1.2918				N		1	0.0118	0.0263	276	102	0.00643	0.00745	0.1132	0	0.02319	0		0		0	0.388	0.039	0		354	338.28	1.9253	1.9225	2958.79	1.7036	339.20	1.9222	1.9196	2973.03	1.7032	1.1916	1	0.25825	0.36445	0.04215	1	1.01584	1.0000	0	0
050414	Mercy Hospital Of Folsom	40900	40900	40900	40900	06067	9	lurban	lurban	N	1.6207				N		1	0	0	106	64	0	0	0.2447	0.02351	0.0508	0.02351	0.000119	464.32	0.000128	502.2	0.194	0.011	0		2160	2116.68	1.5125	1.5003			2118.60	1.5123	1.5001			1.3919	1	0.03253	0.01694	0.34456	1	1.00894	0.9777	0	0
050417	Sutter Coast Hospital	05	05	05	05	06015	9	rural	rural	N	1.3189				N		1	0	0	39	18	0	0	0.405	0.03	0	0.03		0		0	0.257	0.045	16	8661.57	973	941.48	1.5132	1.4972			942.51	1.5133	1.4970			1.2087	1	0.01534	0.06226	0.49157	1.14	1.01157	0.9996	0	0
050423	Palo Verde Hospital	40140	40140	11244	05	06065	9	ourban	rural	S	1.2645		YES	YES	N		1	0	0	51	6	0	0	0.5697	0.03	0	0.03		0		0	0.359	0.03	16	10190.03	193	188.97	1.1221	1.1153			189.38	1.1129	1.1072			1.1743	1	0.00171	0.00225	0.26012	1.21258	1	1.0000	0	0
050424	Scripps Green Hospital	41740	41740	41740	05	06073	9	ourban	rural	S	1.2645		YES		N		1	0.2574	0.2989	166	94	0.13122	0.08801	0.058270006	0	0	0		0		0	0.172	0.018	0		2547	2492.49	2.3054	2.3067	1593.97	1.8740	2506.29	2.2944	2.2944	1599.72	1.8664	1.1743	1	0.12297	0.19663	0.37285	1	1.00631	0.9992	0	0
050425	Kaiser Foundation Hospital - Sacramento	40900	40900	40900	40900	06067	9	lurban	lurban	N	1.6207				N		1	0.0736	0.1881	287	123	0.03939	0.05452	0.1438	0	0.02955	0		0		0	0.341	0.011	0		876	851.83	1.8293	1.8245	4278.24	1.8704	852.78	1.8377	1.8329	4292.02	1.8726	1.3919	1	0.1911	0.03086	0.07776	1	1.00541	0.9998	0	0
050426	West Anaheim Medical Center	11244	11244	31084	11244	06059	9	lurban	lurban	W	1.2658				N		1	0.0878	0	167	69	0.04681	0	0.5853	0.09376	0.12583	0.09376	0.000136	555.2	0.000194	786.6	0.158	0.013	0		2152	2107.40	1.8958	1.8725	610.47	1.8435	2109.91	1.9012	1.8782	611.21	1.8502	1.1752	1	0.00902	0.01081	0.3929	1	0.99735	0.9968	0	0
050438	Huntington Memorial Hospital	31084	31084	37100	05	06037	9	ourban	rural	S	1.437		YES	YES	N		1	0.0733	0.1279	487	321	0.03924	0.03675	0.3324	0.0416	0	0.0416	0.000412	476.27	0.00052	626.47	0.182	0.013	7		7129	7019.07	1.7337	1.7235	2523.87	1.7956	7026.99	1.7354	1.7252	2525.84	1.7996	1.2818	1	0.08502	0.07924	0.28353	1	1.00342	0.9974	0	0
050441	Stanford Health Care	41940	41940	41940	41940	06085	9	lurban	lurban	N	1.8551				N		1	0.7847	0.8914	447	400	0.35694	0.28602	0.2954	0.03396	0.06164	0.03396	0.000719	615.72	0.001373	1188.69	0.141	0.01	0		10001	9813.33	2.5610	2.5555	1275.49	2.4093	9825.30	2.5737	2.5678	1277.09	2.4249	1.5268	1	0.20442	0.19443	0.38244	1	0.99735	0.9989	0	0
050444	Mercy Medical Center	32900	32900	32900	32900	06047	9	ourban	ourban	N	1.3241				N		1	0.0845	0.1854	186	128	0.04509	0.05371	0.5807	0.09281	0.12478	0.09281	0.000225	422.64	0.000316	623.73	0.177	0.019	7		4613	4548.81	1.5094	1.4980	328.38	1.4128	4551.84	1.5072	1.4960	328.46	1.4111	1.212	1	0.02517	0.0443	0.41475	1	1.00633	0.9844	0	0
050454	Ucsf Medical Center	41884	41884	42034	41884	06075	9	lurban	lurban	W	1.79				N		1	0.6324	0.9481	782	600	0.29637	0.30676	0.4757	0.07115	0.10112	0.07115	0.00099	954.75	0.001329	1331.42	0.197	0.013	0		8827	8689.00	2.5725	2.5675	1306.39	2.6286	8701.10	2.5837	2.5783	1308.05	2.6470	1.4899	1	0.24215	0.192	0.23935	1	1.00536	0.9993	0	0
050455	Adventist Health Bakersfield	12540	12540	12540	12540	06029	9	ourban	ourban	N	1.2645				N		1	0	0	254	183	0	0	0.4808	0.0722	0.10226	0.0722	0.000128	296.87	0.000299	688.64	0.16	0.005	0		3549	3443.93	1.7675	1.7567			3451.90	1.7670	1.7564			1.1743	1	0.03053	0.00346	0.22342	1	0.99531	1.0000	0	0
050457	St Mary's Medical Center	41884	41884	42034	41884	06075	9	lurban	lurban	W	1.79				N		1	0.3651	0.6896	113	55	0.18135	0.21483	0.3153	0.03807	0.06593	0.03807	0.000139	622.29	0.000134	592.05	0.195	0.009	0		1813	1778.78	1.7807	1.7725	594.04	2.0867	1780.39	1.7841	1.7755	594.54	2.0865	1.4899	1	0.09908	0.03636	0.50327	1	1.00652	0.9972	0	0
050464	Doctors Medical Center	33700	33700	33700	33700	06099	9	ourban	ourban	N	1.3167				Y	0.0402	1	0.0743	0.0658	380	294	0.03976	0.01874	0.6453	0.10613	0.1396	0.10613	0.000277	460.33	0.000685	1174.87	0.09	0.003	0		5181	5128.23	1.9562	1.9423	2001.43	1.8500	5130.91	1.9609	1.9468	2005.97	1.8510	1.2073	1	0.04225	0.00404	0.24202	1	0.99292	0.9861	0	0
050468	Memorial Hospital Of Gardena	31084	31084	31084	31084	06037	9	lurban	lurban	N	1.2918				N		1	0	0	103	62	0	0	0.7864	0.13523	0.17263	0.13523	0.000125	754.24	0.000279	1727.22	0.147	0.008	0		1469	1429.60	1.6384	1.5873			1431.11	1.6424	1.5913			1.1916	1	0.00229	0.00087	0.24767	1	0.99617	0.9986	0	0
050471	Good Samaritan Hospital	31084	31084	31084	31084	06037	9	lurban	lurban	N	1.2918				N		1	0.0311	0.0539	313	154	0.01685	0.01533	0.7429	0.12626	0.16234	0.12626	0.000305	780.05	0.000495	1261.02	0.169	0.007	0		3266	3228.60	2.3239	2.3126	1114.65	2.0284	3230.47	2.3423	2.3305	1115.88	2.0328	1.1916	1	0.05409	0.01008	0.29055	1	1.00294	0.9982	0	0
050481	West Hills Hospital & Medical Center	31084	31084	37100	31084	06037	9	lurban	lurban	W	1.437				N		1	0	0	225	115	0	0	0.3366	0.04246	0.07054	0.04246	0.000211	449.12	0.00022	473.38	0.104	0.009	0		3858	3779.99	1.6969	1.6780			3786.02	1.7005	1.6814			1.2818	1	0.05765	0.07487	0.46109	1	0.99799	0.9807	0	0
050485	Long Beach Memorial Medical Center	31084	31084	31084	31084	06037	9	lurban	lurban	N	1.2918				N		1	0.173	0.2809	411	265	0.09012	0.0825	0.498	0.07575	0.10611	0.07575	0.000269	441.71	0.000493	827.49	0.193	0.009	0		5209	5165.02	1.8762	1.8682	2419.40	2.0241	5168.04	1.8797	1.8721	2422.68	2.0343	1.1916	1	0.05966	0.02094	0.28238	1	0.99856	0.9963	0	0
050488	Eden Medical Center	36084	36084	36084	36084	06001	9	lurban	lurban	N	1.7586				Y	0.0233	1	0	0	130	108	0	0	0.4085	0.05729	0.08624	0.05729	0.000265	711.41	0.000304	856.06	0.234	0.031	0		3211	3109.52	1.7761	1.7642			3114.69	1.7815	1.7701			1.4719	1	0.07935	0.21625	0.37032	1	0.99498	0.9987	0	0
050492	Clovis Community Medical Center	23420	23420	23420	23420	06019	9	ourban	ourban	N	1.2645				N		1	0	0	208	161	0	0	0.4185	0.05935	0.08844	0.05935	0.000179	422.66	0.000267	683.07	0.163	0.025	0		3689	3634.41	1.7872	1.7833			3638.48	1.7855	1.7820			1.1743	1	0.03652	0.11205	0.26833	1	0.99251	0.9919	0	0
050496	John Muir Medical Center - Concord Campus	36084	36084	36084	36084	06013	9	lurban	lurban	N	1.7353				N		1	0.0176	0	238	134	0.00957	0	0.3122	0.03743	0.06526	0.03743	0.000184	331.32	0.000216	408.49	0.14	0.007	0		4704	4597.08	2.0042	1.9963	1029.33	1.8606	4605.17	2.0019	1.9943	1031.66	1.8594	1.4586	1	0.10935	0.04941	0.44221	1	1.00403	0.9981	0	0
050498	Sutter Auburn Faith Hospital	40900	40900	40900	40900	06061	9	lurban	lurban	N	1.6207				N		1	0	0	64	33	0	0	0.2079	0.01592	0	0.01592	0.000071	378.73	0.000094	488.14	0.241	0.022	0		1513	1458.38	1.6145	1.6073			1460.25	1.6139	1.6065			1.3919	1	0.00524	0.00845	0.50336	1.0125	1.00069	0.9821	0	0
050502	Saint Vincent Medical Center	31084	31084	31084	31084	06037	9	lurban	lurban	N	1.2918				N		1	0.0089	0.0317	320	140	0.00485	0.00899	0.6721	0.11166	0.1458	0.11166	0.000095	195.1	0.000198	423.94	0.157	0.009	0		4039	3989.55	1.9711	1.9583	896.67	1.6743	3992.28	1.9777	1.9654	897.19	1.6792	1.1916	1	0.05229	0.02722	0.45043	1	0.9992	0.9940	0	0
050503	Scripps Memorial Hospital - Encinitas	41740	41740	41740	41740	06073	9	lurban	lurban	N	1.2645				N		1	0.0025	0	167	115	0.00137	0	0.185	0.01194	0.03817	0.01194	0.000219	508.89	0.000196	480.69	0.165	0.016	0		3778	3689.57	1.6673	1.6508	536.63	1.6041	3696.91	1.6663	1.6511	537.67	1.6019	1.1743	1	0.06375	0.08797	0.33804	1	1.00465	0.9992	0	0
050506	Sierra Vista Regional Medical Center	42020	42020	42200	42020	06079	9	ourban	ourban	W	1.3939				N		1	0	0	156	61	0	0	0.3643	0.04817	0.07656	0.04817	0.000063	343.52	0.00011	610.34	0.138	0.009	7		1568	1535.80	1.7951	1.7914			1538.00	1.8021	1.7980			1.2554	1	0.06412	0.04592	0.26039	1	0.99835	0.9968	0	0
050510	Kaiser Foundation Hospital	42034	42034	42034	42034	06041	9	ourban	ourban	N	1.79				N		1	0.0187	0.0425	116	43	0.01017	0.01207	0.051	0	0.01038	0		0		0	0.436	0.013	0		166	159.70	1.6374	1.6306	2169.00	1.5144	160.07	1.6359	1.6304	2172.24	1.5169	1.4899	1	0.05773	0.00786	0.03295	1	1.01423	1.0000	0	0
050512	Kaiser Foundation Hospital - Fremont	36084	36084	36084	36084	06001	9	lurban	lurban	N	1.7586				Y	0.0233	1	0.0117	0.0382	106	36	0.00637	0.01084	0.0811	0	0.01656	0		0		0	0.377	0.01	0		129	121.47	1.7796	1.7508	1452.58	1.5192	121.64	1.7859	1.7570	1457.76	1.5208	1.4719	1	0.46372	0.10516	0.02637	1	1.00313	1.0000	0	0
050515	Kaiser Foundation Hospital - Zion	41740	41740	05	05	06073	9	ourban	rural	S	1.3189		YES		N		1	0.0247	0.1193	414	249	0.01341	0.03424	0.1192	0	0	0		0		0	0.409	0.025	0		868	833.60	1.8285	1.8329	6877.40	1.7197	835.39	1.8237	1.8280	6900.88	1.7193	1.2087	1	0.15795	0.09586	0.03054	1	1.01786	1.0000	0	0
050516	Mercy San Juan Medical Center	40900	40900	40900	40900	06067	9	lurban	lurban	N	1.6207				N		1	0.0026	0.0032	370	259	0.00142	0.0009	0.5032	0.07682	0.10727	0.07682	0.000324	484.92	0.000725	1025.44	0.17	0.008	0		5503	5395.68	1.8563	1.8415	1796.51	1.8232	5403.33	1.8630	1.8475	1799.58	1.8260	1.3919	1	0.06157	0.0195	0.28096	1	1.00562	0.9976	0	0
050517	Victor Valley Global Medical Center	40140	40140	31084	40140	06071	9	lurban	lurban	W	1.2658				N		1	0	0	101	67	0	0	0.6534	0.1078	0.14147	0.1078	0.000079	896.69	0.000166	1783.84	0.229	0.034	0		662	657.10	1.5998	1.5945			657.51	1.6034	1.5982			1.1752	1	0.08058	0.21031	0.16845	1	0.99598	0.9947	0	0
050523	Sutter Delta Medical Center	36084	36084	36084	36084	06013	9	lurban	lurban	N	1.7353				N		1	0	0	145	78	0	0	0.5059	0.07738	0.10788	0.07738	0.000257	863.37	0.000247	834.13	0.244	0.012	0		2581	2520.33	1.6181	1.6016			2523.10	1.6181	1.6017			1.4586	1	0.03366	0.01164	0.35889	1	0.99707	0.9962	0	0
050526	Huntington Beach Hospital	11244	11244	31084	11244	06059	9	lurban	lurban	W	1.2658				N		1	0	0	106	30	0	0	0.5084	0.0779	0.10844	0.0779	0.000085	725.83	0.000082	650.65	0.21	0.022	0		940	917.53	1.6347	1.6243			918.67	1.6405	1.6307			1.1752	1	0.03051	0.05336	0.42023	1	0.997	0.9975	0	0
050528	Memorial Hospital Los Banos	32900	32900	05	05	06047	9	ourban	rural	S	1.3189		YES		N		1	0	0	44	10	0	0	0.7225	0.03	0	0.03		0		0	0.265	0.028	16	19004.33	416	398.17	1.4318	1.4089			398.80	1.4314	1.4084			1.2087	1	0.01619	0.03325	0.25805	1.16402	0.99972	1.0000	0	0
050534	John F Kennedy Memorial Hospital	40140	40140	11244	40140	06065	9	lurban	lurban	W	1.2645				N		1	0	0	130	51	0	0	0.733	0.12422	0.16001	0.12422	0.000108	968.35	0.000203	1679.76	0.121	0.008	0		876	856.81	1.6044	1.5622			857.89	1.6035	1.5622			1.1743	1	0.06295	0.04637	0.19506	1	0.99301	0.9985	0	0
050537	Sutter Davis Hospital	40900	40900	40900	40900	06113	9	lurban	lurban	N	1.6207				N		1	0.0307	0.0603	48	26	0.01663	0.01716	0.4682	0.03	0	0.03	0.000095	832.79	0.00012	1136.13	0.243	0.015	0		960	916.19	1.6199	1.6025	247.42	1.5790	918.73	1.6166	1.5994	247.68	1.5804	1.3919	1	0.0268	0.02009	0.22697	1	1.00806	0.9798	0	0
050541	Kaiser Foundation Hospital - Redwood City	41884	41884	41884	41884	06081	9	lurban	lurban	N	1.7835				N		1	0	0.0029	149	71	0	0.00082	0.043	0	0.00875	0		0		0	0.416	0.033	0		266	252.57	2.0769	2.0111			253.71	2.1004	2.0376			1.4862	1	0.15724	0.16967	0.02592	1	1.01299	1.0000	0	0
050543	College Hospital Costa Mesa	11244	11244	31084	11244	06059	9	lurban	lurban	W	1.2658				N		1	0	0	122	111	0	0	1.0222	0.18387	0.22998	0.18387	0.000029	1610.29	0.000297	15453.69	0.355	0.038	0		141	140.59	0.9057	0.9060			140.59	0.9136	0.9138			1.1752	1	0.16229	0.24363	0.03106	1	1	1.0000	0	0
050546	Porterville Developmental Center	47300	47300	47300	47300	06107	9	ourban	ourban	N	1.2645				N		1	0	0	44	2	0	0	0.253094911	0.02524	0	0.02524	0	0		0	0.198	0.039	0		49	48.03	0.8388	0.8388			48.14	0.8139	0.8140			1.1743	1	0	0	0.74691	1	1	1.0000	0	1
050547	Sonoma Developmental Center	42220	42220	42220	42220	06097	9	ourban	ourban	N	1.6828				Y	0.0195	1	0	0	13	5	0	0	0.425771509	0.03	0	0.03	0	0		0	0.198	0.027	0		37	36.71	1.0893	1.0876			36.71	1.0880	1.0861			1.4282	1	0	0	0.61843	1	1	0.9995	0	1
050548	Fairview Developmental Center	11244	11244	31084	11244	06059	9	lurban	lurban	W	1.2658				N		1	0	0	30	1	0	0	0.28787931	0.03	0	0.03	0	0		0	1.052	0.019	0		31	29.52	0.9137	0.9103			29.55	0.9025	0.8991			1.1752	1	6.13487	0.79438	0.75862	1	1	1.0000	0	1
050549	Los Robles Hospital & Medical Center	37100	37100	37100	37100	06111	9	ourban	ourban	N	1.437				N		1	0	0	286	189	0	0	0.1879	0.01241	0.03878	0.01241	0.000268	328.07	0.000233	286.55	0.109	0.01	0		6609	6523.29	1.8748	1.8652			6531.02	1.8751	1.8656			1.2818	1	0.06704	0.0961	0.49851	1	0.99607	0.9816	0	0
050551	Los Alamitos Medical Center	11244	11244	31084	11244	06059	9	lurban	lurban	W	1.2658				N		1	0	0	142	104	0	0	0.235	0.02151	0.04874	0.02151	0.000063	197.73	0.000101	317.12	0.108	0.006	0		2647	2602.47	1.6319	1.6164			2605.55	1.6413	1.6260			1.1752	1	0.07135	0.03337	0.34225	1	0.99555	0.9950	0	0
050557	Memorial Medical Center	33700	33700	33700	33700	06099	9	ourban	ourban	N	1.3167				Y	0.0402	1	0	0	423	206	0	0	0.3776	0.05092	0.07946	0.05092	0.000307	449.76	0.000409	599.09	0.202	0.023	0		5598	5485.06	1.8321	1.8217			5490.50	1.8324	1.8223			1.2073	1	0.0524	0.10691	0.36752	1	0.99953	0.9969	0	0
050561	Kaiser Foundation Hospital - West La	31084	31084	37100	05	06037	9	ourban	rural	S	1.437		YES	YES	N		1	0.008	0.0154	265	80	0.00436	0.00436	0.1644	0.00859	0	0.00859	0.000125	3074.27	0.000078	1849.9	0.406	0.031	7		355	333.90	2.0743	2.0889	2443.91	1.8824	334.86	2.0872	2.1014	2455.85	1.8881	1.2818	1	0.14364	0.15115	0.04556	1	1.00389	1.0000	0	0
050567	Mission Hospital Regional Med Center	11244	11244	31084	11244	06059	9	lurban	lurban	W	1.2658				N		1	0	0	465	198	0	0	0.2586	0.02637	0.05376	0.02637	0.000554	870.37	0.000451	728.86	0.197	0.017	0		5297	5094.65	1.9290	1.9140			5106.80	1.9301	1.9152			1.1752	1	0.06392	0.07302	0.28869	1	1.0028	0.9998	0	0
050568	Madera Community Hospital	31460	31460	31460	31460	06039	9	ourban	ourban	N	1.2645				N		1	0	0	106	38	0	0	0.6134	0.09955	0.13226	0.09955	0.000083	713.73	0.000148	1245.52	0.389	0.009	7		1058	1041.61	1.5067	1.5013			1042.48	1.5041	1.4988			1.1743	1	0.03459	0.00106	0.27397	1.00318	1.00005	0.9984	0	0
050570	Fountain Valley Regional Hospital & Medical Center	11244	11244	31084	11244	06059	9	lurban	lurban	W	1.2658				N		1	0.007	0.0117	400	230	0.00382	0.00331	0.8457	0.14746	0.18679	0.14746	0.000182	399.96	0.000533	1177.39	0.136	0.007	0		3871	3815.14	1.7253	1.7106	1854.68	1.7949	3818.12	1.7289	1.7142	1857.85	1.7972	1.1752	1	0.07891	0.03122	0.2494	1	0.99334	0.9969	0	0
050573	Eisenhower Medical Center	40140	40140	11244	05	06065	9	ourban	rural	S	1.2645		YES	YES	N		1	0.2028	0.2862	370	205	0.10483	0.08412	0.2001	0.01439	0	0.01439	0.000088	84.87	0.000163	160.94	0.149	0.011	7		9103	8884.71	1.8372	1.8245	2960.65	1.6200	8907.18	1.8340	1.8214	2965.88	1.6213	1.1743	1	0.02774	0.02659	0.48606	1	0.99827	0.9999	0	0
050580	La Palma Intercommunity Hospital	11244	11244	31084	11244	06059	9	lurban	lurban	W	1.2658				N		1	0	0	131	37	0	0	0.5507	0.08662	0.11797	0.08662	0.000055	354.84	0.000095	587.63	0.196	0.026	0		1328	1297.49	1.6292	1.6055			1298.74	1.6339	1.6107			1.1752	1	0.01287	0.03523	0.40151	1	1.00968	0.9990	0	0
050581	Lakewood Regional Medical Center	31084	31084	31084	31084	06037	9	lurban	lurban	N	1.2918				N		1	0.0143	0.0219	172	108	0.00779	0.0062	0.4396	0.06371	0.0931	0.06371	0.000139	522.18	0.000205	799.66	0.133	0.006	0		2321	2274.60	1.7565	1.7258	2111.84	1.8312	2276.28	1.7618	1.7311	2116.33	1.8347	1.1916	1	0.03613	0.01	0.2872	1	0.9955	0.9956	0	0
050586	Chino Valley Medical Center	40140	40140	31084	40140	06071	9	lurban	lurban	W	1.2658				N		1	0.1286	0.4459	126	48	0.06779	0.13409	0.5872	0.09415	0.12627	0.09415	0.000193	1664.82	0.000193	1640.33	0.21	0.026	0		862	832.64	1.7757	1.7537	782.27	1.5924	833.35	1.7901	1.7687	783.09	1.6086	1.1752	1	0.01565	0.03243	0.21849	1	1	1.0000	0	0
050588	San Dimas Community Hospital	31084	31084	31084	31084	06037	9	lurban	lurban	N	1.2918				N		1	0	0	64	37	0	0	0.3261	0.03	0	0.03	0.000051	409.56	0.000063	481.1	0.227	0.015	0		935	909.56	1.6749	1.6567			910.86	1.6770	1.6589			1.1916	1	0.00449	0.00224	0.34629	1	1.0014	1.0000	0	0
050589	Placentia Linda Hospital	11244	11244	31084	11244	06059	9	lurban	lurban	W	1.2658				N		1	0	0	114	29	0	0	0.2463	0.02384	0.05114	0.02384	0.000066	653.49	0.000055	526.1	0.137	0.01	0		795	775.57	1.3342	1.3207			776.72	1.3300	1.3186			1.1752	1	0.01306	0.01152	0.30165	1	0.99266	0.9885	0	0
050590	Methodist Hospital Of Sacramento	40900	40900	40900	40900	06067	9	lurban	lurban	N	1.6207				N		1	0.0803	0.1148	158	102	0.0429	0.03293	0.6883	0.115	0.14956	0.115	0.000161	577.46	0.000327	1110.13	0.206	0.012	0		2224	2157.66	1.6221	1.6136	666.57	1.5052	2161.26	1.6189	1.6109	668.61	1.5073	1.3919	1	0.03806	0.02018	0.24704	1	1.00463	0.9931	0	0
050597	Emanate Health Foothill Presbyterian Hospital	31084	31084	31084	31084	06037	9	lurban	lurban	N	1.2918				N		1	0	0	105	55	0	0	0.3649	0.0483	0.07669	0.0483	0.000162	1064.3	0.000138	924.71	0.265	0.017	0		1330	1307.90	1.5062	1.4817			1308.80	1.5056	1.4809			1.1916	1	0.0209	0.01306	0.27895	1	0.9955	0.9965	0	0
050599	University Of California Davis Medical Center	40900	40900	40900	40900	06067	9	lurban	lurban	N	1.6207				N		1	0.7105	0.9389	582	496	0.32783	0.30338	0.5822	0.09312	0.12513	0.09312	0.000636	632.83	0.001079	1115.37	0.173	0.01	0		8672	8542.81	2.3102	2.3057	996.26	2.1402	8550.73	2.3199	2.3152	997.42	2.1560	1.3919	1	0.14618	0.08037	0.28608	1	1.00451	0.9997	0	0
050603	Memorialcare Saddleback Medical Center	11244	11244	31084	11244	06059	9	lurban	lurban	W	1.2658				N		1	0.0041	0.007	252	128	0.00224	0.00198	0.1395	0	0.02865	0		0	0.000144	356.73	0.221	0.015	0		3008	2902.70	1.7673	1.7403	2657.74	1.8180	2910.74	1.7671	1.7418	2663.42	1.8199	1.1752	1	0.03089	0.02159	0.22658	1	0.99702	0.9981	0	0
050604	Kaiser Foundation Hospital-San Jose	41940	41940	41940	41940	06085	9	lurban	lurban	N	1.8551				N		1	0.0085	0	235	91	0.00464	0	0.0852	0	0.0174	0		0		0	0.403	0.017	0		413	397.98	1.7602	1.7487	3560.24	1.7504	398.80	1.7716	1.7601	3571.78	1.7541	1.5268	1	0.21548	0.07305	0.03889	1	1.00593	0.9997	0	0
050608	Delano Regional Medical Center	12540	12540	12540	12540	06029	9	ourban	ourban	N	1.2645				N		1	0	0	105	23	0	0	0.8942	0.15747	0.19851	0.15747	0.000077	1027.86	0.000178	2334.27	0.198	0.015	0		648	631.49	1.5258	1.5013			632.02	1.5267	1.5023			1.1743	1	0.00123	0.00128	0.29856	1.09939	1.00299	1.0000	0	0
050609	Kaiser Foundation Hospital - Orange County - Anahe	11244	11244	31084	05	06059	9	ourban	rural	S	1.2658		YES	YES	N		1	0.0581	0.0845	427	257	0.03123	0.02413	0.1169	0	0	0		0		0	0.362	0.017	0		367	355.16	1.9022	1.8930	5513.54	1.8284	355.84	1.9114	1.9023	5524.34	1.8285	1.1752	1	0.14425	0.05346	0.01573	1	1.01476	1.0000	0	0
050616	St Johns Pleasant Valley Hospital	37100	37100	37100	37100	06111	9	ourban	ourban	N	1.437				N		1	0	0	81	38	0	0	0.131797213	0	0	0		0		0	0.215	0.012	0		1805	1744.49	1.5326	1.5178			1747.33	1.5322	1.5174			1.2818	1	0.03037	0.01636	0.58996	1	1.00517	0.9874	0	0
050624	Henry Mayo Newhall  Hospital	31084	31084	31084	31084	06037	9	lurban	lurban	N	1.2918				N		1	0	0	196	138	0	0	0.263	0.02728	0.0547	0.02728	0.000159	428.59	0.000272	726.98	0.202	0.021	0		3025	2977.97	1.7116	1.6996			2981.79	1.6994	1.6881			1.1916	1	0.14574	0.22051	0.36774	1	1.00446	0.9844	0	0
050625	Cedars-Sinai Medical Center	31084	31084	37100	05	06037	9	ourban	rural	S	1.437		YES	YES	N		1	0.2939	0.3831	874	703	0.14849	0.11417	0.3566	0.04659	0	0.04659	0.000364	157.48	0.001121	506.98	0.127	0.012	7		20023	19664.99	2.2545	2.2492	1680.23	2.2994	19693.37	2.2647	2.2594	1682.73	2.3060	1.2818	1	0.24768	0.37142	0.41895	1	1.00328	1.0000	0	0
050633	Twin Cities Community Hospital	42020	42020	42020	42020	06079	9	ourban	ourban	N	1.2663				N		1	0	0	122	41	0	0	0.2948	0.03384	0.06151	0.03384	0.000073	307.61	0.000086	364.98	0.134	0.008	0		1976	1925.11	1.3794	1.3686			1929.81	1.3785	1.3686			1.1755	1	0.02984	0.01753	0.46097	1	0.99534	0.9701	0	0
050636	Pomerado Hospital	41740	41740	41740	41740	06073	9	lurban	lurban	N	1.2645				N		1	0	0	95	53	0	0	0.2944	0.03	0	0.03	0.00008	399.36	0.000105	537.4	0.183	0.022	0		1708	1610.65	1.7355	1.7052			1617.32	1.7357	1.7071			1.1743	1	0.04362	0.0884	0.31008	1	1.00446	0.9890	0	0
050641	East Los Angeles Doctors Hospital	31084	31084	31084	31084	06037	9	lurban	lurban	N	1.2918				N		1	0	0	102	40	0	0	1.048	0.18919	0.23642	0.18919	0.000049	760.14	0.000166	2367.85	0.147	0.007	0		458	453.72	1.4753	1.4686			453.65	1.4565	1.4497			1.1916	1	0.02428	0.00462	0.23558	1	1.0015	0.9980	0	0
050663	Los Angeles Community Hospital	31084	31084	31084	31084	06037	9	lurban	lurban	N	1.2918				N		1	0	0	285	140	0	0	0.9077	0.16025	0.20179	0.16025	0.000032	120.5	0.000268	1110.86	0.204	0.013	0		2390	2340.72	1.6062	1.5935			2343.10	1.6099	1.5972			1.1916	1	0.02717	0.01721	0.20874	1	0.99621	0.9996	0	0
050668	Laguna Honda Hospital & Rehabilitation Center	41884	41884	42034	41884	06075	9	lurban	lurban	W	1.79				N		1	0	0	6	1	0	0	0.5684	0.03	0	0.03	0.000031	12944.1	0.00003	8447.48	0.175	0.015	0		8	7.70	1.0568	1.0483			7.71	1.0553	1.0484			1.4899	1	0	0	0.57949	1	1	0.9948	0	0
050674	Kaiser Foundation Hosp So Sacramento	40900	40900	40900	40900	06067	9	lurban	lurban	N	1.6207				N		1	0.0927	0.1592	217	131	0.04935	0.04595	0.206	0.01553	0.0426	0.01553	0.00007	662.56	0.00014	1466	0.341	0.016	0		890	866.61	1.7613	1.7595	4172.77	1.6921	867.69	1.7650	1.7630	4185.97	1.6956	1.3919	1	0.24409	0.09172	0.06857	1	1.00636	0.9963	0	0
050677	Kaiser Foundation Hospital - Woodland Hills	31084	31084	37100	31084	06037	9	lurban	lurban	W	1.437				N		1	0.0676	0.1418	264	94	0.03624	0.04083	0.0959	0	0.01961	0		0		0	0.462	0.039	0		179	172.00	1.6043	1.5769	3353.81	1.7752	172.38	1.6028	1.5774	3371.36	1.7730	1.2818	1	0.16575	0.18452	0.02702	1	1.01419	1.0000	0	0
050678	Memorialcare Orange Coast Medical Center	11244	11244	31084	11244	06059	9	lurban	lurban	W	1.2658				N		1	0	0	218	108	0	0	0.3548	0.04622	0.07449	0.04622	0.000101	355.02	0.000179	658.03	0.2	0.012	0		2484	2420.90	1.8445	1.8362			2425.78	1.8436	1.8350			1.1752	1	0.04347	0.02444	0.24285	1	1.00437	0.9999	0	0
050684	Menifee Valley Medical Center	40140	40140	11244	40140	06065	9	lurban	lurban	W	1.2645				N		1	0	0	84	30	0	0	0.3527	0.03	0	0.03	0.000033	488.55	0.000046	631.45	0.218	0.02	0		553	546.12	1.4345	1.4245			546.47	1.4535	1.4440			1.1743	1	0.06896	0.09135	0.2475	1	0.99361	0.9978	0	0
050686	"Kaiser Foundation Hospital, Riverside"	40140	40140	11244	05	06065	9	ourban	rural	S	1.2645		YES	YES	N		1	0.0938	0.1403	226	115	0.04992	0.04039	0.1425	0	0	0		0		0	0.508	0.02	7		248	240.59	2.3671	2.3180	1845.90	2.0602	240.78	2.3782	2.3292	1849.60	2.0629	1.1743	1	0.51811	0.1342	0.02726	1	1.00819	1.0000	0	0
050688	St Louise Regional Hospital	41940	41940	41940	41940	06085	9	lurban	lurban	N	1.8551				N		1	0	0	72	25	0	0	0.4356	0.03	0	0.03	0.000057	509.54	0.000074	629.46	0.197	0.012	0		951	937.25	1.4298	1.4145			937.67	1.4310	1.4154			1.5268	1	0.08513	0.0621	0.39042	1.08311	1.00015	0.9974	0	0
050689	San Ramon Regional Medical Center	36084	36084	36084	36084	06013	9	lurban	lurban	N	1.7353				N		1	0	0	123	52	0	0	0.0957	0	0.01957	0		0		0	0.16	0.009	0		1423	1391.65	1.6863	1.6574			1393.89	1.6855	1.6567			1.4586	1	0.08576	0.04649	0.32995	1	0.99387	0.9983	0	0
050690	Kaiser Foundation Hospital-Santa Rosa	42220	42220	42220	42220	06097	9	ourban	ourban	N	1.6828				Y	0.0195	1	0.0123	0.0341	173	90	0.0067	0.00967	0.0931	0	0.01903	0		0		0	0.393	0.023	0		267	261.58	1.5585	1.5543	3433.33	1.5411	261.85	1.5598	1.5559	3446.39	1.5414	1.4282	1	0.07325	0.03928	0.02882	1	1.01103	1.0000	0	0
050696	Keck Hospital Of Usc	31084	31084	37100	31084	06037	9	lurban	lurban	W	1.437				N		1	0.3832	0.4435	318	221	0.18954	0.13332	0.3979	0.0551	0.08391	0.0551	0.000143	282.01	0.00027	534.74	0.251	0.019	0		4030	3952.69	3.1324	3.1178	919.34	3.8130	3960.13	3.1419	3.1255	920.88	3.8470	1.2818	1	0.35623	0.32463	0.35365	1	0.99877	0.9995	0	0
050697	Patients' Hospital Of Redding	39820	39820	39820	39820	06089	9	ourban	ourban	N	1.3627				N		1	0	0	10	1	0	0	0	0	0	0		0		0	0.292	0.014	0		68	67.83	1.8076	1.8077			67.93	1.8266	1.8267			1.2361	1	0.01533	0.0038	0.37101	1	1	1.0000	0	0
050701	Southwest Healthcare System	40140	40140	11244	40140	06065	9	lurban	lurban	W	1.2645				N		1	0	0	239	160	0	0	0.3949	0.05449	0.08325	0.05449	0.000237	883.72	0.000357	1359.25	0.193	0.019	0		2238	2188.68	1.6383	1.6226			2191.56	1.6376	1.6238			1.1743	1	0.02627	0.03903	0.17599	1	1.00512	0.9913	0	0
050704	Mission Community Hospital	31084	31084	31084	31084	06037	9	lurban	lurban	N	1.2918				N		1	0	0	145	113	0	0	0.86	0.15041	0.19023	0.15041	0.000064	207.39	0.00027	856.84	0.257	0.015	0		2396	2358.86	1.6081	1.5917			2361.43	1.6126	1.5963			1.1916	1	0.01703	0.00785	0.34291	1	0.99669	0.9994	0	0
050708	Fresno Surgical Hospital	23420	23420	23420	23420	06019	9	ourban	ourban	N	1.2645				N		1	0	0	27	9	0	0	0.033049544	0	0	0		0		0	0.252	0.091	0		754	750.83	2.3561	2.3537			751.77	2.3350	2.3325			1.1743	1	0	0	0.43374	1	1	1.0000	0	0
050709	Desert Valley Hospital	40140	40140	31084	40140	06065	9	lurban	lurban	W	1.2658				N		1	0	0	148	101	0	0	0.4869	0.07346	0.10362	0.07346	0.000086	288.75	0.000187	650.14	0.132	0.013	0		2516	2472.17	1.8648	1.8552			2473.73	1.8677	1.8579			1.1752	1	0.01495	0.02538	0.28616	1	1.01541	0.9852	0	0
050710	Kaiser Foundation Hospital - Fresno	23420	23420	23420	23420	06019	9	ourban	ourban	N	1.2645				N		1	0.0001	0.0034	169	76	0.00005	0.00096	0.0525	0	0.01069	0		0		0	0.367	0.013	0		289	279.94	1.5750	1.5606	1705.95	2.1504	280.65	1.5777	1.5636	1709.05	2.1569	1.1743	1	0.33233	0.09089	0.02974	1	1.01211	1.0000	0	0
050714	Sutter Maternity & Surgery Center Of Santa Cruz	42100	42100	42100	42100	06087	9	ourban	ourban	N	1.8416				Y	0.0042	1	0	0	30	9	0	0	0.331	0.03	0	0.03	0.000031	1423.41	0.000037	1773.66	0.322	0.03	0		179	176.20	2.1057	2.1038			176.98	2.0972	2.0953			1.5192	1	0	0	0.07212	1	1	1.0000	0	0
050717	Lac/Rancho Los Amigos National Rehabilitation  Ctr	31084	31084	31084	31084	06037	9	lurban	lurban	N	1.2918				N		1	0.1083	0.1421	124	79	0.05741	0.04092	0.9951	0.17828	0.22325	0.17828	0.000861	34066.1	0.000604	26302.42	0.198	0.015	0		228	223.58	1.6787	1.6658	12.85	1.1494	223.91	1.7408	1.7287	13.00	1.1708	1.1916	1	0.03857	0.07667	0.05553	1	1.00294	1.0000	0	0
050723	Kaiser Foundation Hospital - Baldwin Park	31084	31084	31084	31084	06037	9	lurban	lurban	N	1.2918				N		1	0	0.0007	257	103	0	0.0002	0.1348	0	0.02767	0		0		0	0.405	0.016	0		264	251.13	1.8641	1.8683			251.79	1.8743	1.8785			1.1916	1	0.17546	0.04705	0.02086	1	1.01173	1.0000	0	0
050724	Bakersfield Heart Hospital	12540	12540	12540	12540	06029	9	ourban	ourban	N	1.2645				N		1	0	0	47	38	0	0	0.2376	0.02204	0	0.02204	0.000125	514.09		0	0.168	0.012	0		1888	1846.16	2.1426	2.1315			1848.14	2.1000	2.0904			1.1743	1	0.00431	0.00379	0.70438	1	0.99619	0.9942	0	0
050726	Stanislaus Surgical Hospital	33700	33700	33700	33700	06099	9	ourban	ourban	N	1.3167				Y	0.0402	1	0	0	23	3	0	0	0.0475	0	0	0		0		0	0.277	0.037	0		217	215.25	2.0524	2.0511			215.89	2.0350	2.0341			1.2073	1	0	0	0.50433	1	1	1.0000	0	0
050727	Community Hospital Of Long Beach	31084	31084	31084	31084	06037	9	lurban	lurban	N	1.2918				N		1	0	0	130	44	0	0	0.3929	0.05407	0.08281	0.05407	0.000115	895.51	0.000112	765.35	0.193	0.009	0		740	725.70	1.3942	1.3898			726.09	1.3993	1.3952			1.1916	1	0.0495	0.01774	0.42139	1	0.9973	0.9959	0	0
050735	Whittier Hospital Medical Center	31084	31084	31084	31084	06037	9	lurban	lurban	N	1.2918				N		1	0	0	156	81	0	0	0.6924	0.11585	0.15052	0.11585	0.000051	352.62	0.000194	1337.69	0.139	0.008	0		1136	1120.17	1.3875	1.3792			1120.87	1.3782	1.3700			1.1916	1	0.00609	0.00343	0.15291	1	0.99645	0.9993	0	0
050736	Monterey Park Hospital	31084	31084	31084	31084	06037	9	lurban	lurban	N	1.2918				N		1	0	0	101	53	0	0	0.9042	0.15953	0.20094	0.15953	0.000025	320.87	0.000138	1796.2	0.096	0.005	0		667	660.30	1.5256	1.5204			660.66	1.5103	1.5046			1.1916	1	0.05153	0.02232	0.1505	1	1.00233	0.9987	0	0
050737	Garfield Medical Center	31084	31084	31084	31084	06037	9	lurban	lurban	N	1.2918				N		1	0	0	182	136	0	0	0.8934	0.1573	0.19831	0.1573	0.000049	180.01	0.000334	1189.53	0.12	0.008	0		2228	2211.86	1.7872	1.7806			2213.39	1.7965	1.7898			1.1916	1	0.11047	0.08122	0.26694	1	1.0011	0.9953	0	0
050738	Greater El Monte Community Hospital	31084	31084	31084	31084	06037	9	lurban	lurban	N	1.2918				N		1	0	0	104	41	0	0	0.992	0.17764	0.22248	0.17764	0.00008	1234.32	0.000128	2074.07	0.15	0.008	0		598	582.63	1.6661	1.5931			582.77	1.6699	1.5959			1.1916	1	0.0132	0.00393	0.21	1	0.99884	1.0000	0	0
050739	Centinela Hospital Medical Center	31084	31084	31084	31084	06037	9	lurban	lurban	N	1.2918				N		1	0	0	313	172	0	0	0.6791	0.1131	0.14742	0.1131	0.000174	296.12	0.000409	666.35	0.144	0.019	0		4690	4606.20	1.8632	1.8440			4609.79	1.8696	1.8509			1.1916	1	0.01122	0.03022	0.34698	1	1.00735	0.9910	0	0
050740	Cedar-Sinai Marina Del Rey Hospital	31084	31084	31084	31084	06037	9	lurban	lurban	N	1.2918				N		1	0	0	104	34	0	0	0.2334	0.02118	0.0484	0.02118	0.000054	307.72	0.000057	318.37	0.229	0.02	0		1543	1491.87	1.8965	1.8657			1494.09	1.8934	1.8613			1.1916	1	0.02122	0.02564	0.44624	1	1.00204	0.9991	0	0
050742	Olympia Medical Center	31084	31084	31084	31084	06037	9	lurban	lurban	N	1.2918				N		1	0	0	203	75	0	0	0.5229	0.08089	0.1117	0.08089	0.000242	829.77	0.000245	779.54	0.146	0.014	0		2306	2273.87	1.5669	1.5541			2275.05	1.5722	1.5595			1.1916	1	0.02187	0.03118	0.5186	1	0.99891	0.9795	0	0
050744	Anaheim Global Medical Center	11244	11244	31084	11244	06059	9	lurban	lurban	W	1.2658				N		1	0	0	103	47	0	0	0.6046	0.09774	0.13024	0.09774	0.000069	1973.9	0.000159	4734.12	0.234	0.01	0		324	319.49	1.8945	1.8496			319.59	1.9061	1.8608			1.1752	1	0.10771	0.03477	0.08728	1	0.99195	1.0000	0	0
050745	Chapman Global Medical Center	11244	11244	31084	11244	06059	9	lurban	lurban	W	1.2658				N		1	0	0	75	20	0	0	0.3351	0.03	0	0.03	0.000036	811.16	0.000037	863.57	0.227	0.018	0		359	354.36	1.4401	1.4264			354.49	1.4436	1.4305			1.1752	1	0.05063	0.05123	0.22668	1	1.00446	1.0000	0	0
050746	Orange County Global Medical Center	11244	11244	31084	11244	06059	9	lurban	lurban	W	1.2658				N		1	0.0056	0.0378	228	104	0.00306	0.01072	0.6422	0.10549	0.13888	0.10549	0.000142	958.4	0.000279	2091.44	0.193	0.008	0		1234	1210.14	1.9355	1.9061	408.90	2.0786	1211.21	1.9426	1.9127	409.23	2.0883	1.1752	1	0.06303	0.01282	0.15372	1	0.99635	0.9998	0	0
050747	South Coast Global Medical Center	11244	11244	31084	11244	06059	9	lurban	lurban	W	1.2658				N		1	0	0	109	30	0	0	0.8777	0.15406	0.19451	0.15406	0.00006	1528.13	0.000112	2965.5	0.25	0.012	0		372	363.32	1.6731	1.6485			363.51	1.6748	1.6503			1.1752	1	0.01011	0.00266	0.16388	1	0.98619	1.0000	0	1
050748	Kaiser Foundation Hospital Manteca	44700	44700	44700	44700	06077	9	ourban	ourban	N	1.4973				Y	0.0478	1	0	0.0005	213	102	0	0.00014	0.0453	0	0.00922	0		0		0	0.392	0.011	0		297	285.89	1.6725	1.6631			286.25	1.6741	1.6648			1.3184	1	0.1541	0.01394	0.021	1	1.002	1.0000	0	0
050751	Miraclemile Medical Center	31084	31084	31084	31084	06037	9	lurban	lurban	N	1.2918				N		1	0	0	17	2	0	0	0.1538	0.00687	0	0.00687	0	0	0	0	0.3	0.075	0		55	54.49	3.1661	3.1596			54.52	3.1568	3.1507			1.1916	1	0.29095	1.77982	0.37957	1	1	1.0000	0	1
050754	Menlo Park Surgical Hospital	41884	41884	41884	41884	06081	9	lurban	lurban	N	1.7835				N		1	0	0	16	1	0	0	0.0152	0	0	0		0		0	0.384	0.029	0		40	39.81	2.1020	2.1054			39.88	2.1123	2.1144			1.4862	1	0	0	0.17355	1	1	1.0000	0	0
050755	Sherman Oaks Hospital	31084	31084	31084	31084	06037	9	lurban	lurban	N	1.2918				N		1	0	0	112	62	0	0	0.5141	0.07907	0.10972	0.07907	0.000153	487.44	0.000104	333.8	0.182	0.013	0		2641	2559.51	1.8987	1.8757			2562.30	1.9056	1.8828			1.1916	1	0.01509	0.01259	0.53989	1	1.00259	0.9902	0	0
050757	Alvarado Hospital Medical Center	41740	41740	41740	41740	06073	9	lurban	lurban	N	1.2645				N		1	0	0	254	67	0	0	0.553	0.08709	0.11849	0.08709	0.000033	165.4	0.000105	480.65	0.194	0.013	0		1553	1527.38	2.0916	2.0717			1528.93	2.0850	2.0664			1.1743	1	0.07009	0.04745	0.30405	1	1.00197	1.0000	0	0
050758	Montclair Hospital Medical Center	40140	40140	31084	40140	06071	9	lurban	lurban	W	1.2658				N		1	0.0802	0	102	29	0.04285	0	0.6542	0.10797	0.14165	0.10797	0.000039	669.93	0.000119	2054.59	0.174	0.016	0		498	478.82	1.9694	1.9642	6.14	1.2539	479.33	1.9768	1.9710	6.16	1.2505	1.1752	1	0.00995	0.0145	0.18402	1	1	0.9983	1	0
050760	Kaiser Foundation Hospital - Antioch	36084	36084	36084	36084	06013	9	lurban	lurban	N	1.7353				N		1	0.0162	0.0221	132	61	0.00882	0.00626	0.11	0	0.02252	0		0		0	0.44	0.021	0		324	306.50	1.6454	1.6348	1616.82	1.4752	307.92	1.6336	1.6238	1622.69	1.4735	1.4586	1	0.13428	0.04399	0.055	1	0.9982	0.9975	0	0
050761	Providence Tarzana Medical Center	31084	31084	37100	05	06037	9	ourban	rural	S	1.437		YES	YES	N		1	0	0	249	138	0	0	0.4323	0.0622	0	0.0622	0.000189	343.56	0.000243	429.65	0.163	0.01	7		4512	4398.08	1.6653	1.6513			4404.33	1.6628	1.6485			1.2818	1	0.03731	0.02641	0.37451	1	0.99963	0.9934	0	0
050763	Silver Lake Medical Center	31084	31084	31084	31084	06037	9	lurban	lurban	N	1.2918				N		1	0.0049	0.0052	211	147	0.00268	0.00147	0.659	0.10896	0.14276	0.10896	0.000028	72.14	0.000299	823.91	0.347	0.038	0		3372	3327.31	1.2905	1.2864	142.86	1.2361	3328.22	1.3016	1.2977	142.86	1.2458	1.1916	1	0.07785	0.12268	0.47429	1	1.00023	0.9998	0	1
050764	Shasta Regional Medical Center	39820	39820	39820	39820	06089	9	ourban	ourban	N	1.3627				N		1	0	0	205	91	0	0	0.3552	0.0463	0.07458	0.0463	0.000091	172.7	0.000141	268.58	0.135	0.018	0		4336	4267.40	1.8226	1.8123			4271.09	1.8224	1.8118			1.2361	1	0.00339	0.0107	0.58332	1	1.00062	0.9994	0	0
050765	Kaiser Foundation Hospital-Moreno Valley	40140	40140	11244	40140	06065	9	lurban	lurban	W	1.2645				N		1	0	0	99	33	0	0	0.1588	0.00768	0	0.00768	0.000037	2222.13	0.000055	3152.25	0.34	0.017	0		126	120.29	1.8469	1.8430			120.53	1.8490	1.8455			1.1743	1	0.08267	0.03466	0.03675	1	1.01536	1.0000	0	0
050766	Sutter Surgical Hospital - North Valley	49700	49700	49700	49700	06101	9	ourban	ourban	N	1.2656				N		1	0	0	14	3	0	0	0.0897	0	0	0		0		0	0.3	0.082	0		244	243.85	2.0464	2.0466			243.91	2.0363	2.0364			1.175	1	0.01281	0.11033	0.54974	1	1	1.0000	0	0
050767	Kaiser Foundation Hospital - Vacaville	46700	46700	46700	46700	06095	9	ourban	ourban	N	1.8286				N		1	0.0036	0.0152	140	66	0.00197	0.0043	0.0963	0	0.01969	0		0		0	0.36	0.022	0		283	274.63	1.8849	1.8870	2143.09	1.8273	275.26	1.8904	1.8927	2150.33	1.8277	1.5118	1	0.13903	0.09047	0.05771	1	1.00263	1.0000	0	0
050769	Hoag Orthopedic Institute	11244	11244	31084	11244	06059	9	lurban	lurban	W	1.2658				N		1	0	0	70	29	0	0	0.024161222	0	0	0		0		0	0.221	0.021	0		1765	1699.11	2.4821	2.4888			1724.90	2.4551	2.4556			1.1752	1	0.0042	0.00726	0.44037	1	1	1.0000	0	0
050770	Loma Linda University Medical Center-Murrieta	40140	40140	11244	40140	06065	9	lurban	lurban	W	1.2645				N		1	0	0	106	70	0	0	0.2896	0.03277	0.0604	0.03277	0.000097	400.36	0.000136	565.74	0.169	0.028	0		2184	2142.11	1.8055	1.7900			2144.21	1.7939	1.7781			1.1743	1	0.03763	0.14578	0.31241	1	0.9974	0.9852	0	0
050771	Coast Plaza Hospital	31084	31084	31084	31084	06037	9	lurban	lurban	N	1.2918				N		1	0	0	117	36	0	0	0.5822	0.09312	0.12513	0.09312	0.000061	595.64	0.000121	1119.8	0.165	0.008	0		774	757.83	1.7110	1.6754			758.33	1.7151	1.6803			1.1916	1	0.02243	0.00734	0.35992	1	0.99854	0.9986	0	0
050772	Kaiser Foundation Hospital - Roseville	40900	40900	40900	40900	06061	9	lurban	lurban	N	1.6207				N		1	0.0042	0.0116	337	187	0.00229	0.00328	0.1548	0.00703	0.03184	0.00703	0.00012	1385.13		0	0.363	0.013	0		770	738.58	1.5617	1.5551	6690.30	1.6566	740.98	1.5560	1.5496	6725.43	1.6585	1.3919	1	0.14516	0.02995	0.02332	1	1.01312	1.0000	0	0
050773	San Leandro Hospital	36084	36084	36084	36084	06001	9	lurban	lurban	N	1.7586				Y	0.0233	1	0	0	45	36	0	0	0.5604	0.03	0	0.03	0.000064	424.55	0.000084	524.54	0.272	0.004	0		1161	1111.32	1.7767	1.7392			1112.94	1.7791	1.7416			1.4719	1	0.12978	0.00267	0.47061	1	0.99524	0.9980	0	0
050775	Temecula Valley Hospital	40140	40140	11244	40140	06065	9	lurban	lurban	W	1.2645				N		1	0	0	140	79	0	0	0.2866	0.03215	0.05975	0.03215	0.0001	343.93	0.000102	408.13	0.171	0.035	0		2606	2572.00	1.6434	1.6376			2574.86	1.6379	1.6322			1.1743	1	0.01654	0.09223	0.34063	1	1.00624	0.9894	0	0
050776	College Medical Center	31084	31084	31084	31084	06037	9	lurban	lurban	N	1.2918				N		1	0.0939	0.2403	208	147	0.04997	0.07016	1.0408	0.1877	0.23462	0.1877	0.000076	617.75	0.000113	935.94	0.276	0.016	0		1089	1063.78	1.3870	1.3706	380.08	1.2794	1064.56	1.3876	1.3710	380.34	1.2846	1.1916	1	0.04918	0.02462	0.10105	1	0.99327	0.9999	0	0
050777	Kaiser Foundation Hospital - San Leandro	36084	36084	36084	36084	06001	9	lurban	lurban	N	1.7586				Y	0.0233	1	0.0121	0.001	206	105	0.00659	0.00028	0.1077	0	0.02205	0		0		0	0.41	0.037	0		379	352.47	1.7035	1.7039	3232.52	1.6744	354.59	1.7039	1.7050	3262.37	1.6755	1.4719	1	0.23938	0.30757	0.0351	1	1.01369	1.0000	0	0
050778	Loma Linda University Children's Hospital	40140	40140	31084	40140	06071	9	lurban	lurban	W	1.2658				N		1	0	0	343	229	0	0	0.9182	0.16242	0.20434	0.16242	0.000084	20547.65	0.000081	24844.56	0.221	0.001	0		34	34.00	1.1225	1.1225			34.00	1.1817	1.1817			1.1752	1	0.12672	0	0.00166	1	1	1.0000	0	1
050779	"Martin Luther King, Jr. Community Hospital"	31084	31084	31084	31084	06037	9	lurban	lurban	N	1.2918				N		1	0	0	131	84	0	0	1.0268	0.18482	0.23112	0.18482	0.000642	5277.59	0.000545	6851.18	0.129	0.016	0		1103	1070.99	1.4668	1.4561			1072.43	1.4629	1.4542			1.1916	1	0.12099	0.28092	0.14824	1	0.99963	0.9981	0	0
050780	Foothill Regional Medical Center	11244	11244	31084	11244	06059	9	lurban	lurban	W	1.2658				N		1	0		135	19	0	0.52699	0.5777	0.09219	0.1241	0.09219	0.000002	32.81	0.000002	36.47	0.432	0.017	0		615	591.52	1.4000	1.3727			592.20	1.4027	1.3747			1.1752	1	0.50809	0.08951	0.31735	1	1	0.9987	0	0
050781	Sonoma Specialty Hospital	42220	42220	42220	42220	06097	9	ourban	ourban	N	1.6828				Y	0.0195	1	0		37	9	0	0.52699	0.1702	0.00953	0	0.00953		0		0	0.357	0.005	0		467	462.75	1.1759	1.1736			462.92	1.1738	1.1717			1.4282	1	0.02023	0	0.86492	1	1	0.9998	0	1
050782	Casa Colina Hospital	31084	31084	31084	31084	06037	9	lurban	lurban	N	1.2918				N		1	0		31	13	0	0.52699	0.191	0.01291	0	0.01291		0		0	0.342	0.041	0		616	594.70	1.9537	1.9203			596.77	1.9489	1.9169			1.1916	1	0.05134	0.07431	0.61658	1	1	0.9957	0	0
050783	Colusa Medical Center	05	05	05	05	06011	9	rural	rural	N	1.3189				N		1	0		1	0	0	0.52699	0	0	0	0		0		0	0.229	0.015	0		206	204.68	1.1156	1.1158			204.72	1.1126	1.1128			1.2087	1	0	0		1	1	1.0000	0	0
060001	North Colorado Medical Center	24540	24540	24540	24540	08123	8	ourban	ourban	N	1.0021				Y	0.005	1	0.1465	0.2287	225	105	0.07686	0.06667	0.3975	0.05502	0.08382	0.05502	0.00034	884.22	0.000364	902.35	0.207	0.041	0		3206	3141.12	1.9351	1.9222	1026.11	1.8887	3144.21	1.9429	1.9303	1027.42	1.8906	1.0014	1	0.03159	0.17579	0.31479	1	1.00408	0.9998	0	0
060003	Longmont United Hospital	14500	14500	14500	14500	08013	8	ourban	ourban	N	1.0133				N		1	0	0	131	66	0	0	0.3005	0.03502	0.06274	0.03502	0.000227	1013.63	0.000203	802.84	0.252	0.028	0		1548	1521.18	1.5729	1.5655			1523.85	1.5713	1.5646			1.0091	1	0.10552	0.1897	0.33808	1	0.99806	0.9763	0	0
060004	Platte Valley Medical Center	19740	19740	19740	19740	08001	8	lurban	lurban	N	1.0021				N		1	0	0	86	28	0	0	0.3226	0.03	0	0.03	0.000094	1022.76	0.000103	1148.72	0.351	0.039	0		771	745.95	1.7842	1.7534			746.85	1.7779	1.7475			1.0014	1	0.07027	0.14711	0.22278	1.04273	1.00723	0.9998	0	0
060006	Montrose Memorial Hospital	06	06	06	06	08085	8	rural	rural	N	0.9971				N		1	0	0	50	22	0	0	0.3238	0.03	0	0.03		0		0	0.353	0.031	16	6273.21	1134	1106.54	1.4967	1.4888			1107.50	1.4946	1.4864			0.998	1	0.0224	0.02694	0.47274	1	1.00266	0.9997	0	0
060008	San Luis Valley Health	06	06	06	06	08003	8	rural	rural	N	0.9971				N		1	0	0	49	14	0	0	0.4427	0.03	0	0.03	0.00007	883.78	0.000054	731.46	0.371	0.019	16	5773.02	700	688.63	1.5836	1.5740			689.16	1.5821	1.5728			0.998	1	0.02827	0.01103	0.3937	1.14568	1.00342	0.9979	0	0
060009	Lutheran Medical Center	19740	19740	19740	19740	08059	8	lurban	lurban	N	1.0021				N		1	0	0	268	122	0	0	0.3169	0.0384	0.06628	0.0384	0.000358	1040.75	0.000308	867.21	0.197	0.019	0		2720	2636.47	1.8337	1.8198			2640.87	1.8364	1.8224			1.0014	1	0.06031	0.08599	0.23834	1	1.00517	0.9999	0	0
060010	Poudre Valley Hospital	22660	22660	22660	22660	08069	8	ourban	ourban	N	0.9971				N		1	0.0721	0.1367	217	128	0.03861	0.03933	0.271	0.02893	0.05641	0.02893	0.000342	562.75	0.000331	543.7	0.246	0.015	0		4999	4907.06	1.7832	1.7794	920.24	1.7821	4912.17	1.7768	1.7729	921.04	1.7739	0.998	1	0.02648	0.01446	0.34025	1	1.00505	0.9984	0	0
060011	Denver Health Medical Center	19740	19740	19740	19740	08031	8	lurban	lurban	N	1.0021				N		1	0.3927	0.6172	359	240	0.19382	0.19026	0.8115	0.14041	0.1786	0.14041	0.001228	7463.69	0.001356	7958.27	0.291	0.021	0		1298	1275.70	2.0015	1.9875	1066.19	1.8693	1276.58	2.0179	2.0043	1066.79	1.8702	1.0014	1	0.0664	0.0634	0.07746	1	1.002	0.9995	0	0
060012	Centura Health-St Mary Corwin Medical Center	39380	39380	39380	39380	08101	8	ourban	ourban	N	0.9971				N		1	0.1368	0.2546	127	67	0.07195	0.07449	0.3751	0.0504	0.07892	0.0504	0.000116	482.52	0.000139	537.49	0.223	0.014	0		1687	1659.24	1.7334	1.7189	475.40	1.6670	1660.61	1.7312	1.7170	475.90	1.6614	0.998	1	0.03251	0.0139	0.3645	1	0.99797	1.0000	0	0
060013	Mercy Regional Medical Center	06	06	06	06	08067	8	rural	rural	N	0.9971				N		1	0	0	82	36	0	0	0.3509	0.03	0	0.03		0		0	0.239	0.029	16	8218.64	1747	1697.80	1.9658	1.9557			1699.72	1.9561	1.9449			0.998	1	0.11832	0.25242	0.39377	1	1.00446	1.0000	0	0
060014	Presbyterian St Lukes Medical Center	19740	19740	19740	19740	08031	8	lurban	lurban	N	1.0021				N		1	0.0944	0.1563	348	183	0.05023	0.0451	0.4794	0.07191	0.10195	0.07191	0.000176	760.21	0.000405	1766.25	0.136	0.019	0		1798	1765.84	2.6495	2.6466	544.65	2.4612	1767.77	2.6607	2.6578	545.46	2.4839	1.0014	1	0.21647	0.53264	0.14467	1	0.9979	0.9993	0	0
060015	Centura Health-St Anthony Hospital	19740	19740	19740	19740	08031	8	lurban	lurban	N	1.0021				N		1	0.031	0.0138	213	148	0.0168	0.0039	0.2811	0.03101	0.05857	0.03101	0.000329	794.91	0.000288	694.98	0.185	0.023	0		3496	3420.67	2.0319	2.0116	1711.48	2.0569	3424.62	2.0368	2.0167	1713.98	2.0596	1.0014	1	0.06013	0.14958	0.29948	1	0.99266	1.0000	0	0
060020	"Parkview Medical Center, Inc"	39380	39380	06	06	08101	8	ourban	rural	S	0.9971		YES		N		1	0.1735	0.1024	266	187	0.09037	0.02932	0.3774	0.05088	0	0.05088	0.000118	189.67	0.000249	400.62	0.136	0.011	7		5122	5066.43	1.7674	1.7575	1536.51	1.7996	5069.52	1.7661	1.7561	1537.67	1.8042	0.998	1	0.01141	0.01493	0.39583	1	0.99683	1.0000	0	0
060022	University Colo Health Memorial Hospital Central	17820	17820	17820	17820	08041	8	ourban	ourban	N	0.9971				N		1	0	0	480	292	0	0	0.4648	0.0689	0.09869	0.0689	0.000721	827.68	0.000705	841.22	0.195	0.014	0		7518	7362.26	1.8902	1.8805			7371.43	1.8967	1.8873			0.998	1	0.03772	0.02591	0.2296	1	0.99759	0.9994	0	0
060023	St Marys Medical Center	24300	24300	19740	06	08077	8	ourban	rural	S	1.0021		YES	YES	N		1	0.0681	0.1249	261	157	0.03651	0.03588	0.3646	0.04824	0	0.04824		0		0	0.24	0.033	17	7159.11	5081	5018.14	1.9868	1.9752	372.25	2.0546	5021.16	1.9856	1.9741	372.46	2.0246	1.0014	1	0.03345	0.09898	0.40025	1	0.99884	1.0000	0	0
060024	University Of Colorado Hospital Authority	19740	19740	19740	19740	08031	8	lurban	lurban	N	1.0021				N		1	0.4736	0.6729	627	488	0.22953	0.20912	0.402	0.05595	0.08481	0.05595	0.001083	1000.4	0.001232	1166.72	0.156	0.01	0		9037	8932.78	2.4513	2.4448	1271.13	2.4529	8938.55	2.4643	2.4581	1272.22	2.4656	1.0014	1	0.11502	0.0772	0.27058	1	1.00456	0.9992	0	0
060027	Foothills Hospital	14500	14500	14500	14500	08013	8	ourban	ourban	N	1.0133				N		1	0	0	139	69	0	0	0.1871	0.01228	0.03861	0.01228	0.000424	1204.87	0.000295	832.48	0.197	0.016	0		2857	2805.06	1.8992	1.8943			2809.90	1.8956	1.8912			1.0091	1	0.0884	0.08719	0.36884	1	0.99721	0.9893	0	0
060028	Saint Joseph Hospital	19740	19740	19740	19740	08031	8	lurban	lurban	N	1.0021				N		1	0.1983	0.3356	357	232	0.10262	0.09934	0.3167	0.03836	0.06623	0.03836	0.000686	3476.61	0.000505	2827.42	0.167	0.022	0		1674	1646.24	2.1398	2.1329	3844.80	2.1237	1647.82	2.1388	2.1322	3851.71	2.1341	1.0014	1	0.09185	0.21629	0.09321	1	1.00422	0.9994	0	0
060030	Mckee Medical Center	22660	22660	22660	22660	08069	8	ourban	ourban	N	0.9971				N		1	0	0	115	25	0	0	0.315	0.03801	0.06587	0.03801	0.000114	1062.32	0.00011	934.53	0.311	0.049	0		895	858.84	1.6837	1.6718			860.58	1.6825	1.6707			0.998	1	0.03779	0.14798	0.22739	1	1.00254	0.9949	0	0
060031	Centura Health-Penrose-St Francis Health Services	17820	17820	19740	06	08041	8	ourban	rural	S	1.0021		YES	YES	N		1	0.011	0.0194	425	242	0.00599	0.00549	0.2851	0.03184	0	0.03184	0.000375	418.17	0.000414	469.22	0.186	0.012	7		7510	7352.55	1.9154	1.9068	3364.62	1.6523	7363.56	1.9107	1.9026	3370.24	1.6528	1.0014	1	0.02391	0.01557	0.28246	1	0.9997	0.9982	0	0
060032	Rose Medical Center	19740	19740	19740	19740	08031	8	lurban	lurban	N	1.0021				N		1	0.0963	0.2209	210	105	0.05122	0.06432	0.2935	0.03357	0.06124	0.03357	0.000163	533.51	0.000214	675.8	0.111	0.014	0		2411	2362.75	2.0214	2.0144	792.02	2.0498	2366.81	2.0236	2.0168	793.83	2.0391	1.0014	1	0.02597	0.05944	0.21083	1	1.00811	0.9934	0	0
060034	Swedish Medical Center	19740	19740	19740	19740	08005	8	lurban	lurban	N	1.0021				N		1	0.0543	0.0748	350	244	0.02922	0.02133	0.3048	0.0359	0.06367	0.0359	0.000461	781.57	0.000438	729.49	0.091	0.013	0		4785	4672.20	2.0959	2.0749	2430.81	1.9545	4679.00	2.1110	2.0897	2435.86	1.9629	1.0014	1	0.04466	0.1338	0.27566	1	0.9955	0.9946	0	0
060044	Colorado Plains Medical Center	06	06	06	06	08087	8	rural	rural	N	0.9971				N		1	0	0	36	7	0	0	0.4006	0.03	0	0.03		0		0	0.216	0.026	16	6777.36	306	297.78	1.3886	1.3773			298.06	1.3906	1.3796			0.998	1	0.00464	0.01552	0.31709	1.20053	1.0065	0.9961	0	0
060049	Uchealth Yampa Valley Medical Center	06	06	06	06	08107	8	rural	rural	N	0.9971				N		1	0	0	39	11	0	0	0.221	0.01862	0	0.01862		0		0	0.565	0.055	16	9927.3	434	424.94	1.8297	1.8216			425.45	1.8216	1.8133			0.998	1	0.11022	0.16077	0.2585	1	1.01579	0.9995	0	0
060054	Community Hospital	24300	24300	24300	24300	08077	8	ourban	ourban	N	0.9971				N		1	0	0	45	19	0	0	0.2749	0.02974	0	0.02974	0.000194	1647.76	0.000112	950.06	0.283	0.045	0		985	973.28	1.7114	1.6968			974.02	1.7088	1.6940			0.998	1	0.02679	0.10955	0.38028	1	1.0019	1.0000	0	0
060064	Centura Health-Porter Adventist Hospital	19740	19740	19740	19740	08031	8	lurban	lurban	N	1.0021				N		1	0	0	179	87	0	0	0.2442	0.0234	0.05069	0.0234	0.000172	500.91	0.000151	433.92	0.194	0.012	0		2665	2618.53	2.3180	2.2994			2622.32	2.3247	2.3058			1.0014	1	0.09358	0.05539	0.33767	1	1.00325	0.9997	0	0
060065	North Suburban Medical Center	19740	19740	19740	19740	08001	8	lurban	lurban	N	1.0021				N		1	0.002	0.0036	126	74	0.00109	0.00102	0.4873	0.07354	0.10371	0.07354	0.000272	1538.76	0.000255	1504.3	0.093	0.01	0		1443	1391.70	1.7680	1.7421	895.95	1.6443	1394.66	1.7658	1.7403	897.22	1.6479	1.0014	1	0.01014	0.02211	0.19946	1	0.99972	0.9993	0	0
060071	Delta County Memorial Hospital	06	06	06	06	08029	8	rural	rural	N	0.9971				N		1	0	0	49	13	0	0	0.2727	0.02928	0	0.02928		0		0	0.419	0.039	14	5250.19	841	825.11	1.3570	1.3479			826.15	1.3554	1.3466			0.998	1	0.02306	0.03061	0.55481	1	1.00977	0.9998	0	0
060075	Valley View Hospital Association	06	06	06	06	08045	8	rural	rural	N	0.9971				N		1	0	0	49	34	0	0	0.3139	0.03	0	0.03		0		0	0.36	0.05	16	8495.14	1029	1006.95	1.7556	1.7491			1008.67	1.7433	1.7373			0.998	1	0.15245	0.40989	0.2318	1	1.00484	0.9998	0	0
060076	Sterling Regional Medcenter	06	06	06	06	08075	8	rural	rural	N	0.9971				N		1	0	0	25	8	0	0	0.3054	0.03	0	0.03		0		0	0.429	0.042	16	8059.49	504	480.59	1.5129	1.4934			481.62	1.5132	1.4944			0.998	1	0.01226	0.02184	0.44574	1.20561	1.00688	1.0000	0	0
060096	Vail Health Hospital	06	06	19740	06	08037	8	rural	rural	W	1.0021				N		1	0	0	56	14	0	0	0.1991	0.01423	0	0.01423		0		0	0.472	0.059	16	12439.13	623	615.93	2.1136	2.1091			616.22	2.1026	2.0970			1.0014	1	0.12076	0.29051	0.16903	1.15212	1.01565	0.9938	0	0
060100	"Medical Center Of Aurora, The"	19740	19740	19740	19740	08001	8	lurban	lurban	N	1.0021				N		1	0.0056	0.0018	313	193	0.00306	0.00051	0.3987	0.05527	0.08409	0.05527	0.000454	955	0.000436	935.86	0.112	0.011	0		3894	3818.16	1.9500	1.9453	2221.09	1.8884	3822.54	1.9502	1.9452	2224.71	1.8849	1.0014	1	0.03897	0.06469	0.2807	1	0.99816	0.9941	0	0
060103	Centura Health-Avista Adventist Hospital	14500	14500	14500	14500	08013	8	ourban	ourban	N	1.0133				N		1	0	0	108	32	0	0	0.3981	0.05515	0.08395	0.05515	0.000102	1485.55	0.000113	1582.74	0.249	0.018	0		563	545.68	1.7556	1.7567			547.02	1.7487	1.7498			1.0091	1	0.06284	0.0473	0.10996	1	1.00586	0.9902	0	0
060104	St Anthony North Health Campus	19740	19740	19740	19740	08001	8	lurban	lurban	N	1.0021				N		1	0.2907	0.4496	99	49	0.14699	0.13528	0.3184	0.03	0	0.03	0.00021	1380.36	0.000196	1278.01	0.219	0.024	0		1286	1241.60	1.6965	1.6808	734.35	1.6366	1244.04	1.6911	1.6766	736.93	1.6335	1.0014	1	0.02078	0.04513	0.21854	1	1.00083	0.9999	0	0
060107	National Jewish Health	19740	19740	19740	19740	08031	8	lurban	lurban	N	1.0021				N		1	0		24	0	0	0.52699	0.38	0.03	0	0.03	0.000036	150963.63		0	0.197	0.021	0		2	2.00	1.5158	1.5158			2.00	1.5176	1.5176			1.0014	1	0	0	0.2	1	1	1.0000	1	0
060112	Sky Ridge Medical Center	19740	19740	19740	19740	08005	8	lurban	lurban	N	1.0021				N		1	0.208	0.0021	273	145	0.10737	0.00059	0.1274	0	0.02613	0		0		0	0.093	0.012	0		3224	3160.52	2.1600	2.1594	2860.83	1.8198	3165.71	2.1523	2.1504	2866.82	1.8169	1.0014	1	0.01794	0.06088	0.1946	1	1.00157	0.9997	0	0
060113	Centura Health-Littleton Adventist Hospital	19740	19740	19740	19740	08005	8	lurban	lurban	N	1.0021				N		1	0	0	184	100	0	0	0.1796	0.01106	0.03704	0.01106	0.000169	517.74	0.00015	473.88	0.168	0.016	0		2939	2870.46	1.7984	1.7845			2873.31	1.8021	1.7882			1.0014	1	0.0333	0.04587	0.28831	1	0.99747	0.9925	0	0
060114	Parker Adventist Hospital	19740	19740	19740	19740	08035	8	lurban	lurban	N	1.0021				N		1	0	0	167	77	0	0	0.1976	0.01399	0.04083	0.01399	0.000189	768.51	0.000161	710.11	0.181	0.023	0		2211	2169.87	1.9219	1.9165			2173.48	1.9187	1.9134			1.0014	1	0.04845	0.11486	0.23752	1	1.00005	0.9910	0	0
060116	Good Samaritan Medical Center	14500	14500	14500	14500	08013	8	ourban	ourban	N	1.0133				N		1	0	0	183	127	0	0	0.1246	0	0.02555	0		0		0	0.185	0.02	0		1176	1153.24	1.8095	1.7856			1154.74	1.8111	1.7888			1.0091	1	0.07467	0.12016	0.11742	1	1.00297	0.9970	0	0
060117	"Animas Surgical Hospital, Llc"	06	06	06	06	08067	8	rural	rural	N	0.9971				N		1	0	0	12	3	0	0	0.0391	0	0	0		0		0	0.317	0.042	0		301	290.69	2.0721	2.0727			295.28	2.0563	2.0562			0.998	1	0.00091	0.00378	0.56339	1	1	1.0000	0	0
060118	St Anthony Summit Medical Center	06	06	19740	06	08117	8	rural	rural	W	1.0021				N		1	0	0	34	9	0	0	0.292	0.03	0	0.03		0		0	0.256	0.027	0		247	241.46	1.7264	1.7074			242.13	1.7115	1.6929			1.0014	1	0.06929	0.11758	0.13976	1	1.02949	0.9987	0	0
060119	Medical Center Of The Rockies	22660	22660	22660	22660	08069	8	ourban	ourban	N	0.9971				N		1	0	0	156	116	0	0	0.182	0.01145	0.03754	0.01145	0.000315	571.43	0.000261	506.38	0.251	0.017	0		4706	4628.86	2.3086	2.2962			4634.08	2.3082	2.2954			0.998	1	0.08901	0.05488	0.41103	1	0.9997	0.9999	0	0
060124	Orthocolorado Hospital At St Anthony Med Campus	19740	19740	19740	19740	08059	8	lurban	lurban	N	1.0021				N		1	0	0	48	15	0	0	0.0116	0	0	0		0		0	0.147	0.032	0		986	977.21	2.6290	2.6217			978.67	2.6027	2.5940			1.0014	1	0.00725	0.06175	0.30895	1	1	1.0000	0	0
060125	Castle Rock Adventist Hospital	19740	19740	19740	19740	08035	8	lurban	lurban	N	1.0021				N		1	0	0	53	24	0	0	0.2163	0.01765	0	0.01765	0.000086	966.81	0.000064	802.91	0.2	0.029	0		885	864.22	1.7066	1.7031			865.86	1.6971	1.6948			1.0014	1	0.01092	0.03563	0.22843	1	1.00795	0.9968	0	0
060126	Banner Fort Collins Medical Center	22660	22660	22660	22660	08069	8	ourban	ourban	N	0.9971				N		1	0	0	22	6	0	0	0.4228	0.03	0	0.03	0.000036	2282.44	0.000035	3203.06	0.398	0.141	0		156	149.49	1.9681	1.9444			150.20	1.9329	1.9126			0.998	1	0.07495	0.85947	0.15798	1	1	1.0000	0	0
060127	Scl Health Community Hospital- Northglenn	19740	19740	19740	19740	08001	8	lurban	lurban	N	1.0021				N		1	0		23	1	0	0.52699	0.2912	0.03	0	0.03		0		0	0.976	0.021	0		8	8.00	1.2236	1.2236			8.00	1.2086	1.2086			1.0014	1	0.45357	0	0.08502	1	1	1.0000	0	0
060128	Longs Peak Hospital	14500	14500	14500	14500	08123	8	ourban	ourban	N	1.0133				N		1	0		48	0	0	0.52699	0.2768	0.03	0	0.03		0		0	0.304	0.09	0		627	608.38	1.5649	1.5459			609.17	1.5649	1.5456			1.0091	1	0.18212	1.11592		1	1	1.0000	0	0
060129	Uchealth Broomfield Hospital	19740	19740	19740	19740	08059	8	lurban	lurban	N	1.0021				N		1	0		22	0	0	0.52699	0	0	0	0		0		0	0.928	0.021	0		27	26.61	1.5830	1.5873			26.72	1.5711	1.5747			1.0014	1	1.71465	0.0527		1	1	1.0000	0	0
060130	Uchealth Grandview Hospital	17820	17820	17820	17820	08041	8	ourban	ourban	N	0.9971				N		1	0		22	0	0	0.52699	0	0	0	0		0		0	0.635	0.02	0		97	95.41	1.8028	1.8087			95.61	1.7935	1.7993			0.998	1	0.62784	0		1	1	1.0000	0	0
070002	St Francis Hospital & Medical Center	25540	25540	35300	07	09003	1	ourban	rural	S	1.1946		YES	YES	N		1	0.2738	0.4082	507	330	0.13902	0.12209	0.2872	0.03227	0	0.03227	0.000446	390.63	0.000491	411.3	0.281	0.017	7		8306	8119.68	1.8767	1.8607	3440.83	1.9788	8130.27	1.8789	1.8622	3449.50	1.9804	1.1295	1	0.02372	0.01131	0.37354	1	1.00439	0.9980	0	0
070003	Day Kimball Hospital	49340	49340	49340	49340	09015	1	ourban	ourban	N	1.1946				N		1	0	0	100	36	0	0	0.3279	0.04067	0.06865	0.04067	0.000058	349.75	0.000072	421.33	0.457	0.025	0		1359	1336.38	1.2089	1.1977			1338.04	1.2092	1.1985			1.1295	1	0.00178	0.00068	0.36205	1.02864	1.00131	0.9936	0	0
070004	Sharon Hospital	07	07	07	07	09005	1	rural	rural	N	1.2555				Y	0.0017	1	0	0	66	15	0	0	0.1892	0.01262	0	0.01262		0		0	0.396	0.029	16	9059.43	929	898.14	1.2230	1.2041			899.69	1.2196	1.2011			1.1686	1	0.00305	0.00276	0.50617	1.15083	1.0189	0.9985	0	0
070005	Waterbury Hospital	35300	35300	35004	35300	09009	1	ourban	ourban	W	1.3525				N		1	0.2152	0.3593	216	111	0.11089	0.10671	0.3119	0.03737	0.0652	0.03737	0.000086	187.68	0.000163	346.99	0.179	0.013	0		3738	3636.76	1.6243	1.6172	1094.21	1.7123	3642.50	1.6286	1.6214	1095.72	1.7117	1.2297	1	0.00417	0.00355	0.40975	1	0.99126	0.9781	0	0
070006	Stamford Hospital	14860	14860	14860	14860	09001	1	ourban	ourban	N	1.2587				Y	0.0024	1	0.1785	0.3866	267	141	0.09285	0.11527	0.293	0.03347	0.06113	0.03347	0.000358	738.94	0.00041	865.89	0.286	0.035	0		4252	4182.67	1.7396	1.7299	708.44	1.8615	4188.04	1.7376	1.7287	709.42	1.8694	1.1706	1	0.0679	0.15546	0.35619	1	0.99574	1.0000	0	0
070007	Lawrence & Memorial Hospital	35980	35980	35004	07	09011	1	ourban	rural	S	1.3525		YES	YES	N		1	0.0048	0.006	201	130	0.00262	0.00169	0.2884	0.03252	0	0.03252	0.000208	363.35	0.000264	449.5	0.5	0.032	7		4492	4406.12	1.5572	1.5462	981.05	1.6015	4410.46	1.5575	1.5467	982.73	1.6042	1.2297	1	0.02284	0.01525	0.44865	1	1.00114	0.9981	0	0
070008	Johnson Memorial Hospital	25540	25540	25540	25540	09013	1	lurban	lurban	N	1.1946				N		1	0	0	81	26	0	0	0.1852	0.01197	0	0.01197	0.000048	497.78	0.000046	424.36	0.455	0.026	0		666	649.04	1.3898	1.3872			649.86	1.3848	1.3821			1.1295	1	0.01153	0.00533	0.5144	1	1.0038	0.9829	0	0
070010	Bridgeport Hospital	14860	14860	14860	14860	09001	1	ourban	ourban	N	1.2587				Y	0.0024	1	0.302	0.4207	345	256	0.15228	0.12606	0.365	0.04832	0.07671	0.04832	0.00038	558.18	0.000623	954.18	0.266	0.025	0		5680	5581.62	1.7184	1.7104	2032.54	1.7607	5588.35	1.7237	1.7156	2035.27	1.7624	1.1706	1	0.03339	0.04765	0.32424	1	0.99801	0.9799	0	0
070011	Charlotte Hungerford Hospital	07	07	07	07	09005	1	rural	rural	N	1.2555				Y	0.0017	1	0	0	91	51	0	0	0.1956	0.01366	0	0.01366	0.000074	272.82	0.000082	279.47	0.403	0.03	0		2086	2009.63	1.4579	1.4417			2013.61	1.4540	1.4387			1.1686	1	0.00667	0.0059	0.54458	1	0.99756	0.9925	0	0
070012	Rockville General Hospital	25540	25540	25540	25540	09013	1	lurban	lurban	N	1.1946				N		1	0.0116	0	102	22	0.00632	0	0.2257	0.01959	0.04676	0.01959	0.000117	1042.11	0.000089	749.26	0.251	0.028	0		874	847.76	1.4164	1.4045	369.19	1.3330	848.76	1.4181	1.4064	369.80	1.3258	1.1295	1	0.01877	0.03147	0.48654	1	1.00294	0.9975	0	0
070016	Saint Mary's Hospital	35300	35300	35004	35300	09009	1	ourban	ourban	W	1.3525				N		1	0.283	0.4178	143	102	0.14336	0.12514	0.3155	0.03811	0.06597	0.03811	0.000114	254.17	0.000184	392.47	0.333	0.023	0		3306	3219.84	1.7207	1.7057	1157.79	1.7056	3223.97	1.7225	1.7078	1159.01	1.7095	1.2297	1	0.04366	0.0293	0.40529	1	1.00297	0.9981	0	0
070017	Midstate Medical Center	35300	35300	35004	35300	09009	1	ourban	ourban	W	1.3525				N		1	0	0	127	88	0	0	0.2541	0.02545	0.0528	0.02545	0.000181	516.41	0.000206	570.34	0.413	0.03	0		3012	2920.15	1.6692	1.6537			2940.10	1.6675	1.6543			1.2297	1	0.0169	0.01431	0.42047	1	0.99664	0.9863	0	0
070018	Greenwich Hospital Association -	14860	14860	14860	14860	09001	1	ourban	ourban	N	1.2587				Y	0.0024	1	0.1382	0.1761	184	126	0.07266	0.05095	0.0946	0	0.01934	0		0		0	0.279	0.022	0		3553	3503.31	1.6673	1.6602	531.55	1.6758	3506.66	1.6679	1.6612	532.24	1.6808	1.1706	1	0.047	0.04513	0.36252	1	1.00527	0.9929	0	0
070019	"Milford Hospital, Inc"	35300	35300	35004	35300	09009	1	ourban	ourban	W	1.3525				N		1	0	0	106	30	0	0	0.0831	0	0.01697	0		0		0	0.351	0.011	0		956	932.21	1.6037	1.5857			934.35	1.5997	1.5828			1.2297	1	0.02469	0.00293	0.46295	1	1.00354	0.9953	0	0
070020	Middlesex Hospital	25540	25540	35300	07	09007	1	ourban	rural	S	1.1946		YES	YES	N		1	0.0825	0.1278	209	116	0.04405	0.03672	0.1984	0.01412	0	0.01412	0.000272	462.37	0.000261	416.85	0.288	0.021	7		4434	4298.80	1.5132	1.5050	1645.07	1.5702	4307.39	1.5135	1.5054	1650.39	1.5688	1.1295	1	0.01813	0.01467	0.46268	1	0.99991	0.9980	0	0
070021	Windham Comm Mem Hosp & Hatch Hosp	49340	49340	07	07	09015	1	ourban	rural	S	1.2538		YES		N		1	0	0	79	22	0	0	0.2026	0.01482	0	0.01482	0.000208	1573.55	0.000186	1294.91	0.6	0.034	15	10139.82	1066	1033.87	1.4518	1.4372			1037.38	1.4441	1.4310			1.1675	1	0.00447	0.00178	0.53799	1.12068	1.00617	0.9961	0	0
070022	Yale-New Haven Hospital	35300	35300	35004	07	09009	1	ourban	rural	S	1.3525		YES	YES	N		1	0.5025	0.6457	1276	1032	0.242	0.19987	0.3322	0.04155	0	0.04155	0.001359	587.41	0.001726	741.04	0.275	0.012	7		18050	17693.41	1.9890	1.9787	5860.89	2.0138	17715.19	1.9979	1.9878	5867.48	2.0251	1.2297	1	0.10881	0.03845	0.28704	1	1.0005	0.9897	0	0
070024	William W Backus Hospital	35980	35980	35004	07	09011	1	ourban	rural	S	1.3525		YES	YES	N		1	0	0	165	105	0	0	0.233	0.02109	0	0.02109	0.000181	416.58	0.000183	399.77	0.421	0.026	7		3416	3343.02	1.7197	1.7123			3347.56	1.7203	1.7129			1.2297	1	0.02568	0.01574	0.46261	1	0.99946	0.9979	0	0
070025	Hartford Hospital	25540	25540	25540	07	09003	1	ourban	rural	S	1.1946		YES		N		1	0.3486	0.4372	660	533	0.17383	0.13131	0.2998	0.03487	0	0.03487	0.000673	449.1	0.00076	491.71	0.287	0.016	7		11744	11511.38	2.1003	2.0899	5321.78	2.1225	11533.37	2.1066	2.0958	5338.65	2.1274	1.1295	1	0.03263	0.01282	0.3554	1	0.99377	0.9935	0	0
070027	Manchester Memorial Hospital	25540	25540	25540	25540	09003	1	lurban	lurban	N	1.1946				N		1	0.2256	0.1747	140	69	0.11594	0.05054	0.2659	0.02788	0.05532	0.02788	0.00024	891.93	0.000229	816.52	0.274	0.021	0		1991	1931.27	1.5174	1.5119	848.98	1.5933	1934.54	1.5178	1.5125	851.07	1.5955	1.1295	1	0.01199	0.01176	0.35631	1	1.00188	0.9826	0	0
070028	St Vincent's Medical Center	14860	14860	14860	14860	09001	1	ourban	ourban	N	1.2587				Y	0.0024	1	0.2075	0.2438	263	178	0.10713	0.07122	0.2574	0.02613	0.05351	0.02613	0.00049	918.24	0.000485	829.21	0.269	0.017	0		3929	3841.75	1.8223	1.8089	1422.80	1.8748	3847.89	1.8253	1.8136	1425.22	1.8767	1.1706	1	0.03621	0.02107	0.40181	1	0.99489	0.9879	0	0
070029	Bristol Hospital	25540	25540	25540	25540	09003	1	lurban	lurban	N	1.1946				N		1	0	0	105	53	0	0	0.2585	0.02635	0.05374	0.02635	0.000071	302.92	0.000096	373.19	0.328	0.02	0		1774	1728.75	1.4835	1.4620			1731.60	1.4821	1.4609			1.1295	1	0.00606	0.00265	0.40613	1	1.00553	0.9809	0	0
070031	Griffin Hospital	35300	35300	35004	35300	09009	1	ourban	ourban	W	1.3525				N		1	0.2752	0.4406	101	69	0.13968	0.1324	0.1996	0.01431	0.04125	0.01431	0.00004	153.37	0.000068	257.73	0.279	0.012	0		2015	1979.71	1.4999	1.4933	943.01	1.4290	1984.13	1.5000	1.4947	945.72	1.4278	1.2297	1	0.02225	0.00564	0.39244	1	1.00546	0.9883	0	0
070033	Danbury Hospital	14860	14860	07	07	09001	1	ourban	rural	S	1.2538		YES		N		1	0.2144	0.35	376	223	0.1105	0.10381	0.1964	0.01379	0	0.01379	0.0004	414.26	0.000413	424.8	0.315	0.032	0		7921	7830.96	1.6049	1.5998	1526.16	1.6317	7838.72	1.6048	1.6000	1527.92	1.6318	1.1675	1	0.0331	0.05608	0.45345	1	0.99953	0.9937	0	0
070034	Norwalk Hospital	14860	14860	07	07	09001	1	ourban	rural	S	1.2538		YES		N		1	0.2149	0.3961	282	125	0.11074	0.11827	0.2218	0.01878	0	0.01878	0.00031	563.26	0.000335	605.23	0.286	0.03	0		4649	4554.94	1.4920	1.4818	758.86	1.4561	4563.46	1.4944	1.4848	761.12	1.4604	1.1675	1	0.03434	0.05971	0.44855	1	1.00145	0.9998	0	0
070035	"Hospital Of Central Connecticut, The"	25540	25540	25540	25540	09003	1	lurban	lurban	N	1.1946				N		1	0.1637	0.2681	268	138	0.08549	0.07859	0.3077	0.0365	0.06429	0.0365	0.000264	570.62	0.00033	639.77	0.382	0.026	0		3470	3385.26	1.6960	1.6830	1590.46	1.7562	3390.03	1.6974	1.6847	1593.20	1.7592	1.1295	1	0.07303	0.05206	0.36714	1	0.99711	0.9975	0	0
070036	John Dempsey Hospital	25540	25540	35980	07	09003	1	ourban	rural	S	1.2426		YES	YES	N		1	1.1955	1.5	158	78	0.50633	0.52699	0.3019	0.0353	0	0.0353	0.000081	233.86	0.000148	416.19	0.425	0.023	7		2657	2583.23	1.7706	1.7648	924.08	1.8650	2587.65	1.7677	1.7611	925.74	1.8590	1.1604	1	0.12548	0.05791	0.39677	1	0.99754	0.9951	0	0
070038	"Connecticut Hospice Inc,the"	35300	35300	35004	35300	09009	1	ourban	ourban	W	1.3525				N		1	0	0	7	6	0	0	0.2696	0.02864	0	0.02864	0	0	0.000018	21809.45	1.067	0.052	0		15	15.00	1.0535	1.0535			15.00	1.0577	1.0577			1.2297	1	0	0	0.03399	1	1	1.0000	1	1
070039	Masonicare Health Center	35300	35300	35004	35300	09009	1	ourban	ourban	W	1.3525				N		1	0	0	30	9	0	0	0.0088	0	0	0		0		0	0.707	0.023	0		227	219.11	1.0071	0.9992			219.45	1.0044	0.9960			1.2297	1	0.00233	0	0.3236	1	1	0.9992	0	0
070040	Hebrew Home And Hospital Inc	25540	25540	25540	25540	09003	1	lurban	lurban	N	1.1946				N		1	0	0	23	3	0	0	0.010934394	0	0	0		0		0	0.317	0.063	0		31	30.41	0.9832	0.9776			30.44	0.9822	0.9763			1.1295	1	0	0	0.59245	1	1	1.0000	0	1
080001	"Christiana Care Health Services, Inc."	48864	48864	48864	48864	10003	3	ourban	ourban	N	1.1315				N		1	0.2094	0.3338	1043	714	0.10806	0.09878	0.303	0.03553	0.06328	0.03553	0.001219	476.61	0.001222	461.55	0.409	0.03	0		19950	19623.48	1.8754	1.8623	2144.08	1.8577	19658.37	1.8765	1.8641	2147.43	1.8561	1.0883	1	0.10098	0.08302	0.43396	1	0.99654	0.9944	0	0
080003	St Francis Hospital	48864	48864	48864	48864	10003	3	ourban	ourban	N	1.1315				N		1	0.0671	0.2411	180	50	0.03598	0.07041	0.4515	0.06616	0.09574	0.06616	0.000168	987.32	0.000171	1031.16	0.323	0.028	0		1552	1529.25	1.5976	1.5837	223.60	1.5349	1530.14	1.6012	1.5870	223.62	1.5338	1.0883	1	0.04382	0.05316	0.31822	1	1.00169	0.9970	0	1
080004	"Bayhealth Hospital, Kent Campus"	20100	20100	48864	20100	10001	3	ourban	ourban	W	1.061				N		1	0	0	281	188	0	0	0.2933	0.03353	0.06119	0.03353	0.000369	502.05	0.000498	682.33	0.328	0.028	0		6295	6202.99	1.6203	1.6107			6208.44	1.6227	1.6132			1.0414	1	0.0567	0.06433	0.48032	1	1.00335	0.9824	0	0
080006	Nanticoke Memorial Hospital	41540	41540	20100	41540	10005	3	ourban	ourban	W	0.9639				N		1	0	0	94	47	0	0	0.3574	0.03	0	0.03	0.000286	943.35	0.00021	673.8	0.408	0.037	15	9146.75	2438	2386.28	1.5980	1.5842			2389.53	1.5944	1.5812			0.9751	1	0.01564	0.0237	0.49678	1	1.00695	0.9993	0	0
080007	Beebe Medical Center	41540	41540	36140	41540	10005	3	ourban	ourban	W	1.0549				N		1	0	0	193	134	0	0	0.1615	0.00812	0.03324	0.00812	0.000172	235.55	0.000207	285	0.345	0.021	7		5895	5769.56	1.6621	1.6489			5784.63	1.6590	1.6470			1.0373	1	0.0991	0.05087	0.62189	1	1.00254	0.9883	0	0
080009	"Bayhealth Hospital, Sussex Campus"	41540	41540	20100	41540	10005	3	ourban	ourban	W	0.9639				N		1	0	0	124	42	0	0	0.2968	0.03425	0.06194	0.03425	0.000218	897.32	0.000173	727.46	0.351	0.011	0		2244	2168.77	1.5009	1.4855			2175.45	1.4992	1.4855			0.9751	1	0.05279	0.00884	0.54851	1	1.00377	0.9978	0	0
090001	George Washington Univ Hospital	47894	47894	47894	47894	11001	3	lurban	lurban	N	1.0079				N		1	0.7305	0.9968	328	263	0.33575	0.32485	0.426	0.0609	0.0901	0.0609	0.000355	609.98	0.000495	885	0.157	0.012	0		4922	4872.54	2.0338	2.0256	594.97	1.7937	4875.64	2.0363	2.0276	595.27	1.7994	1.0054	1	0.0785	0.07657	0.28337	1	0.99425	0.9950	0	0
090003	Howard University Hospital	47894	47894	47894	47894	11001	3	lurban	lurban	N	1.0079				N		1	0.9713	1.5	192	92	0.42709	0.52699	0.7823	0.13439	0.17165	0.13439	0.00036	1624.29	0.000528	2186.54	0.353	0.019	0		1693	1682.73	1.4956	1.4897	290.00	1.3734	1683.26	1.5002	1.4944	290.00	1.3707	1.0054	1	0.31167	0.12407	0.24427	1	0.99692	0.9956	0	1
090004	Medstar Georgetown University Hospital	47894	47894	47894	47894	11001	3	lurban	lurban	N	1.0079				N		1	0.6625	0.8245	383	315	0.3086	0.26197	0.2765	0.03007	0.05759	0.03007	0.000259	407.86	0.000564	946.85	0.213	0.016	0		5251	5224.04	2.2879	2.2840	368.78	2.3607	5226.72	2.2936	2.2895	368.97	2.3683	1.0054	1	0.21706	0.18551	0.36434	1	0.99553	0.9981	0	0
090005	Sibley Memorial Hospital	47894	47894	47894	47894	11001	3	lurban	lurban	N	1.0079				N		1	0.0227	0.0396	173	97	0.01233	0.01124	0.084	0	0.01716	0		0		0	0.355	0.035	0		3453	3382.17	1.7183	1.7134	79.57	1.7533	3393.28	1.7179	1.7140	79.77	1.7368	1.0054	1	0.05512	0.07942	0.32917	1	1.00131	0.9996	0	0
090006	Providence Hospital	47894	47894	47894	47894	11001	3	lurban	lurban	N	1.0079				N		1	0.2461	0.3666	215	122	0.12582	0.109	0.6672	0.11065	0.14466	0.11065	0.000175	502.67	0.000359	901.75	0.391	0.025	0		2354	2312.47	1.6502	1.6233	300.98	1.5205	2314.83	1.6503	1.6250	301.19	1.5195	1.0054	1	0.07696	0.04604	0.36169	1	0.99607	0.9901	0	0
090008	United Medical Center	47894	47894	47894	47894	11001	3	lurban	lurban	N	1.0079				N		1	0	0	196	98	0	0	0.6465	0.10638	0.13987	0.10638	0.000172	741.63	0.00023	970.29	0.361	0.031	0		1731	1698.65	1.7015	1.6735			1699.56	1.7071	1.6792			1.0054	1	0.0309	0.0346	0.33703	1	0.99972	0.9949	0	1
090011	Medstar Washington Hospital Center	47894	47894	47894	47894	11001	3	lurban	lurban	N	1.0079				N		1	0.4684	0.4504	706	580	0.22727	0.13553	0.3589	0.04706	0.07538	0.04706	0.000712	470.42	0.001113	717.49	0.209	0.014	0		11956	11822.76	2.5187	2.5018	893.64	2.2172	11828.91	2.5355	2.5176	893.99	2.2273	1.0054	1	0.10094	0.06631	0.43088	1	0.99759	0.9968	0	0
100001	Uf Health Jacksonville	27260	27260	27260	27260	12031	3	lurban	lurban	N	0.8737				N		1	0.4817	0.6742	521	389	0.23304	0.20956	0.5376	0.08392	0.11501	0.08392	0.003525	5100.81	0.003911	5606.86	0.189	0.018	0		5604	5521.98	1.7708	1.7567	2658.07	1.7153	5525.32	1.7781	1.7639	2659.46	1.7195	0.9117	1	0.05029	0.08607	0.22541	1	1.0023	0.9944	0	0
100002	Bethesda Hospital East	48424	48424	22744	48424	12099	3	lurban	lurban	W	0.9212				N		1	0.0895	0.0311	394	249	0.04769	0.00882	0.2914	0.03314	0.06078	0.03314	0.000821	1047.25	0.001155	1493.32	0.193	0.019	0		6749	6628.39	1.7229	1.7120	2139.65	1.6798	6637.10	1.7209	1.7105	2141.75	1.6835	0.9453	1	0.02473	0.03997	0.32542	1	0.99697	0.9948	0	0
100006	Orlando Health Orlando Regional Medical Center	36740	36740	36740	36740	12095	3	lurban	lurban	N	0.8733				N		1	0.09	0.1412	1422	949	0.04795	0.04065	0.4193	0.05952	0.08862	0.05952	0.004102	2907.82	0.004268	3188.58	0.155	0.014	0		12664	12408.06	1.9475	1.9282	8490.81	1.9182	12433.07	1.9459	1.9274	8498.89	1.9169	0.9114	1	0.07854	0.10693	0.15092	1	0.99628	0.9909	0	0
100007	Adventhealth Orlando	36740	36740	36740	36740	12095	3	lurban	lurban	N	0.8733				N		1	0.039	0.0485	1928	1870	0.02108	0.01378	0.2952	0.03392	0.0616	0.03392	0.005141	1259.42	0.00436	1021.56	0.161	0.012	0		32402	31938.90	1.9675	1.9521	16672.39	1.7740	31967.78	1.9737	1.9582	16686.90	1.7770	0.9114	1	0.11613	0.11376	0.28874	1	1.00749	0.9783	0	0
100008	Baptist Hospital Of Miami	33124	33124	33124	33124	12086	3	lurban	lurban	N	0.9474				N		1	0	0	705	487	0	0	0.4479	0.06542	0.09494	0.06542	0.001764	2384.48	0.001881	2485.17	0.197	0.017	0		6002	5924.00	1.8912	1.8868			5929.58	1.8983	1.8944			0.9637	1	0.17281	0.2027	0.22472	1	0.99389	0.9996	0	0
100009	Umhc-Uhealth Tower	33124	33124	33124	33124	12086	3	lurban	lurban	N	0.9474				N		1	0.1783	0.237	476	320	0.09275	0.06917	0.4775	0.07152	0.10152	0.07152		0		0	0.153	0.011	0		499	489.85	1.9050	1.9016	207.24	1.7374	490.23	1.9030	1.8979	207.67	1.7479	0.9637	1	0.26587	0.2298	0.35206	1	1	1.0000	0	1
100012	Lee Memorial Hospital	15980	15980	15980	15980	12071	3	ourban	ourban	N	0.9494				N		1	0.0313	0.0222	645	488	0.01696	0.00628	0.3278	0.04065	0.06863	0.04065	0.001884	1304.06	0.00167	1100.28	0.196	0.014	0		11384	11174.15	1.8628	1.8509	3514.74	1.8998	11195.72	1.8604	1.8491	3524.58	1.8944	0.9651	1	0.0293	0.02061	0.32256	1	0.99526	0.9967	0	0
100014	Adventhealth New Smyrna Beach	19660	19660	36740	19660	12127	3	ourban	ourban	W	0.8577				N		1	0	0	112	57	0	0	0.0962	0	0.01967	0		0		0	0.308	0.021	0		1987	1949.24	1.5446	1.5260			1951.47	1.5321	1.5166			0.9002	1	0.03403	0.02318	0.4203	1	0.99379	0.9936	0	0
100017	Halifax Health Medical Center	19660	19660	36740	19660	12127	3	ourban	ourban	W	0.8577				N		1	0.0501	0.0852	398	278	0.02699	0.02433	0.3291	0.04091	0.06891	0.04091	0.001097	1915.62	0.001104	1870.64	0.215	0.016	0		4540	4435.61	1.9671	1.9491	3076.71	2.1478	4446.00	1.9661	1.9481	3084.80	2.1527	0.9002	1	0.01721	0.01519	0.23867	1	0.99297	0.9985	0	0
100018	Naples Community Hospital	34940	34940	15980	10	12021	3	ourban	rural	S	0.9237		YES	YES	N		1	0.0241	0	570	325	0.01308	0	0.2096	0.01627	0	0.01627	0.000712	473.76	0.000684	444.19	0.22	0.017	7		12781	12555.37	1.7018	1.6901	4.00	1.1221	12569.46	1.6998	1.6882	4.00	1.1234	0.9471	1	0.0128	0.01212	0.47501	1	0.99479	1.0000	0	0
100019	Holmes Regional Medical Center	37340	37340	37340	37340	12009	3	ourban	ourban	N	0.9255				N		1	0	0	514	354	0	0	0.201	0.01454	0.04154	0.01454	0.001005	823.99	0.001016	831.86	0.194	0.016	0		10127	9983.57	1.9202	1.9099			9991.64	1.9225	1.9119			0.9484	1	0.05475	0.05619	0.37187	1	0.99884	0.9923	0	0
100022	Jackson Memorial Hospital	33124	33124	10	10	12086	3	ourban	rural	S	0.9485		YES		N		1	0.3948	0.6286	1498	1046	0.19476	0.1941	0.6596	0.10908	0	0.10908	0.011383	13530.86	0.010284	12142.16	0.252	0.018	7		6813	6721.32	2.1891	2.1769	6568.75	2.0586	6724.39	2.2045	2.1923	6572.38	2.0688	0.9644	1	0.19148	0.20357	0.13841	1	0.99588	0.9940	0	0
100023	Citrus Memorial Hospital	26140	26140	45300	26140	12017	3	ourban	ourban	W	0.8814				N		1	0.0699	0	203	116	0.03745	0	0.1602	0.00791	0.03297	0.00791	0.000048	77.81	0.000141	222.28	0.085	0.007	7		5136	5047.28	1.5792	1.5708			5050.91	1.5796	1.5712			0.9172	1	0.00238	0.0032	0.49289	1	0.99768	0.9976	0	0
100025	Ascension Sacred Heart Pensacola	37860	37860	37860	37860	12033	3	ourban	ourban	N	0.8392				N		1	0.059	0.0921	539	334	0.03171	0.02633	0.4051	0.05659	0.08549	0.05659	0.001125	1410.51	0.001057	1301.54	0.24	0.014	0		6427	6298.77	1.8632	1.8492	2172.17	1.8081	6306.41	1.8617	1.8477	2174.92	1.8081	0.8869	1	0.01946	0.0083	0.22767	1	0.99612	0.9946	0	0
100026	Bay Medical Center Sacred Heart Health System	37460	37460	37460	37460	12005	3	ourban	ourban	N	0.8293				N		1	0	0	323	211	0	0	0.2158	0.01755	0.04467	0.01755	0.000759	983.23	0.000776	985.33	0.161	0.02	0		6452	6365.31	1.8137	1.7973			6369.46	1.8162	1.7997			0.8797	1	0.02774	0.06672	0.46869	1	0.99543	0.9945	0	0
100028	Parrish Medical Center	37340	37340	37340	37340	12009	3	ourban	ourban	N	0.9255				N		1	0	0	210	84	0	0	0.2081	0.01596	0.04304	0.01596	0.00027	851.05	0.000217	622.04	0.247	0.035	0		2375	2333.77	1.5593	1.5473			2335.97	1.5608	1.5490			0.9484	1	0.01298	0.03915	0.43779	1	0.99389	0.9900	0	0
100029	North Shore Medical Center	33124	33124	33124	33124	12086	3	lurban	lurban	N	0.9474				N		1	0	0	760	331	0	0	0.5327	0.08291	0.1139	0.08291	0.001032	1755.2	0.0011	1707.74	0.107	0.007	0		4491	4399.67	1.5609	1.5330			4403.38	1.5697	1.5417			0.9637	1	0.02168	0.01625	0.20919	1	1	0.9908	0	0
100030	Health Central	36740	36740	36740	36740	12095	3	lurban	lurban	N	0.8733				N		1	0	0	203	125	0	0	0.3291	0.04091	0.06891	0.04091	0.000448	1393.18	0.000398	1267.58	0.142	0.009	0		2819	2759.78	1.5859	1.5612			2762.28	1.5812	1.5577			0.9114	1	0.02207	0.01536	0.28367	1	0.99259	0.9975	0	0
100032	Bayfront Health - St Petersburg	45300	45300	45300	45300	12103	3	lurban	lurban	N	0.8814				N		1	0.1179	0.1859	319	208	0.06233	0.05386	0.3698	0.04931	0.07776	0.04931	0.000471	1184.75	0.000671	1590.19	0.105	0.011	0		3060	2999.85	1.8514	1.8283	1523.74	1.8460	3003.14	1.8520	1.8286	1525.62	1.8545	0.9172	1	0.0412	0.07418	0.2318	1	0.99353	0.9890	0	0
100034	Mount Sinai Medical Center	33124	33124	33124	33124	12086	3	lurban	lurban	N	0.9474				N		1	0.2873	0.4504	471	288	0.14539	0.13553	0.3364	0.04242	0.07049	0.04242	0.000631	1024.98	0.000801	1228.5	0.158	0.012	0		4807	4723.53	1.9351	1.9266	4002.92	2.1343	4727.62	1.9400	1.9325	4007.54	2.1417	0.9637	1	0.0264	0.02636	0.2846	1	0.99645	0.9898	0	0
100035	Manatee Memorial Hospital	35840	35840	35840	35840	12081	3	ourban	ourban	N	0.9205				N		1	0.1492	0.2561	295	199	0.07822	0.07495	0.3019	0.0353	0.06304	0.0353	0.000498	846.63	0.000579	986.01	0.118	0.008	0		4843	4753.76	1.8361	1.8225	2747.99	1.8063	4758.97	1.8452	1.8318	2752.41	1.8119	0.9449	1	0.01377	0.00983	0.32183	1	0.99602	0.9913	0	0
100038	Memorial Regional Hospital	22744	22744	10	10	12011	3	ourban	rural	S	0.9485		YES		N		1	0.0237	0.0246	911	523	0.01287	0.00697	0.4898	0.07406	0	0.07406	0.002879	4698.44	0.003016	4859.96	0.147	0.012	0		4928	4818.39	1.9647	1.9564	3654.49	1.9090	4825.66	1.9724	1.9641	3657.50	1.9180	0.9644	1	0.17701	0.22417	0.15983	1	1.00046	0.9962	0	0
100039	Broward Health Medical Center	22744	22744	22744	22744	12011	3	lurban	lurban	N	0.9419				N		1	0.1073	0.1476	548	384	0.05689	0.04253	0.5091	0.07804	0.10859	0.07804	0.00223	5249.22	0.001957	4434.58	0.218	0.018	0		3408	3370.66	2.0688	2.0537	1857.78	2.1805	3373.23	2.0759	2.0607	1858.97	2.1924	0.9598	1	0.08637	0.10334	0.15163	1	0.99865	0.9938	0	0
100040	Ascension St Vincent's Riverside	27260	27260	27260	27260	12031	3	lurban	lurban	N	0.8737				N		1	0.0646	0.0864	481	288	0.03466	0.02468	0.2177	0.01794	0.04507	0.01794	0.000679	683.76	0.000639	598.22	0.167	0.009	0		7557	7381.44	2.0923	2.0739	3585.17	2.1191	7392.14	2.0917	2.0731	3588.58	2.1219	0.9117	1	0.01004	0.0024	0.35972	1	1.0005	0.9917	0	0
100043	Mease Dunedin Hospital	45300	45300	45300	45300	12103	3	lurban	lurban	N	0.8814				N		1	0	0	112	88	0	0	0.212	0.01676	0.04386	0.01676	0.000227	937.09	0.000181	724.56	0.227	0.018	0		1929	1888.75	1.4882	1.4708			1892.60	1.4930	1.4766			0.9172	1	0.0228	0.02279	0.34026	1	1.01001	0.9970	0	0
100044	Cleveland Clinic Martin North Hospital	38940	38940	38940	38940	12085	3	ourban	ourban	N	0.9087				N		1	0	0	433	298	0	0	0.1621	0.00822	0.03337	0.00822	0.000831	632.28	0.000597	463.13	0.16	0.015	0		11016	10833.91	1.5934	1.5810			10843.47	1.5895	1.5770			0.9365	1	0.01725	0.024	0.43127	1	0.99728	0.9879	0	0
100045	Adventhealth Deland	19660	19660	36740	19660	12127	3	ourban	ourban	W	0.8577				N		1	0	0	146	94	0	0	0.237	0.02192	0.04916	0.02192	0.000298	921.48	0.000295	882.8	0.198	0.02	0		2737	2675.13	1.5294	1.5165			2679.90	1.5263	1.5137			0.9002	1	0.00729	0.01249	0.34511	1	1.00986	0.9915	0	0
100046	Adventhealth Zephyrhills	45300	45300	45300	45300	12101	3	lurban	lurban	N	0.8814				N		1	0	0	139	89	0	0	0.2067	0.01567	0.04275	0.01567	0.000245	731.14	0.000405	1143.08	0.138	0.012	0		2783	2700.34	1.6294	1.6160			2705.56	1.6236	1.6101			0.9172	1	0.00438	0.00665	0.36554	1	1.00285	0.9947	0	0
100047	Bayfront Health Punta Gorda	39460	39460	39460	39460	12015	3	ourban	ourban	N	0.8593				N		1	0	0	124	48	0	0	0.1262	0	0.02588	0		0		0	0.112	0.009	0		1785	1758.26	1.5514	1.5422			1758.96	1.5462	1.5376			0.9014	1	0.02274	0.02506	0.51564	1	0.99138	0.9932	0	0
100048	Jay Hospital	37860	37860	10	10	12113	3	ourban	rural	S	0.9485		YES		N		1	0	0	21	6	0	0	0.1457	0	0	0		0		0	0.372	0.043	0		254	251.22	1.0313	1.0308			251.39	1.0234	1.0228			0.9644	1	0.0011	0.00267	0.67317	1.24546	1	0.9981	0	0
100049	Highlands Regional Medical Center	42700	42700	42700	42700	12055	3	ourban	ourban	N	0.8293				N		1	0	0	126	35	0	0	0.273	0.02934	0.05684	0.02934	0.000078	446.42	0.000088	470.72	0.139	0.015	7		1401	1370.92	1.5106	1.4878			1372.61	1.5051	1.4823			0.8797	1	0.02227	0.04219	0.4718	1	0.99524	0.9982	0	0
100050	Larkin Community Hospital Palm Springs Campus	33124	33124	33124	33124	12086	3	lurban	lurban	N	0.9474				N		1	0.496	0	199	68	0.23921	0	0.6281	0.10258	0.13563	0.10258	0.000159	679.45	0.000198	800.01	0.266	0.024	0		1693	1678.98	1.3266	1.3075	802.19	1.2907	1679.13	1.3310	1.3110	802.21	1.2926	0.9637	1	0.02527	0.03853	0.46796	1	0.99204	0.9848	0	0
100051	South Lake Hospital	36740	36740	36740	36740	12069	3	lurban	lurban	N	0.8733				N		1	0	0	140	103	0	0	0.1997	0.01433	0.04127	0.01433	0.00051	1281.15	0.00037	1009.07	0.121	0.013	0		3752	3694.51	1.4311	1.4232			3697.19	1.4260	1.4181			0.9114	1	0.01172	0.02291	0.35804	1	0.9997	0.9986	0	0
100052	Winter Haven Hospital	29460	29460	45300	10	12105	3	ourban	rural	S	0.8814		YES	YES	N		1	0	0	505	222	0	0	0.2825	0.0313	0	0.0313	0.000537	820.58	0.000705	1071.1	0.16	0.01	7		5272	5151.52	1.6297	1.6152			5162.45	1.6279	1.6141			0.9172	1	0.00784	0.00523	0.32084	1	0.99484	0.9917	0	0
100053	Hialeah Hospital	33124	33124	33124	33124	12086	3	lurban	lurban	N	0.9474				N		1	0	0	348	145	0	0	0.7302	0.12364	0.15936	0.12364	0.000454	1611.61	0.000536	1794.95	0.093	0.005	0		2195	2156.63	1.3149	1.2865			2157.86	1.3187	1.2901			0.9637	1	0.00838	0.00441	0.18388	1	0.99621	0.9877	0	0
100054	Twin Cities Hospital	18880	18880	18880	18880	12091	3	ourban	ourban	N	0.8566				N		1	0	0	65	17	0	0	0.111407006	0	0	0		0		0	0.107	0.01	0		1212	1177.87	1.4469	1.4356			1180.70	1.4436	1.4336			0.8994	1	0.00886	0.01671	0.62213	1	1.00567	0.9935	0	0
100055	Adventhealth North Pinellas	45300	45300	45300	45300	12103	3	lurban	lurban	N	0.8814				N		1	0	0	136	54	0	0	0.1824	0.01152	0.03763	0.01152	0.000204	944.46	0.000132	601.08	0.192	0.012	0		1870	1823.00	1.6228	1.5982			1826.02	1.6185	1.5971			0.9172	1	0.0036	0.002	0.35537	1	1.01126	0.9953	0	0
100057	Adventhealth Waterman	36740	36740	36740	36740	12069	3	lurban	lurban	N	0.8733				N		1	0	0	269	174	0	0	0.1673	0.00906	0.03446	0.00906	0.000404	502.2	0.000371	448.2	0.179	0.014	0		6765	6618.32	1.7136	1.6909			6625.37	1.7128	1.6904			0.9114	1	0.00712	0.00592	0.47382	1	1.00505	0.9947	0	0
100062	Adventhealth Ocala	36100	36100	23540	10	12083	3	ourban	rural	S	0.8887		YES	YES	N		1	0	0	401	237	0	0	0.2486	0.02431	0	0.02431	0.000469	621.02	0.000428	491.54	0.16	0.015	7		5761	5694.58	1.8287	1.8176			5697.93	1.8226	1.8116			0.9224	1	0.03293	0.0491	0.38645	1	0.99685	0.9966	0	0
100063	Morton Plant North Bay Hospital	45300	45300	45300	45300	12101	3	lurban	lurban	N	0.8814				N		1	0	0	191	149	0	0	0.3352	0.04217	0.07023	0.04217	0.000411	1260.79	0.000443	1302.3	0.194	0.016	0		2613	2558.41	1.3685	1.3538			2560.84	1.3702	1.3554			0.9172	1	0.00215	0.00259	0.25342	1	0.99835	0.9909	0	0
100067	St Anthonys Hospital	45300	45300	45300	45300	12103	3	lurban	lurban	N	0.8814				N		1	0	0	322	221	0	0	0.2021	0.01472	0.04177	0.01472	0.000638	835.24	0.000664	882.56	0.179	0.01	0		6540	6434.41	1.6309	1.6160			6441.75	1.6293	1.6155			0.9172	1	0.01913	0.00997	0.40749	1	0.99678	0.9879	0	0
100068	Adventhealth Daytona Beach	19660	19660	36740	19660	12127	3	ourban	ourban	W	0.8577				N		1	0	0	301	192	0	0	0.2149	0.01736	0.04448	0.01736	0.000361	540.99	0.000318	481.73	0.18	0.01	0		5572	5467.53	1.8878	1.8758			5472.94	1.8859	1.8741			0.9002	1	0.01143	0.0049	0.37985	1	1.0042	0.9969	0	0
100069	Adventhealth Carrollwood	45300	45300	45300	45300	12057	3	lurban	lurban	N	0.8814				N		1	0.0161	0.0157	120	51	0.00876	0.00444	0.2569	0.02602	0.0534	0.02602	0.000246	1698.48	0.000196	1311.4	0.161	0.026	0		1158	1137.36	1.9198	1.9129	1184.30	1.7478	1138.64	1.9158	1.9090	1185.50	1.7457	0.9172	1	0.05848	0.23056	0.27708	1	1.00953	0.9972	0	0
100070	Venice Regional Medical Center - Bayfront Health	35840	35840	35840	35840	12115	3	ourban	ourban	N	0.9205				N		1	0	0	229	92	0	0	0.0657	0	0.01339	0		0		0	0.125	0.012	0		4265	4156.90	1.7768	1.7598			4163.64	1.7795	1.7630			0.9449	1	0.01644	0.02987	0.59254	1	0.99714	1.0000	0	0
100071	Bayfront Health Brooksville	45300	45300	45300	45300	12053	3	lurban	lurban	N	0.8814				N		1	0	0	244	103	0	0	0.2991	0.03473	0.06244	0.03473	0.000494	1723.1	0.000524	1697.6	0.077	0.008	0		2266	2236.90	1.3972	1.3857			2239.17	1.3968	1.3857			0.9172	1	0.0037	0.01033	0.27112	1	0.99256	0.9925	0	0
100072	Adventhealth Fish Memorial	19660	19660	36740	19660	12127	3	ourban	ourban	W	0.8577				N		1	0	0	139	122	0	0	0.1544	0.00697	0.03176	0.00697	0.000296	779.63	0.000273	712.37	0.199	0.015	0		3078	3022.17	1.5624	1.5514			3025.12	1.5587	1.5480			0.9002	1	0.00698	0.00601	0.35765	1	1.00261	0.9896	0	0
100073	Holy Cross Hospital	22744	22744	22744	22744	12011	3	lurban	lurban	N	0.9419				N		1	0.109	0.1298	310	171	0.05777	0.03731	0.1522	0.00661	0.0313	0.00661	0.000451	615.76		0	0.222	0.02	0		6049	5930.63	1.8662	1.8527	2199.68	1.8557	5942.24	1.8640	1.8503	2204.28	1.8539	0.9598	1	0.01627	0.0219	0.40052	1	0.99555	0.9985	0	0
100075	St Josephs Hospital	45300	45300	45300	45300	12057	3	lurban	lurban	N	0.8814				N		1	0	0	1007	719	0	0	0.4424	0.06428	0.09372	0.06428	0.001825	1339.5	0.00207	1538.4	0.201	0.017	0		10990	10758.64	1.7058	1.6894			10774.43	1.7098	1.6948			0.9172	1	0.02156	0.02525	0.21192	1	0.99868	0.9935	0	0
100077	Bayfront Health Port Charlotte	39460	39460	35840	10	12015	3	ourban	rural	S	0.8912		YES	YES	N		1	0	0	254	135	0	0	0.2017	0.01465	0	0.01465	0.000168	343.98	0.000209	412.17	0.086	0.01	7		3835	3768.87	1.7024	1.6884			3771.72	1.6929	1.6791			0.9242	1	0.01605	0.04466	0.46894	1	1.00259	0.9856	0	0
100080	Jfk Medical Center	48424	48424	22744	48424	12099	3	lurban	lurban	W	0.9212				N		1	0.0952	0.1697	612	415	0.05065	0.04905	0.2843	0.03167	0.05926	0.03167	0.001808	1518.31	0.001407	1217.18	0.096	0.007	0		9484	9263.41	1.8206	1.8012	4988.60	1.9721	9281.05	1.8287	1.8091	4995.91	1.9746	0.9453	1	0.01721	0.0159	0.30802	1	0.99633	0.9927	0	0
100081	Healthmark Regional Medical Center	18880	18880	18880	18880	12131	3	ourban	ourban	N	0.8566				N		1	0	0	50	6	0	0	0.1823	0.0115	0	0.0115	0.000059	1404.63	0.000039	781.98	0.402	0.049	0		293	292.12	1.0599	1.0565			292.12	1.0575	1.0543			0.8994	1	0	0	0.68817	1.24386	1	0.9941	1	0
100084	Leesburg Regional Medical Center	36740	36740	36740	36740	12069	3	lurban	lurban	N	0.8733				N		1	0	0	308	202	0	0	0.2028	0.01487	0.04192	0.01487	0.000309	420.45	0.000373	463.91	0.243	0.016	0		5656	5596.06	1.8012	1.7969			5599.88	1.7995	1.7951			0.9114	1	0.01383	0.00942	0.46055	1	0.99107	0.9766	0	0
100086	Broward Health North	22744	22744	22744	22744	12011	3	lurban	lurban	N	0.9419				N		1	0	0	304	192	0	0	0.2421	0.02297	0.05025	0.02297	0.001079	2847.22	0.000827	2140.84	0.246	0.018	0		3113	3063.21	1.6884	1.6751			3066.43	1.6932	1.6796			0.9598	1	0.03856	0.03483	0.22807	1	0.99884	0.9973	0	0
100087	Sarasota Memorial Hospital	35840	35840	35840	35840	12115	3	ourban	ourban	N	0.9205				N		1	0.0232	0	662	359	0.0126	0	0.2308	0.02064	0.04785	0.02064	0.001714	1028.74	0.001289	861.09	0.171	0.013	0		15629	15214.45	1.9728	1.9588	2652.71	2.1381	15244.83	1.9740	1.9602	2657.83	2.1431	0.9449	1	0.0351	0.03542	0.42475	1	1.00221	1.0000	0	0
100088	Baptist Medical Center Jacksonville	27260	27260	27260	27260	12031	3	lurban	lurban	N	0.8737				N		1	0.036	0.0518	879	659	0.01948	0.01473	0.3197	0.03898	0.06688	0.03898	0.001741	1141.73	0.001545	992.28	0.202	0.015	0		12252	12086.96	1.8182	1.8120	3236.21	1.8089	12101.17	1.8180	1.8118	3240.64	1.8100	0.9117	1	0.06071	0.05122	0.28861	1	1.00429	0.9884	0	0
100090	Flagler Hospital	27260	27260	10	10	12109	3	ourban	rural	S	0.9485		YES		N		1	0	0	335	171	0	0	0.2365	0.02182	0	0.02182		0		0	0.213	0.024	16	6841.52	5063	4957.02	1.7535	1.7342			4963.28	1.7515	1.7332			0.9644	1	0.01574	0.03396	0.43024	1	1.00261	0.9932	0	0
100092	Steward Rockledge Hospital	37340	37340	37340	37340	12009	3	ourban	ourban	N	0.9255				N		1	0	0	274	133	0	0	0.2306	0.0206	0.0478	0.0206	0.00033	817.76	0.000335	752.68	0.147	0.01	0		3035	2994.83	1.6129	1.6064			2997.35	1.6100	1.6038			0.9484	1	0.04368	0.0322	0.39072	1	0.99624	0.9907	0	0
100093	Baptist Hospital	37860	37860	37860	37860	12033	3	ourban	ourban	N	0.8392				N		1	0	0	271	189	0	0	0.3173	0.03848	0.06636	0.03848	0.000874	1396.09	0.000658	997.67	0.187	0.018	0		4927	4834.47	2.0765	2.0618			4839.66	2.0794	2.0644			0.8869	1	0.01791	0.02767	0.35795	1	1.00238	0.9921	0	0
100099	Lake Wales Medical Center	29460	29460	29460	29460	12105	3	ourban	ourban	N	0.8345				Y	0.0105	1	0	0	142	50	0	0	0.1844	0.01184	0.03805	0.01184	0.000067	413.49	0.000087	476.45	0.096	0.01	0		1217	1196.34	1.4832	1.4696			1197.41	1.4827	1.4693			0.8835	1	0.0089	0.02058	0.3609	1	0.99251	0.9862	0	0
100102	Shands Lake Shore Regional Medical Center	10	10	10	10	12023	3	rural	rural	N	0.9728				Y	0.0243	1	0	0	99	31	0	0	0.3493	0.03	0	0.03	0.000132	1280.75	0.000155	1269.29	0.154	0.021	0		691	684.51	1.1872	1.1803			684.76	1.1852	1.1785			0.9813	1	0.00251	0.00805	0.37432	1	0.99868	0.9915	0	0
100105	Cleveland Clinic Indian River Hospital	42680	42680	38940	42680	12061	3	ourban	ourban	W	0.89				N		1	0	0	310	143	0	0	0.1532	0.00677	0.03151	0.00677	0.000206	267.62	0.000231	295.06	0.205	0.016	0		6480	6289.83	1.7570	1.7412			6306.62	1.7533	1.7382			0.9233	1	0.01396	0.01218	0.52752	1	0.9997	0.9987	0	0
100106	Doctors Memorial Hospital Inc	10	10	10	10	12123	3	rural	rural	N	0.9485				N		1	0	0	48	7	0	0	0.2335	0.0212	0	0.0212	0.000106	2255.85	0.000085	1676.06	0.49	0.051	16	5053.39	386	371.94	1.1853	1.1721			372.62	1.1810	1.1674			0.9644	1	0.0011	0.00387	0.49664	1.22182	1.0013	0.9914	0	0
100107	Lehigh Regional Medical Center	15980	15980	15980	15980	12071	3	ourban	ourban	N	0.9494				N		1	0	0	78	32	0	0	0.2588	0.02642	0	0.02642	0.000124	1102.29	0.000117	959.22	0.142	0.008	0		790	765.05	1.7777	1.7330			766.45	1.7125	1.6865			0.9651	1	0.00445	0.00142	0.37946	1	0.99925	0.9889	0	0
100109	Adventhealth Sebring	42700	42700	42700	42700	12055	3	ourban	ourban	N	0.8293				N		1	0	0	180	126	0	0	0.212	0.01676	0.04386	0.01676	0.000242	401.16	0.000237	378.53	0.159	0.009	7		4772	4684.75	1.6048	1.6006			4689.71	1.6004	1.5963			0.8797	1	0.00887	0.00303	0.5147	1	1.00093	0.9956	0	0
100110	Osceola Regional Medical Center	36740	36740	36740	36740	12097	3	lurban	lurban	N	0.8733				N		1	0.1855	0.0324	300	262	0.09632	0.00919	0.3462	0.04444	0.07262	0.04444	0.000826	1583.94	0.000739	1391.28	0.086	0.009	0		4283	4229.39	1.7669	1.7529	4247.98	1.7390	4232.46	1.7734	1.7593	4249.92	1.7416	0.9114	1	0.01289	0.02917	0.23624	1	1.00131	0.9834	0	0
100113	Uf Health Shands Hospital	23540	23540	23540	23540	12001	3	ourban	ourban	N	0.9171				N		1	0.4536	0.6807	760	647	0.22081	0.21178	0.4242	0.06053	0.0897	0.06053	0.002443	1783.4	0.002604	1911.83	0.261	0.021	0		11473	11286.96	2.2385	2.2177	3604.96	2.2720	11302.85	2.2502	2.2295	3609.67	2.2898	0.9425	1	0.13063	0.13516	0.26552	1	1.0011	0.9945	0	0
100117	Baptist Medical Center - Beaches	27260	27260	27260	27260	12031	3	lurban	lurban	N	0.8737				N		1	0	0	136	79	0	0	0.1418	0	0.02913	0		0	0.000194	561.96	0.195	0.014	0		2691	2644.84	1.3929	1.3851			2647.42	1.3953	1.3873			0.9117	1	0.02802	0.02113	0.42774	1	1.00157	0.9970	0	0
100118	Adventhealth Palm Coast	19660	19660	10	10	12035	3	ourban	rural	S	0.9485		YES		N		1	0	0	99	91	0	0	0.062781103	0	0	0		0		0	0.182	0.013	14	7667.32	3444	3363.89	1.5161	1.5035			3368.90	1.5099	1.4986			0.9644	1	0.0042	0.00353	0.43953	1	0.99358	0.9797	0	0
100121	Bartow Regional Medical Center	29460	29460	29460	29460	12105	3	ourban	ourban	N	0.8345				Y	0.0105	1	0	0	72	33	0	0	0.1903	0.0128	0	0.0128	0.000085	926.51	0.000077	779.85	0.219	0.023	0		738	719.16	1.5663	1.5412			720.48	1.5530	1.5318			0.8835	1	0.01567	0.03601	0.28087	1	0.99685	0.9860	0	0
100122	North Okaloosa Medical Center	18880	18880	18880	18880	12091	3	ourban	ourban	N	0.8566				N		1	0	0	110	52	0	0	0.2438	0.02332	0.05061	0.02332	0.000113	411.9	0.000102	352.02	0.075	0.009	0		2206	2143.28	1.6224	1.5995			2145.92	1.6224	1.5997			0.8994	1	0.00429	0.01272	0.51274	1	0.99614	0.9973	0	0
100124	Santa Rosa Medical Center	37860	37860	37860	37860	12113	3	ourban	ourban	N	0.8392				N		1	0	0	121	37	0	0	0.2904	0.03293	0.06057	0.03293	0.000129	820.74	0.000118	796.33	0.109	0.013	0		1430	1407.44	1.4127	1.3985			1408.82	1.4122	1.3981			0.8869	1	0.00132	0.00348	0.41435	1	0.99692	0.9932	0	0
100125	Homestead Hospital	33124	33124	33124	33124	12086	3	lurban	lurban	N	0.9474				N		1	0	0	142	100	0	0	0.6549	0.10811	0.14181	0.10811	0.001239	7539.13	0.00102	6020.81	0.233	0.025	0		1252	1204.35	1.5522	1.5208			1206.77	1.5504	1.5186			0.9637	1	0.08314	0.18899	0.14328	1	1.00228	0.9998	0	0
100126	Palms Of Pasadena Hospital	45300	45300	45300	45300	12103	3	lurban	lurban	N	0.8814				N		1	0	0	167	79	0	0	0.0904	0	0.01847	0		0		0	0.092	0.009	0		2170	2124.28	1.5808	1.5639			2126.60	1.5813	1.5642			0.9172	1	0.08391	0.11932	0.47268	1	0.99479	0.9836	0	1
100127	Morton Plant Hospital	45300	45300	45300	45300	12103	3	lurban	lurban	N	0.8814				N		1	0.0451	0.0668	476	313	0.02434	0.01903	0.1959	0.01371	0.04047	0.01371	0.000835	828.21	0.000883	884.03	0.198	0.012	0		8426	8272.03	2.0016	1.9890	4854.77	1.8251	8292.50	2.0007	1.9886	4860.09	1.8197	0.9172	1	0.0224	0.01311	0.33318	1	0.99849	0.9952	0	0
100128	Tampa General Hospital	45300	45300	45300	45300	12057	3	lurban	lurban	N	0.8814				N		1	0.2304	0.3018	913	719	0.11826	0.0889	0.4174	0.05913	0.0882	0.05913	0.002311	1926.69	0.002574	2163.52	0.162	0.01	0		9938	9870.59	2.1251	2.1180	4240.00	2.1613	9878.26	2.1359	2.1291	4243.28	2.1777	0.9172	1	0.16148	0.11057	0.24641	1	1.00382	0.9977	0	0
100130	Lakeside Medical Center	48424	48424	22744	48424	12099	3	lurban	lurban	W	0.9212				N		1	0.1804	0.4432	54	23	0.0938	0.13323	0.5522	0.03	0	0.03	0.000135	3081.34	0.000144	3078.54	0.301	0.031	0		377	368.77	1.3464	1.3389	100.39	1.2672	369.30	1.3459	1.3383	100.54	1.2588	0.9453	1	0.02135	0.04095	0.19724	1.13689	0.99474	0.9965	0	0
100131	Aventura Hospital And Medical Center	33124	33124	33124	33124	12086	3	lurban	lurban	N	0.9474				N		1	0.2268	0.0357	351	267	0.11652	0.01013	0.2797	0.03073	0.05827	0.03073	0.000891	1335.77	0.000615	839.39	0.094	0.007	0		4857	4756.11	1.7354	1.7228	3786.09	1.7859	4761.41	1.7392	1.7262	3789.87	1.7862	0.9637	1	0.03476	0.03718	0.31399	1	0.99052	0.9890	0	0
100132	South Florida Baptist Hospital	45300	45300	45300	45300	12057	3	lurban	lurban	N	0.8814				N		1	0	0	147	75	0	0	0.3064	0.03623	0.06401	0.03623	0.000362	1856.19	0.000266	1387.96	0.185	0.012	0		1566	1534.34	1.4761	1.4653			1536.82	1.4794	1.4688			0.9172	1	0.00414	0.00193	0.25563	1	0.99662	0.9989	0	0
100134	Ed Fraser Memorial Hospital	27260	27260	10	10	12003	3	ourban	rural	S	0.9485		YES		N		1	0	0	21	1	0	0	0.0928	0	0	0		0		0	0.57	0.044	16	15437.06	214	211.68	0.9418	0.9399			211.89	0.9384	0.9364			0.9644	1	0.0464	0.04106	0.66263	1.25	1	1.0000	1	0
100135	Tallahassee Memorial Hospital	45220	45220	45220	45220	12073	3	ourban	ourban	N	0.8341				N		1	0.1359	0.1404	389	299	0.0715	0.04042	0.2867	0.03217	0.05978	0.03217	0.001249	1584.06	0.001224	1558.81	0.198	0.011	0		6443	6331.43	1.9406	1.9318	3941.49	1.8147	6338.11	1.9469	1.9378	3945.00	1.8163	0.8832	1	0.02205	0.00978	0.23954	1	0.99273	0.9953	0	1
100137	Heart Of Florida Regional Medical Center	29460	29460	45300	10	12105	3	ourban	rural	S	0.8814		YES	YES	N		1	0	0	193	93	0	0	0.2698	0.02868	0	0.02868	0.000222	728.6	0.000218	687.16	0.083	0.007	7		2340	2305.93	1.6677	1.6573			2311.41	1.6631	1.6543			0.9172	1	0.01373	0.01812	0.30677	1	1.00145	0.9864	0	0
100140	Baptist Medical Center - Nassau	27260	27260	27260	27260	12089	3	lurban	lurban	N	0.8737				N		1	0	0	54	37	0	0	0.2057	0.01546	0	0.01546	0.000147	865.45	0.000116	704.64	0.21	0.015	0		1393	1357.55	1.3703	1.3498			1360.01	1.3687	1.3495			0.9117	1	0.00714	0.00584	0.42079	1	1.01015	0.9991	0	0
100142	Jackson Hospital	10	10	10	10	12063	3	rural	rural	N	0.9485				N		1	0	0	66	35	0	0	0.3413	0.03	0	0.03	0.000167	1084.53	0.000133	830.22	0.414	0.027	16	5626.57	1240	1230.03	1.2037	1.1968			1230.67	1.2056	1.1986			0.9644	1	0.00129	0.00102	0.4767	1.07296	1.00041	0.9900	0	0
100150	Lower Keys Medical Center	10	10	33124	10	12087	3	rural	rural	W	0.9474				N		1	0	0	99	35	0	0	0.2276	0.01998	0	0.01998		0		0	0.181	0.027	17	8132.61	879	851.28	1.5442	1.5340			852.91	1.5432	1.5337			0.9637	1	0.06263	0.18355	0.37628	1.02402	0.99735	0.9898	0	0
100151	Mayo Clinic	27260	27260	27260	27260	12031	3	lurban	lurban	N	0.8737				N		1	0.2619	0.3873	257	172	0.13337	0.11549	0.1141	0	0.02337	0		0		0	0.293	0.019	0		6328	6156.80	2.3136	2.2991	788.02	2.3597	6174.09	2.3188	2.3061	789.64	2.3589	0.9117	1	0.1226	0.07646	0.4414	1	1.00802	0.9989	0	0
100154	South Miami Hospital	33124	33124	33124	33124	12086	3	lurban	lurban	N	0.9474				N		1	0	0.037	453	214	0	0.0105	0.4645	0.06884	0.09863	0.06884	0.001074	3035.75	0.000952	2682.61	0.223	0.018	0		2876	2818.62	1.7021	1.6922			2821.86	1.7040	1.6944			0.9637	1	0.1302	0.1411	0.19357	1	1.0038	0.9955	0	0
100156	Lake City Medical Center	10	10	10	10	12023	3	rural	rural	N	0.9728				Y	0.0243	1	0	0	79	54	0	0	0.1619	0.00818	0	0.00818	0.000168	448.31	0.000117	336.93	0.122	0.018	14	8005.38	3360	3284.94	1.2866	1.2780			3288.02	1.2859	1.2774			0.9813	1	0.00012	0.00049	0.61091	1	1.00693	0.9837	0	0
100157	Lakeland Regional Medical Center	29460	29460	35840	10	12105	3	ourban	rural	S	0.8912		YES	YES	N		1	0	0	731	470	0	0	0.2569	0.02602	0	0.02602	0.001275	894.83	0.00135	915.68	0.164	0.016	7		11536	11316.02	1.5720	1.5667			11326.86	1.5750	1.5697			0.9242	1	0.0164	0.02608	0.31575	1	0.98905	0.9700	0	0
100161	Central Florida Regional Hospital	36740	36740	36740	36740	12117	3	lurban	lurban	N	0.8733				N		1	0	0	208	135	0	0	0.2344	0.02138	0.04861	0.02138	0.00061	1540.46	0.000527	1279.01	0.119	0.009	0		3249	3198.64	1.7891	1.7744			3202.15	1.7925	1.7776			0.9114	1	0.00812	0.0085	0.30729	1	0.99666	0.9936	0	0
100166	Doctors Hospital Of Sarasota	35840	35840	35840	35840	12115	3	ourban	ourban	N	0.9205				N		1	0	0	139	76	0	0	0.055	0	0.0112	0		0		0	0.111	0.011	0		3992	3887.69	1.7653	1.7554			3897.28	1.7599	1.7502			0.9449	1	0.01829	0.02769	0.52857	1	0.99678	0.9951	0	0
100167	Plantation General Hospital	22744	22744	22744	22744	12011	3	lurban	lurban	N	0.9419				N		1	0.0184	0.029	589	283	0.01001	0.00822	0.6444	0.10595	0.13939	0.10595	0.00046	1081.92	0.000941	2155.54	0.099	0.009	0		3526	3467.29	1.6025	1.5911	3599.67	1.6223	3471.33	1.6059	1.5946	3603.69	1.6220	0.9598	1	0.04381	0.06211	0.15009	1	0.99851	0.9951	0	0
100168	Boca Raton Regional Hospital	48424	48424	22744	48424	12099	3	lurban	lurban	W	0.9212				N		1	0.1511	0.1738	365	225	0.07917	0.05027	0.0284	0	0.00577	0		0		0	0.215	0.013	0		10147	10000.05	1.6821	1.6708	1689.68	1.9749	10009.76	1.6827	1.6717	1691.07	1.9731	0.9453	1	0.02628	0.01426	0.5064	1	0.99379	0.9962	0	0
100173	Adventhealth Tampa	45300	45300	45300	45300	12057	3	lurban	lurban	N	0.8814				N		1	0	0.001	471	312	0	0.00028	0.2924	0.03335	0.061	0.03335	0.001029	1593.69	0.000716	1099.01	0.151	0.009	0		5464	5369.60	1.8793	1.8619			5376.67	1.8813	1.8647			0.9172	1	0.04069	0.02382	0.25748	1	1.00005	0.9843	0	0
100175	Desoto Memorial Hospital	10	10	10	10	12027	3	rural	rural	N	0.9485				N		1	0	0	49	8	0	0	0.4158	0.03	0	0.03	0.000115	1868.62	0.000091	1412.77	0.349	0.039	16	5656.45	499	472.57	1.2738	1.2510			473.45	1.2726	1.2499			0.9644	1	0.00376	0.00672	0.35191	1.20106	1.0047	0.9918	0	0
100176	Palm Beach Gardens Medical Center	48424	48424	22744	48424	12099	3	lurban	lurban	W	0.9212				N		1	0	0	199	130	0	0	0.1292	0	0.02651	0		0		0	0.123	0.009	0		4565	4504.16	1.8441	1.8340			4506.55	1.8547	1.8445			0.9453	1	0.04897	0.04073	0.46793	1	1.00631	0.9857	0	0
100177	Cape Canaveral Hospital	37340	37340	37340	37340	12009	3	ourban	ourban	N	0.9255				N		1	0	0	150	79	0	0	0.1849	0.01192	0.03815	0.01192	0.000306	976.64	0.00024	755.4	0.2	0.023	0		2648	2589.07	1.5161	1.5070			2592.96	1.5100	1.5008			0.9484	1	0.00555	0.01219	0.38573	1	0.99564	0.9964	0	0
100179	Memorial Hospital Jacksonville	27260	27260	27260	27260	12031	3	lurban	lurban	N	0.8737				N		1	0.0027	0.0039	377	253	0.00148	0.0011	0.2927	0.03341	0.06106	0.03341	0.000922	1281.52	0.000774	1010.85	0.086	0.009	0		5509	5434.59	1.8408	1.8209	2835.04	1.7923	5439.57	1.8423	1.8223	2837.54	1.7949	0.9117	1	0.01884	0.04095	0.32431	1	0.9928	0.9862	0	0
100180	St Petersburg General Hospital	45300	45300	45300	45300	12103	3	lurban	lurban	N	0.8814				N		1	0.2203	0.5191	157	69	0.11337	0.15776	0.2762	0.03	0.05752	0.03	0.000453	2304.01	0.000338	1700.42	0.083	0.007	0		1625	1588.34	1.6056	1.5818	939.77	1.4641	1590.31	1.5892	1.5669	940.78	1.4350	0.9172	1	0.01157	0.01626	0.32541	1	0.99664	0.9841	0	0
100181	Larkin Community Hospital	33124	33124	33124	33124	12086	3	lurban	lurban	N	0.9474				N		1	1.9999	1.5	119	80	0.7565	0.52699	0.5345	0.08328	0.11431	0.08328	0.000152	749.93	0.000204	801.47	0.172	0.015	0		1332	1326.11	1.4096	1.4028	558.23	1.5503	1326.51	1.4217	1.4151	558.33	1.5655	0.9637	1	0.02259	0.02826	0.41832	1	0.99778	0.9981	0	0
100183	Coral Gables Hospital	33124	33124	33124	33124	12086	3	lurban	lurban	N	0.9474				N		1	0	0	245	96	0	0	0.5447	0.08538	0.11661	0.08538	0.000227	880.3	0.000275	984.97	0.09	0.007	0		1890	1870.65	1.3070	1.2945			1871.30	1.3079	1.2956			0.9637	1	0.00601	0.00641	0.34403	1	0.99707	0.9940	0	0
100187	Palmetto General Hospital	33124	33124	33124	33124	12086	3	lurban	lurban	N	0.9474				N		1	0.1456	0.1824	364	233	0.0764	0.05282	0.6347	0.10394	0.13715	0.10394	0.000696	1931.63	0.00085	2145.56	0.129	0.008	0		2890	2829.55	1.6565	1.6389	5039.45	1.7215	2834.13	1.6484	1.6332	5042.90	1.7266	0.9637	1	0.02875	0.02025	0.17575	1	0.99804	0.9978	0	0
100189	Northwest Medical Center	22744	22744	22744	22744	12011	3	lurban	lurban	N	0.9419				N		1	0.0257	0.0241	227	174	0.01395	0.00682	0.3095	0.03687	0.06468	0.03687	0.000465	1241.99	0.000422	1076.93	0.078	0.009	0		2897	2829.37	1.5737	1.5602	2837.89	1.6850	2831.90	1.5757	1.5622	2841.95	1.6841	0.9598	1	0.01197	0.02593	0.22179	1	0.99901	0.9910	0	0
100191	Medical Center Of Trinity	45300	45300	45300	45300	12101	3	lurban	lurban	N	0.8814				N		1	0	0	242	168	0	0	0.2277	0.02	0.04719	0.02	0.000551	1043.29	0.00051	931.46	0.084	0.01	0		4206	4136.22	1.5588	1.5413			4141.78	1.5593	1.5413			0.9172	1	0.00826	0.02304	0.3527	1	0.99529	0.9870	0	0
100200	Broward Health Imperial Point	22744	22744	22744	22744	12011	3	lurban	lurban	N	0.9419				N		1	0	0	129	73	0	0	0.2445	0.02347	0.05076	0.02347	0.0005	2952.47	0.000344	2009.12	0.247	0.014	0		1349	1328.12	1.6070	1.5968			1329.41	1.6109	1.6005			0.9598	1	0.04056	0.02206	0.2506	1	0.99685	0.9937	0	0
100204	North Florida Regional Medical Center	23540	23540	23540	23540	12001	3	ourban	ourban	N	0.9171				N		1	0.2648	0	379	281	0.13475	0	0.2352	0.02155	0.04878	0.02155	0.000667	469.61	0.00059	416	0.08	0.007	0		11639	11364.20	1.8160	1.8018	2675.83	1.9376	11383.29	1.8168	1.8021	2678.30	1.9411	0.9425	1	0.00534	0.00914	0.47004	1	0.99778	0.9712	0	0
100206	Memorial Hospital Of Tampa	45300	45300	45300	45300	12057	3	lurban	lurban	N	0.8814				N		1	0	0	147	46	0	0	0.1548	0.00703	0.03184	0.00703	0.000517	1775.06	0.000154	872.38	0.116	0.012	0		1415	1393.08	1.5340	1.5297			1394.41	1.5365	1.5325			0.9172	1	0.01465	0.0316	0.41159	1	1.00771	0.9849	0	1
100209	Kendall Regional Medical Center	33124	33124	33124	33124	12086	3	lurban	lurban	N	0.9474				N		1	0.2226	0.0554	394	292	0.11448	0.01576	0.5909	0.09491	0.12711	0.09491	0.001086	2824.22	0.00103	2543.95	0.079	0.007	0		2916	2850.41	1.9174	1.8857	4699.18	1.8869	2852.97	1.9293	1.8976	4704.44	1.8832	0.9637	1	0.02567	0.03933	0.16092	1	0.99598	0.9862	0	0
100211	Adventhealth Dade City	45300	45300	45300	45300	12101	3	lurban	lurban	N	0.8814				N		1	0	0	120	25	0	0	0.1765	0.01056	0.03639	0.01056	0.000096	1263.66	0.000091	1030.36	0.11	0.013	0		567	552.46	1.5163	1.4988			553.42	1.5120	1.4951			0.9172	1	0.00641	0.01999	0.31128	1	1.01039	0.9995	0	0
100212	Ocala Regional Medical Center	36100	36100	23540	10	12083	3	ourban	rural	S	0.8887		YES	YES	N		1	0.1274	0.0696	316	290	0.06718	0.01984	0.1775	0.01072	0	0.01072	0.000668	590.85	0.000581	555.01	0.098	0.008	0		10075	9870.64	1.7288	1.7092	4919.26	1.7259	9889.42	1.7299	1.7101	4926.72	1.7251	0.9224	1	0.01394	0.01735	0.39932	1	0.98768	0.9940	0	0
100213	Blake Medical Center	35840	35840	35840	35840	12081	3	ourban	ourban	N	0.9205				N		1	0.1325	0	331	189	0.06977	0	0.1424	0	0.02926	0		0		0	0.104	0.008	0		6168	6062.77	1.6775	1.6611	2119.50	1.8804	6071.35	1.6810	1.6645	2122.13	1.8827	0.9449	1	0.0193	0.02061	0.43671	1	0.99358	0.9882	0	0
100217	Steward Sebastian River Medical Center	42680	42680	38940	42680	12061	3	ourban	ourban	W	0.89				N		1	0	0	121	65	0	0	0.0946	0	0.01934	0		0		0	0.114	0.011	0		2238	2203.68	1.5852	1.5703			2208.92	1.5807	1.5668			0.9233	1	0.01406	0.02218	0.51397	1	0.99408	0.9797	0	0
100220	Gulf Coast Medical Center Lee Mem Health System	15980	15980	15980	15980	12071	3	ourban	ourban	N	0.9494				N		1	0	0	349	273	0	0	0.1877	0.01238	0.03874	0.01238	0.000734	658.86	0.000626	542.64	0.182	0.021	0		8839	8693.00	1.7960	1.7867			8704.14	1.7967	1.7878			0.9651	1	0.02383	0.04903	0.4574	1	1.00074	0.9908	0	0
100223	Fort Walton Beach Medical Center	18880	18880	18880	18880	12091	3	ourban	ourban	N	0.8566				N		1	0	0	189	131	0	0	0.2616	0.02699	0.0544	0.02699	0.000432	783.53	0.000404	764.14	0.071	0.005	0		4828	4751.43	1.8558	1.8337			4757.69	1.8585	1.8365			0.8994	1	0.006	0.00491	0.43209	1	0.99259	0.9945	0	0
100224	University Hospital And Medical Center	22744	22744	22744	22744	12011	3	lurban	lurban	N	0.9419				N		1	0.052	0.063	246	101	0.028	0.01794	0.1647	0.00864	0.03391	0.00864	0.000439	1377.06	0.000356	1080.11	0.089	0.007	0		2461	2397.88	1.4062	1.3957	1941.80	1.4834	2400.94	1.4087	1.3984	1945.41	1.4850	0.9598	1	0.00501	0.00585	0.36936	1	0.99749	0.9741	0	0
100226	Orange Park Medical Center	27260	27260	27260	27260	12019	3	lurban	lurban	N	0.8737				N		1	0.2557	0	273	209	0.13041	0	0.3142	0.03784	0.06569	0.03784	0.000667	971.95	0.000595	854.7	0.064	0.007	0		5390	5254.73	1.8342	1.8140	1753.32	1.8290	5262.25	1.8264	1.8060	1755.54	1.8244	0.9117	1	0.00753	0.01768	0.34418	1	0.99662	0.9884	0	0
100228	Westside Regional Medical Center	22744	22744	22744	22744	12011	3	lurban	lurban	N	0.9419				N		1	0.0311	0.0433	224	179	0.01685	0.01229	0.1477	0	0.03036	0		0	0.000299	681.59	0.087	0.006	0		3545	3458.55	1.6635	1.6487	3418.44	1.7223	3463.96	1.6683	1.6529	3422.95	1.7239	0.9598	1	0.02381	0.01768	0.28673	1	0.99963	0.9913	0	0
100230	Memorial Hospital Pembroke	22744	22744	22744	22744	12011	3	lurban	lurban	N	0.9419				N		1	0.0038	0	296	90	0.00208	0	0.3221	0.03947	0.0674	0.03947	0.000635	3754.06	0.000503	3171.77	0.164	0.015	0		1451	1421.48	1.5342	1.5215			1422.66	1.5379	1.5249			0.9598	1	0.08525	0.11443	0.21104	1	1.00313	0.9964	0	0
100231	West Florida Hospital	37860	37860	37860	37860	12033	3	ourban	ourban	N	0.8392				N		1	0	0	400	147	0	0	0.1842	0.01181	0.038	0.01181	0.000422	509.67	0.000336	418.7	0.1	0.008	0		6996	6857.23	1.5848	1.5767			6865.28	1.5875	1.5791			0.8869	1	0.00548	0.00626	0.50911	1	0.99434	0.9845	0	0
100232	Putnam Community Medical Center	10	10	27260	10	12107	3	rural	rural	W	0.8737				N		1	0	0	99	56	0	0	0.2543	0.02549	0	0.02549	0.000171	561.38	0.000163	533.96	0.124	0.012	15	4883.5	2483	2422.26	1.4122	1.3900			2426.67	1.4126	1.3908			0.9117	1	0.00168	0.00363	0.54049	1	1.00361	0.9836	0	0
100236	Fawcett Memorial Hospital	39460	39460	35840	39460	12015	3	ourban	ourban	W	0.8912				N		1	0	0	217	157	0	0	0.0804	0	0.01641	0		0		0	0.077	0.003	0		5641	5521.26	1.7788	1.7630			5536.12	1.7713	1.7572			0.9242	1	0.00828	0.0007	0.56262	1	0.99365	0.9892	0	0
100238	Northside Hospital	45300	45300	45300	45300	12103	3	lurban	lurban	N	0.8814				N		1	0.1251	0.2084	229	146	0.06601	0.06057	0.1867	0.01221	0.03853	0.01221	0.000517	1234.46	0.000376	841.44	0.094	0.006	0		3037	2971.37	1.9294	1.8877	1894.78	2.0304	2976.22	1.9294	1.8865	1897.54	2.0382	0.9172	1	0.01213	0.00713	0.37311	1	0.99842	0.9793	0	0
100240	Umhc - Bascom Palmer Eye Institute	33124	33124	33124	33124	12086	3	lurban	lurban	N	0.9474				N		1	0.2507	1.5	56	1	0.12802	0.52699	0.0419	0	0	0		0		0	0.167	0.073	0		2	2.00	1.3621	1.3621			2.00	1.4860	1.4860			0.9637	1	0	0	0.33862	1	1	1.0000	0	0
100242	Gulf Coast Regional Medical Center	37460	37460	37460	37460	12005	3	ourban	ourban	N	0.8293				N		1	0	0	216	138	0	0	0.3675	0.04883	0.07726	0.04883	0.000342	674.51	0.000375	737.19	0.088	0.009	0		4171	4086.49	1.6837	1.6650			4091.00	1.6872	1.6675			0.8797	1	0.00715	0.01388	0.34523	1	0.99472	0.9830	0	0
100243	Brandon Regional Hospital	45300	45300	45300	45300	12057	3	lurban	lurban	N	0.8814				N		1	0.2312	0	374	251	0.11865	0	0.3373	0.04261	0.07069	0.04261	0.001081	1625.64	0.000966	1443.24	0.085	0.008	0		5426	5337.77	1.6622	1.6506	3659.61	1.6915	5343.84	1.6627	1.6515	3662.65	1.6936	0.9172	1	0.0061	0.01222	0.2632	1	1.00302	0.9867	0	0
100244	Cape Coral Hospital	15980	15980	15980	15980	12071	3	ourban	ourban	N	0.9494				N		1	0	0	282	190	0	0	0.2006	0.01447	0.04146	0.01447	0.000556	744.17	0.000478	607.74	0.191	0.012	0		5838	5678.04	1.5299	1.5196			5686.89	1.5295	1.5193			0.9651	1	0.01223	0.0075	0.41358	1	0.99448	0.9849	0	0
100246	Lawnwood Regional Medical Center & Heart Institute	38940	38940	38940	38940	12111	3	ourban	ourban	N	0.9087				N		1	0	0	312	250	0	0	0.3501	0.04525	0.07347	0.04525	0.000842	1293.87	0.000804	1198.26	0.075	0.005	0		5076	4982.51	1.8423	1.8271			4989.46	1.8480	1.8321			0.9365	1	0.0249	0.01809	0.32217	1	0.99394	0.9748	0	0
100248	Largo Medical Center	45300	45300	45300	45300	12103	3	lurban	lurban	N	0.8814				N		1	0.428	0.5324	262	205	0.20955	0.16212	0.1331	0	0.02732	0		0		0	0.089	0.007	0		5289	5191.43	1.7013	1.6908	2828.19	1.8837	5196.20	1.7042	1.6931	2832.56	1.8877	0.9172	1	0.01695	0.01948	0.3978	1	0.99045	0.9817	0	0
100249	Bayfront Health Seven Rivers	26140	26140	45300	10	12017	3	ourban	rural	S	0.8814		YES	YES	N		1	0	0	128	61	0	0	0.1752	0.01035	0	0.01035	0.000103	314.85	0.000104	299.23	0.11	0.009	7		2595	2555.53	1.6226	1.6122			2557.72	1.6176	1.6072			0.9172	1	0.00705	0.00907	0.44352	1	0.99849	0.9997	0	0
100252	Raulerson Hospital	10	10	38940	10	12093	3	rural	rural	W	0.89				N		1	0	0	100	54	0	0	0.15178285	0.00654	0	0.00654		0		0	0.118	0.01	16	6883.41	1865	1836.73	1.3342	1.3268			1839.01	1.3315	1.3243			0.9233	1	0.01059	0.01376	0.47627	1	1.00069	0.9816	0	0
100253	Jupiter Medical Center	48424	48424	22744	48424	12099	3	lurban	lurban	W	0.9212				N		1	0	0	207	123	0	0	0.0819	0	0.01672	0		0		0	0.237	0.021	0		4332	4251.40	1.7780	1.7630			4256.79	1.7784	1.7637			0.9453	1	0.02153	0.0265	0.4284	1	1.00657	0.9999	0	0
100254	Capital Regional Medical Center	45220	45220	45220	45220	12073	3	ourban	ourban	N	0.8341				N		1	0	0	242	137	0	0	0.3428	0.04374	0.07188	0.04374	0.000493	1036.6	0.000442	941.92	0.099	0.01	0		3903	3848.50	1.4684	1.4590			3853.87	1.4708	1.4612			0.8832	1	0.00384	0.00802	0.3289	1	0.99754	0.9902	0	0
100255	Tampa Community Hospital	45300	45300	45300	45300	12057	3	lurban	lurban	N	0.8814				N		1	0	0	166	43	0	0	0.331	0.04131	0.06932	0.04131		0	0.000226	1747.86	0.106	0.012	0		886	870.07	1.3860	1.3710			871.15	1.3839	1.3687			0.9172	1	0.02063	0.04856	0.35335	1	0.9973	0.9932	0	1
100256	Regional Medical Center Bayonet Point	45300	45300	45300	45300	12101	3	lurban	lurban	N	0.8814				N		1	0.2529	0.0259	278	195	0.12907	0.00734	0.1784	0.01087	0.03679	0.01087	0.000498	838.36	0.00041	668.63	0.081	0.006	0		4758	4680.07	1.7632	1.7542	3953.75	1.8361	4686.48	1.7617	1.7523	3959.44	1.8372	0.9172	1	0.00873	0.01011	0.33798	1	0.99735	0.9907	0	0
100258	Delray Medical Center	48424	48424	22744	48424	12099	3	lurban	lurban	W	0.9212				N		1	0.0562	0.0195	338	209	0.03023	0.00552	0.1005	0	0.02056	0		0		0	0.101	0.005	0		8146	7982.60	1.8355	1.8185	2460.71	1.9143	7992.52	1.8383	1.8218	2463.78	1.9218	0.9453	1	0.04381	0.01389	0.52089	1	0.99849	0.9937	0	0
100259	South Bay Hospital	45300	45300	45300	45300	12057	3	lurban	lurban	N	0.8814				N		1	0	0	131	75	0	0	0.064	0	0.01304	0		0		0	0.093	0.01	0		3240	3180.10	1.3522	1.3427			3183.73	1.3514	1.3423			0.9172	1	0.00617	0.01354	0.55785	1	0.99579	0.9825	0	0
100260	St Lucie Medical Center	38940	38940	38940	38940	12111	3	ourban	ourban	N	0.9087				N		1	0.1675	0.214	207	139	0.08738	0.06225	0.1639	0.00851	0.03375	0.00851	0.000359	560.94	0.000314	488.31	0.084	0.007	0		5241	5141.70	1.4906	1.4880	1797.60	1.4541	5149.03	1.4903	1.4874	1800.95	1.4535	0.9365	1	0.01044	0.01295	0.46334	1	0.99526	0.9700	0	0
100264	Oak Hill Hospital	45300	45300	45300	45300	12053	3	lurban	lurban	N	0.8814				N		1	0.2858	0.0899	275	194	0.14468	0.02569	0.1488	0	0.03059	0		0		0	0.069	0.007	0		6637	6534.57	1.5308	1.5231	4398.76	1.6079	6545.80	1.5284	1.5206	4408.92	1.6067	0.9172	1	0.00714	0.01705	0.43485	1	0.99576	0.9825	0	0
100265	Mease Countryside Hospital	45300	45300	45300	45300	12103	3	lurban	lurban	N	0.8814				N		1	0	0	311	205	0	0	0.1672	0.00905	0.03444	0.00905	0.00035	498.39	0.000423	604.57	0.184	0.011	0		5790	5681.42	1.5669	1.5531			5688.59	1.5647	1.5509			0.9172	1	0.00947	0.00541	0.35942	1	1.00095	1.0000	0	0
100266	Gulf Breeze Hospital	37860	37860	37860	37860	12113	3	ourban	ourban	N	0.8392				N		1	0	0	65	40	0	0	0.090385747	0	0	0		0		0	0.187	0.013	0		1710	1659.06	1.6933	1.6856			1662.60	1.6894	1.6820			0.8869	1	0.00184	0.00126	0.48304	1	1.00901	0.9834	0	0
100267	Englewood Community Hospital	35840	35840	35840	35840	12115	3	ourban	ourban	N	0.9205				N		1	0	0	100	32	0	0	0.0581	0	0.01183	0		0		0	0.102	0.008	0		1767	1693.62	1.4263	1.4072			1697.66	1.4264	1.4078			0.9449	1	0.00154	0.00167	0.58406	1	1.00019	0.9922	0	0
100268	West Boca Medical Center	48424	48424	22744	48424	12099	3	lurban	lurban	W	0.9212				N		1	0	0	195	110	0	0	0.3028	0.03549	0.06324	0.03549	0.000257	1023.99	0.000292	1148.73	0.179	0.011	0		2053	2009.23	1.3791	1.3694			2010.86	1.3810	1.3713			0.9453	1	0.07666	0.04942	0.18435	1	0.99733	0.9800	0	0
100269	Palms West Hospital	48424	48424	22744	48424	12099	3	lurban	lurban	W	0.9212				N		1	0.0719	0.0904	204	148	0.0385	0.02584	0.422	0.06008	0.08921	0.06008	0.000451	1631.17	0.000465	1646.34	0.112	0.009	0		2227	2181.51	1.5658	1.5486	1544.41	1.4927	2183.51	1.5698	1.5530	1545.59	1.4936	0.9453	1	0.02459	0.02938	0.19375	1	0.99555	0.9906	0	0
100275	Wellington Regional Medical Center Llc	48424	48424	22744	48424	12099	3	lurban	lurban	W	0.9212				N		1	0.085	0.1395	230	131	0.04535	0.04015	0.317	0.03842	0.0663	0.03842	0.000333	1164.39	0.000367	1346.78	0.117	0.012	0		2478	2411.70	1.7237	1.6889	1241.22	1.6072	2414.69	1.7304	1.6960	1243.03	1.6121	0.9453	1	0.02241	0.03874	0.18268	1	0.99342	0.9910	0	0
100276	Broward Health Coral Springs	22744	22744	22744	22744	12011	3	lurban	lurban	N	0.9419				N		1	0.0081	0.0098	196	122	0.00442	0.00277	0.3712	0.0496	0.07807	0.0496	0.000623	3171.84	0.000573	2811.96	0.252	0.013	0		1703	1661.28	1.4443	1.4308	1119.62	1.4726	1663.20	1.4492	1.4361	1120.12	1.4735	0.9598	1	0.02216	0.00994	0.14429	1	1	0.9950	0	0
100277	Douglas Gardens Hospital	33124	33124	33124	33124	12086	3	lurban	lurban	N	0.9474				N		1	0	0	32	6	0	0	0.0342	0	0	0		0	0.000022	1702.94	0.816	0.013	0		54	51.78	0.9403	0.9342			51.81	0.9390	0.9330			0.9637	1	0	0	0.14919	1	1	1.0000	0	1
100281	Memorial Hospital West	22744	22744	22744	22744	12011	3	lurban	lurban	N	0.9419				N		1	0.0011	0	375	279	0.0006	0	0.3262	0.04032	0.06829	0.04032	0.00094	2046.89	0.000982	2192.99	0.127	0.007	0		3859	3765.49	1.6597	1.6457			3770.27	1.6635	1.6492			0.9598	1	0.0713	0.04048	0.20436	1	1.007	0.9969	0	0
100284	Westchester General Hospital	33124	33124	33124	33124	12086	3	lurban	lurban	N	0.9474				N		1	0.1597	0.206	125	79	0.08349	0.05986	0.5619	0.08893	0.12051	0.08893	0.000224	960.95	0.00046	1741.28	0.273	0.021	0		1567	1557.27	1.1976	1.1932	318.03	1.0761	1557.86	1.1940	1.1899	318.03	1.0781	0.9637	1	0.00241	0.00238	0.53586	1	0.9991	0.9905	0	0
100285	Memorial Hospital Miramar	22744	22744	22744	22744	12011	3	lurban	lurban	N	0.9419				N		1	0	0	178	93	0	0	0.5039	0.07697	0.10743	0.07697	0.000361	2988.39	0.000369	3143.9	0.137	0.019	0		985	953.15	1.3737	1.3633			954.70	1.3745	1.3640			0.9598	1	0.02886	0.07279	0.10831	1	1.01077	0.9975	0	0
100286	Physicians Regional Medical Center - Pine Ridge	34940	34940	15980	10	12021	3	ourban	rural	S	0.9237		YES	YES	N		1	0	0	201	94	0	0	0.1033	0	0	0		0		0	0.107	0.018	7		5006	4913.34	1.6734	1.6588			4924.53	1.6742	1.6606			0.9471	1	0.0192	0.07625	0.52016	1	1.00475	0.9993	0	0
100287	Good Samaritan Medical Center	48424	48424	22744	48424	12099	3	lurban	lurban	W	0.9212				N		1	0	0	333	115	0	0	0.2947	0.03382	0.06149	0.03382	0.000368	928.26	0.000323	744.46	0.118	0.011	0		2898	2846.88	1.5653	1.5521			2849.65	1.5676	1.5544			0.9453	1	0.06705	0.10013	0.35686	1	0.99726	0.9944	0	0
100288	St Mary's Medical Center	48424	48424	22744	48424	12099	3	lurban	lurban	W	0.9212				N		1	0.0074	0	356	221	0.00404	0	0.6627	0.10972	0.14362	0.10972	0.00065	3008.3	0.000918	4362.04	0.138	0.007	0		1880	1841.54	1.6787	1.6425	819.25	1.8240	1843.26	1.6924	1.6561	819.98	1.8436	0.9453	1	0.03191	0.01239	0.10538	1	0.99214	0.9957	0	0
100289	Cleveland Clinic Hospital	22744	22744	22744	22744	12011	3	lurban	lurban	N	0.9419				N		1	0.2647	0.1087	155	123	0.1347	0.03115	0.0841	0	0.01718	0		0		0	0.218	0.014	0		3630	3510.59	2.2770	2.2682	1480.69	2.1320	3525.20	2.2865	2.2780	1483.15	2.1419	0.9598	1	0.04491	0.02741	0.33486	1	0.99522	0.9972	0	0
100290	"Villages Regional Hospital, The"	45540	45540	36740	45540	12119	3	ourban	ourban	W	0.8577				N		1	0	0	277	183	0	0	0.059705674	0	0.01216	0		0		0	0.22	0.026	0		7275	7177.79	1.4971	1.4872			7183.88	1.4928	1.4838			0.9002	1	0.00381	0.01011	0.56474	1	0.98875	0.9975	0	0
100291	Steward Melbourne Hospital	37340	37340	37340	37340	12009	3	ourban	ourban	N	0.9255				N		1	0	0	113	40	0	0	0.182	0.01145	0.03754	0.01145	0.000124	1002.17	0.000122	858.83	0.138	0.01	0		856	841.41	2.0199	1.9918			842.26	2.0161	1.9871			0.9484	1	0.07415	0.06489	0.38901	1	0.995	0.9900	0	0
100292	Sacred Heart Hospital On The Emerald Coast	18880	18880	18880	18880	12131	3	ourban	ourban	N	0.8566				N		1	0	0	57	35	0	0	0.252	0.02501	0	0.02501	0.000288	1255	0.000178	779.62	0.192	0.012	0		1886	1828.29	1.6531	1.6502			1833.00	1.6452	1.6422			0.8994	1	0.02208	0.01658	0.32843	1	1.00482	0.9969	0	0
100296	Doctors Hospital	33124	33124	33124	33124	12086	3	lurban	lurban	N	0.9474				N		1	0	0	281	83	0	0	0.3163	0.03827	0.06615	0.03827	0.000293	1322.84	0.00024	1041.41	0.247	0.034	0		1701	1674.94	1.4859	1.4798			1677.86	1.4860	1.4806			0.9637	1	0.12568	0.31041	0.35214	1	1.00162	0.9976	0	0
100299	Lakewood Ranch Medical Center	35840	35840	35840	35840	12081	3	ourban	ourban	N	0.9205				N		1	0	0	140	52	0	0	0.0924	0	0.01889	0		0		0	0.119	0.009	0		2268	2216.47	1.6930	1.6803			2219.17	1.6928	1.6805			0.9449	1	0.02069	0.01945	0.4066	1	1.00318	1.0000	0	0
100302	St Cloud Regional Medical Center	36740	36740	36740	36740	12097	3	lurban	lurban	N	0.8733				N		1	0	0	84	45	0	0	0.1915	0.01299	0	0.01299	0.000119	791.48	0.000114	741.92	0.126	0.006	0		1207	1174.21	1.4035	1.3922			1175.04	1.4023	1.3907			0.9114	1	0.01147	0.00221	0.3746	1	0.99361	0.9848	0	0
100307	Ascension St Vincent's Southside	27260	27260	27260	27260	12031	3	lurban	lurban	N	0.8737				N		1	0	0	275	110	0	0	0.235	0.02151	0.04874	0.02151	0.000289	731.49	0.000257	646.21	0.161	0.007	0		3200	3110.29	1.8449	1.8403			3115.28	1.8422	1.8372			0.9117	1	0.00445	0.0007	0.3061	1	0.99977	0.9868	0	0
100313	Sacred Heart Hospital On The Gulf	37460	37460	37460	37460	12045	3	ourban	ourban	N	0.8293				N		1	0	0	19	3	0	0	0.1752	0.01035	0	0.01035	0.000064	2813.35	0.000033	1325.52	0.494	0.059	0		177	165.85	1.1519	1.1455			166.42	1.1445	1.1381			0.8797	1	0	0	0.44181	1.25	1.01129	0.9988	0	0
100314	West Kendall Baptist Hospital	33124	33124	33124	33124	12086	3	lurban	lurban	N	0.9474				N		1	0.0915	0.0501	133	94	0.04873	0.01424	0.5123	0.0787	0.10931	0.0787	0.000652	3360.6	0.000551	2829.79	0.214	0.025	0		1416	1377.20	1.4662	1.4589	1578.61	1.4489	1378.71	1.4691	1.4617	1580.16	1.4532	0.9637	1	0.03356	0.08332	0.21176	1	1.00697	1.0000	0	0
100315	Viera Hospital	37340	37340	37340	37340	12009	3	ourban	ourban	N	0.9255				N		1	0	0	84	47	0	0	0.037632597	0	0	0		0		0	0.227	0.042	0		1964	1915.13	1.4621	1.4542			1918.27	1.4609	1.4532			0.9484	1	0.02377	0.09129	0.44687	1	1.00629	0.9821	0	0
100316	Palm Bay Hospital	37340	37340	37340	37340	12009	3	ourban	ourban	N	0.9255				N		1	0	0	152	70	0	0	0.172	0.00983	0.03544	0.00983	0.00035	1256.16	0.000269	975.22	0.21	0.027	0		2446	2393.50	1.4755	1.4630			2396.54	1.4699	1.4577			0.9484	1	0.02168	0.0518	0.39677	1	1.00287	0.9875	0	0
100319	Adventhealth Wesley Chapel	45300	45300	45300	45300	12101	3	lurban	lurban	N	0.8814				N		1	0	0	86	61	0	0	0.1425	0	0	0		0	0.000155	796.05	0.152	0.017	0		1966	1898.85	1.6492	1.6281			1909.09	1.6413	1.6243			0.9172	1	0.01922	0.03947	0.266	1	1.01214	0.9889	0	0
100320	Poinciana Medical Center	36740	36740	36740	36740	12097	3	lurban	lurban	N	0.8733				N		1	0	0	65	29	0	0	0.2356	0.02163	0	0.02163	0.00025	2498.49	0.000153	1678.34	0.085	0.017	0		932	915.42	1.3607	1.3564			916.38	1.3622	1.3579			0.9114	1	0	0	0.28199	1	0.98967	0.9970	0	0
100321	Ascension St Vincent's Clay County	27260	27260	27260	27260	12019	3	lurban	lurban	N	0.8737				N		1	0	0	103	62	0	0	0.1584	0.00762	0.0326	0.00762	0.000155	538.96		0	0.156	0.017	0		2565	2473.88	1.4940	1.4647			2479.21	1.4905	1.4616			0.9117	1	0.00723	0.01191	0.36094	1	1.01366	0.9803	0	0
100322	Regional General Hospital Williston	10	10	23540	23540	12075	3	rural	ourban	L	0.8887	LUGAR			N		1	0	0	20	2	0	0	0.1769	0.01062	0	0.01062	0.000013	1918.73		0	0.738	0.013	0		27	26.79	0.7913	0.7882			26.83	0.7876	0.7854			0.9224	1	0	0	0.24282	1	1	1.0000	0	1
100329	Oviedo Medical Center	36740	36740	36740	36740	12117	3	lurban	lurban	N	0.8733				N		1	0		64	23	0	0.52699	0.157849845	0.00753	0	0.00753		0		0	0.181	0.05	0		786	769.73	1.4103	1.4030			770.36	1.4099	1.4027			0.9114	1	0.05158	0.33808	0.30498	1	0.99574	1.0000	0	0
110001	Hamilton Medical Center	19140	19140	12060	11	13313	3	ourban	rural	S	0.9119		YES	YES	N		1	0	0	234	105	0	0	0.3575	0.04677	0	0.04677	0.000676	1631.2	0.000613	1449.87	0.193	0.019	7		3385	3322.67	1.5849	1.5796			3325.27	1.5822	1.5771			0.9388	1	0.01746	0.02968	0.35094	1	1.00048	0.9915	0	0
110002	Upson Regional Medical Center	11	11	12060	11	13293	3	rural	rural	W	0.9119				N		1	0	0	101	35	0	0	0.3925	0.05399	0	0.05399	0.00022	1901.15	0.000186	1577.99	0.259	0.035	17	6435.45	1023	995.83	1.4603	1.4426			996.92	1.4603	1.4429			0.9388	1	0.01308	0.05103	0.31528	1.07129	0.99972	1.0000	0	0
110003	Memorial Satilla Health	11	11	15260	11	13299	3	rural	rural	W	0.8184				N		1	0.0206	0.0353	155	65	0.01119	0.01001	0.294	0.03368	0	0.03368		0	0.000521	1812.99	0.22	0.019	17	6037.54	2486	2420.00	1.4048	1.3950	927.97	1.2869	2422.29	1.4044	1.3947	928.52	1.2852	0.8718	1	0.05488	0.06682	0.40001	1	0.99934	0.9858	0	0
110005	Northside Hospital Forsyth	12060	12060	12060	12060	13117	3	lurban	lurban	N	0.9253				N		1	0	0	231	181	0	0	0.1754	0.01038	0.03616	0.01038	0.00081	1369.19	0.000497	897.46	0.223	0.019	0		5022	4991.48	1.6543	1.6503			4994.27	1.6499	1.6460			0.9482	1	0.11437	0.13012	0.31998	1	0.99941	0.9942	0	0
110006	St Mary's Hospital	12020	12020	12060	11	13059	3	ourban	rural	S	0.9119		YES	YES	N		1	0.191	0.1247	162	101	0.09903	0.03582	0.2399	0.02252	0	0.02252	0.00034	955.43	0.00026	748.23	0.232	0.013	7		2980	2935.16	1.7194	1.7115	1258.88	1.7964	2943.60	1.7162	1.7087	1264.12	1.7920	0.9388	1	0.0139	0.00713	0.28976	1	0.99799	0.9990	0	0
110007	Phoebe Putney Memorial Hospital	10500	10500	10500	11	13095	3	ourban	rural	S	0.823		YES		N		1	0.029	0.0583	416	248	0.01572	0.01659	0.4162	0.05888	0	0.05888		0	0.001256	1884.19	0.27	0.023	17	8167.47	5089	4990.79	1.8335	1.8142	1817.38	1.8275	4996.37	1.8331	1.8137	1818.79	1.8300	0.8751	1	0.06481	0.08335	0.28572	1	0.99474	0.9973	0	0
110008	Northside Hospital Cherokee	12060	12060	12060	12060	13057	3	lurban	lurban	N	0.9253				N		1	0	0	80	72	0	0	0.2139	0.01715	0	0.01715	0.000559	1855.4	0.000383	1442.02	0.229	0.017	0		2926	2900.89	1.7077	1.7025			2903.02	1.7079	1.7028			0.9482	1	0.12912	0.12115	0.34154	1	1.00667	0.9906	0	0
110010	Emory University Hospital	12060	12060	12060	12060	13089	3	lurban	lurban	N	0.9253				N		1	0.5651	0.6751	519	446	0.26854	0.20987	0.1761	0.01049	0.0363	0.01049	0.001577	1531.33	0.001103	1089.94	0.283	0.028	0		8405	8317.52	2.4046	2.4014	3730.72	2.2626	8324.70	2.4140	2.4106	3736.27	2.2742	0.9482	1	0.15914	0.24049	0.29065	1	1.00418	0.9993	0	0
110011	Tanner Medical Center - Carrollton	12060	12060	12060	12060	13045	3	lurban	lurban	N	0.9253				N		1	0	0	144	90	0	0	0.2433	0.02322	0.0505	0.02322	0.000665	1850.95	0.000333	918.91	0.257	0.028	0		3066	3005.22	1.7438	1.7315			3009.35	1.7388	1.7268			0.9482	1	0.02622	0.04936	0.37041	1	1.00283	0.9873	0	1
110015	Tanner Medical Center Villa Rica	12060	12060	12060	12060	13045	3	lurban	lurban	N	0.9253				N		1	0	0	40	23	0	0	0.3205	0.03	0	0.03	0.000239	2573.61	0.000177	2072.91	0.265	0.011	0		865	846.59	1.4818	1.4688			847.24	1.4770	1.4638			0.9482	1	0.01511	0.00231	0.31639	1	1.00451	0.9897	0	1
110016	Wellstar West Georgia Medical Center	11	11	12060	11	13285	3	rural	rural	W	0.9119				N		1	0	0	276	74	0	0	0.3341	0.04195	0	0.04195	0.000509	1752.91	0.000446	1585.93	0.179	0.009	7		2540	2488.13	1.4320	1.4154			2490.85	1.4297	1.4147			0.9388	1	0.00109	0.00039	0.34233	1	0.99768	0.9972	0	0
110018	Piedmont Newton Hospital	12060	12060	12060	12060	13217	3	lurban	lurban	N	0.9253				N		1	0	0	87	48	0	0	0.336	0.03	0	0.03	0.000192	987.26	0.000177	927.92	0.188	0.006	0		1586	1532.10	1.4344	1.4182			1534.01	1.4345	1.4183			0.9482	1	0.00139	0.00014	0.29595	1	1.00012	0.9767	0	0
110023	Adventhealth Gordon	11	11	12060	11	13129	3	rural	rural	W	0.9119				N		1	0	0	69	43	0	0	0.294	0.03368	0	0.03368	0.000228	1248.98	0.000178	944.89	0.162	0.013	7		1423	1379.95	1.6660	1.6549			1382.57	1.6650	1.6545			0.9388	1	0.01161	0.01416	0.42051	1	1.0169	0.9969	0	0
110024	Candler Hospital	42340	42340	42340	42340	13051	3	ourban	ourban	N	0.8175				N		1	0	0	231	147	0	0	0.3048	0.0359	0.06367	0.0359	0.000919	2808.56	0.00068	1974.2	0.211	0.016	0		2545	2512.48	1.5913	1.5729			2514.51	1.5911	1.5729			0.8711	1	0.02784	0.02773	0.27083	1	1.00074	0.9971	0	0
110025	Southeast Georgia Health System- Brunswick Campus	15260	15260	15260	11	13127	3	ourban	rural	S	0.8247		YES		N		1	0	0	300	161	0	0	0.2253	0.01951	0	0.01951		0		0	0.313	0.045	17	7966.69	4507	4459.81	1.7489	1.7381			4462.45	1.7526	1.7417			0.8764	1	0.04147	0.11817	0.40063	1	0.99069	0.9768	0	0
110026	Elbert Memorial Hospital	11	11	11	11	13105	3	rural	rural	N	0.7935				N		1	0	0	52	6	0	0	0.1748	0.01028	0	0.01028	0.000035	1091.73		0	0.529	0.032	16	5827.74	249	243.96	1.0665	1.0617			244.21	1.0657	1.0609			0.8535	1	0	0	0.45957	1.23909	1	0.9989	0	0
110027	"St Mary's Sacred Heart Hospital, Inc"	11	11	11	11	13119	3	rural	rural	N	0.8023				Y	0.0177	1	0	0	56	17	0	0	0.3394	0.03	0	0.03	0.000073	917.58	0.000082	1098.53	0.415	0.031	0		723	707.64	1.1436	1.1360			708.61	1.1415	1.1341			0.86	1	0	0	0.36743	1.15356	1.00219	0.9871	0	0
110028	University Hospital	12260	12260	12260	12260	13245	3	ourban	ourban	N	0.8724				N		1	0.0082	0.0078	530	317	0.00447	0.0022	0.2869	0.03221	0.05982	0.03221	0.001074	1010.73	0.000935	953.16	0.306	0.023	0		8683	8583.07	1.7935	1.7842	4034.47	1.8822	8591.25	1.7927	1.7833	4038.02	1.8792	0.9108	1	0.03647	0.03259	0.3327	1	0.99413	0.9935	0	0
110029	"Northeast Georgia Medical Center, Inc"	23580	23580	12060	23580	13139	3	ourban	ourban	W	0.9119				N		1	0	0	518	381	0	0	0.2542	0.02547	0.05282	0.02547	0.001609	1146.1	0.00138	1030.83	0.224	0.023	7		11988	11839.93	1.8794	1.8667			11850.32	1.8851	1.8722			0.9388	1	0.07451	0.12364	0.34374	1	1.00707	0.9976	0	0
110030	Cartersville Medical Center	12060	12060	12060	12060	13015	3	lurban	lurban	N	0.9253				N		1	0	0	112	77	0	0	0.2637	0.02743	0.05485	0.02743	0.000408	1308.99	0.00032	1042.52	0.104	0.01	0		2677	2624.19	1.6097	1.5991			2627.73	1.6084	1.5974			0.9482	1	0.00574	0.01103	0.38962	1	1.01055	0.9915	0	0
110031	Wellstar Spalding Regional Hospital	12060	12060	12060	12060	13255	3	lurban	lurban	N	0.9253				N		1	0	0	160	100	0	0	0.3383	0.04281	0.07091	0.04281	0.000208	661.5	0.000272	812.9	0.181	0.014	0		2405	2373.59	1.4801	1.4666			2375.46	1.4794	1.4659			0.9482	1	0.05296	0.04647	0.35222	1	0.99133	0.9949	0	0
110032	Stephens County Hospital	11	11	11	11	13257	3	rural	rural	N	0.7935				N		1	0	0	87	22	0	0	0.2368	0.02188	0	0.02188	0.000185	2101.6	0.000145	1473.19	0.419	0.037	14	7040.07	680	659.40	1.3426	1.3241			660.32	1.3395	1.3211			0.8535	1	0.02206	0.03576	0.45497	1	1.00768	0.9969	0	0
110034	Au Medical Center	12260	12260	12260	12260	13245	3	ourban	ourban	N	0.8724				N		1	0.7611	1.172	499	342	0.34776	0.392	0.4444	0.0647	0.09416	0.0647	0.001504	2964.24	0.001766	3567.49	0.247	0.017	0		4250	4197.17	2.0208	2.0041	1664.12	2.0686	4200.73	2.0271	2.0108	1664.71	2.0742	0.9108	1	0.08928	0.06416	0.21115	1	0.99662	0.9964	0	0
110035	Wellstar Kennestone Hospital	12060	12060	12060	12060	13067	3	lurban	lurban	N	0.9253				N		1	0.066	0	642	501	0.0354	0	0.2229	0.01901	0.04617	0.01901	0.003101	2353.27	0.001736	1336.35	0.192	0.013	0		11117	10998.48	1.9548	1.9457	4243.54	1.9347	11007.11	1.9600	1.9513	4247.44	1.9354	0.9482	1	0.06275	0.05313	0.29444	1	1.00166	0.9946	0	0
110036	Memorial Health University Medical Center	42340	42340	42340	42340	13051	3	ourban	ourban	N	0.8175				N		1	0.2083	0.2461	486	415	0.10752	0.07192	0.3703	0.04941	0.07787	0.04941	0.001764	2336.49	0.001255	1672.25	0.216	0.011	0		6138	6023.04	2.1718	2.1511	2612.25	2.0679	6030.63	2.1784	2.1581	2614.25	2.0756	0.8711	1	0.02339	0.00875	0.22592	1	0.98986	0.9966	0	0
110038	John D Archbold Memorial Hospital	11	11	45220	11	13275	3	rural	rural	W	0.8058				N		1	0	0	226	146	0	0	0.3203	0.0391	0	0.0391	0.001039	2342.65	0.000585	1350.9	0.285	0.024	7		3778	3734.84	1.7853	1.7792			3736.90	1.7889	1.7827			0.8626	1	0.01795	0.02678	0.40308	1	0.9919	0.9879	0	0
110040	Northridge Medical Center	11	11	12060	12060	13157	3	rural	lurban	L	0.9119	LUGAR			N		1	0	0	45	8	0	0	0.381	0.03	0	0.03	0.000077	2390.92	0.000051	1160.2	0.427	0.007	0		139	134.48	1.1636	1.1514			134.67	1.1605	1.1484			0.9388	1	0	0	0.50166	1.21811	1.00029	0.9978	0	0
110041	Habersham County Medical Ctr	11	11	11	11	13137	3	rural	rural	N	0.7935				N		1	0	0	53	23	0	0	0.2807	0.03	0	0.03	0.000182	2157.69	0.000131	1418.74	0.434	0.072	0		573	561.25	1.2918	1.2808			562.17	1.2883	1.2776			0.8535	1	0.00388	0.02192	0.39086	1	0.99806	0.9829	0	0
110042	Wellstar Paulding Hospital	12060	12060	12060	12060	13223	3	lurban	lurban	N	0.9253				N		1	0	0	100	55	0	0	0.1474	0	0.0303	0		0		0	0.194	0.021	0		2341	2305.03	1.3562	1.3453			2307.44	1.3511	1.3409			0.9482	1	0.00962	0.01706	0.40189	1	1.00716	0.9931	0	0
110043	St Joseph's Hospital - Savannah	42340	42340	42340	42340	13051	3	ourban	ourban	N	0.8175				N		1	0	0	216	147	0	0	0.1336	0	0.02742	0		0		0	0.217	0.015	0		4757	4703.17	2.0027	1.9930			4708.78	1.9939	1.9842			0.8711	1	0.03028	0.0198	0.44327	1	0.99579	0.9919	0	0
110044	Phoebe Sumter Medical Center	11	11	11	11	13261	3	rural	rural	N	0.8041				Y	0.0212	1	0	0	54	29	0	0	0.3625	0.03	0	0.03	0.000372	3663.47	0.000229	2194.89	0.347	0.04	0		847	828.18	1.3238	1.3078			829.07	1.3245	1.3090			0.8613	1	0.02626	0.06236	0.31114	1.06909	1.00745	0.9961	0	0
110045	Northeast Georgia Medical Center Barrow	12060	12060	12060	12060	13013	3	lurban	lurban	N	0.9253				N		1	0	0	56	12	0	0	0.2378	0.02208	0	0.02208	0.000077	1642.67	0.000061	1126.68	0.376	0.011	0		336	329.68	1.2068	1.2015			329.94	1.2041	1.1987			0.9482	1	0.11486	0.02038	0.34137	1.1828	1.01224	0.9991	0	0
110046	"Piedmont Walton Hospital, Inc"	12060	12060	12060	12060	13297	3	lurban	lurban	N	0.9253				N		1	0	0	77	24	0	0	0.2828	0.03	0	0.03	0.000088	882.42	0.000153	1351	0.14	0.008	0		701	680.15	1.5383	1.5271			681.50	1.4937	1.4810			0.9482	1	0	0	0.3425	1.08568	0.99273	0.9981	0	0
110050	Adventhealth Murray	19140	19140	19140	19140	13213	3	ourban	ourban	N	0.8426				N		1	0	0	29	4	0	0	0.1899	0.01273	0	0.01273	0.000077	2253.14	0.000057	1739.31	0.206	0.025	0		261	245.53	1.2581	1.2484			246.25	1.2558	1.2455			0.8893	1	0	0	0.65409	1	1	1.0000	0	0
110051	Union General Hospital	11	11	11	11	13291	3	rural	rural	N	0.7935				N		1	0	0	39	17	0	0	0.202	0.0147	0	0.0147	0.000074	658.59		0	0.377	0.041	16	5335.49	990	965.47	1.2430	1.2347			966.48	1.2413	1.2329			0.8535	1	0.01504	0.02727	0.40412	1.12455	1.00489	0.9923	0	0
110054	Floyd Medical Center	40660	40660	12060	40660	13115	3	ourban	ourban	W	0.9119				N		1	0.1112	0.1575	225	155	0.0589	0.04545	0.3937	0.05424	0.08299	0.05424	0.0006	1101.96	0.00074	1395.43	0.209	0.017	7		4764	4684.26	1.6465	1.6325	1593.71	1.6425	4689.18	1.6416	1.6276	1595.03	1.6367	0.9388	1	0.02598	0.02722	0.29601	1	0.99678	0.9897	0	0
110064	Piedmont Columbus Regional Midtown	17980	17980	17980	17980	13215	3	ourban	ourban	N	0.8213				N		1	0.1045	0.1652	326	205	0.05545	0.04772	0.4718	0.07035	0.10025	0.07035	0.000575	1497.48	0.000741	2054.8	0.26	0.029	0		3451	3369.74	1.8478	1.8250	1441.06	1.7773	3374.36	1.8467	1.8246	1442.47	1.7673	0.8739	1	0.02629	0.05197	0.21103	1	0.99413	0.9996	0	0
110069	Houston Medical Center	47580	47580	31420	47580	13153	3	ourban	ourban	W	0.8357				N		1	0.0795	0.0853	237	165	0.04248	0.02436	0.3027	0.03547	0.06321	0.03547	0.000762	1395.43	0.000689	1221.93	0.378	0.044	0		4474	4435.27	1.4517	1.4455	1170.70	1.5752	4437.05	1.4497	1.4435	1171.54	1.5660	0.8843	1	0.03113	0.07229	0.37355	1	0.99808	0.9716	0	0
110071	Appling Hospital	11	11	11	11	13001	3	rural	rural	N	0.7935				N		1	0	0	34	8	0	0	0.5558	0.03	0	0.03	0.000098	3022.59	0.000072	1998.71	0.375	0.03	16	4466.42	235	231.39	1.1646	1.1608			231.54	1.1625	1.1587			0.8535	1	0	0	0.47848	1.23818	1	0.9955	0	0
110073	Dorminy Medical Center	11	11	11	11	13017	3	rural	rural	N	0.7935				N		1	0	0	48	8	0	0	0.3371	0.03	0	0.03	0.000106	2739.82	0.000078	1888.19	0.302	0.029	0		321	313.96	1.1149	1.1090			314.50	1.1142	1.1087			0.8535	1	0.00097	0.00352	0.43582	1	0.99123	1.0000	0	1
110074	Piedmont Athens Regional Medical Center	12020	12020	12060	12020	13059	3	ourban	ourban	W	0.9119				N		1	0.0391	0	316	230	0.02113	0	0.3154	0.03809	0.06595	0.03809	0.000959	1138.07	0.000932	1096.46	0.195	0.017	0		7128	7002.70	1.7376	1.7281	3175.39	1.8053	7010.64	1.7380	1.7293	3180.42	1.8047	0.9388	1	0.01897	0.02325	0.33992	1	1.00508	0.9993	0	0
110075	East Georgia Regional Medical Center	11	11	42340	11	13031	3	rural	rural	W	0.8175				N		1	0	0	149	78	0	0	0.3804	0.0515	0	0.0515	0.000282	934.72	0.000291	964.34	0.137	0.018	17	4615.26	2430	2381.26	1.6234	1.5996			2383.69	1.6235	1.5997			0.8711	1	0.00765	0.02388	0.3421	1	0.99827	0.9949	0	0
110076	Emory Decatur Hospital	12060	12060	12060	12060	13089	3	lurban	lurban	N	0.9253				N		1	0.0322	0.0411	389	233	0.01744	0.01167	0.4308	0.06189	0.09116	0.06189	0.000826	1809.32	0.000826	1709.16	0.303	0.018	0		3622	3567.73	1.6470	1.6356	2420.72	1.6542	3571.05	1.6509	1.6397	2423.13	1.6556	0.9482	1	0.03167	0.01763	0.19242	1	0.98955	0.9951	0	0
110078	Emory University Hospital Midtown	12060	12060	12060	12060	13121	3	lurban	lurban	N	0.9253				N		1	0.1113	0.1896	459	321	0.05895	0.05496	0.405	0.05657	0.08547	0.05657	0.000995	1490.56	0.001005	1453.11	0.313	0.014	0		5184	5109.54	2.3321	2.3091	2958.69	2.0169	5112.83	2.3317	2.3089	2961.10	2.0176	0.9482	1	0.12132	0.0322	0.26322	1	1.00034	0.9987	0	0
110079	Grady Memorial Hospital	12060	12060	12060	12060	13121	3	lurban	lurban	N	0.9253				N		1	0.6486	0.9599	642	492	0.30297	0.31112	0.5418	0.08478	0.11596	0.08478	0.007364	13267.22	0.004803	9089	0.158	0.01	0		4591	4541.99	1.8973	1.8891	3109.21	1.5992	4544.07	1.9116	1.9037	3110.18	1.6077	0.9482	1	0.04331	0.04313	0.15777	1	0.99598	0.9972	0	0
110082	"Saint Joseph's Hospital Of Atlanta, Inc"	12060	12060	12060	12060	13121	3	lurban	lurban	N	0.9253				N		1	0.0075	0	278	187	0.00409	0	0.1048	0	0.02145	0		0		0	0.296	0.022	0		5985	5904.06	2.0976	2.0934	2297.81	2.0353	5910.24	2.1003	2.0960	2301.60	2.0327	0.9482	1	0.06668	0.05356	0.4295	1	1.00816	0.9901	0	0
110083	Piedmont Hospital	12060	12060	12060	12060	13121	3	lurban	lurban	N	0.9253				N		1	0.0081	0.0135	505	395	0.00442	0.00382	0.1462	0	0.03005	0		0		0	0.208	0.011	0		8015	7929.53	2.4680	2.4449	3979.55	2.0925	7938.38	2.4740	2.4518	3986.53	2.1031	0.9482	1	0.10959	0.04565	0.30764	1	1.00927	0.9947	0	0
110086	Washington County Regional Medical Center	11	11	11	11	13303	3	rural	rural	N	0.7935				N		1	0	0	56	4	0	0	0.1719	0.00981	0	0.00981	0.000064	2818.76	0.000048	1716.63	0.687	0.042	16	5196.84	164	159.80	1.0722	1.0618			159.92	1.0698	1.0595			0.8535	1	0	0	0.43494	1.25	1.01735	0.9998	0	0
110087	Gwinnett Medical Center	12060	12060	12060	12060	13135	3	lurban	lurban	N	0.9253				N		1	0.0757	0.0401	468	380	0.04049	0.01138	0.3043	0.0358	0.06356	0.0358	0.002282	2696.43	0.001649	1874.88	0.262	0.018	0		6676	6593.57	1.7863	1.7810	3274.19	1.8398	6599.37	1.7877	1.7824	3275.69	1.8447	0.9482	1	0.02567	0.01942	0.25269	1	0.99835	1.0000	0	0
110089	"Coffee Regional Medical Center, Inc"	11	11	11	11	13069	3	rural	rural	N	0.7935				N		1	0	0	86	42	0	0	0.3363	0.03	0	0.03	0.000179	1139.43	0.000167	1018.6	0.234	0.028	16	5628.72	1399	1360.18	1.3743	1.3647			1362.31	1.3730	1.3632			0.8535	1	0.00691	0.02147	0.39135	1	1.00046	0.9922	0	0
110091	Piedmont Rockdale Hospital	12060	12060	12060	12060	13247	3	lurban	lurban	N	0.9253				N		1	0	0	141	104	0	0	0.3671	0.04875	0.07717	0.04875	0.0003	1156.3	0.000331	1193.63	0.217	0.005	0		1929	1899.97	1.5128	1.5048			1900.80	1.5149	1.5061			0.9482	1	0.02057	0.00037	0.25661	1	0.99711	0.9962	0	0
110092	Dodge County Hospital	11	11	11	11	13091	3	rural	rural	N	0.7935				N		1	0	0	45	13	0	0	0.4385	0.03	0	0.03	0.000058	1113.13	0.000056	968.58	0.348	0.025	0		436	430.34	1.2387	1.2254			430.52	1.2346	1.2211			0.8535	1	0.002	0.00192	0.35504	1.19788	1.00119	0.9974	0	0
110095	Tift Regional Medical Center	11	11	10500	11	13277	3	rural	rural	W	0.823				N		1	0	0	181	106	0	0	0.3265	0.04038	0	0.04038	0.000948	2622.6	0.000626	1709.41	0.232	0.022	7		3042	3010.28	1.5401	1.5333			3011.79	1.5361	1.5293			0.8751	1	0.03269	0.05479	0.34586	1	1.00152	1.0000	0	0
110100	Jefferson Hospital	11	11	11	11	13163	3	rural	rural	N	0.7935				N		1	0	0	37	3	0	0	0.0939	0	0	0		0		0	0.743	0.034	16	3556.68	192	186.85	1.0642	1.0587			187.25	1.0533	1.0479			0.8535	1	0.00557	0.00163	0.5691	1.25	1	1.0000	0	0
110101	Cook  Medical Center  A Campus Of Tift Reg Med Ctr	11	11	11	11	13075	3	rural	rural	N	0.7935				N		1	0	0	33	2	0	0	0.3044	0.03	0	0.03	0.000124	10715.83	0.00008	5994.94	0.61	0.096	0		79	77.65	0.9784	0.9756			77.75	0.9725	0.9698			0.8535	1	0	0	0.49091	1	1	0.9971	0	0
110104	Crisp Regional Hospital	11	11	11	11	13081	3	rural	rural	N	0.7935				N		1	0	0	65	32	0	0	0.3309	0.03	0	0.03	0.000255	2187.89	0.000183	1541.29	0.317	0.018	16	4998.63	952	936.68	1.4446	1.4371			937.27	1.4441	1.4367			0.8535	1	0.00342	0.00146	0.35582	1.06697	0.99735	0.9950	0	0
110105	Colquitt Regional Medical Center	11	11	45220	11	13071	3	rural	rural	W	0.8058				N		1	0.0584	0	99	52	0.03139	0	0.3501	0.04525	0	0.04525	0.000222	1132.75	0.000197	983.94	0.306	0.031	17	5868.98	1635	1611.09	1.4566	1.4502	544.41	1.3406	1612.57	1.4538	1.4473	544.78	1.3417	0.8626	1	0.03021	0.05314	0.39423	1	1.00674	0.9830	0	0
110107	"Medical Center, Navicent Health (The)"	31420	31420	31420	31420	13021	3	ourban	ourban	N	0.851				N		1	0.1446	0.188	586	462	0.0759	0.05449	0.3439	0.04397	0.07212	0.04397	0.001668	1816.62	0.001426	1498.37	0.232	0.013	0		7547	7466.21	2.0701	2.0578	3536.80	2.0540	7472.82	2.0764	2.0648	3539.27	2.0643	0.8954	1	0.07206	0.03993	0.27137	1	0.99332	0.9949	0	0
110109	Emanuel Medical Center	11	11	11	11	13107	3	rural	rural	N	0.7935				N		1	0	0	45	10	0	0	0.3045	0.03	0	0.03	0.000112	2211.94	0.000085	1652.17	0.224	0.023	16	5494.32	401	381.00	1.1078	1.0923			381.86	1.1031	1.0872			0.8535	1	0	0.00204	0.43942	1.20909	1.00655	1.0000	0	0
110111	University Hospital Mcduffie	12260	12260	12260	12260	13189	3	ourban	ourban	N	0.8724				N		1	0	0	25	4	0	0	0.1779	0.01078	0	0.01078	0.000114	5209.99	0.000106	4263.9	0.291	0.045	0		192	185.42	1.3027	1.2710			185.45	1.2958	1.2666			0.9108	1	0	0	0.37072	1.25	1	0.9940	0	0
110113	Burke Medical Center	12260	12260	12260	12260	13033	3	ourban	ourban	N	0.8724				N		1	0	0	40	2	0	0	0.1488	0	0	0		0	0.000022	1405.11	0.611	0.079	0		95	93.03	0.8814	0.8786			93.11	0.8802	0.8774			0.9108	1	0.03984	0.08773	0.49824	1.25	1	0.9909	0	0
110115	Wellstar Atlanta Medical Center	12060	12060	12060	12060	13121	3	lurban	lurban	N	0.9253				N		1	0.1521	0.2807	466	263	0.07967	0.08244	0.5022	0.07662	0.10705	0.07662	0.001504	4313.77	0.001279	3256	0.198	0.017	0		2532	2497.57	1.9163	1.8908	1569.57	1.7545	2499.15	1.9257	1.9004	1571.31	1.7626	0.9482	1	0.14431	0.18421	0.21322	1	0.99408	0.9945	0	0
110121	Grady General Hospital	11	11	11	11	13131	3	rural	rural	N	0.8006				Y	0.0143	1	0	0	46	10	0	0	0.3785	0.03	0	0.03	0.000091	2488.17	0.000072	1843.51	0.418	0.033	0		270	268.23	1.3092	1.3022			268.32	1.3035	1.2973			0.8587	1	0.02009	0.02963	0.30186	1.20992	0.99337	1.0000	0	0
110122	South Georgia Medical Center	46660	46660	45220	46660	13185	3	ourban	ourban	W	0.8058				N		1	0	0	261	155	0	0	0.3429	0.04376	0.0719	0.04376	0.001491	2876.88	0.000758	1432.95	0.313	0.023	7		4383	4328.35	1.7487	1.7356			4331.43	1.7485	1.7350			0.8626	1	0.09535	0.0939	0.36664	1	0.99996	0.9961	0	0
110124	Wayne Memorial Hospital	11	11	11	11	13305	3	rural	rural	N	0.7935				N		1	0	0	88	27	0	0	0.3409	0.03	0	0.03		0		0	0.295	0.033	16	6960.12	885	873.38	1.2519	1.2428			874.02	1.2482	1.2393			0.8535	1	0.01379	0.03692	0.33946	1	1.00731	0.9840	0	0
110125	Fairview Park Hospital	11	11	31420	11	13175	3	rural	rural	W	0.8357				N		1	0	0	146	70	0	0	0.3645	0.04822	0	0.04822	0.000233	938.09	0.000228	911.05	0.109	0.01	7		1987	1937.21	1.5236	1.5086			1941.22	1.5236	1.5088			0.8843	1	0.00389	0.0068	0.32682	1	1.00546	1.0000	0	0
110128	Meadows Regional Medical Center	11	11	42340	11	13279	3	rural	rural	W	0.8175				N		1	0	0	52	38	0	0	0.3841	0.03	0	0.03	0.000356	2352.01	0.00026	1608.95	0.239	0.037	16	5388.56	1274	1249.21	1.3999	1.3814			1250.39	1.3972	1.3784			0.8711	1	0.00749	0.02423	0.3187	1	1.00105	0.9975	0	0
110129	St Francis Hospital	17980	17980	17980	17980	13215	3	ourban	ourban	N	0.8213				N		1	0	0	312	184	0	0	0.2444	0.02345	0.05074	0.02345	0.000635	1010.11	0.000474	705.94	0.298	0.064	0		4873	4806.11	1.7383	1.7274			4809.03	1.7387	1.7272			0.8739	1	0.02412	0.17916	0.39527	1	0.99429	1.0000	0	0
110130	Irwin County Hospital	11	11	11	11	13155	3	rural	rural	N	0.7935				N		1	0	0	34	6	0	0	0.9296	0.03	0	0.03	0.0001	13982.66	0.000075	6817.43	0.352	0.031	0		41	40.03	1.0010	0.9950			40.03	0.9955	0.9891			0.8535	1	0	0	0.09522	1	1	1.0000	0	1
110132	Memorial Hospital And Manor	11	11	11	11	13087	3	rural	rural	N	0.7935				N		1	0	0	80	17	0	0	0.3724	0.03	0	0.03	0.00019	3461.58	0.000129	2009.77	0.35	0.027	0		424	416.04	1.0862	1.0786			416.57	1.0849	1.0774			0.8535	1	0.01106	0.01475	0.29623	1.14955	1	0.9942	1	0
110135	Taylor Regional Hospital	47580	47580	47580	47580	13235	3	ourban	ourban	N	0.7935				N		1	0	0	55	10	0	0	0.2798	0.03	0	0.03	0.00006	1250.95	0.000044	830.65	0.434	0.019	0		373	360.44	1.3029	1.2964			361.27	1.2929	1.2874			0.8535	1	0.00014	0	0.3183	1.19811	0.99621	1.0000	0	0
110142	Evans Memorial Hospital	11	11	11	11	13109	3	rural	rural	N	0.7935				N		1	0	0	49	5	0	0	0.1506	0.00635	0	0.00635	0.000031	990.57	0.000023	710.54	0.238	0.043	0		226	211.10	1.1482	1.1226			211.71	1.1444	1.1188			0.8535	1	0	0	0.46346	1.2422	1.01811	0.9967	0	1
110143	Wellstar Cobb Hospital	12060	12060	12060	12060	13067	3	lurban	lurban	N	0.9253				N		1	0	0	352	233	0	0	0.3849	0.05242	0.08106	0.05242	0.001819	3448.62	0.001157	2040.96	0.207	0.018	0		4081	4036.08	1.7802	1.7716			4038.10	1.7866	1.7775			0.9482	1	0.09187	0.11283	0.24743	1	0.99045	0.9977	0	0
110146	Southeast Georgia Health System- Camden Campus	11	11	27260	11	13039	3	rural	rural	W	0.8737				N		1	0	0	40	18	0	0	0.268	0.02831	0	0.02831		0		0	0.392	0.061	16	9526.81	447	433.53	1.4427	1.4310			434.47	1.4340	1.4219			0.9117	1	0.0614	0.18562	0.23933	1.13902	1.00536	0.9871	0	0
110150	Navicent Health Baldwin	11	11	12060	11	13009	3	rural	rural	W	0.9119				N		1	0	0	103	30	0	0	0.3402	0.0432	0	0.0432	0.00017	1733.3	0.000161	1513.58	0.343	0.034	7		834	803.04	1.4158	1.3900			804.07	1.4104	1.3843			0.9388	1	0.00032	0.00087	0.33504	1.08735	1.00972	0.9953	0	0
110153	Perry Hospital	47580	47580	31420	47580	13153	3	ourban	ourban	W	0.8357				N		1	0	0	39	15	0	0	0.082778571	0	0	0		0		0	0.455	0.029	0		556	551.10	1.2067	1.2042			551.53	1.2013	1.1988			0.8843	1	0.01279	0.00728	0.54089	1	1.01214	0.9882	0	0
110161	Northside Hospital	12060	12060	12060	12060	13121	3	lurban	lurban	N	0.9253				N		1	0	0	526	386	0	0	0.3284	0.04077	0.06876	0.04077	0.001511	3248.2	0.001371	3095	0.208	0.016	0		3765	3742.25	1.8531	1.8496			3745.47	1.8527	1.8495			0.9482	1	0.24185	0.23382	0.1029	1	1.00557	0.9948	0	0
110164	Coliseum Medical Centers	31420	31420	31420	31420	13021	3	ourban	ourban	N	0.851				N		1	0	0	201	134	0	0	0.3159	0.03819	0.06606	0.03819	0.000453	1032.64	0.00038	881.33	0.135	0.009	0		3607	3553.78	1.8960	1.8765			3556.31	1.8943	1.8749			0.8954	1	0.0158	0.01131	0.3537	1	0.99754	0.9931	0	0
110165	Southern Regional Medical Center	12060	12060	12060	12060	13063	3	lurban	lurban	N	0.9253				N		1	0	0	266	115	0	0	0.4675	0.06946	0.09929	0.06946	0.00073	2769.23	0.000692	2499.14	0.204	0.036	0		2094	2049.59	1.7961	1.7814			2051.20	1.8003	1.7854			0.9482	1	0.01285	0.06236	0.19961	1	0.99856	0.9966	0	0
110168	Redmond Regional Medical Center	40660	40660	12060	40660	13115	3	ourban	ourban	W	0.9119				N		1	0.2113	0	184	122	0.10898	0	0.1687	0.00929	0.03475	0.00929	0.000394	635.94	0.00029	491.8	0.124	0.01	7		5314	5213.89	1.8609	1.8554	1730.53	1.8754	5219.85	1.8600	1.8544	1732.69	1.8716	0.9388	1	0.00373	0.00535	0.47416	1	1.00105	0.9807	0	0
110177	Doctors Hospital	12260	12260	12260	12260	13245	3	ourban	ourban	N	0.8724				N		1	0	0	257	174	0	0	0.326	0.04028	0.06824	0.04028	0.000527	1163.9	0.000531	1181.96	0.094	0.008	0		3736	3666.03	2.0027	1.9903			3670.33	2.0213	2.0085			0.9108	1	0.14763	0.1747	0.26582	1	0.99536	0.9879	0	0
110184	Wellstar Douglas Hospital	12060	12060	12060	12060	13097	3	lurban	lurban	N	0.9253				N		1	0	0	102	67	0	0	0.2442	0.0234	0.05069	0.0234	0.0007	2728.26	0.000368	1376.1	0.198	0.017	0		1993	1949.55	1.6608	1.6402			1952.50	1.6532	1.6341			0.9482	1	0.0469	0.05651	0.36036	1	1.0074	0.9981	0	0
110187	Chestatee Regional Hospital	11	11	12060	12060	13187	3	rural	lurban	L	0.9119	LUGAR			N		1	0	0	38	5	0	0	0.0769	0	0	0		0	0.00004	1101.82	0.328	0.015	0		127	122.59	1.1156	1.1115			123.09	1.1102	1.1073			0.9388	1	0.08524	0.02731	0.74459	1.24659	1	0.9700	0	1
110189	Fannin Regional Hospital	11	11	12060	11	13111	3	rural	rural	W	0.9119				N		1	0	0	50	10	0	0	0.3269	0.04046	0	0.04046	0.000123	1850.37	0.000084	1315.06	0.152	0.014	14	4470.79	580	557.99	1.2714	1.2664			559.24	1.2689	1.2640			0.9388	1	0.00377	0.00593	0.38981	1.18606	1.00588	0.9952	0	0
110190	Flint River Community Hospital	11	11	11	11	13193	3	rural	rural	N	0.7935				N		1	0	0	22	1	0	0	0.6964	0.03	0	0.03	0.000008	11756.03	0.000011	13323.52	0.203	0.015	0		4	4.00	0.8208	0.8208			4.00	0.8218	0.8218			0.8535	1	0	0	0.18304	1.25	1	1.0000	0	0
110191	Piedmont Henry Hospital	12060	12060	12060	12060	13151	3	lurban	lurban	N	0.9253				N		1	0	0	230	180	0	0	0.282	0.0312	0.05877	0.0312	0.000836	1792.19	0.000648	1404.31	0.189	0.01	0		3939	3880.12	1.6057	1.5930			3883.23	1.6074	1.5948			0.9482	1	0.02172	0.0092	0.29926	1	0.99372	0.9856	0	0
110192	Eastside Medical Center	12060	12060	12060	12060	13135	3	lurban	lurban	N	0.9253				N		1	0	0	206	126	0	0	0.2809	0.03097	0.05853	0.03097	0.000526	1492.08	0.000428	1201.41	0.122	0.013	0		2931	2869.89	1.5661	1.5556			2873.88	1.5707	1.5596			0.9482	1	0.02128	0.03961	0.3166	1	0.99742	0.9829	0	0
110194	Donalsonville Hospital Inc	11	11	11	11	13253	3	rural	rural	N	0.7935				N		1	0	0	45	7	0	0	0.9999	0.03	0	0.03	0.000116	3366.74	0.000092	2514.74	0.474	0.021	0		292	291.00	0.9349	0.9336			291.07	0.9347	0.9334			0.8535	1	0.00971	0.00379	0.24307	1.22515	1.01043	0.9921	0	1
110198	Wellstar North Fulton Hospital	12060	12060	12060	12060	13121	3	lurban	lurban	N	0.9253				N		1	0	0	169	78	0	0	0.1978	0.01402	0.04087	0.01402	0.000391	1631.18	0.000316	1316.29	0.367	0.049	0		2021	1984.48	1.5806	1.5701			1986.36	1.5863	1.5759			0.9482	1	0.70255	1.43847	0.33907	1	1.00155	0.9806	0	0
110200	Piedmont Columbus Regional Northside	17980	17980	17980	17980	13215	3	ourban	ourban	N	0.8213				N		1	0	0	37	14	0	0	0.036555268	0	0	0		0		0	0.278	0.017	0		788	775.82	2.6640	2.6658			776.91	2.6427	2.6425			0.8739	1	0.01804	0.00641	0.42886	1	1.00806	0.9756	0	0
110201	Coliseum Northside Hospital	31420	31420	31420	31420	13021	3	ourban	ourban	N	0.851				N		1	0	0	85	27	0	0	0.1519	0.00656	0	0.00656	0.000158	1152.1	0.000101	791.93	0.17	0.016	0		1226	1199.80	1.7600	1.7586			1202.23	1.7543	1.7531			0.8954	1	0.00247	0.00397	0.41501	1	1.00162	0.9933	0	0
110209	Turning Point Hospital	11	11	11	11	13071	3	rural	rural	N	0.7935				N		1	0	0	33	31	0	0	0.2315	0.02078	0	0.02078	0.000054	162.12	0.000042	131.99	0.173	0.005	0		3028	3008.18	1.4048	1.4070			3007.80	1.5920	1.5950			0.8535	1	0	0	0.94064	1	1	1.0000	0	1
110215	Piedmont Fayette Hospital	12060	12060	12060	12060	13113	3	lurban	lurban	N	0.9253				N		1	0	0	227	174	0	0	0.259	0.02646	0.05385	0.02646	0.000622	1109.04	0.000514	939.32	0.177	0.013	0		4785	4701.90	1.6449	1.6307			4705.90	1.6445	1.6306			0.9482	1	0.02059	0.01938	0.3091	1	1.00306	0.9862	0	0
110225	Piedmont Mountainside Hospital Inc	12060	12060	12060	12060	13227	3	lurban	lurban	N	0.9253				N		1	0	0	52	32	0	0	0.2065	0.01563	0	0.01563	0.000262	1591.95	0.000176	1145.63	0.188	0.009	0		1452	1416.79	1.3879	1.3750			1419.08	1.3863	1.3739			0.9482	1	0.00137	0.00027	0.42822	1.03364	1.01612	1.0000	0	0
110226	Emory Hillandale Hospital	12060	12060	12060	12060	13089	3	lurban	lurban	N	0.9253				N		1	0	0	90	55	0	0	0.3176	0.03	0	0.03	0.000408	3377.03	0.000284	2164.79	0.305	0.036	0		903	891.63	1.4416	1.4310			891.74	1.4426	1.4319			0.9482	1	0.02476	0.06405	0.24006	1	0.99223	0.9916	0	0
110229	"Piedmont Newnan Hospital, Inc"	12060	12060	12060	12060	13077	3	lurban	lurban	N	0.9253				N		1	0	0	136	96	0	0	0.2652	0.02774	0.05517	0.02774	0.000466	1277.83	0.000395	1116.38	0.175	0.014	0		2945	2895.22	1.6428	1.6200			2898.11	1.6398	1.6183			0.9482	1	0.00938	0.00935	0.32624	1	1.00439	0.9939	0	0
110230	Emory Johns Creek Hospital	12060	12060	12060	12060	13121	3	lurban	lurban	N	0.9253				N		1	0	0	118	82	0	0	0.1266	0	0.02597	0		0		0	0.299	0.03	0		2025	1991.02	1.6804	1.6772			1994.73	1.6789	1.6763			0.9482	1	0.04484	0.06797	0.28932	1	1.00498	0.9918	0	0
110233	Southeastern Regional Medical Center	12060	12060	12060	12060	13077	3	lurban	lurban	N	0.9253				N		1	0	0	50	30	0	0	0.05838298	0	0	0		0		0	0.339	0.043	0		366	358.62	1.7795	1.7702			358.93	1.7751	1.7661			0.9482	1	0.64933	1.20303	0.16217	1	1.00693	1.0000	0	0
110234	Sgmc Berrien Campus	11	11	11	11	13019	3	rural	rural	N	0.7935				N		1	0	0	51	3	0	0	0.1821	0.01147	0	0.01147	0.000052	6385.09	0.000027	3235.42	0.707	0.049	0		73	71.70	1.0354	1.0317			71.73	1.0295	1.0258			0.8535	1	0.15508	0.19152	0.25175	1	1	0.9982	0	0
110236	Chi Memorial Hospital- Georgia	16860	16860	16860	16860	13047	3	ourban	ourban	N	0.8478				N		1	0		19	3	0	0.52699	0.2614	0.02695	0	0.02695		0		0	0.523	0.018	0		174	170.25	0.9584	0.9492			170.62	0.9517	0.9424			0.8931	1	0.00771	0	0.28426	1	1	1.0000	0	0
120001	The Queens Medical Center	46520	46520	12	12	15003	9	ourban	rural	S	1.2699		YES		N		1.25	0.1326	0.2095	583	519	0.06982	0.0609	0.3821	0.05185	0	0.05185	0.000494	622.85	0.0008	1040.88	0.294	0.015	7		6279	6216.57	2.0985	2.0970	4746.27	1.8763	6220.74	2.1033	2.1017	4749.71	1.8806	1.1778	1.0788	0.10039	0.04013	0.22673	1	1.00486	1.0000	0	0
120002	Maui Memorial Medical Center	27980	27980	12	12	15009	9	ourban	rural	S	1.2699		YES		N		1.25	0	0.001	219	157	0	0.00028	0.3117	0.03	0	0.03733		0		0	0.457	0.009	16	13939	1413	1400.27	1.8301	1.8295			1400.86	1.8329	1.8324			1.1778	1.0788	0.24757	0.01898	0.17677	1	1.00365	0.9990	0	0
120004	Wahiawa General Hospital	46520	46520	46520	46520	15003	9	ourban	ourban	N	1.2412				N		1.25	0.1036	0.5058	43	17	0.05499	0.15343	0.3404	0.03	0	0.03	0.000027	502.99	0.000043	734.48	0.445	0.016	0		390	383.97	1.3582	1.3550	284.72	1.4143	383.94	1.3554	1.3524	284.87	1.4143	1.1595	1.0788	0.04722	0.01144	0.3382	1	1.01388	1.0000	0	0
120005	Hilo Medical Center	12	12	12	12	15001	9	rural	rural	N	1.2699				N		1.21	0.045	0	142	103	0.02428	0	0.4011	0.03	0	0.03		0		0	0.423	0.021	16	10736.96	1886	1875.66	1.5156	1.5128	1008.48	1.4001	1876.12	1.5166	1.5140	1008.76	1.4005	1.1778	1.066192	0.07863	0.03206	0.26658	1	1.0078	1.0000	0	0
120006	Adventist Health Castle	46520	46520	46520	46520	15003	9	ourban	ourban	N	1.2412				N		1.25	0	0	160	87	0	0	0.3487	0.04496	0.07316	0.04496	0.000066	349.31	0.000143	773.8	0.283	0.013	0		1602	1581.74	1.7554	1.7457			1583.03	1.7480	1.7391			1.1595	1.0788	0.05193	0.01708	0.23999	1	1.0137	1.0000	0	0
120007	Kuakini Medical Center	46520	46520	46520	46520	15003	9	ourban	ourban	N	1.2412				N		1.25	0.1057	0.2317	170	69	0.05607	0.06757	0.1697	0.00945	0.03496	0.00945	0.000052	330.23	0.000096	567.67	0.394	0.026	0		1161	1148.95	1.9870	1.9776	1006.79	1.8952	1149.55	1.9874	1.9779	1006.91	1.8879	1.1595	1.0788	0.07616	0.04865	0.36625	1	0.99763	0.9992	0	0
120011	Kaiser Foundation Hospital	46520	46520	12	12	15003	9	ourban	rural	S	1.2699		YES		N		1.25	0.0205	0.0342	295	169	0.01114	0.0097	0.1223	0	0	0		0	0	0	0.364	0.022	7		539	535.60	1.7417	1.7416	3782.42	1.7110	536.06	1.7396	1.7394	3787.23	1.7147	1.1778	1.0788	0.0828	0.04753	0.04744	1	1.00664	0.9985	0	0
120014	Wilcox Memorial Hospital	12	12	12	12	15007	9	rural	rural	N	1.2699				N		1.25	0	0	72	42	0	0	0.3088	0.03	0	0.03		0		0	0.355	0.016	16	10098.18	804	796.69	1.5294	1.5214			796.94	1.5288	1.5210			1.1778	1.0788	0.04299	0.00685	0.259	1.03197	1.01072	1.0000	0	0
120019	Kona Community Hospital	12	12	12	12	15001	9	rural	rural	N	1.2699				N		1.21	0	0	79	41	0	0	0.361	0.03	0	0.03		0		0	0.467	0.036	16	12713.1	737	728.62	1.4137	1.4098			728.95	1.4157	1.4116			1.1778	1.066192	0.03079	0.02888	0.2095	1.03318	0.99479	0.9966	0	0
120022	Straub Clinic And Hospital	46520	46520	46520	46520	15003	9	ourban	ourban	N	1.2412				N		1.25	0.0568	0.0717	159	115	0.03055	0.02044	0.2703	0.02879	0.05626	0.02879	0.000131	525.51	0.000161	636.83	0.32	0.016	0		1903	1890.37	2.0896	2.0797	1300.68	2.0402	1891.23	2.0936	2.0836	1301.32	2.0469	1.1595	1.0788	0.07238	0.02241	0.29591	1	1.00261	0.9997	0	0
120026	Pali Momi Medical Center	46520	46520	46520	46520	15003	9	ourban	ourban	N	1.2412				N		1.25	0.0491	0	118	87	0.02646	0	0.2488	0.02435	0.05167	0.02435	0.000069	300.1	0.000133	572.4	0.344	0.018	0		1866	1843.83	1.9918	1.9802	1087.58	1.9629	1844.86	1.9898	1.9782	1088.54	1.9629	1.1595	1.0788	0.11005	0.0461	0.34707	1	1.01517	0.9998	0	0
120028	North Hawaii Community Hospital	12	12	12	12	15001	9	rural	rural	N	1.2699				N		1.21	0	0	33	16	0	0	0.3392	0.03	0	0.03		0		0	0.354	0.038	16	8985.92	367	357.50	1.5008	1.4882			357.88	1.5014	1.4895			1.1778	1.066192	0.02224	0.03607	0.24512	1.15235	0.99526	0.9978	0	0
130002	St Luke's Magic Valley Rmc	46300	46300	14260	46300	16083	8	ourban	ourban	W	0.9537				N		1	0	0	159	91	0	0	0.2645	0.02759	0.05502	0.02759	0.000433	1052.18	0.000453	1106.63	0.343	0.036	17	6249.85	3433	3360.68	1.6993	1.6879			3364.19	1.6957	1.6842			0.9681	1	0.05618	0.09844	0.3679	1	1.00925	0.9997	0	0
130003	St Joseph Regional Medical Center	30300	30300	50	13	16069	8	ourban	rural	S	0.9777		YES	YES	N		1	0	0	94	46	0	0	0.1359	0	0	0		0		0	0.309	0.026	17	7653.7	2184	2159.97	1.8118	1.8068			2161.50	1.8108	1.8053			0.9847	1	0.03685	0.04046	0.51484	1	0.99323	1.0000	0	0
130006	St Luke's Regional Medical Center	14260	14260	14260	14260	16001	8	ourban	ourban	N	0.9668				N		1	0.0136	0.0296	559	322	0.00741	0.00839	0.3087	0.03671	0.06451	0.03671	0.001462	1715.36	0.00158	1884.37	0.324	0.038	0		7066	6975.46	1.9221	1.9145	3806.06	1.7845	6981.75	1.9234	1.9159	3809.83	1.7828	0.9771	1	0.07661	0.16074	0.23158	1	1.00484	1.0000	0	0
130007	Saint Alphonsus Regional Medical Center	14260	14260	14260	14260	16001	8	ourban	ourban	N	0.9668				N		1	0.0338	0.0734	348	210	0.0183	0.02093	0.2834	0.03149	0.05907	0.03149	0.000695	1262.27	0.000576	1073.16	0.268	0.022	0		4537	4495.98	1.9948	1.9806	2214.37	1.9766	4498.59	1.9898	1.9764	2215.86	1.9742	0.9771	1	0.04283	0.04578	0.27116	1	1.00012	1.0000	0	0
130013	Saint Alphonsus Medical Center - Nampa	14260	14260	38	13	16027	8	ourban	rural	S	1.0506		YES	YES	N		1	0	0	151	50	0	0	0.2991	0.03473	0	0.03473	0.000106	606.35	0.000254	1502.2	0.316	0.044	7		1411	1390.53	1.6087	1.5959			1391.38	1.6083	1.5950			1.0344	1	0.00842	0.0325	0.2912	1	1.00837	0.9967	0	0
130014	West Valley Medical Center	14260	14260	14260	14260	16027	8	ourban	ourban	N	0.9668				N		1	0.0339	0.0569	108	43	0.01835	0.01619	0.3587	0.04702	0.07534	0.04702	0.000221	1734.5	0.000173	1236.22	0.186	0.019	0		934	901.79	1.7679	1.7329	444.56	1.7100	902.82	1.7716	1.7362	445.51	1.7064	0.9771	1	0.03467	0.05892	0.26113	1	1.00968	0.9812	0	0
130018	Eastern Idaho Regional Medical Center	26820	26820	38540	26820	16019	8	ourban	ourban	W	0.8817				N		1	0	0	237	122	0	0	0.3302	0.04114	0.06915	0.04114	0.000478	1141.41	0.000384	909.39	0.171	0.016	7		3353	3260.83	1.9941	1.9892			3265.46	1.9978	1.9924			0.9174	1	0.04318	0.06084	0.31485	1	0.99161	1.0000	0	0
130025	Madison Memorial Hospital	13	13	13	13	16065	8	rural	rural	N	0.8277				Y	0.0207	1	0	0	69	20	0	0	0.5242	0.03	0	0.03	0.000073	1205.33	0.000078	1302.01	0.535	0.085	0		517	505.77	1.5016	1.4945			506.39	1.5037	1.4972			0.8785	1	0.01445	0.07648	0.18759	1.10015	1.00128	0.9956	0	0
130028	Portneuf Medical Center	38540	38540	38540	13	16005	8	ourban	rural	S	0.8817		YES		N		1	0.1048	0.2744	137	77	0.05561	0.08051	0.2702	0.02877	0	0.02877		0		0	0.225	0.044	17	8271.23	2639	2565.69	1.8614	1.8436	514.13	1.7587	2575.49	1.8550	1.8377	516.83	1.7572	0.9174	1	0.06932	0.32296	0.33525	1	0.99673	1.0000	0	0
130049	Kootenai Health	17660	17660	44060	17660	16055	8	ourban	ourban	W	1.0544				N		1	0.0522	0.0169	282	181	0.02811	0.00478	0.2933	0.03353	0.06119	0.03353	0.000367	586.96	0.000379	626.56	0.321	0.023	7		5254	5120.06	1.9511	1.9257	1332.17	1.9538	5129.18	1.9568	1.9323	1334.27	1.9532	1.0369	1	0.03335	0.02581	0.35274	1	1.00124	0.9989	0	0
130063	Treasure Valley Hospital	14260	14260	14260	14260	16001	8	ourban	ourban	N	0.9668				N		1	0	0	10	3	0	0	0.01444674	0	0	0		0		0	0.317	0.027	0		135	134.44	2.8710	2.8757			134.64	2.8347	2.8378			0.9771	1	0	0	0.10584	1	1	1.0000	0	1
130065	Mountain View Hospital	26820	26820	26820	26820	16019	8	ourban	ourban	N	0.8758				N		1	0	0	41	15	0	0	0.3593	0.03	0	0.03	0.000028	449.31	0.000038	630.23	0.295	0.022	0		488	481.62	2.2423	2.2349			482.61	2.2265	2.2191			0.9132	1	0.00329	0.00293	0.15609	1	1.00787	1.0000	0	0
130066	Northwest Specialty Hospital	17660	17660	17660	17660	16055	8	ourban	ourban	N	0.9822				Y	0.0351	1	0	0	34	5	0	0	0.0375801	0	0	0		0		0	0.346	0.041	0		430	425.63	2.5498	2.5471			426.55	2.5258	2.5223			0.9878	1	0.01791	0.03933	0.30547	1	1	0.9700	0	0
130067	Idaho Doctors Hospital	13	13	13	13	16011	8	rural	rural	N	0.8173				N		1	0	0	8	1	0	0	0	0	0	0		0		0	0.41	0.09	0		12	11.91	2.6588	2.6639			11.95	2.6767	2.6795			0.871	1	0	0		1.25	1	1.0000	0	1
130071	St Luke's Nampa Medical Center	14260	14260	14260	14260	16001	8	ourban	ourban	N	0.9668				N		1	0		67	0	0	0.52699	0.246	0.02378	0	0.02378		0		0	0.425	0.09	0		616	597.08	1.4067	1.3898			597.70	1.4039	1.3873			0.9771	1	0.15103	0.52599		1	1	1.0000	0	0
130072	Saint Alphonsus Neighborhood Hospital- South Nampa	14260	14260	14260	14260	16027	8	ourban	ourban	N	0.9668				N		1	0		1	0	0	0.52699	0	0	0	0		0		0	0.312	0.03	0		29	28.79	0.9040	0.9019			28.83	0.9037	0.9023			0.9771	1	0	0		1	1	1.0000	0	0
140001	Graham Hospital Association	14	14	14	14	17057	4	rural	rural	N	0.8358				N		1	0	0	43	21	0	0	0.2351	0.02153	0	0.02153		0		0	0.299	0.025	16	6373.76	937	914.60	1.3284	1.3197			915.74	1.3261	1.3175			0.8844	1	0.00965	0.0114	0.46481	1.12424	0.99673	0.9838	0	0
140002	Alton Memorial Hospital	41180	41180	41180	41180	17119	4	lurban	lurban	N	0.926				N		1	0	0	132	65	0	0	0.2386	0.02225	0.0495	0.02225	0.000124	388.02	0.00012	360.09	0.276	0.028	0		2554	2491.09	1.4972	1.4872			2497.01	1.4977	1.4888			0.9487	1	0.01214	0.01895	0.451	1	1.00657	0.9820	0	0
140007	Presence Saint Joseph Medical Center	16974	16974	16974	16974	17197	4	lurban	lurban	N	1.0337				N		1	0.0087	0	432	241	0.00474	0	0.264	0.02749	0.05491	0.02749	0.000498	507.45	0.000534	502.41	0.192	0.011	0		7295	7133.89	1.6968	1.6789	1479.05	1.6523	7143.06	1.7008	1.6833	1480.72	1.6495	1.023	1	0.02934	0.01172	0.43971	1	0.99173	0.9811	0	0
140008	Loyola Gottlieb Memorial Hospital	16974	16974	29404	14	17031	4	ourban	rural	S	1.0396		YES	YES	N		1	0.0102	0.0248	164	70	0.00556	0.00702	0.168	0.00918	0	0.00918	0.000164	535.87	0.00018	575.26	0.208	0.03	7		2487	2442.22	1.6450	1.6316	666.55	1.6279	2444.16	1.6478	1.6341	666.99	1.6308	1.027	1	0.00565	0.0202	0.45078	1	1.00311	0.9990	0	0
140010	Northshore University Healthsystem Evanston Hosp	16974	16974	29404	16974	17031	4	lurban	lurban	W	1.0396				N		1	0.2752	0.4064	697	419	0.13968	0.12152	0.1533	0.00679	0.03153	0.00679	0.000881	436.61	0.001026	530.98	0.241	0.013	0		17663	17390.87	1.6555	1.6488	2501.55	1.7390	17409.25	1.6541	1.6475	2504.14	1.7275	1.027	1	0.0266	0.01165	0.42308	1	1.00275	0.9952	0	0
140011	Herrin Hospital	16060	16060	14	14	17199	4	ourban	rural	S	0.8358		YES		N		1	0	0	85	58	0	0	0.2356	0.02163	0	0.02163	0.000157	396.27	0.000126	313.12	0.285	0.023	14	6267.06	3328	3257.24	1.4524	1.4429			3261.17	1.4483	1.4387			0.8844	1	0.0232	0.02598	0.60528	1	0.99287	0.9744	0	0
140012	Katherine Shaw Bethea Hospital	14	14	14	14	17103	4	rural	rural	N	0.9904				N		1	0.1132	0.2097	66	23	0.05992	0.06096	0.3031	0.03	0	0.03	0.000117	833.6	0.000158	1118.17	0.203	0.014	0		1191	1163.81	1.3796	1.3715	147.38	1.3144	1165.10	1.3786	1.3707	147.70	1.3098	0.9934	1	0.01043	0.00738	0.41629	1	1.00389	0.9998	0	0
140013	Proctor Hospital	37900	37900	37900	37900	17143	4	ourban	ourban	N	0.8623				N		1	0	0	110	35	0	0	0.0904	0	0.01847	0		0		0	0.174	0.012	0		1731	1688.01	1.5130	1.5044			1690.06	1.5130	1.5047			0.9035	1	0.00481	0.00318	0.53631	1	1.00254	0.9706	0	0
140015	Blessing Hospital	14	14	41180	14	17001	4	rural	rural	W	0.926				N		1	0.0625	0.1635	228	116	0.03356	0.04722	0.2192	0.01825	0	0.01825		0		0	0.192	0.02	17	6584.62	6207	6073.30	1.6783	1.6577	616.69	1.7023	6080.93	1.6791	1.6583	617.16	1.7049	0.9487	1	0.02704	0.04636	0.5572	1	1.00432	0.9942	0	0
140018	Mt Sinai Hospital Medical Center	16974	16974	29404	16974	17031	4	lurban	lurban	W	1.0396				N		1	0.4859	0.7382	263	145	0.23486	0.23161	0.8102	0.14014	0.17829	0.14014	0.00068	3637.6	0.000774	3713.71	0.235	0.016	0		1296	1276.81	1.7931	1.7739	603.39	1.6981	1277.38	1.7953	1.7761	603.62	1.7011	1.027	1	0.01932	0.01386	0.15151	1	0.99688	0.9988	0	0
140019	Hshs Good Shepherd Hospital Inc	14	14	14	14	17173	4	rural	rural	N	0.8358				N		1	0	0	36	4	0	0	0.2607	0.02681	0	0.02681		0		0	0.348	0.025	16	6272.85	268	261.63	1.0456	1.0353			261.93	1.0423	1.0319			0.8844	1	0	0	0.54066	1.25	1	0.9978	0	0
140029	Rush Copley Medical Center	20994	20994	20994	20994	17089	4	ourban	ourban	N	1.0644				Y	0.0179	1	0.0744	0.1057	192	101	0.03981	0.03028	0.2767	0.03011	0.05763	0.03011	0.000301	770.62	0.000364	918.81	0.177	0.006	0		3139	3064.86	1.6680	1.6527	329.31	1.8248	3073.98	1.6700	1.6551	330.41	1.8276	1.0437	1	0.01524	0.00028	0.29454	1	1.00273	0.9975	0	0
140030	Sherman Hospital	20994	20994	20994	20994	17089	4	ourban	ourban	N	1.0644				Y	0.0179	1	0	0	255	147	0	0	0.2141	0.0172	0.04431	0.0172	0.000314	503.91	0.000401	634.85	0.202	0.02	0		5081	5008.85	1.6864	1.6789			5013.67	1.6852	1.6779			1.0437	1	0.02308	0.03431	0.38396	1	1.00778	0.9960	0	0
140032	St Anthonys Memorial Hospital	14	14	41180	14	17049	4	rural	rural	W	0.926				N		1	0	0	133	42	0	0	0.1909	0.0129	0	0.0129	0.000163	535.64	0.000149	469.52	0.389	0.03	7		2433	2371.00	1.4840	1.4736			2374.05	1.4820	1.4717			0.9487	1	0.01465	0.01476	0.53391	1	0.99863	0.9996	0	0
140033	Lake Behavioral Hospital	29404	29404	29404	29404	17097	4	ourban	ourban	N	1.0396				N		1	0		16	7	0	0.52699	0.754262417	0.03	0	0.03	0.000018	74067.79		0	0.131	0.021	0		2	2.00	0.9773	0.9773			2.00	1.0174	1.0174			1.027	1	0	0	0.00297	1	1	1.0000	0	0
140034	Ssm Health St Mary's Hospital -Centralia	14	14	41180	14	17121	4	rural	rural	W	0.926				N		1	0	0	101	43	0	0	0.2309	0.02066	0	0.02066	0.000074	252.89	0.000097	326.5	0.334	0.032	15	6428.25	2340	2295.84	1.3171	1.3005			2297.72	1.3166	1.3003			0.9487	1	0.0117	0.01896	0.62217	1	1.01261	0.9898	0	0
140040	Galesburg Cottage Hospital	14	14	19340	14	17095	4	rural	rural	W	0.8832				N		1	0	0	123	18	0	0	0.309	0.03677	0	0.03677	0.000032	319.5	0.000042	371.67	0.147	0.012	15	6268.96	787	773.21	1.3872	1.3830			773.75	1.3759	1.3717			0.9185	1	0.03329	0.04213	0.47222	1	0.99844	0.9951	0	0
140043	Cgh Medical Center	14	14	19340	14	17195	4	rural	rural	W	0.8832				N		1	0	0	97	36	0	0	0.2013	0.01459	0	0.01459	0.000121	484.79	0.000109	418.71	0.286	0.02	15	6502.74	2003	1959.35	1.4817	1.4694			1961.34	1.4786	1.4664			0.9185	1	0.02949	0.02311	0.52332	1	1.00659	1.0000	0	0
140046	Good Samaritan Regional Hlth Center	14	14	41180	14	17081	4	rural	rural	W	0.926				N		1	0	0	124	76	0	0	0.2618	0.02703	0	0.02703	0.000144	329.65	0.000143	319.56	0.294	0.036	7		3456	3401.83	1.6580	1.6507			3404.66	1.6516	1.6444			0.9487	1	0.03148	0.07758	0.50693	1	0.99481	0.9839	0	0
140048	Advocate Trinity Hospital	16974	16974	29404	16974	17031	4	lurban	lurban	W	1.0396				N		1	0	0	193	95	0	0	0.4133	0.05828	0.0873	0.05828	0.000199	763.09	0.000284	992.62	0.295	0.025	0		1989	1931.76	1.6614	1.6368			1933.94	1.6602	1.6354			1.027	1	0.01351	0.01584	0.29695	1	1.00733	0.9965	0	0
140049	West Suburban Medical Center	16974	16974	29404	16974	17031	4	lurban	lurban	W	1.0396				N		1	0.4229	0.6861	135	70	0.20729	0.21363	0.54	0.08441	0.11555	0.08441	0.000183	872.56	0.000242	1081.62	0.138	0.011	0		1643	1604.39	1.6907	1.6455	632.50	1.4733	1606.18	1.6962	1.6513	632.79	1.4793	1.027	1	0.0062	0.00695	0.25881	1	1.00121	0.9932	0	0
140052	Osf Saint Anthony's Health Center	41180	41180	41180	41180	17119	4	lurban	lurban	N	0.926				N		1	0	0	83	29	0	0	0.3104	0.03	0	0.03	0.000148	1020.05	0.000115	794.65	0.233	0.023	0		1233	1177.69	1.6619	1.6359			1180.56	1.6638	1.6380			0.9487	1	0.00967	0.01654	0.44287	1	1.00418	0.9839	0	0
140053	St Johns Hospital	44100	44100	44100	44100	17167	4	ourban	ourban	N	0.935				N		1	0.169	0.2462	352	233	0.08813	0.07195	0.3617	0.04764	0.07599	0.04764	0.000244	339.23	0.000416	598.14	0.215	0.022	0		6387	6327.84	2.1399	2.1289	1479.15	1.9234	6332.41	2.1344	2.1238	1481.51	1.9291	0.955	1	0.02673	0.04457	0.32624	1	1.00185	1.0000	0	0
140054	Macneal  Hospital	16974	16974	29404	14	17031	4	ourban	rural	S	1.0396		YES	YES	N		1	0.4131	0.6068	257	139	0.20294	0.18677	0.4612	0.06816	0	0.06816	0.000242	694.06	0.000357	952.3	0.128	0.005	7		2840	2765.98	1.6816	1.6542	1206.31	1.6942	2769.04	1.6864	1.6588	1208.31	1.6940	1.027	1	0.00259	0.00002	0.25322	1	0.99455	0.9894	0	0
140058	Passavant Area Hospital	14	14	41180	14	17137	4	rural	rural	W	0.926				N		1	0	0	95	28	0	0	0.2473	0.02404	0	0.02404		0		0	0.275	0.02	17	6789.17	1487	1434.63	1.3857	1.3732			1437.38	1.3833	1.3711			0.9487	1	0.01115	0.00873	0.47675	1.04606	1.00759	1.0000	0	0
140059	Jersey Community Hospital	41180	41180	14	14	17083	4	ourban	rural	S	0.8358		YES		N		1	0	0	46	8	0	0	0.0824	0	0	0		0		0	0.487	0.025	14	5973.9	524	509.44	1.0940	1.0913			510.50	1.0874	1.0847			0.8844	1	0.00011	0	0.73104	1.21879	1.00095	0.9955	0	0
140062	Palos Community Hospital	16974	16974	29404	16974	17031	4	lurban	lurban	W	1.0396				N		1	0	0	317	224	0	0	0.084	0	0.01716	0		0		0	0.232	0.024	0		9821	9655.82	1.6095	1.5983			9666.00	1.6107	1.6001			1.027	1	0.01295	0.02182	0.61852	1	1.00283	0.9914	0	0
140063	Rush Oak Park Hospital	16974	16974	29404	16974	17031	4	lurban	lurban	W	1.0396				N		1	0.0231	0.0723	165	42	0.01254	0.02061	0.233	0.02109	0.04831	0.02109	0.000118	498.39	0.000105	441.38	0.297	0.009	0		1909	1862.61	1.4948	1.4805	268.64	1.3801	1865.12	1.4938	1.4798	268.96	1.3858	1.027	1	0.00355	0	0.52786	1	1.00752	0.9965	0	1
140064	St Mary Medical Center	14	14	19340	14	17095	4	rural	rural	W	0.8832				N		1	0	0	90	30	0	0	0.2226	0.01895	0	0.01895	0.000081	507.45	0.000085	541.29	0.213	0.017	15	8899.21	1346	1316.24	1.3504	1.3395			1317.27	1.3506	1.3384			0.9185	1	0.00328	0.00368	0.45485	1	1.00496	0.9896	0	0
140065	Adventist La Grange Memorial Hospital	16974	16974	29404	16974	17031	4	lurban	lurban	W	1.0396				N		1	0.1154	0.2047	160	87	0.06105	0.05947	0.1068	0	0.02186	0		0		0	0.262	0.024	0		3376	3313.41	1.6155	1.6030	737.79	1.5854	3317.30	1.6127	1.6010	739.09	1.5902	1.027	1	0.00999	0.01342	0.54674	1	1.00963	0.9994	0	0
140067	Saint Francis Medical Center	37900	37900	14010	14	17143	4	ourban	rural	S	0.8948		YES	YES	N		1	0.2149	0.2885	618	435	0.11074	0.08482	0.3602	0.04733	0	0.04733	0.000541	427.44	0.000936	767.49	0.172	0.014	0		10958	10791.62	1.9680	1.9543	2796.74	2.0687	10800.54	1.9710	1.9573	2799.26	2.0672	0.9267	1	0.05687	0.06111	0.31538	1	0.99282	0.9906	0	0
140068	Roseland Community Hospital	16974	16974	16974	16974	17031	4	lurban	lurban	N	1.0337				N		1	0	0	134	41	0	0	0.8333	0.14491	0.18382	0.14491	0.000058	825.91	0.000293	3419.55	0.332	0.021	0		410	404.90	1.3578	1.3423			405.05	1.3709	1.3560			1.023	1	0.04326	0.02178	0.21954	1	0.9918	0.9996	0	0
140077	Touchette Regional Hospital Inc	41180	41180	41180	41180	17163	4	lurban	lurban	N	0.926				N		1	0	0	124	27	0	0	0.8205	0.14227	0.18075	0.14227	0.000106	2159.68	0.000131	2552.59	1.038	0.075	0		414	413.55	1.0830	1.0831			413.62	1.0934	1.0935			0.9487	1	0.05323	0.04882	0.21339	1	1.02172	0.9985	0	1
140080	Presence Saint Francis Hospital	16974	16974	29404	16974	17031	4	lurban	lurban	W	1.0396				N		1	0.5315	1.0534	195	84	0.25438	0.34618	0.3573	0.04673	0.07504	0.04673	0.000223	675.47	0.000245	710.17	0.168	0.013	0		2633	2559.62	1.7186	1.6841	500.80	1.6594	2562.52	1.7231	1.6882	501.77	1.6663	1.027	1	0.01004	0.00846	0.37974	1	0.99771	0.9856	0	0
140082	Louis A Weiss Memorial Hospital	16974	16974	29404	14	17031	4	ourban	rural	S	1.0396		YES	YES	N		1	0.6163	1.0746	119	74	0.28978	0.35426	0.3983	0.05519	0	0.05519	0.00012	479.55	0.00015	581.01	0.161	0.012	7		1876	1824.65	1.7487	1.7164	479.05	1.7068	1826.91	1.7511	1.7189	479.54	1.7110	1.027	1	0.01424	0.01326	0.42404	1	0.99522	0.9972	0	0
140083	Loretto Hospital	16974	16974	16974	16974	17031	4	lurban	lurban	N	1.0337				N		1	0.0124	0.0425	122	57	0.00675	0.01207	0.8707	0.15262	0.19282	0.15262	0.000151	1791.86	0.000218	2378.86	0.551	0.034	0		729	722.46	1.3349	1.3185	288.99	1.1254	722.47	1.3588	1.3422	289.04	1.1392	1.023	1	0.0788	0.0497	0.21011	1	0.99612	1.0000	0	0
140084	Vista Medical Center East	29404	29404	29404	29404	17097	4	ourban	ourban	N	1.0396				N		1	0	0	190	113	0	0	0.3793	0.05127	0.07983	0.05127	0.000255	636.39	0.000306	722.49	0.108	0.009	0		3025	2989.95	1.6044	1.5868			2991.80	1.5999	1.5835			1.027	1	0.01167	0.01455	0.38599	1	0.99944	0.9922	0	0
140088	The University Of Chicago Medical Center	16974	16974	29404	14	17031	4	ourban	rural	S	1.0396		YES	YES	N		1	0.8426	0.9907	609	510	0.37915	0.32257	0.4946	0.07505	0	0.07505	0.001938	2120.03	0.001805	1997.4	0.188	0.014	7		7727	7638.04	2.3839	2.3652	2163.52	2.1445	7645.36	2.4028	2.3841	2166.07	2.1585	1.027	1	0.22296	0.20555	0.25646	1	0.99237	0.9977	0	0
140089	Mc Donough District Hospital	14	14	14	14	17109	4	rural	rural	N	0.8358				N		1	0	0	45	11	0	0	0.2583	0.02631	0	0.02631		0	0.000134	1878.13	0.425	0.051	16	6566.25	623	605.01	1.2500	1.2349			605.92	1.2460	1.2306			0.8844	1	0.02192	0.0517	0.39768	1.19106	1.00607	1.0000	0	0
140091	The Carle Foundation Hospital	16580	16580	16580	16580	17019	4	ourban	ourban	N	0.8848				N		1	0.1134	0.1901	376	269	0.06003	0.05511	0.3437	0.04393	0.07208	0.04393	0.000832	1105.7	0.00087	1241.76	0.187	0.016	0		6487	6400.76	1.7681	1.7538	3033.87	1.7182	6406.68	1.7711	1.7574	3037.21	1.7238	0.9196	1	0.02801	0.0329	0.266	1	1.00124	0.9991	0	0
140093	Osf Sacred Heart Medical Center	19180	19180	19180	19180	17183	4	ourban	ourban	N	0.9291				N		1	0	0	172	43	0	0	0.3178	0.03858	0.06647	0.03858	0.000285	1255.2	0.000193	814.76	0.18	0.011	7		1846	1810.62	1.2305	1.2251			1812.28	1.2276	1.2223			0.9509	1	0.00215	0.0013	0.41666	1	1.00204	0.9775	0	0
140095	Saint Anthony Hospital	16974	16974	29404	16974	17031	4	lurban	lurban	W	1.0396				N		1	0.0305	0.0722	109	44	0.01653	0.02058	0.7776	0.13342	0.17054	0.13342	0.00022	2752.13	0.000273	3192.41	0.271	0.012	0		632	622.72	1.2710	1.2636			623.06	1.2633	1.2563			1.027	1	0.01323	0.00176	0.18229	1	1.0019	0.9971	0	0
140100	Midwestern Region Med Center	29404	29404	29404	29404	17097	4	ourban	ourban	N	1.0396				N		1	0	0	73	29	0	0	0.0667	0	0	0		0		0	0.315	0.063	0		281	277.58	1.9090	1.9040			277.71	1.9161	1.9109			1.027	1	0.84086	2.71531	0.11953	1	1.00269	1.0000	0	0
140101	Morris Hospital & Healthcare Centers	16974	16974	16974	16974	17063	4	lurban	lurban	N	1.0337				N		1	0	0	89	42	0	0	0.1519	0.00656	0	0.00656	0.000167	697.39		0	0.337	0.035	0		1980	1932.64	1.5584	1.5475			1935.22	1.5524	1.5414			1.023	1	0.05563	0.0994	0.53364	1	1.00749	0.9923	0	0
140103	St Bernard Hospital	16974	16974	29404	16974	17031	4	lurban	lurban	W	1.0396				N		1	0.0217	0.0583	158	63	0.01179	0.01659	0.8659	0.15163	0.19166	0.15163	0.000164	1293.59	0.000237	1750.79	0.514	0.029	0		942	933.01	1.2330	1.2106	253.33	1.2144	933.38	1.2331	1.2111	253.42	1.2160	1.027	1	0.01466	0.006	0.23549	1	0.99763	0.9861	0	0
140110	Ottawa Regional Hospital & Healthcare Center	14	14	20994	14	17099	4	rural	rural	W	1.0312				N		1	0	0	87	33	0	0	0.4577	0.06744	0	0.06744	0.000075	441.77	0.000074	473.55	0.286	0.017	7		1546	1474.88	1.2689	1.2574			1478.11	1.2689	1.2578			1.0213	1	0.00865	0.00496	0.37937	1.00273	0.99896	0.9956	0	0
140113	Osf Heart Of Mary Medical Center	16580	16580	19180	14	17019	4	ourban	rural	S	0.9291		YES	YES	N		1	0.0552	0.155	169	63	0.0297	0.04471	0.3053	0.03601	0	0.03601	0.000212	847.4	0.000169	645.03	0.166	0.011	7		1910	1852.61	1.6409	1.6185	590.24	1.6206	1856.20	1.6440	1.6216	591.50	1.6230	0.9509	1	0.00846	0.0059	0.33936	1	1.00553	0.9860	0	0
140114	Swedish Covenant Hospital	16974	16974	29404	16974	17031	4	lurban	lurban	W	1.0396				N		1	0.215	0.3127	226	135	0.11079	0.09225	0.5037	0.07693	0.10738	0.07693	0.000271	673.33	0.000369	849.87	0.177	0.014	0		3162	3096.11	1.6985	1.6837	847.40	1.7532	3098.96	1.7014	1.6863	848.52	1.7590	1.027	1	0.02118	0.01875	0.33293	1	0.99851	0.9832	0	0
140115	Thorek Memorial Hospital	16974	16974	29404	16974	17031	4	lurban	lurban	W	1.0396				N		1	0	0	156	53	0	0	0.7658	0.13098	0.16774	0.13098	0.000071	559.55	0.000133	1009.9	0.323	0.025	0		1079	1063.21	1.2753	1.2596			1064.02	1.2829	1.2675			1.027	1	0.00461	0.00424	0.26037	1	0.991	0.9974	0	0
140116	Northwestern Medicine Mchenry Hospital	16974	16974	29404	16974	17111	4	lurban	lurban	W	1.0396				N		1	0.0229	0	265	130	0.01244	0	0.1799	0.01111	0.0371	0.01111	0.000357	402.54	0.000181	303.84	0.232	0.024	0		7928	7816.38	1.6336	1.6206	841.53	1.7083	7822.32	1.6312	1.6186	841.95	1.6915	1.027	1	0.02487	0.0406	0.49478	1	1.00005	0.9951	0	0
140117	Presence Resurrection Medical Center	16974	16974	29404	16974	17031	4	lurban	lurban	W	1.0396				N		1	0.3424	0.5008	208	152	0.17099	0.1518	0.1828	0.01158	0.03771	0.01158	0.000184	283.94	0.000216	320.29	0.165	0.011	0		5094	4980.67	1.9102	1.8825	1183.37	1.9564	4986.23	1.9096	1.8823	1184.56	1.9564	1.027	1	0.01712	0.01139	0.52037	1	0.99818	0.9892	0	0
140118	Metrosouth Medical Center	16974	16974	29404	16974	17031	4	lurban	lurban	W	1.0396				N		1	0	0	300	78	0	0	0.4561	0.06711	0.09676	0.06711	0.000142	542.61	0.000246	866.37	0.162	0.011	0		2116	2080.19	1.5776	1.5615			2082.38	1.5791	1.5635			1.027	1	0.00938	0.00674	0.33213	1	0.99948	0.9866	0	0
140119	Rush University Medical Center	16974	16974	29404	14	17031	4	ourban	rural	S	1.0396		YES	YES	N		1	0.9779	1.1159	551	417	0.42949	0.37013	0.3709	0.04954	0	0.04954	0.00092	795.31	0.00106	932.51	0.256	0.015	7		9423	9221.01	2.2363	2.2236	1389.35	2.2121	9243.17	2.2484	2.2357	1390.89	2.2255	1.027	1	0.05193	0.02528	0.31027	1	0.99993	0.9949	0	0
140120	Pekin Memorial Hospital	37900	37900	37900	37900	17179	4	ourban	ourban	N	0.8623				N		1	0	0	107	31	0	0	0.2213	0.01868	0.04583	0.01868	0.000062	428.64	0.000062	383.16	0.382	0.03	0		1051	1022.52	1.4233	1.4144			1024.11	1.4179	1.4088			0.9035	1	0.02138	0.02171	0.48448	1	1.00389	0.9810	0	0
140122	Adventist Hinsdale Hospital	16974	16974	16974	16974	17043	4	lurban	lurban	N	1.0337				N		1	0.1046	0.2018	244	120	0.0555	0.0586	0.1408	0	0.02892	0		0	0.000136	321.51	0.262	0.028	0		3590	3503.86	1.8100	1.7882	573.96	1.8155	3512.24	1.8163	1.7939	575.75	1.8220	1.023	1	0.0154	0.03071	0.29577	1	1.00757	0.9931	0	0
140124	John H Stroger Jr Hospital	16974	16974	29404	16974	17031	4	lurban	lurban	W	1.0396				N		1	0.9825	1.5	443	266	0.43117	0.52699	0.5675	0.09008	0.12178	0.09008	0.007314	28446.34	0.006343	22048.8	0.655	0.094	0		1759	1749.91	1.5815	1.5820	445.27	1.6648	1750.28	1.5872	1.5877	445.28	1.6732	1.027	1	0.17665	0.68247	0.1148	1	1.00797	0.9964	0	0
140125	Gateway Regional Medical Center	41180	41180	41180	41180	17119	4	lurban	lurban	N	0.926				N		1	0	0	301	85	0	0	0.6746	0.11217	0.14638	0.11217	0.000148	859.3	0.000209	1152.95	0.089	0.009	0		1334	1317.82	1.3097	1.3032			1318.64	1.3106	1.3043			0.9487	1	0.01246	0.02197	0.22861	1	1.00347	0.9920	0	0
140127	Advocate Bromenn Medical Center	14010	14010	14010	14010	17113	4	ourban	ourban	N	0.916				N		1	0.0639	0.1402	206	76	0.03429	0.04036	0.2637	0.02743	0.05485	0.02743	0.000146	479.25	0.000301	1011.65	0.307	0.028	0		2623	2564.01	1.7266	1.7061	640.01	1.6042	2572.06	1.7280	1.7087	642.05	1.6104	0.9417	1	0.02537	0.03283	0.33549	1	1.00643	1.0000	0	0
140130	Northwestern Lake Forest Hospital	29404	29404	29404	29404	17097	4	ourban	ourban	N	1.0396				N		1	0.2191	0.1312	115	63	0.11278	0.03772	0.157	0.00739	0.0323	0.00739	0.000246	763.98		0	0.231	0.024	0		3000	2923.86	1.5995	1.5907	256.34	1.6755	2929.35	1.5974	1.5888	257.01	1.6680	1.027	1	0.04204	0.07401	0.36319	1	1.00467	0.9700	0	0
140133	Holy Cross Hospital	16974	16974	16974	16974	17031	4	lurban	lurban	N	1.0337				N		1	0	0	206	109	0	0	0.5979	0.09635	0.12871	0.09635	0.000268	866.15	0.000286	874.02	0.206	0.015	0		2404	2372.78	1.3821	1.3696			2374.05	1.3849	1.3726			1.023	1	0.00742	0.0052	0.33685	1	1.00195	0.9914	0	0
140135	Decatur Memorial Hospital	19500	19500	44100	19500	17115	4	ourban	ourban	W	0.9185				N		1	0.0496	0.1201	201	92	0.02673	0.03447	0.2411	0.02276	0.05003	0.02276	0.000162	302.88	0.000242	462.38	0.271	0.022	7		4645	4573.77	1.6782	1.6612	375.69	1.7763	4580.34	1.6799	1.6634	376.46	1.7946	0.9434	1	0.01354	0.01361	0.51024	1	0.99989	0.9999	0	0
140137	Greenville Regional Hospital	41180	41180	41180	41180	17005	4	lurban	lurban	N	0.926				N		1	0	0	32	6	0	0	0.4786	0.03	0	0.03	0.000026	743.64	0.000029	764.71	0.504	0.044	0		282	268.20	1.2693	1.2564			268.68	1.2660	1.2533			0.9487	1	0	0	0.27728	1.21159	1.01456	1.0000	0	0
140143	St Margarets Hospital	14	14	14	14	17011	4	rural	rural	N	0.8358				N		1	0	0	63	16	0	0	0.2195	0.01831	0	0.01831	0.000035	301.67	0.000036	307.09	0.28	0.027	14	6122.71	1025	994.18	1.5173	1.5074			995.21	1.5127	1.5029			0.8844	1	0.0056	0.00986	0.51399	1	1.00076	0.9924	0	0
140145	St Josephs Hospital	41180	41180	41180	41180	17027	4	lurban	lurban	N	0.926				N		1	0	0	49	9	0	0	0.1979	0.01403	0	0.01403	0.000088	1711.42	0.000058	1116.05	0.442	0.036	0		432	411.68	1.3377	1.3292			412.34	1.3375	1.3290			0.9487	1	0.00229	0.00356	0.3136	1.19311	1.01342	0.9999	0	0
140147	Richland Memorial Hospital	14	14	14	14	17159	4	rural	rural	N	0.8358				N		1	0	0	47	11	0	0	0.207	0.01573	0	0.01573		0		0	0.299	0.018	16	5642.41	688	670.70	1.2761	1.2633			671.73	1.2721	1.2597			0.8844	1	0.00139	0.0007	0.61724	1.19046	0.99223	0.9868	0	0
140148	Memorial Medical Center	44100	44100	44100	44100	17167	4	ourban	ourban	N	0.935				N		1	0.2337	0.3697	412	282	0.11985	0.10997	0.2028	0.01487	0.04192	0.01487	0.000259	235.96	0.00037	344.79	0.228	0.029	0		9217	9114.72	1.8454	1.8348	2591.32	1.7962	9124.05	1.8422	1.8316	2593.90	1.7961	0.955	1	0.04586	0.11215	0.42472	1	0.99517	0.9985	0	0
140150	University Of Illinois Hospital	16974	16974	29404	16974	17031	4	lurban	lurban	W	1.0396				N		1	1.0826	1.5	446	263	0.46706	0.52699	0.6104	0.09893	0.13157	0.09893	0.000877	2174.72	0.000938	2280.73	0.367	0.008	0		3350	3329.69	1.9705	1.9667	1109.53	2.0533	3330.92	1.9749	1.9713	1109.78	2.0503	1.027	1	0.27966	0.01443	0.20384	1	0.99744	0.9982	0	0
140155	Presence St Marys Hospital	28100	28100	16974	28100	17091	4	ourban	ourban	W	1.0197				N		1	0	0	182	60	0	0	0.3506	0.04535	0.07358	0.04535	0.000143	595.61	0.000161	653.75	0.174	0.007	0		1964	1923.04	1.5909	1.5751			1926.94	1.5905	1.5755			1.0134	1	0.02032	0.00381	0.41955	1	1.00877	0.9954	0	0
140158	Mercy Hospital And Medical Center	16974	16974	29404	16974	17031	4	lurban	lurban	W	1.0396				N		1	0.5559	0.781	208	122	0.26468	0.24657	0.5316	0.08268	0.11366	0.08268	0.000262	743.44	0.000433	1094.15	0.327	0.023	0		2670	2632.24	1.6071	1.5948	1039.80	1.5569	2633.95	1.6036	1.5914	1040.25	1.5608	1.027	1	0.04318	0.03126	0.31105	1	0.99396	0.9895	0	0
140160	Fhn Memorial Hospital	14	14	40420	14	17177	4	rural	rural	W	0.9526				N		1	0	0	100	36	0	0	0.2086	0.01606	0	0.01606	0.000086	468.04	0.000102	520.99	0.308	0.011	15	6281.74	1514	1489.75	1.4189	1.4071			1490.54	1.4196	1.4083			0.9673	1	0.03447	0.00465	0.43384	1	1.00261	0.9916	0	0
140161	Saint James Hospital	14	14	16974	14	17105	4	rural	rural	W	1.0197				N		1	0	0	42	14	0	0	0.1979	0.01403	0	0.01403		0		0	0.273	0.025	16	7369.78	992	957.54	1.3697	1.3654			958.85	1.3678	1.3636			1.0134	1	0.00199	0.00334	0.54494	1.14841	1.0065	1.0000	0	0
140162	St Joseph Medical Center	14010	14010	14010	14010	17113	4	ourban	ourban	N	0.916				N		1	0	0	137	63	0	0	0.1691	0.00935	0.03484	0.00935	0.00011	341.55	0.000113	372.01	0.177	0.017	0		2960	2901.26	1.5628	1.5517			2905.73	1.5636	1.5527			0.9417	1	0.02031	0.02912	0.3899	1	1.00458	0.9917	0	0
140164	Memorial Hospital Of Carbondale	16060	16060	16060	16060	17077	4	ourban	ourban	N	0.8364				N		1	0.0553	0.124	159	92	0.02975	0.03561	0.3367	0.04248	0.07056	0.04248	0.000204	428.98	0.000245	509.49	0.262	0.024	7		4005	3939.45	1.9195	1.9060	473.34	1.7876	3943.98	1.9112	1.8981	474.13	1.7787	0.8848	1	0.04776	0.06962	0.38079	1	0.99922	0.9844	0	0
140166	St Marys Hospital	19500	19500	16580	19500	17115	4	ourban	ourban	W	0.8704				N		1	0.002	0.0119	131	71	0.00109	0.00336	0.3744	0.05026	0.07876	0.05026	0.00008	249.35	0.000161	481.09	0.219	0.031	0		2570	2520.72	1.5728	1.5611	282.08	1.5251	2526.29	1.5743	1.5635	283.27	1.5275	0.9093	1	0.01751	0.05075	0.39478	1	1.0056	0.9877	0	0
140167	Iroquois Memorial Hospital	14	14	28100	28100	17075	4	rural	ourban	L	0.8746	LUGAR			N		1	0	0	25	5	0	0	0.342	0.03	0	0.03		0		0	0.43	0.033	16	6374.39	379	360.63	1.4787	1.4578			361.66	1.4767	1.4570			0.9123	1	0.01336	0.01299	0.56656	1.23742	1	0.9974	1	0
140172	Franciscan Health Olympia & Chicago Heights	16974	16974	29404	14	17031	4	ourban	rural	S	1.0396		YES	YES	N		1	0.435	0.692	275	119	0.21264	0.21565	0.2777	0.03031	0	0.03031	0.000417	737.39	0.000381	646.66	0.219	0.025	7		4684	4554.69	1.5596	1.5476	1010.05	1.5388	4560.20	1.5618	1.5497	1011.11	1.5405	1.027	1	0.0241	0.05038	0.42484	1	0.99394	0.9806	0	0
140174	Presence Mercy Medical Center	20994	20994	20994	20994	17089	4	ourban	ourban	N	1.0644				Y	0.0179	1	0	0	226	71	0	0	0.3072	0.0364	0.06418	0.0364	0.000545	2390.67	0.000352	1424.24	0.158	0.01	0		1862	1817.89	1.7498	1.7374			1819.48	1.7523	1.7411			1.0437	1	0.02723	0.01696	0.33185	1	0.99472	0.9996	0	0
140176	Centegra Health System - Woodstock Hospital	16974	16974	16974	16974	17111	4	lurban	lurban	N	1.0337				N		1	0	0	91	44	0	0	0.2676	0.02823	0	0.02823		0	0.000126	579.38	0.328	0.03	0		176	176.00	1.1755	1.1755			176.00	1.1958	1.1958			1.023	1	0.003	0.0042	0.47847	1	1	0.9959	0	0
140177	Jackson Park Hospital	16974	16974	29404	16974	17031	4	lurban	lurban	W	1.0396				N		1	0.0579	0.1188	201	86	0.03113	0.03409	0.7585	0.12948	0.16602	0.12948	0.000222	1332.26	0.000343	1895.7	0.232	0.014	0		1271	1257.68	1.1844	1.1820	132.07	1.0913	1257.40	1.2034	1.2008	132.12	1.0993	1.027	1	0.02061	0.00827	0.22161	1	0.99728	0.9965	0	0
140179	Little Company Of Mary Hospital	16974	16974	29404	14	17031	4	ourban	rural	S	1.0396		YES	YES	N		1	0.0101	0.028	220	134	0.00551	0.00793	0.2756	0.02988	0	0.02988	0.000335	693.33	0.000327	627.37	0.179	0.015	7		3672	3624.82	1.6106	1.5966	1324.06	1.5862	3627.85	1.6093	1.5962	1325.37	1.5801	1.027	1	0.01135	0.01233	0.40435	1	1.00204	0.9844	0	0
140180	Presence Saints Mary And Elizabeth Medical Center	16974	16974	29404	16974	17031	4	lurban	lurban	W	1.0396				N		1	0.1275	0.1701	382	252	0.06723	0.04917	0.7067	0.11879	0.15385	0.11879	0.000327	713.21	0.000786	1627.17	0.194	0.011	0		3596	3551.94	1.5282	1.5153	959.56	1.5309	3554.33	1.5320	1.5205	960.25	1.5334	1.027	1	0.03562	0.01748	0.23991	1	1.00723	0.9998	0	0
140181	South Shore Hospital	16974	16974	16974	16974	17031	4	lurban	lurban	N	1.0337				N		1	0	0	122	53	0	0	0.5403	0.08447	0.11562	0.08447	0.000052	403.7	0.000123	828.83	0.426	0.012	0		900	897.63	1.4756	1.4687			897.77	1.5450	1.5391			1.023	1	0.04781	0.00439	0.47287	1	0.98991	0.9986	0	0
140182	Advocate Illinois Masonic Medical Center	16974	16974	29404	16974	17031	4	lurban	lurban	W	1.0396				N		1	0.6374	1.1372	254	142	0.29841	0.37839	0.3319	0.04149	0.06952	0.04149	0.000446	1455.59	0.000505	1639.92	0.22	0.018	0		2350	2279.72	1.8200	1.8007	1079.01	1.7942	2282.93	1.8242	1.8055	1080.76	1.8022	1.027	1	0.02158	0.02068	0.18515	1	1.00358	0.9966	0	0
140184	Heartland Regional Medical Center	16060	16060	16060	16060	17199	4	ourban	ourban	N	0.8364				N		1	0	0	98	27	0	0	0.3704	0.03	0	0.03	0.000066	371.3	0.000081	468.75	0.101	0.01	0		1642	1584.44	1.8064	1.7840			1587.06	1.8027	1.7811			0.8848	1	0.01106	0.02088	0.41226	1	0.99913	0.9821	0	0
140185	Memorial Hospital	41180	41180	41180	41180	17163	4	lurban	lurban	N	0.926				N		1	0	0	222	158	0	0	0.2687	0.02846	0.05592	0.02846	0.000144	241.3	0.000236	352.6	0.232	0.017	0		4389	4330.75	1.6607	1.6503			4333.27	1.6624	1.6519			0.9487	1	0.02134	0.01612	0.4465	1	1.00704	0.9947	0	0
140186	Riverside Medical Center	28100	28100	16974	28100	17091	4	ourban	ourban	W	1.0197				N		1	0.0647	0.1241	291	137	0.03472	0.03564	0.3583	0.04694	0.07525	0.04694	0.000203	385.48	0.000274	550.56	0.25	0.024	0		4617	4512.09	1.7597	1.7419	691.72	1.7356	4518.99	1.7554	1.7381	692.48	1.7348	1.0134	1	0.00944	0.01462	0.36371	1	1.00493	0.9985	0	0
140187	Hshs St Elizabeth's Hospital	41180	41180	41180	41180	17163	4	lurban	lurban	N	0.926				N		1	0.047	0.0837	194	77	0.02535	0.0239	0.2127	0.01691	0.04401	0.01691	0.000137	405.93	0.000189	553.97	0.254	0.033	0		3114	3056.47	1.8096	1.8009	776.33	1.8342	3058.69	1.8042	1.7943	777.28	1.8264	0.9487	1	0.01467	0.0419	0.38596	1	1.0052	0.9971	0	0
140189	Sarah Bush Lincoln Health Center	14	14	16580	14	17029	4	rural	rural	W	0.8704				N		1	0	0	88	56	0	0	0.2455	0.02367	0	0.02367		0		0	0.293	0.025	16	6205.23	2739	2679.83	1.4381	1.4294			2683.72	1.4322	1.4236			0.9093	1	0.01966	0.02478	0.49952	1	1.01392	0.9922	0	0
140191	Ingalls Memorial Hospital	16974	16974	29404	16974	17031	4	lurban	lurban	W	1.0396				N		1	0	0	268	151	0	0	0.4066	0.0569	0.08582	0.0569	0.000448	900.05	0.000538	1047.43	0.263	0.02	0		4079	4001.35	1.6112	1.6064			4004.86	1.6169	1.6122			1.027	1	0.02901	0.02536	0.34828	1	1.00107	0.9991	0	0
140197	Methodist Hospital Of Chicago	16974	16974	16974	16974	17031	4	lurban	lurban	N	1.0337				N		1	0	0	145	61	0	0	0.7547	0.12869	0.16512	0.12869	0.000041	348.07	0.000135	1086.5	0.602	0.029	0		962	958.85	1.1426	1.1412			958.95	1.1565	1.1550			1.023	1	0.02241	0.00809	0.28221	1	1	0.9964	0	0
140200	Elmhurst Memorial Hospital	16974	16974	16974	16974	17043	4	lurban	lurban	N	1.0337				N		1	0	0	282	185	0	0	0.1314	0	0.02697	0		0		0	0.167	0.019	0		6224	6103.75	1.8134	1.8006			6113.47	1.8086	1.7961			1.023	1	0.03659	0.07082	0.40639	1	1.00356	0.9974	0	0
140202	Advocate Condell Medical Center	29404	29404	29404	29404	17097	4	ourban	ourban	N	1.0396				N		1	0	0	271	180	0	0	0.2042	0.01515	0.04222	0.01515	0.000442	567.99	0.000449	570.85	0.203	0.017	0		6512	6401.22	1.6809	1.6693			6409.82	1.6844	1.6732			1.027	1	0.01634	0.01706	0.42326	1	0.99993	0.9959	0	0
140206	Norwegian-American Hospital	16974	16974	29404	16974	17031	4	lurban	lurban	W	1.0396				N		1	0.0242	0.0331	173	92	0.01314	0.00938	0.8887	0.15633	0.19717	0.15633	0.000186	1134.18	0.00033	1860.58	0.29	0.018	0		1235	1227.08	1.5669	1.5424	363.78	1.3628	1227.10	1.5732	1.5487	363.87	1.3731	1.027	1	0.03744	0.01886	0.23522	1	0.99906	0.9944	0	0
140208	Advocate Christ Hospital & Medical Center	16974	16974	29404	16974	17031	4	lurban	lurban	W	1.0396				N		1	0.3299	0.4457	679	545	0.16524	0.13403	0.3189	0.03881	0.06671	0.03881	0.000765	596.39	0.001063	831.35	0.264	0.019	0		10569	10400.76	2.1029	2.0885	5127.02	2.0771	10412.28	2.1081	2.0942	5132.26	2.0789	1.027	1	0.08991	0.06903	0.27698	1	1.00351	0.9932	0	0
140209	Methodist Medical Center Of Illinois	37900	37900	37900	37900	17143	4	ourban	ourban	N	0.8623				N		1	0.1157	0.2013	198	122	0.06121	0.05845	0.3355	0.04223	0.0703	0.04223	0.000273	589.89	0.000332	718.3	0.198	0.013	0		3800	3725.41	1.9016	1.8949	793.55	1.9079	3729.96	1.9021	1.8950	794.56	1.9127	0.9035	1	0.03465	0.02391	0.33934	1	1.00233	0.9950	0	0
140210	Harrisburg Medical Center	14	14	14	14	17165	4	rural	rural	N	0.8358				N		1	0	0	46	13	0	0	0.2265	0.01975	0	0.01975	0.000143	1201.23		0	0.353	0.022	16	5754.39	1009	974.45	1.1584	1.1448			976.11	1.1587	1.1453			0.8844	1	0	0	0.65988	1.15758	0.99574	0.9940	0	1
140211	Delnor Community Hospital	20994	20994	20994	20994	17089	4	ourban	ourban	N	1.0644				Y	0.0179	1	0	0	144	76	0	0	0.1186	0	0.02431	0		0		0	0.189	0.031	0		3001	2922.85	1.5986	1.5851			2926.89	1.6004	1.5866			1.0437	1	0.02728	0.09141	0.38981	1	1.00951	0.9994	0	0
140213	Silver Cross Hospital  And Medical Centers	16974	16974	16974	16974	17197	4	lurban	lurban	N	1.0337				N		1	0	0	251	177	0	0	0.1688	0.00931	0.03477	0.00931	0.000297	354.31	0.000331	387.31	0.3	0.025	0		7013	6885.68	1.5305	1.5174			6895.67	1.5317	1.5191			1.023	1	0.00825	0.00881	0.40432	1	1.00356	0.9995	0	0
140217	Presence Saint Joseph Hospital - Elgin	20994	20994	20994	20994	17089	4	ourban	ourban	N	1.0644				Y	0.0179	1	0	0	144	71	0	0	0.2426	0.02307	0.05035	0.02307	0.000221	760.87	0.000182	604.9	0.172	0.011	0		2334	2271.99	1.7704	1.7567			2285.57	1.7646	1.7522			1.0437	1	0.02846	0.01702	0.44467	1	0.99877	1.0000	0	0
140223	Advocate Lutheran General Hospital	16974	16974	29404	14	17031	4	ourban	rural	S	1.0396		YES	YES	N		1	0.4124	0.6008	530	356	0.20263	0.18477	0.2543	0.02549	0	0.02549	0.00057	558.18	0.000696	672.29	0.264	0.02	7		8350	8181.18	1.9120	1.8989	1797.51	1.9628	8194.01	1.9162	1.9035	1799.11	1.9697	1.027	1	0.04693	0.04251	0.2986	1	0.99716	0.9973	0	0
140224	Presence Saint Joseph Hospital - Chicago	16974	16974	29404	16974	17031	4	lurban	lurban	W	1.0396				N		1	0.4512	0.8264	280	139	0.21976	0.26265	0.2405	0.02264	0.04991	0.02264	0.000126	342.02	0.000204	525.54	0.204	0.034	0		2862	2796.60	1.5351	1.5182	643.72	1.4873	2801.15	1.5397	1.5235	644.30	1.4946	1.027	1	0.02352	0.09704	0.28324	1	1.00249	0.9921	0	0
140228	Swedish American Hospital	40420	40420	40420	40420	17201	4	ourban	ourban	N	0.9751				N		1	0.0448	0.0794	297	152	0.02418	0.02266	0.3135	0.0377	0.06554	0.0377	0.000386	751.66	0.000437	829.03	0.142	0.011	0		4061	4012.62	1.6410	1.6353	1167.56	1.7446	4016.30	1.6394	1.6339	1168.61	1.7416	0.9829	1	0.01857	0.01875	0.33499	1	0.99662	0.9975	0	0
140231	Edward Hospital	16974	16974	16974	16974	17043	4	lurban	lurban	N	1.0337				N		1	0	0	298	246	0	0	0.1093	0	0.02238	0		0		0	0.202	0.019	0		7246	7085.34	1.9698	1.9625			7095.89	1.9686	1.9610			1.023	1	0.03992	0.05204	0.32959	1	1.00304	0.9972	0	0
140233	Saint Anthony Medical Center	40420	40420	40420	40420	17201	4	ourban	ourban	N	0.9751				N		1	0.0245	0	235	135	0.0133	0	0.173	0.00999	0.03565	0.00999	0.000295	469.32	0.000245	389.95	0.215	0.014	0		5192	5092.34	1.7901	1.7746	1610.00	1.7462	5099.39	1.7856	1.7700	1611.84	1.7405	0.9829	1	0.0369	0.01926	0.45671	1	0.98969	0.9915	0	0
140234	Illinois Valley Community Hospital	14	14	14	14	17099	4	rural	rural	N	0.8378				N		1	0	0	56	18	0	0	0.2044	0.0152	0	0.0152	0.000046	321.46	0.000045	307.29	0.296	0.021	14	7210.72	1162	1117.10	1.3598	1.3525			1118.95	1.3565	1.3493			0.8859	1	0.00036	0.0003	0.53884	1	1.00695	0.9948	0	0
140239	Mercyhealth Hospital Rockton Avenue	40420	40420	40420	40420	17201	4	ourban	ourban	N	0.9751				N		1	0.0012	0	314	161	0.00066	0	0.4827	0.07259	0.10268	0.07259	0.000139	318.56	0.000339	713.26	0.229	0.017	0		3383	3333.48	1.6367	1.6270	804.13	1.7644	3337.44	1.6345	1.6264	804.91	1.7678	0.9829	1	0.06107	0.04934	0.27508	1	0.9964	0.9954	0	0
140240	Westlake Hospital	16974	16974	29404	16974	17031	4	lurban	lurban	W	1.0396				N		1	0.0039	0.0167	121	49	0.00213	0.00472	0.538	0.084	0.1151	0.084	0.000097	922.33	0.000166	1437.65	0.144	0.009	0		840	833.75	1.4492	1.4458	196.00	1.2370	834.07	1.4588	1.4558	196.09	1.2486	1.027	1	0.00932	0.00509	0.25116	1	0.99986	0.9993	0	0
140242	Central Dupage Hospital	16974	16974	16974	16974	17043	4	lurban	lurban	N	1.0337				N		1	0	0	347	220	0	0	0.1901	0.01277	0.03925	0.01277	0.001327	1777.12	0.001085	1431.82	0.187	0.018	0		5971	5790.15	1.9690	1.9578			5805.03	1.9716	1.9605			1.023	1	0.10351	0.15003	0.29682	1	1.00557	0.9996	0	0
140250	Advocate South Suburban Hospital	16974	16974	29404	14	17031	4	ourban	rural	S	1.0396		YES	YES	N		1	0	0	243	111	0	0	0.2422	0.02299	0	0.02299	0.000226	576.79	0.000245	609.65	0.249	0.016	7		3193	3101.03	1.7052	1.6853			3104.14	1.7073	1.6872			1.027	1	0.01015	0.0048	0.35148	1	1.00003	0.9937	0	0
140251	Community First Medical Center	16974	16974	29404	16974	17031	4	lurban	lurban	W	1.0396				N		1	0.0098	0.033	213	86	0.00534	0.00936	0.3453	0.04426	0.07243	0.04426	0.000253	845.44	0.000191	594.82	0.174	0.007	0		2367	2315.39	1.5800	1.5623	679.29	1.5562	2317.95	1.5802	1.5632	680.02	1.5564	1.027	1	0.01104	0.00194	0.42256	1	0.99763	0.9984	0	0
140252	Northwest Community Hospital 1	16974	16974	29404	16974	17031	4	lurban	lurban	W	1.0396				N		1	0	0	340	196	0	0	0.1512	0.00645	0.03109	0.00645	0.000577	605.12	0.000407	436.55	0.239	0.037	0		8354	8156.78	1.6862	1.6713			8168.00	1.6888	1.6744			1.027	1	0.01742	0.062	0.42235	1	0.99842	0.9969	0	0
140258	Alexian Brothers Medical Center 1	16974	16974	29404	16974	17031	4	lurban	lurban	W	1.0396				N		1	0	0	257	202	0	0	0.1772	0.01067	0.03653	0.01067	0.000436	557.46	0.000357	441.66	0.226	0.011	0		6194	6132.85	1.8974	1.8854			6136.42	1.9023	1.8906			1.027	1	0.07701	0.02569	0.46659	1	1.00067	0.9943	0	0
140275	Genesis Health System	19340	19340	19340	19340	17161	4	ourban	ourban	N	0.9048				N		1	0	0	145	31	0	0	0.2781	0.0304	0.05793	0.0304	0.000077	466.92	0.000082	444.57	0.349	0.028	0		1277	1236.01	1.4939	1.4782			1237.64	1.4899	1.4747			0.9338	1	0.00254	0.00271	0.37605	1	1.00536	0.9954	0	0
140276	Loyola University Medical Center	16974	16974	29404	14	17031	4	ourban	rural	S	1.0396		YES	YES	N		1	0.6202	0.8791	531	341	0.29138	0.28157	0.2853	0.03188	0	0.03188	0.000752	844.92	0.000794	893.52	0.217	0.016	7		7126	7010.37	2.2864	2.2741	1318.29	2.3682	7017.91	2.3048	2.2925	1319.73	2.3945	1.027	1	0.07739	0.06471	0.31963	1	0.99792	0.9951	0	0
140280	Trinity Rock Island	19340	19340	19340	19340	17161	4	ourban	ourban	N	0.9048				N		1	0	0	297	154	0	0	0.3228	0.03962	0.06755	0.03962	0.000225	432.74	0.000273	487.07	0.306	0.019	0		4207	4113.98	1.7679	1.7554			4120.05	1.7591	1.7471			0.9338	1	0.01694	0.00688	0.30568	1	0.99308	0.9932	0	0
140281	Northwestern Memorial Hospital	16974	16974	29404	14	17031	4	ourban	rural	S	1.0396		YES	YES	N		1	0.3883	0.5412	865	618	0.19184	0.16501	0.2455	0.02367	0	0.02367	0.00103	736.13	0.001176	867.76	0.227	0.018	7		11719	11508.81	2.2896	2.2810	1684.16	2.3451	11527.93	2.2983	2.2901	1686.97	2.3631	1.027	1	0.09945	0.10025	0.25272	1	1.00536	0.9998	0	0
140286	Kishwaukee Community Hospital	20994	20994	20994	20994	17037	4	ourban	ourban	N	1.0465				N		1	0	0	98	53	0	0	0.2153	0.01744	0	0.01744	0.000171	640.18	0.00016	626.14	0.227	0.02	0		2311	2266.31	1.6203	1.6146			2268.45	1.6212	1.6155			1.0316	1	0.06015	0.07313	0.47777	1	0.995	0.9879	0	0
140288	Advocate Good Samaritan Hospital	16974	16974	16974	16974	17043	4	lurban	lurban	N	1.0337				N		1	0	0	288	148	0	0	0.1698	0.00947	0.03498	0.00947	0.00032	476.64	0.000284	421.55	0.259	0.024	0		5628	5482.61	1.8439	1.8265			5491.45	1.8500	1.8325			1.023	1	0.04646	0.06012	0.38773	1	1.00304	0.9940	0	0
140289	Anderson Hospital	41180	41180	41180	41180	17119	4	lurban	lurban	N	0.926				N		1	0	0	130	67	0	0	0.2045	0.01522	0.04228	0.01522	0.000125	458.41	0.000124	457.68	0.252	0.016	0		2220	2172.44	1.4555	1.4475			2174.56	1.4483	1.4401			0.9487	1	0.00669	0.00401	0.33384	1	1.00242	0.9986	0	0
140290	St Alexius Medical Center	16974	16974	29404	16974	17031	4	lurban	lurban	W	1.0396				N		1	0	0	311	205	0	0	0.2879	0.03242	0.06003	0.03242	0.000492	846.58	0.000436	715.93	0.213	0.017	0		4547	4491.66	1.5573	1.5476			4495.29	1.5544	1.5448			1.027	1	0.03494	0.03322	0.31525	1	1.00174	0.9878	0	0
140291	Advocate Good Shepherd Hospital	29404	29404	29404	29404	17097	4	ourban	ourban	N	1.0396				N		1	0	0	156	108	0	0	0.0638	0	0.013	0		0		0	0.301	0.043	0		4490	4368.65	1.8665	1.8468			4376.22	1.8572	1.8375			1.027	1	0.02354	0.06711	0.46536	1	1.00159	0.9992	0	0
140292	Adventist Glenoaks	16974	16974	16974	16974	17043	4	lurban	lurban	N	1.0337				N		1	0	0	127	66	0	0	0.4577	0.06744	0.09712	0.06744	0.000085	518.57	0.000146	899.06	0.306	0.014	0		1369	1340.15	1.4865	1.4757			1341.13	1.4913	1.4807			1.023	1	0.0107	0.00122	0.29429	1	0.99635	0.9989	0	0
140294	Crossroads Community Hospital	14	14	14	14	17081	4	rural	rural	N	0.8358				N		1	0	0	47	7	0	0	0.1939	0.01338	0	0.01338	0.000031	513.34	0.000024	390.75	0.202	0.027	14	7510.9	558	546.24	1.5378	1.5248			546.96	1.5323	1.5178			0.8844	1	0.07447	0.20026	0.62813	1	1.00427	0.9895	0	0
140300	Provident Hospital Of Chicago	16974	16974	29404	16974	17031	4	lurban	lurban	W	1.0396				N		1	0.1201	0.6263	25	8	0.06346	0.19332	0.6496	0.03	0	0.03	0.000717	69612.57	0.000535	43398	0.232	0.124	0		81	80.44	0.9666	0.9639	23.59	1.0808	80.44	0.9625	0.9598	23.59	1.0809	1.027	1	0	0	0.16672	1	1	1.0000	0	0
140304	Adventist Bolingbrook Hospital	16974	16974	16974	16974	17197	4	lurban	lurban	N	1.0337				N		1	0	0	114	54	0	0	0.3266	0.0404	0.06837	0.0404	0.000099	472.86	0.000132	629.77	0.238	0.025	0		1733	1681.03	1.4771	1.4587			1683.24	1.4762	1.4579			1.023	1	0.00555	0.00968	0.31087	1	0.99998	0.9946	0	0
140307	Metro-East Services Inc	41180	41180	41180	41180	17163	4	lurban	lurban	N	0.926				N		1	0		108	39	0	0.52699	0.2564	0.02592	0.05329	0.02592		0		0	0.266	0.072	0		1407	1377.25	1.4429	1.4289			1378.47	1.4433	1.4295			0.9487	1	0.03315	0.18757	0.28506	1	1.01416	0.9952	0	0
150001	Johnson Memorial Hospital	26900	26900	26900	26900	18081	4	lurban	lurban	N	1.0106				N		1	0	0	86	18	0	0	0.2143	0.01724	0	0.01724	0.000088	989.25	0.000099	1065.64	0.403	0.034	0		722	695.59	1.4028	1.3910			696.73	1.4033	1.3916			1.0072	1	0.00568	0.00743	0.39908	1	1.00908	0.9987	0	0
150002	Methodist Hospitals Inc	23844	23844	16974	23844	18089	4	ourban	ourban	W	1.0197				N		1	0.0075	0.0118	438	239	0.00409	0.00334	0.408	0.05719	0.08613	0.05719	0.000554	833.75	0.000669	929.01	0.247	0.017	0		5176	5141.90	1.5206	1.5146	1767.09	1.5732	5142.71	1.5203	1.5143	1767.41	1.5746	1.0134	1	0.03544	0.02401	0.37904	1	1.00043	0.9855	0	0
150004	Franciscan Health Hammond	23844	23844	16974	23844	18089	4	ourban	ourban	W	1.0197				N		1	0.0337	0.084	191	64	0.01824	0.02399	0.3032	0.03557	0.06332	0.03557	0.000356	1489.62	0.000549	2006.93	0.317	0.037	0		1770	1710.93	1.7740	1.7457	391.66	1.6388	1713.30	1.7792	1.7500	392.16	1.6382	1.0134	1	0.10902	0.23002	0.46214	1	0.99659	0.9879	0	0
150005	Hendricks Regional Health	26900	26900	26900	26900	18063	4	lurban	lurban	N	1.0106				N		1	0	0	127	49	0	0	0.1932	0.01327	0.0399	0.01327	0.000205	824.64	0.000174	727.52	0.45	0.043	0		2142	2080.96	1.5933	1.5832			2085.21	1.5905	1.5810			1.0072	1	0.03239	0.0468	0.33919	1	1.00979	0.9950	0	0
150006	La Porte Hospital	33140	33140	33140	33140	18091	4	ourban	ourban	N	0.9363				Y	0.0054	1	0	0	129	50	0	0	0.3016	0.03524	0.06298	0.03524	0.000213	881.17	0.000182	738.74	0.266	0.022	7		1931	1889.77	1.6296	1.6166			1892.38	1.6299	1.6175			0.9559	1	0.062	0.0667	0.44663	1	0.99647	0.9882	0	0
150007	Community Howard Regional Health Inc	29020	29020	29020	29020	18067	4	ourban	ourban	N	0.9507				Y	0.0104	1	0	0	108	40	0	0	0.2859	0.032	0.0596	0.032	0.000193	890.03	0.000149	676.13	0.266	0.021	0		1765	1708.81	1.5647	1.5407			1711.21	1.5596	1.5356			0.966	1	0.02836	0.02786	0.47055	1	1.00155	0.9971	0	0
150008	St Catherine Hospital Inc	23844	23844	16974	23844	18089	4	ourban	ourban	W	1.0197				N		1	0	0	165	81	0	0	0.4988	0.07592	0.10628	0.07592	0.000198	794.18	0.000277	1012.46	0.278	0.014	0		1863	1821.72	1.5931	1.5768			1823.31	1.5986	1.5823			1.0134	1	0.0051	0.00056	0.32704	1	1.00702	0.9987	0	0
150009	Clark Memorial Health	31140	31140	31140	31140	18019	4	lurban	lurban	N	0.8885				N		1	0.0114	0.018	150	93	0.00621	0.00509	0.3472	0.04465	0.07284	0.04465	0.000312	728.28	0.00035	754.25	0.201	0.021	0		3378	3296.16	1.5364	1.5249	704.08	1.5450	3302.01	1.5352	1.5246	705.49	1.5394	0.9222	1	0.0041	0.00847	0.39758	1	0.99249	0.9992	0	0
150010	St Vincent Kokomo	29020	29020	29020	29020	18067	4	ourban	ourban	N	0.9507				Y	0.0104	1	0	0	107	51	0	0	0.2898	0.03281	0.06044	0.03281	0.000168	745.78	0.000156	639.97	0.247	0.014	0		1669	1619.26	1.6545	1.6406			1622.56	1.6556	1.6418			0.966	1	0.01296	0.00505	0.39537	1	1.00268	0.9972	0	0
150011	Marion General Hospital	15	15	26900	15	18053	4	rural	rural	W	0.9939				N		1	0	0	99	51	0	0	0.3124	0.03747	0	0.03747	0.000307	1226.82	0.000277	1094.59	0.322	0.046	17	6091.33	1975	1938.16	1.3346	1.3226			1939.60	1.3322	1.3201			0.9958	1	0.00689	0.02864	0.44368	1	1.00595	0.9991	0	0
150012	Saint Joseph Regional Medical Center	43780	43780	43780	43780	18141	4	ourban	ourban	N	0.9352				N		1	0.1143	0.1731	253	157	0.06049	0.05006	0.2654	0.02778	0.05521	0.02778	0.000494	806.21	0.0004	647.41	0.245	0.045	0		5019	4939.42	1.8030	1.7922	1578.66	1.7441	4947.14	1.8023	1.7918	1580.62	1.7447	0.9552	1	0.02856	0.1391	0.36954	1	0.99548	1.0000	0	0
150015	Franciscan Health Michigan City	33140	33140	16974	15	18091	4	ourban	rural	S	1.0197		YES	YES	N		1	0	0	149	58	0	0	0.2618	0.02703	0	0.02703	0.000531	1685.11	0.000397	1257.85	0.265	0.03	7		2665	2596.71	1.5568	1.5390			2600.89	1.5549	1.5375			1.0134	1	0.01226	0.03229	0.51042	1	0.99522	0.9945	0	0
150017	Lutheran Hospital Of Indiana	23060	23060	23060	23060	18003	4	ourban	ourban	N	0.8704				N		1	0.0293	0.0315	396	266	0.01588	0.00893	0.2342	0.02134	0.04857	0.02134	0.000335	473.9	0.000352	486.36	0.15	0.012	0		5612	5539.42	2.1738	2.1568	2899.43	1.9252	5542.82	2.1813	2.1646	2901.52	1.9267	0.9093	1	0.11653	0.12849	0.32787	1	0.99446	0.9985	0	0
150018	Elkhart General Hospital	21140	21140	21140	21140	18039	4	ourban	ourban	N	0.941				Y	0.0042	1	0	0	240	107	0	0	0.25	0.0246	0.05193	0.0246	0.000414	923.78	0.000376	769.91	0.288	0.022	0		3518	3467.32	1.8190	1.8081			3469.78	1.8203	1.8090			0.9592	1	0.05874	0.05269	0.38833	1	1.00197	0.9994	0	0
150021	Parkview Regional Medical Center	23060	23060	21140	15	18003	4	ourban	rural	S	0.9368		YES	YES	N		1	0.0193	0.0313	549	378	0.01049	0.00887	0.2948	0.03384	0	0.03384	0.000895	921.14	0.000972	1021.35	0.2	0.019	7		8185	8065.05	1.7544	1.7429	4828.21	1.7718	8074.21	1.7575	1.7470	4832.58	1.7789	0.9563	1	0.03958	0.06052	0.26728	1	0.99804	0.9993	0	0
150022	Franciscan Health Crawfordsville	15	15	26900	15	18107	4	rural	rural	W	0.9939				N		1	0	0	31	9	0	0	0.121910291	0	0	0		0		0	0.269	0.061	14	5161.39	592	562.90	1.3248	1.3125			563.97	1.3208	1.3083			0.9958	1	0.00449	0.03544	0.61986	1.19114	1.0056	0.9941	0	0
150023	Union Hospital Inc	45460	45460	26900	45460	18167	4	ourban	ourban	W	0.9939				N		1	0.0798	0.1228	242	166	0.04264	0.03526	0.2791	0.0306	0.05815	0.0306	0.000416	523.8	0.000437	538.67	0.253	0.028	7		6194	6075.46	1.6944	1.6885	560.22	1.7457	6083.61	1.6920	1.6864	560.99	1.7365	0.9958	1	0.00452	0.01009	0.46157	1	0.99635	0.9975	0	0
150024	Eskenazi Health	26900	26900	26900	26900	18097	4	lurban	lurban	N	1.0106				N		1	0.4936	1.2187	315	192	0.23818	0.41046	0.7093	0.11933	0.15446	0.11933	0.002462	6638.13	0.003508	9403.37	0.247	0.03	0		2982	2945.08	1.8515	1.8445	621.23	1.7285	2946.75	1.8564	1.8504	621.69	1.7370	1.0072	1	0.11699	0.25716	0.20152	1	1.00195	1.0000	0	0
150026	Goshen General Hospital	21140	21140	21140	21140	18039	4	ourban	ourban	N	0.941				Y	0.0042	1	0	0	123	56	0	0	0.2215	0.01872	0.04587	0.01872	0.000337	1622.4	0.000265	1233.64	0.339	0.012	0		1742	1709.38	1.7310	1.7238			1711.16	1.7258	1.7188			0.9592	1	0.06647	0.00781	0.3325	1	1.00297	0.9987	0	0
150030	Henry County Memorial Hospital	15	15	26900	26900	18065	4	rural	lurban	L	0.9939	LUGAR			N		1	0	0	48	20	0	0	0.2497	0.02454	0	0.02454	0.000057	438.2	0.000065	519.56	0.387	0.042	14	7124.53	1115	1084.05	1.4138	1.4119			1086.19	1.4079	1.4063			0.9958	1	0.00414	0.00912	0.47079	1.11409	1.00204	0.9981	0	0
150034	St Mary Medical Center Inc	23844	23844	16974	23844	18089	4	ourban	ourban	W	1.0197				N		1	0	0	180	133	0	0	0.1758	0.01044	0.03624	0.01044	0.000167	312.78	0.000222	386.67	0.245	0.019	0		4171	4117.74	1.6814	1.6723			4120.62	1.6802	1.6710			1.0134	1	0.00674	0.00568	0.44029	1	1.00162	0.9812	0	0
150035	Porter Regional Hospital	23844	23844	16974	15	18127	4	ourban	rural	S	1.0197		YES	YES	N		1	0	0	238	153	0	0	0.2132	0.01701	0	0.01701	0.000184	327.32	0.000244	402.99	0.141	0.011	7		4259	4203.75	1.7917	1.7784			4206.58	1.7908	1.7780			1.0134	1	0.02413	0.02559	0.4696	1	0.99844	0.9961	0	0
150037	Hancock Regional Hospital	26900	26900	26900	26900	18059	4	lurban	lurban	N	1.0106				N		1	0	0	61	25	0	0	0.1646	0.00862	0	0.00862	0.000135	1011.12	0.000108	775.02	0.334	0.029	0		1012	973.89	1.4074	1.3943			975.65	1.4027	1.3901			1.0072	1	0.00118	0.00203	0.39596	1.08227	1.00278	0.9976	0	0
150042	Good Samaritan Hospital	15	15	45460	15	18083	4	rural	rural	W	0.8764				N		1	0	0	129	58	0	0	0.2008	0.01451	0	0.01451	0.000245	656.99	0.000269	728.71	0.265	0.03	7		3223	3112.77	1.4993	1.4849			3118.76	1.4982	1.4848			0.9136	1	0.00781	0.01808	0.57854	1	1.00062	0.9973	0	0
150044	Baptist Health Floyd	31140	31140	31140	31140	18043	4	lurban	lurban	N	0.8885				N		1	0	0	215	149	0	0	0.1931	0.01325	0.03988	0.01325	0.000178	234.36	0.000267	345.22	0.261	0.028	0		6239	6098.27	1.8663	1.8532			6108.33	1.8566	1.8442			0.9222	1	0.03658	0.06983	0.47835	1	0.99984	0.9907	0	0
150045	Dekalb Health	15	15	15	15	18033	4	rural	rural	N	0.8603				Y	0.0305	1	0	0	56	18	0	0	0.2569	0.02602	0	0.02602	0.000067	885.68	0.000059	743.78	0.311	0.022	0		579	561.63	1.2155	1.1918			562.39	1.2131	1.1896			0.9021	1	0.00159	0.00143	0.30066	1.1228	1.00204	0.9752	0	0
150046	Terre Haute Regional Hospital	45460	45460	45460	45460	18167	4	ourban	ourban	N	0.913				N		1	0	0	160	54	0	0	0.2825	0.0313	0.05887	0.0313	0.000142	443.54	0.00014	428.25	0.166	0.015	0		2511	2443.05	1.6623	1.6505			2447.27	1.6649	1.6523			0.9396	1	0.03674	0.04543	0.53384	1	0.99763	0.9842	0	0
150047	St Joseph Hospital	23060	23060	23060	23060	18003	4	ourban	ourban	N	0.8704				N		1	0.0373	0.0787	111	62	0.02017	0.02246	0.5703	0.09066	0.12242	0.09066	0.000156	1406.03	0.0002	1559.97	0.144	0.016	0		765	753.46	1.7202	1.7014	375.99	1.8650	753.76	1.7275	1.7085	376.18	1.8670	0.9093	1	0.0363	0.08021	0.22874	1	1.00038	0.9997	0	0
150048	Reid Health	15	15	34620	15	18177	4	rural	rural	W	0.8866				N		1	0.0584	0.015	165	93	0.03139	0.00424	0.2673	0.02817	0	0.02817		0		0	0.316	0.032	17	6996.46	5722	5557.63	1.7438	1.7315	423.71	1.8288	5566.00	1.7408	1.7285	424.73	1.8154	0.9209	1	0.01986	0.04328	0.54301	1	1.00204	1.0000	0	0
150051	Iu Health Bloomington Hospital	14020	14020	26900	14020	18105	4	ourban	ourban	W	0.9939				N		1	0	0	257	129	0	0	0.3213	0.03931	0.06723	0.03931	0.000361	690.28	0.00048	927.19	0.227	0.014	7		4625	4533.31	1.7665	1.7558			4538.16	1.7698	1.7594			0.9958	1	0.03912	0.01944	0.38386	1	0.99749	1.0000	0	0
150056	Indiana University Health	26900	26900	26900	26900	18097	4	lurban	lurban	N	1.0106				N		1	0.4637	0.6495	1259	857	0.22522	0.20116	0.4716	0.07031	0.10021	0.07031	0.001669	1066.41	0.00311	1905.73	0.201	0.014	0		12714	12529.20	2.2502	2.2378	3458.02	2.1919	12547.67	2.2613	2.2495	3464.04	2.1987	1.0072	1	0.11101	0.0769	0.26407	1	0.99761	0.9977	0	0
150057	Franciscan Health Mooresville	26900	26900	26900	26900	18109	4	lurban	lurban	N	1.0106				N		1	0.0004	0.0164	83	23	0.00022	0.00464	0.2199	0.01839	0	0.01839	0.000229	1290.97	0.000185	1009.11	0.25	0.016	0		1274	1241.30	1.8229	1.8169	343.01	1.9241	1248.06	1.8142	1.8092	343.85	1.9171	1.0072	1	0.0004	0.00022	0.46406	1.05879	1.01498	1.0000	0	0
150058	Memorial Hospital Of South Bend	43780	43780	43780	43780	18141	4	ourban	ourban	N	0.9352				N		1	0.0548	0.0759	392	255	0.02949	0.02165	0.4144	0.05851	0.08754	0.05851	0.000402	668.85	0.000656	1075.05	0.233	0.022	0		5108	5025.05	1.8222	1.8088	1560.35	1.9073	5030.09	1.8208	1.8075	1561.97	1.9044	0.9552	1	0.06245	0.08934	0.25551	1	0.99927	0.9992	0	0
150059	Riverview Health	26900	26900	26900	26900	18057	4	lurban	lurban	N	1.0106				N		1	0	0	105	43	0	0	0.1741	0.01017	0.03588	0.01017	0.000156	853.27	0.000133	713.25	0.339	0.05	0		1503	1474.64	1.5535	1.5473			1476.02	1.5408	1.5350			1.0072	1	0.01741	0.06427	0.40724	1	0.9997	1.0000	0	0
150061	Daviess Community Hospital	15	15	15	15	18027	4	rural	rural	N	0.8378				N		1	0	0	42	11	0	0	0.3189	0.03	0	0.03	0.000063	819.1	0.000053	657.38	0.328	0.031	0		665	644.32	1.2499	1.2355			645.60	1.2466	1.2325			0.8859	1	0	0.00084	0.43432	1.1697	0.99415	0.9966	0	0
150064	Fayette Regional Health System	15	15	15	15	18041	4	rural	rural	N	0.8378				N		1	0	0	50	6	0	0	0.4793	0.03	0	0.03	0.000136	3472.78	0.000096	2019.12	0.478	0.034	0		312	302.39	1.1407	1.1266			302.62	1.1419	1.1284			0.8859	1	0.01989	0.02342	0.46921	1.22758	0.99688	0.9988	0	1
150065	Schneck Medical Center	15	15	26900	15	18071	4	rural	rural	W	0.9939				N		1	0	0	93	28	0	0	0.3173	0.03	0	0.03	0.000111	973.04	0.000127	993.32	0.405	0.037	0		896	874.54	1.6001	1.5812			875.95	1.5960	1.5788			0.9958	1	0.01821	0.02871	0.34481	1.07523	1.00754	1.0000	0	0
150069	King's Daughters' Health	15	15	17140	15	18077	4	rural	rural	W	0.9164				N		1	0	0	89	32	0	0	0.2343	0.02136	0	0.02136	0.000176	919.29		0	0.257	0.031	17	6010.1	1533	1496.58	1.4010	1.3856			1498.60	1.3970	1.3819			0.942	1	0.01097	0.0275	0.483	1.04333	1.00304	0.9920	0	0
150072	Memorial Hospital	15	15	15	15	18017	4	rural	rural	N	0.8378				N		1	0	0	83	14	0	0	0.3367	0.03	0	0.03		0		0	0.367	0.04	16	7487.79	708	681.09	1.2323	1.2194			682.79	1.2304	1.2175			0.8859	1	0.01161	0.02258	0.36832	1.15962	1.00418	1.0000	0	0
150074	Community Hospital East	26900	26900	26900	26900	18097	4	lurban	lurban	N	1.0106				N		1	0.105	0.2727	324	199	0.05571	0.07999	0.4854	0.07315	0.10329	0.07315	0.00026	430.8	0.000684	1110.4	0.239	0.022	0		4882	4805.10	1.8929	1.8819	1491.91	1.9025	4809.44	1.8942	1.8835	1493.67	1.9042	1.0072	1	0.03057	0.0403	0.3047	1	0.99574	0.9985	0	0
150075	Bluffton Regional Medical Center	23060	23060	34620	23060	18179	4	ourban	ourban	W	0.8866				N		1	0	0	62	13	0	0	0.2608	0.02683	0	0.02683	0.000042	652.7	0.00004	546	0.18	0.019	7		456	448.34	1.2168	1.2059			448.86	1.2135	1.2029			0.9209	1	0.00738	0.01234	0.40955	1.17205	1.00441	0.9885	0	0
150076	Saint Joseph Regional Medical Center - Plymouth	15	15	43780	43780	18099	4	rural	ourban	L	0.9352	LUGAR			N		1	0	0	45	15	0	0	0.2429	0.02314	0	0.02314	0.0001	1170.63	0.000068	828.58	0.283	0.032	0		699	673.41	1.3782	1.3570			674.64	1.3766	1.3554			0.9552	1	0	0	0.38983	1.13303	1.00688	1.0000	0	0
150082	Deaconess Hospital Inc	21780	21780	21780	21780	18163	4	ourban	ourban	N	0.9171				N		1	0.037	0.0496	501	335	0.02001	0.0141	0.2121	0.01678	0.04389	0.01678	0.00067	420.72	0.000704	471.06	0.259	0.024	0		12502	12268.60	1.6545	1.6412	3270.49	1.6806	12280.85	1.6558	1.6431	3271.86	1.6830	0.9425	1	0.01566	0.02149	0.45313	1	0.99337	0.9875	0	0
150084	St Vincent Hospital & Health Services	26900	26900	26900	26900	18097	4	lurban	lurban	N	1.0106				N		1	0.1656	0.2307	756	501	0.08644	0.06727	0.3597	0.04723	0.07556	0.04723	0.001276	1094.44	0.001468	1219.97	0.227	0.016	0		9358	9192.64	2.1903	2.1687	2474.57	2.1369	9199.52	2.2054	2.1840	2476.79	2.1493	1.0072	1	0.08538	0.064	0.30111	1	0.996	1.0000	0	0
150086	Highpoint Health	17140	17140	17140	17140	18029	4	lurban	lurban	N	0.9164				N		1	0	0	88	38	0	0	0.2598	0.02662	0	0.02662	0.000102	516.73	0.000104	477.38	0.415	0.043	0		1425	1376.16	1.4684	1.4494			1377.54	1.4693	1.4504			0.942	1	0.01466	0.02768	0.4733	1	1.00254	0.9848	0	0
150088	St Vincent Anderson Regional Hospital Inc	26900	26900	26900	26900	18095	4	lurban	lurban	N	1.0106				N		1	0	0	117	78	0	0	0.357	0.04667	0.07497	0.04667	0.000225	898.78	0.000294	1070.19	0.3	0.016	0		1850	1824.41	1.6030	1.5916			1825.84	1.6069	1.5956			1.0072	1	0.04675	0.02071	0.40089	1	1.00008	0.9917	0	0
150089	Indiana University Health Ball Memorial Hospital	34620	34620	26900	34620	18035	4	ourban	ourban	W	0.9939				N		1	0.2009	0.2642	321	212	0.1039	0.07741	0.3017	0.03526	0.063	0.03526	0.000376	442.66	0.000991	1151.12	0.167	0.012	7		6946	6852.67	1.6514	1.6419	1152.58	1.7098	6858.48	1.6491	1.6399	1153.52	1.7138	0.9958	1	0.01332	0.01117	0.45825	1	1.00043	0.9982	0	0
150090	Franciscan Health Dyer	23844	23844	16974	23844	18089	4	ourban	ourban	W	1.0197				N		1	0.0954	0.168	132	60	0.05075	0.04855	0.1994	0.01428	0.0412	0.01428	0.000155	620.27	0.00029	1048.42	0.25	0.019	0		1813	1775.92	1.7734	1.7690	410.04	1.8581	1778.38	1.7745	1.7697	410.54	1.8602	1.0134	1	0.04288	0.03569	0.48121	1	0.99598	0.9929	0	0
150091	Parkview Huntington Hospital	15	15	23060	15	18069	4	rural	rural	W	0.8704				N		1	0	0	36	12	0	0	0.31	0.03	0	0.03	0.000093	1579.76	0.000077	1402.07	0.254	0.021	0		522	492.70	1.1834	1.1740			494.24	1.1778	1.1679			0.9093	1	0.00633	0.00838	0.31069	1.16621	1.00683	0.9962	0	0
150097	Major Hospital	26900	26900	26900	26900	18145	4	lurban	lurban	N	1.0106				N		1	0	0	46	28	0	0	0.2543	0.02549	0	0.02549	0.000159	1075.72	0.000143	962.68	0.367	0.021	0		1185	1159.51	1.3471	1.3386			1162.00	1.3428	1.3351			1.0072	1	0.01688	0.00644	0.44283	1.07629	1.0046	0.9970	0	0
150100	St Vincent Evansville	21780	21780	21780	21780	18163	4	ourban	ourban	N	0.9171				N		1	0.0156	0.0241	405	185	0.00849	0.00682	0.2891	0.03266	0.06029	0.03266	0.000561	789.46	0.000581	770.83	0.259	0.013	0		5477	5374.71	1.8718	1.8510	1219.38	1.7850	5379.45	1.8675	1.8489	1219.90	1.7866	0.9425	1	0.04558	0.01368	0.36773	1	0.99974	0.9897	0	0
150101	Parkview Whitley Hospital	23060	23060	23060	23060	18183	4	ourban	ourban	N	0.8704				N		1	0	0	30	11	0	0	0.3097	0.03	0	0.03	0.000088	1944.29	0.000073	1699.5	0.314	0.055	0		381	364.81	1.0856	1.0745			365.71	1.0833	1.0720			0.9093	1	0.01288	0.0618	0.18541	1.16864	1.01626	0.9985	0	0
150102	Starke Hospital	15	15	23844	23844	18149	4	rural	ourban	L	0.9359	LUGAR			N		1	0	0	50	4	0	0	0.2608	0.02683	0	0.02683	0.000051	1809.69	0.000038	1221.05	0.343	0.034	14	4999.84	241	228.45	1.1749	1.1527			228.85	1.1703	1.1487			0.9556	1	0	0	0.58974	1.25	1	0.9969	0	0
150104	Witham Health Services	26900	26900	26900	26900	18011	4	lurban	lurban	N	1.0106				N		1	0	0	68	19	0	0	0.2803	0.03	0	0.03	0.000114	1041.11	0.000101	915.96	0.259	0.027	0		911	883.64	1.3563	1.3396			884.94	1.3565	1.3395			1.0072	1	0.01004	0.02069	0.39008	1.11447	1.00915	0.9891	0	0
150109	Franciscan Health Lafayette	29200	29200	29200	29200	18157	4	ourban	ourban	N	0.9691				N		1	0	0	169	117	0	0	0.2872	0.03227	0.05988	0.03227	0.000417	846.27	0.000468	937.3	0.206	0.021	0		3946	3894.19	1.9594	1.9514			3896.76	1.9529	1.9446			0.9787	1	0.03404	0.05904	0.39047	1	1.00181	0.9993	0	0
150112	Columbus Regional Hospital	18020	18020	18020	18020	18005	4	ourban	ourban	N	1.0301				N		1	0	0	150	77	0	0	0.296	0.03409	0.06177	0.03409	0.000405	896.62	0.000357	803.7	0.369	0.04	7		3956	3831.41	1.5786	1.5609			3835.50	1.5794	1.5614			1.0205	1	0.0225	0.04107	0.39158	1	1.00053	0.9985	0	0
150113	Community Hospital Of Anderson And Madison County	26900	26900	26900	26900	18095	4	lurban	lurban	N	1.0106				N		1	0.0023	0	140	63	0.00126	0	0.2849	0.0318	0.05939	0.0318	0.00018	585.93	0.000193	617.56	0.348	0.023	0		2481	2427.52	1.5772	1.5616	255.90	1.4506	2430.09	1.5757	1.5600	256.10	1.4514	1.0072	1	0.04853	0.03101	0.42479	1	1.00048	0.9891	0	1
150115	Memorial Hospital And Health Care Center	15	15	21780	15	18037	4	rural	rural	W	0.895				N		1	0	0	111	38	0	0	0.1963	0.01377	0	0.01377	0.000149	563.23	0.00012	430.49	0.294	0.022	7		2144	2044.04	1.6410	1.6191			2048.10	1.6395	1.6176			0.9268	1	0.00114	0.00104	0.43196	1.00273	1.0115	1.0000	0	0
150125	Community Hospital	23844	23844	16974	23844	18089	4	ourban	ourban	W	1.0197				N		1	0	0	410	242	0	0	0.1947	0.01351	0.04021	0.01351	0.0003	317.38	0.000397	407.36	0.304	0.017	0		7800	7688.31	1.7382	1.7281			7695.35	1.7376	1.7280			1.0134	1	0.0205	0.00718	0.44475	1	1.00038	0.9900	0	0
150126	Franciscan Health Crown Point	23844	23844	16974	23844	18089	4	ourban	ourban	W	1.0197				N		1	0.0081	0.0194	195	99	0.00442	0.00549	0.1667	0.00896	0.03433	0.00896	0.000604	1509.89	0.000348	831.49	0.292	0.025	0		3219	3129.28	1.6409	1.6242	715.66	1.6960	3132.52	1.6440	1.6275	716.57	1.6990	1.0134	1	0.0283	0.03402	0.43286	1	0.99882	0.9960	0	0
150128	Community Hospital South	26900	26900	26900	26900	18097	4	lurban	lurban	N	1.0106				N		1	0.0245	0	170	91	0.0133	0	0.2359	0.02169	0.04893	0.02169	0.000168	413.77	0.000193	495.39	0.244	0.023	0		3374	3318.11	1.5740	1.5665	1016.70	1.6947	3325.01	1.5707	1.5640	1020.25	1.6864	1.0072	1	0.01978	0.03109	0.3443	1	0.99768	0.9924	0	0
150133	Kosciusko Community Hospital	15	15	21140	15	18085	4	rural	rural	W	0.9368				N		1	0	0	72	28	0	0	0.1999	0.01436	0	0.01436	0.000089	751.63	0.000093	713.67	0.128	0.013	7		876	855.69	1.3597	1.3486			856.86	1.3572	1.3465			0.9563	1	0.0046	0.01252	0.33242	1.0372	1.00347	0.9934	0	0
150146	Parkview Noble Hospital	15	15	21140	15	18113	4	rural	rural	W	0.9368				N		1	0	0	31	14	0	0	0.2622	0.02712	0	0.02712	0.000107	1493.33	0.000083	1172.2	0.241	0.019	14	7771.67	602	569.69	1.1662	1.1535			571.29	1.1602	1.1476			0.9563	1	0	0	0.36915	1.15235	1.0074	0.9990	0	0
150149	Women's Hospital The	21780	21780	21780	21780	18173	4	ourban	ourban	N	0.9171				N		1	0	0	74	53	0	0	0.7063	0.03	0	0.03	0.000035	7860.2	0.000111	24885.87	0.363	0.041	0		31	30.90	1.5820	1.5740			30.95	1.5812	1.5769			0.9425	1	0	0	0.00584	1	1.00721	1.0000	0	1
150150	Dupont Hospital Llc	23060	23060	23060	23060	18003	4	ourban	ourban	N	0.8704				N		1	0	0	131	49	0	0	0.3853	0.05251	0.08115	0.05251	0.000056	729.49	0.000095	1162.53	0.169	0.02	0		540	528.17	1.6145	1.5956			528.76	1.6057	1.5860			0.9093	1	0.08267	0.16033	0.10227	1	1.00214	0.9988	0	0
150153	St Vincent Heart Center Of Indiana Llc	26900	26900	26900	26900	18097	4	lurban	lurban	N	1.0106				N		1	0	0	107	56	0	0	0.0724	0	0.01477	0		0		0	0.207	0.015	0		2071	2052.07	3.1572	3.1474			2052.27	3.1564	3.1461			1.0072	1	0.00778	0.0037	0.50288	1	1.00655	1.0000	0	0
150157	St Vincent Carmel Hospital Inc	26900	26900	26900	26900	18057	4	lurban	lurban	N	1.0106				N		1	0	0	153	44	0	0	0.1592	0.00775	0.03276	0.00775	0.000197	1340.48	0.000131	920.01	0.24	0.03	0		1257	1228.81	1.8932	1.8884			1230.01	1.8954	1.8903			1.0072	1	0.02076	0.04454	0.19825	1	1.00982	0.9994	0	0
150158	Iu Health West Hospital	26900	26900	26900	26900	18063	4	lurban	lurban	N	1.0106				N		1	0	0	127	76	0	0	0.1959	0.01371	0.04047	0.01371	0.000164	543.85	0.000179	606.63	0.196	0.021	0		2535	2495.20	1.5006	1.4903			2499.40	1.4996	1.4899			1.0072	1	0.0126	0.02207	0.39175	1	1.0078	0.9940	0	0
150160	Orthoindy Hospital	26900	26900	26900	26900	18097	4	lurban	lurban	N	1.0106				N		1	0	0	38	16	0	0	0.021637065	0	0	0		0		0	0.347	0.041	0		1143	1127.32	2.4620	2.4651			1133.33	2.4339	2.4352			1.0072	1	0.00724	0.01515	0.41123	1	1	1.0000	0	1
150161	Indiana University Health North Hospital	26900	26900	26900	26900	18057	4	lurban	lurban	N	1.0106				N		1	0	0	149	79	0	0	0.23	0.02048	0.04768	0.02048	0.000113	557.95	0.000239	1248.63	0.221	0.037	0		1752	1695.14	1.7717	1.7489			1704.35	1.7700	1.7481			1.0072	1	0.0456	0.18014	0.18765	1	1.00901	0.9997	0	0
150162	Franciscan Health Indianapolis	26900	26900	26900	26900	18097	4	lurban	lurban	N	1.0106				N		1	0.0419	0.0775	431	255	0.02263	0.02211	0.2378	0.02208	0.04933	0.02208	0.000895	939.28	0.00082	886.34	0.231	0.034	0		7707	7562.36	1.9226	1.9082	2337.63	1.9873	7571.53	1.9312	1.9169	2340.15	1.9924	1.0072	1	0.06737	0.19823	0.39312	1	0.99389	0.9993	0	0
150165	Franciscan Health Munster	23844	23844	16974	23844	18089	4	ourban	ourban	W	1.0197				N		1	0	0	63	22	0	0	0.1068	0	0	0		0		0	0.308	0.037	0		1109	1088.02	1.6167	1.6087			1090.43	1.6151	1.6078			1.0134	1	0.035	0.08132	0.44095	1	0.99142	0.9901	0	0
150166	Pinnacle Hospital	23844	23844	16974	23844	18089	4	ourban	ourban	W	1.0197				N		1	0	0	18	8	0	0	0.049623188	0	0	0		0		0	0.237	0.014	0		411	408.63	2.5590	2.5630			408.90	2.5146	2.5176			1.0134	1	0.54199	0.26631	0.47497	1	1.00408	0.9965	0	1
150167	Orthopaedic Hospital At Parkview North Llc	23060	23060	23060	23060	18003	4	ourban	ourban	N	0.8704				N		1	0	0	37	15	0	0	0.057073981	0	0	0		0		0	0.191	0.01	0		896	895.03	2.5015	2.4996			895.14	2.4767	2.4742			0.9093	1	0.00622	0.00133	0.14942	1	1	1.0000	0	0
150168	The Orthopaedic Hospital Of Lutheran Health Networ	23060	23060	23060	23060	18003	4	ourban	ourban	N	0.8704				N		1	0	0	39	17	0	0	0.082139221	0	0	0		0		0	0.118	0.006	0		728	720.07	2.5017	2.4997			720.48	2.4897	2.4876			0.9093	1	0.00072	0.00004	0.34711	1	1	1.0000	0	0
150169	Community Hospital North	26900	26900	26900	26900	18097	4	lurban	lurban	N	1.0106				N		1	0.0152	0.0057	292	191	0.00827	0.00161	0.3204	0.03912	0.06703	0.03912	0.000049	88.04	0.000343	635.89	0.235	0.024	0		4775	4691.38	1.6651	1.6528	1312.33	1.6377	4696.70	1.6684	1.6560	1313.99	1.6364	1.0072	1	0.03218	0.05137	0.26259	1	0.99109	0.9844	0	0
150172	Physicians' Medical Center Llc	31140	31140	31140	31140	18043	4	lurban	lurban	N	0.8885				N		1	0	0	12	2	0	0	0.10218854	0	0	0		0		0	0.324	0.025	0		131	125.24	2.0729	2.0526			126.45	2.0663	2.0447			0.9222	1	0.00021	0	0.32569	1	1	1.0000	0	0
150173	Indiana University Health Arnett Hospital	29200	29200	29200	29200	18157	4	ourban	ourban	N	0.9691				N		1	0	0	180	96	0	0	0.2393	0.02239	0.04965	0.02239	0.000233	528.62	0.000358	819.76	0.228	0.028	0		4021	3942.55	1.6302	1.6180			3948.04	1.6244	1.6125			0.9787	1	0.03578	0.08891	0.38817	1	1.00029	0.9987	0	0
150175	The Heart Hospital At Deaconess Gateway Llc	21780	21780	21780	21780	18173	4	ourban	ourban	N	0.9171				N		1	0	0	24	17	0	0	0.060091753	0	0	0		0		0	0.268	0.024	0		774	763.21	3.1704	3.1310			763.12	3.1559	3.1135			0.9425	1	0.01896	0.02488	0.53222	1	1.0092	0.9915	0	0
150176	Kentuckiana Medical Center Llc	31140	31140	31140	31140	18019	4	lurban	lurban	N	0.8885				N		1	0	0	46	25	0	0	0.1612	0.00807	0	0.00807	0.000048	487.98	0.000031	282.8	0.397	0.052	0		765	757.82	2.3856	2.3785			758.46	2.3467	2.3389			0.9222	1	0.1142	0.31186	0.55236	1	0.98891	0.9700	0	0
150177	Unity Medical And Surgical Hospital	43780	43780	43780	43780	18141	4	ourban	ourban	N	0.9352				N		1	0	0	29	3	0	0	0.059063158	0	0	0		0		0	0.246	0.019	0		181	180.04	3.0386	3.0377			180.22	3.0034	3.0026			0.9552	1	0.13578	0.11979	0.31053	1	1	0.9969	0	0
150179	Fairbanks	26900	26900	26900	26900	18097	4	lurban	lurban	N	1.0106				N		1	0	0	86	51	0	0	0.4178	0.03	0	0.03	0.000069	1866.65	0.000057	1306.46	0.438	0.026	0		234	233.47	0.9127	0.9129			233.47	0.9602	0.9605			1.0072	1	0	0	0.11663	1	1	1.0000	0	0
150181	St Vincent Fishers Hospital Inc	26900	26900	26900	26900	18057	4	lurban	lurban	N	1.0106				N		1	0	0	46	7	0	0	0.1735	0.01007	0	0.01007	0.000112	4353.49	0.000067	2468.61	0.266	0.069	0		196	187.38	1.4529	1.4428			187.28	1.4593	1.4515			1.0072	1	0.00641	0.03753	0.13673	1	0.99441	0.9984	0	0
150182	Franciscan Health Carmel	26900	26900	26900	26900	18057	4	lurban	lurban	N	1.0106				N		1	0	0	6	2	0	0	0	0	0	0		0		0	0.338	0.097	0		118	108.57	2.3952	2.3628			111.37	2.3749	2.3350			1.0072	1	0.02681	0.38249	0.53641	1	1	1.0000	0	0
150183	Monroe Hospital	14020	14020	14020	14020	18105	4	ourban	ourban	N	0.8984				N		1	0		32	14	0	0.52699	0.1761	0.01049	0	0.01049		0		0	0.216	0.033	0		626	613.75	1.7648	1.7427			614.43	1.7626	1.7419			0.9293	1	0.01499	0.03752	0.40666	1	0.9994	0.9982	0	0
160001	Unitypoint Health-Marshalltown	16	16	19780	16	19127	6	rural	rural	W	0.9183				N		1	0	0	49	18	0	0	0.3522	0.04568	0	0.04568	0.000174	1726.09	0.000119	1007.64	0.343	0.033	17	6127.07	807	774.50	1.4775	1.4592			775.55	1.4780	1.4600			0.9433	1	0.00338	0.00605	0.5027	1.09439	0.99906	0.9971	0	0
160005	St Anthony Regional Hospital & Nursing Home	16	16	16	16	19027	6	rural	rural	N	0.8396				N		1	0	0	49	17	0	0	0.145655556	0	0	0		0		0	0.504	0.058	16	6025.55	739	735.27	1.2758	1.2753			735.51	1.2723	1.2719			0.8872	1	0.0338	0.06676	0.49194	1	1.00835	0.9986	0	0
160008	Unitypoint Health - Keokuk	16	16	16	16	19111	6	rural	rural	N	0.8396				N		1	0	0	49	8	0	0	0.1738	0.01012	0	0.01012	0.000017	265.41	0.000024	309.47	0.497	0.036	14	6475.03	362	353.24	1.0404	1.0291			354.02	1.0380	1.0272			0.8872	1	0	0	0.70342	1.21394	0.99713	0.9881	0	0
160013	Trinity Muscatine	16	16	16	16	19139	6	rural	rural	N	0.845				N		1	0	0	45	10	0	0	0.287	0.03	0	0.03		0		0	0.373	0.037	16	7160.62	475	456.99	1.2880	1.2769			457.98	1.2843	1.2735			0.8911	1	0.00046	0.00168	0.36669	1.18697	1.00816	1.0000	0	0
160016	Trinity Regional Medical Center	16	16	11180	16	19187	6	rural	rural	W	0.8498				N		1	0.0606	0.0576	49	33	0.03255	0.01639	0.2624	0.02716	0	0.02716		0		0	0.313	0.024	17	6171.91	1696	1644.54	1.5761	1.5614	131.56	1.6334	1646.77	1.5754	1.5604	131.79	1.6344	0.8945	1	0.01778	0.0175	0.52085	1	1.00076	0.9957	0	0
160024	Iowa Lutheran Hospital	19780	19780	19780	19780	19153	6	ourban	ourban	N	0.9183				N		1	0.0827	0.1463	163	95	0.04415	0.04215	0.4173	0.05911	0.08818	0.05911	0.00017	513.23	0.000203	621.9	0.222	0.011	0		2687	2649.60	1.4756	1.4681	517.42	1.6275	2653.31	1.4768	1.4700	517.87	1.6255	0.9433	1	0.00967	0.00346	0.4036	1	1.00726	0.9917	0	0
160028	Chi Health Mercy Council Bluffs	36540	36540	36540	36540	19155	6	ourban	ourban	N	0.9219				N		1	0	0	145	71	0	0	0.4413	0.06406	0.09348	0.06406	0.000178	771.5	0.000206	820.25	0.237	0.024	0		1791	1765.13	1.5818	1.5753			1766.41	1.5848	1.5786			0.9458	1	0.01321	0.02016	0.31295	1	1.01321	0.9999	0	0
160029	Mercy Hospital	26980	26980	26980	26980	19103	6	ourban	ourban	N	0.9754				N		1	0	0	218	67	0	0	0.1687	0.00929	0.03475	0.00929	0.000099	298.14	0.000099	285.73	0.284	0.032	0		2695	2666.04	1.7098	1.7045			2667.23	1.7078	1.7021			0.9831	1	0.0079	0.0155	0.42636	1	1.01826	1.0000	0	0
160030	Mary Greeley Medical Center	11180	11180	11180	11180	19169	6	ourban	ourban	N	0.9173				Y	0.0002	1	0	0	158	77	0	0	0.1466	0	0.03013	0		0	0.000084	226.22	0.305	0.028	7		3335	3292.07	1.5352	1.5308			3294.40	1.5330	1.5287			0.9426	1	0.03024	0.03767	0.46099	1	1.00489	0.9998	0	0
160032	Skiff Medical Center	16	16	19780	19780	19099	6	rural	ourban	L	0.9183	LUGAR			N		1	0	0	48	9	0	0	0.045294345	0	0	0		0		0	0.596	0.035	14	6484.68	386	373.31	1.1473	1.1302			373.85	1.1425	1.1262			0.9433	1	0.00074	0.00005	0.55438	1	1.00754	0.9897	0	0
160033	Genesis Medical Center-Davenport	19340	19340	19340	19340	19163	6	ourban	ourban	N	0.9048				N		1	0.0598	0.0926	255	163	0.03213	0.02648	0.2829	0.03139	0.05896	0.03139	0.000173	216.64	0.000238	291.1	0.274	0.021	0		6314	6198.12	1.7283	1.7228	1443.32	1.8286	6203.62	1.7210	1.7153	1444.81	1.8135	0.9338	1	0.03148	0.03103	0.43146	1	0.99576	0.9916	0	0
160040	Mercyone Cedar Falls Medical Center	47940	47940	47940	47940	19013	6	ourban	ourban	N	0.8396				N		1	0	0	35	11	0	0	0.038654749	0	0	0		0		0	0.278	0.021	0		372	365.74	1.6235	1.6112			366.05	1.6186	1.6066			0.8872	1	0.00396	0.00406	0.53507	1	0.99549	1.0000	0	0
160045	St Lukes Hospital	16300	16300	26980	16300	19113	6	ourban	ourban	W	0.9337				N		1	0.0253	0.0554	303	170	0.01373	0.01576	0.4016	0.05587	0.08472	0.05587	0.000197	370.57	0.00028	520.88	0.263	0.017	0		4418	4345.05	1.8109	1.8059	1027.17	1.8527	4348.20	1.8156	1.8106	1028.24	1.8520	0.9541	1	0.02449	0.01422	0.28193	1	1.01008	1.0000	0	0
160047	Methodist Jennie Edmundson	36540	36540	36540	36540	19155	6	ourban	ourban	N	0.9219				N		1	0.007	0.01	110	57	0.00382	0.00283	0.3597	0.04723	0.07556	0.04723	0.0001	373.76	0.000107	403.68	0.313	0.016	0		2175	2134.08	1.4874	1.4750	476.70	1.5596	2136.58	1.4769	1.4674	477.29	1.5597	0.9458	1	0.01586	0.0038	0.39162	1	1.00719	0.9993	0	0
160057	Great River Medical Center	16	16	26980	16	19057	6	rural	rural	W	0.9337				N		1	0	0	138	62	0	0	0.2547	0.02557	0	0.02557	0.000078	231.91	0.000229	678.92	0.33	0.043	7		2800	2724.62	1.6474	1.6400			2727.97	1.6425	1.6351			0.9541	1	0.011	0.03127	0.52349	1	1.00422	0.9890	0	0
160058	University Of Iowa Hospital & Clinics	26980	26980	26980	26980	19103	6	ourban	ourban	N	0.9754				N		1	0.5642	0.8158	655	504	0.26816	0.25888	0.3939	0.05428	0.08303	0.05428	0.000605	479.63	0.000933	770.46	0.258	0.019	0		10420	10335.63	2.3102	2.2987	1709.39	2.3773	10341.68	2.3237	2.3126	1710.54	2.3898	0.9831	1	0.09133	0.07382	0.29555	1	0.99631	0.9985	0	0
160064	Mercy Medical Center-North Iowa	16	16	24	16	19033	6	rural	rural	W	0.8744				N		1	0.1746	0.1637	176	112	0.09092	0.04728	0.2631	0.0273	0	0.0273		0		0	0.258	0.021	17	6209.03	4914	4842.62	1.8812	1.8711	173.84	1.9065	4846.02	1.8747	1.8645	173.93	1.8783	0.9122	1	0.0219	0.02518	0.52865	1	0.99865	1.0000	0	0
160067	Mercyone Waterloo Medical Center	47940	47940	47940	47940	19013	6	ourban	ourban	N	0.8396				N		1	0.0677	0.141	215	82	0.0363	0.04059	0.4893	0.07396	0.10416	0.07396	0.000215	858.59	0.000248	932.09	0.281	0.012	0		1966	1931.92	1.5387	1.5308	363.95	1.6034	1933.49	1.5417	1.5341	364.22	1.5943	0.8872	1	0.02713	0.00659	0.31862	1	1	0.9996	0	0
160069	Mercyone Dubuque Medical Center	20220	20220	20220	20220	19061	6	ourban	ourban	N	0.8798				N		1	0	0	147	88	0	0	0.195	0.01356	0.04028	0.01356	0.000055	106.42	0.000086	164.38	0.274	0.024	0		4087	4011.69	1.6406	1.6235			4019.24	1.6436	1.6267			0.916	1	0.01376	0.01729	0.56083	1	1.00851	0.9952	0	0
160079	Mercy Medical Center - Cedar Rapids	16300	16300	26980	16300	19113	6	ourban	ourban	W	0.9337				N		1	0.0161	0.0301	194	93	0.00876	0.00853	0.2255	0.01955	0.04672	0.01955	0.000243	536.56	0.000223	468.8	0.255	0.023	0		3591	3528.76	1.6246	1.6157	995.29	1.5744	3533.49	1.6148	1.6072	996.32	1.5655	0.9541	1	0.01248	0.01501	0.41671	1	1.01084	1.0000	0	0
160080	Mercyone Clinton Medical Center	16	16	19340	16	19045	6	rural	rural	W	0.8832				N		1	0	0	107	39	0	0	0.3157	0.03815	0	0.03815		0		0	0.316	0.028	17	6946.58	1440	1399.41	1.4423	1.4236			1402.12	1.4389	1.4202			0.9185	1	0.00798	0.01217	0.54398	1	1.00354	0.9922	0	0
160082	Iowa Methodist Medical Center	19780	19780	19780	19780	19153	6	ourban	ourban	N	0.9183				N		1	0.1103	0.1836	456	327	0.05844	0.05318	0.2939	0.03365	0.06132	0.03365	0.000291	264.81	0.000458	420.09	0.216	0.011	0		8979	8869.60	1.8631	1.8585	1337.19	1.8681	8878.25	1.8653	1.8607	1337.48	1.8710	0.9433	1	0.03473	0.01265	0.34579	1	1.00117	1.0000	0	0
160083	Mercyone Des Moines Medical Center	19780	19780	19780	19780	19153	6	ourban	ourban	N	0.9183				N		1	0.0614	0.097	544	429	0.03298	0.02775	0.3563	0.04652	0.07482	0.04652	0.000459	371.18	0.000724	568.22	0.226	0.014	0		9656	9568.30	2.0901	2.0797	2231.98	1.9769	9574.00	2.0945	2.0841	2233.47	1.9738	0.9433	1	0.03597	0.01679	0.3445	1	0.99996	1.0000	0	0
160089	Ottumwa Regional Health Center	16	16	26980	16	19179	6	rural	rural	W	0.9337				N		1	0	0	88	21	0	0	0.3241	0.03988	0	0.03988		0		0	0.265	0.047	17	6209.51	998	967.03	1.6395	1.6156			968.21	1.6389	1.6149			0.9541	1	0.00376	0.0197	0.39462	1.10409	1.00041	0.9990	0	0
160101	Broadlawns Medical Center	19780	19780	19780	19780	19153	6	ourban	ourban	N	0.9183				N		1	0.2259	0.4594	101	53	0.11608	0.13842	0.7173	0.12098	0.15633	0.12098	0.000288	4346.46	0.000311	4630.49	0.555	0.019	0		519	515.18	1.3623	1.3533	162.58	1.4067	515.32	1.3701	1.3613	162.64	1.4084	0.9433	1	0.14174	0.03799	0.23844	1	1	0.9980	0	0
160104	Trinity Bettendorf	19340	19340	19340	19340	19163	6	ourban	ourban	N	0.9048				N		1	0	0.1701	75	35	0	0.04917	0.2675	0.02821	0	0.02821	0.000082	489.54	0.000074	448.96	0.325	0.019	0		1351	1315.83	1.8283	1.8153			1317.92	1.8225	1.8101			0.9338	1	0.00745	0.00254	0.29523	1	1.00453	0.9700	0	0
160110	Allen Hospital	47940	47940	47940	47940	19013	6	ourban	ourban	N	0.8396				N		1	0.0253	0.0525	187	86	0.01373	0.01493	0.3319	0.04149	0.06952	0.04149	0.000127	335.83	0.000173	394.83	0.318	0.02	0		3043	2932.38	1.7351	1.7131	1360.40	1.7963	2937.32	1.7317	1.7098	1363.81	1.7928	0.8872	1	0.00517	0.00215	0.34576	1	1.00328	0.9943	0	0
160112	Spencer Municipal Hospital	16	16	16	16	19041	6	rural	rural	N	0.8396				N		1	0	0	54	18	0	0	0.1719	0.00981	0	0.00981	0.000034	272.79	0.000022	180.88	0.348	0.03	14	5967.16	1079	1056.02	1.5899	1.5844			1056.96	1.5875	1.5819			0.8872	1	0.00433	0.0059	0.58321	1.14841	1.00726	0.9976	0	0
160117	Finley Hospital	20220	20220	20220	20220	19061	6	ourban	ourban	N	0.8798				N		1	0	0	98	38	0	0	0.2111	0.01658	0	0.01658	0.000053	252.2	0.000065	274.69	0.336	0.014	0		1680	1638.22	1.5254	1.5135			1640.35	1.5215	1.5098			0.916	1	0.00412	0.0005	0.41561	1	1.0046	0.9913	0	0
160122	Fort Madison Community Hospital	16	16	16	16	19111	6	rural	rural	N	0.8396				N		1	0	0	50	12	0	0	0.3032	0.03557	0	0.03557	0.000031	504.53	0.000037	535.44	0.368	0.04	14	5572.28	458	447.87	1.4035	1.4029			448.60	1.4038	1.4033			0.8872	1	0	0	0.42823	1.18811	1.00252	1.0000	0	0
160124	Lakes Regional Healthcare	16	16	16	16	19059	6	rural	rural	N	0.8396				N		1	0	0	44	7	0	0	0.142727202	0	0	0		0		0	0.498	0.04	14	6468.43	446	439.83	1.3632	1.3637			440.13	1.3533	1.3536			0.8872	1	0.00941	0.00999	0.56681	1	1.01489	1.0000	0	0
160146	St Lukes Regional Medical Center	43580	43580	43580	43580	19193	6	ourban	ourban	N	0.8443				N		1	0.0348	0.0644	162	95	0.01883	0.01834	0.4118	0.05797	0.08697	0.05797	0.000098	333.93	0.000193	639.81	0.364	0.018	0		2409	2376.49	1.5984	1.5956	609.15	1.6464	2378.52	1.6001	1.5976	609.56	1.6458	0.8906	1	0.0251	0.00809	0.26571	1	0.99458	0.9993	0	0
160147	Grinnell Regional Medical Center	16	16	16	16	19157	6	rural	rural	N	0.8396				N		1	0	0	49	11	0	0	0.205132167	0.01535	0	0.01535		0		0	0.535	0.031	0		478	467.39	1.3047	1.3015			467.81	1.3071	1.3037			0.8872	1	0.03659	0.01847	0.36634	1	1.02067	0.9997	0	0
160153	Mercy Medical Center-Sioux City	43580	43580	36540	16	19193	6	ourban	rural	S	0.9219		YES	YES	N		1	0.0337	0.0488	154	93	0.01824	0.01387	0.2423	0.02301	0	0.02301	0.000238	567.9	0.000193	473.38	0.279	0.029	7		3692	3654.64	1.7622	1.7470	536.89	1.7978	3656.95	1.7667	1.7517	536.67	1.7920	0.9458	1	0.03262	0.05959	0.49208	1	0.99394	0.9979	0	0
170006	Via Christi Hospital Pittsburg Inc	17	17	27900	17	20037	6	rural	rural	W	0.8099				N		1	0	0	68	24	0	0	0.241	0.02274	0	0.02274		0		0	0.372	0.027	22	6114.39	1168	1138.46	1.5670	1.5443			1139.56	1.5667	1.5428			0.8656	1	0.01675	0.01396	0.4405	1	1.00162	0.9983	0	0
170009	Saint John Hospital	28140	28140	28140	28140	20103	6	lurban	lurban	N	0.9262				N		1	0	0	22	8	0	0	0.1121	0	0	0		0		0	0.252	0.056	0		753	717.75	1.2440	1.2316			719.43	1.2436	1.2312			0.9489	1	0	0	0.62115	1	1.02854	0.9986	0	0
170012	Salina Regional Health Center	17	17	48620	17	20169	6	rural	rural	W	0.8447				N		1	0.0608	0.128	174	89	0.03266	0.03678	0.149	0	0	0		0		0	0.234	0.02	16	6379.14	3593	3544.26	1.8406	1.8272	213.50	1.8523	3546.74	1.8473	1.8337	213.64	1.8349	0.8909	1	0.02564	0.03061	0.54973	1	0.99652	0.9974	0	0
170013	Hays Medical Center	17	17	28	17	20051	6	rural	rural	W	0.8673				N		1	0	0	132	45	0	0	0.127410919	0	0	0		0		0	0.274	0.022	17	7516.5	2501	2470.11	1.7092	1.7070			2471.60	1.7062	1.7040			0.9071	1	0.04808	0.04912	0.61444	1	1.00685	0.9907	0	0
170014	Adventhealth Ottawa	17	17	28140	28140	20059	6	rural	lurban	L	0.9262	LUGAR			N		1	0	0	47	10	0	0	0.2091	0.01616	0	0.01616		0		0	0.482	0.028	16	7419.7	647	622.40	1.4380	1.4305			623.17	1.4340	1.4268			0.9489	1	0.00374	0.00137	0.5614	1.1997	1.01043	0.9946	0	0
170016	University Of Kansas Hlth System St Francis Campus	45820	45820	45820	45820	20177	6	ourban	ourban	N	0.9112				N		1	0.0045	0.0101	219	80	0.00246	0.00285	0.2313	0.02074	0.04795	0.02074	0.000275	712.72	0.000252	589.98	0.209	0.007	0		3124	3075.90	1.7152	1.7030	487.35	1.6371	3077.81	1.7182	1.7070	487.28	1.6370	0.9383	1	0.01281	0.00066	0.47551	1	0.99989	0.9996	0	0
170017	Susan B Allen Memorial Hospital	48620	48620	48620	48620	20015	6	ourban	ourban	N	0.8447				N		1	0	0	53	12	0	0	0.1918	0.01304	0	0.01304	0.000067	803.63	0.000073	892.91	0.451	0.047	0		702	689.14	1.3573	1.3565			689.82	1.3483	1.3470			0.8909	1	0.04666	0.08999	0.49408	1.1725	1.00403	0.9943	0	0
170020	Hutchinson Regional Medical Center Inc	17	17	48620	17	20155	6	rural	rural	W	0.8447				N		1	0	0	129	50	0	0	0.1439	0	0	0		0		0	0.266	0.019	17	6830.78	2842	2773.10	1.7047	1.7016			2775.97	1.7057	1.7024			0.8909	1	0.02539	0.01966	0.61079	1	0.99934	0.9973	0	0
170023	St Catherine Hospital	17	17	17	17	20055	6	rural	rural	N	0.8042				N		1	0	0	80	36	0	0	0.2409	0.02272	0	0.02272		0		0	0.26	0.019	16	8721.64	1301	1285.87	1.4506	1.4418			1286.61	1.4495	1.4407			0.8614	1	0.02055	0.0179	0.42873	1.01727	1.0024	0.9905	0	0
170027	Pratt Regional Medical Center	17	17	17	17	20151	6	rural	rural	N	0.8042				N		1	0	0	35	12	0	0	0.105147504	0	0	0		0		0	0.462	0.063	16	7291.36	772	759.70	1.6983	1.6847			760.19	1.6975	1.6838			0.8614	1	0.00927	0.02464	0.55274	1.18114	1	0.9999	1	0
170039	Sumner Community Hospital	48620	48620	17	17	20191	6	ourban	rural	S	0.8042		YES		N		1	0	0	42	2	0	0	0.2147	0.01732	0	0.01732	0.000007	486.52	0.000012	663.8	0.961	0.044	0		71	68.61	0.9577	0.9478			68.70	0.9568	0.9471			0.8614	1	0	0	0.38542	1.25	1	0.9995	0	0
170040	University Of Kansas Hospital	28140	28140	28140	28140	20209	6	lurban	lurban	N	0.9262				N		1	0.2456	0.4136	697	551	0.12558	0.1238	0.3103	0.03704	0.06485	0.03704	0.001268	975.77	0.001419	1132.86	0.179	0.016	0		10940	10795.86	2.2270	2.2118	3053.52	2.0859	10805.66	2.2419	2.2271	3055.89	2.0999	0.9489	1	0.08495	0.10126	0.28755	1	1.00595	0.9988	0	0
170049	Olathe Medical Center	28140	28140	28140	28140	20091	6	lurban	lurban	N	0.9262				N		1	0	0	230	103	0	0	0.119	0	0.02439	0		0		0	0.294	0.024	0		3708	3649.76	1.7675	1.7574			3653.93	1.7685	1.7583			0.9489	1	0.0245	0.02458	0.43509	1	1.00112	0.9817	0	0
170058	Mercy Hospital-Fort Scott	17	17	17	17	20011	6	rural	rural	N	0.8707				Y	0.0035	1	0	0	43	8	0	0	0.338973406	0.04295	0	0.04295		0		0	0.395	0.049	14	5048.38	257	250.84	1.2701	1.2628			251.10	1.2666	1.2593			0.9095	1	0	0	0.45381	1	1.00034	0.9972	0	0
170068	Southwest Medical Center	17	17	11100	17	20175	6	rural	rural	W	0.8391				N		1	0	0	68	17	0	0	0.2524	0.0251	0	0.0251		0		0	0.288	0.025	17	7567.12	709	692.02	1.5791	1.5748			693.16	1.5822	1.5777			0.8868	1	0.04878	0.06473	0.34326	1.12417	0.99754	0.9999	0	0
170074	Geary Community Hospital	17	17	17	17	20061	6	rural	rural	N	0.8042				N		1	0	0	49	8	0	0	0.245	0.02357	0	0.02357		0		0	0.397	0.076	0		406	399.63	1.2706	1.2513			399.90	1.2681	1.2482			0.8614	1	0.09393	0.397	0.44677	1	0.99157	0.9923	0	0
170075	"Mercy Hospital, Inc"	17	17	17	17	20113	6	rural	rural	N	0.8042				N		1	0	0	21	2	0	0	0.039029834	0	0	0		0		0	1.084	0.046	0		191	187.33	0.9448	0.9418			187.13	0.9545	0.9512			0.8614	1	0	0	0.66325	1.25	1	1.0000	0	0
170086	Stormont Vail Hospital	45820	45820	45820	45820	20177	6	ourban	ourban	N	0.9112				N		1	0.0023	0.0036	391	264	0.00126	0.00102	0.2889	0.03262	0.06025	0.03262	0.000516	445.38	0.000522	481.85	0.226	0.018	0		10167	9991.17	1.7550	1.7426	1116.87	1.7484	9999.96	1.7551	1.7428	1117.70	1.7481	0.9383	1	0.02504	0.02389	0.41668	1	0.99268	0.9940	0	0
170103	Newton Medical Center	48620	48620	48620	48620	20079	6	ourban	ourban	N	0.8447				N		1	0	0	74	22	0	0	0.1627	0.00831	0	0.00831	0.00008	593.64		0	0.366	0.043	0		1121	1092.56	1.5535	1.5360			1095.06	1.5530	1.5361			0.8909	1	0.05523	0.11063	0.5091	1.11159	1.00076	0.9992	0	0
170104	Adventhealth Shawnee Mission	28140	28140	28140	28140	20091	6	lurban	lurban	N	0.9262				N		1	0.0029	0.0049	339	203	0.00158	0.00138	0.1763	0.01052	0.03635	0.01052	0.000745	1127.02	0.000499	725.44	0.149	0.017	0		5491	5380.06	1.6926	1.6808	1363.90	1.7140	5387.71	1.6937	1.6824	1366.00	1.7110	0.9489	1	0.00899	0.02083	0.27135	1	1.00223	0.9952	0	0
170105	Mcpherson Hospital Inc	17	17	17	17	20113	6	rural	rural	N	0.8042				N		1	0	0	34	8	0	0	0.100419275	0	0	0		0		0	0.368	0.026	14	6892.74	441	432.74	1.2553	1.2489			433.00	1.2545	1.2479			0.8614	1	0.00072	0.00046	0.48056	1.22356	1.00475	0.9939	0	0
170109	Miami County Medical Center	28140	28140	28140	28140	20121	6	lurban	lurban	N	0.9262				N		1	0	0	18	3	0	0	0.0887	0	0	0		0		0	0.44	0.029	0		226	218.72	1.1759	1.1777			219.56	1.1685	1.1704			0.9489	1	0	0	0.51613	1.2497	1.01723	0.9868	0	0
170110	Bob Wilson Memorial Grant County Hospital	17	17	17	17	20067	6	rural	rural	N	0.8042				N		1	0	0	22	2	0	0	0.150574194	0.00634	0	0.00634		0		0	0.933	0.021	16	8229.96	108	104.56	0.9707	0.9691			104.70	0.9688	0.9673			0.8614	1	0.30281	0.02484	0.4665	1	1	1.0000	1	1
170120	Labette Health	17	17	27900	17	20099	6	rural	rural	W	0.8099				N		1	0	0	45	16	0	0	0.2494	0.02448	0	0.02448		0		0	0.315	0.038	17	6117.51	969	937.52	1.7090	1.6976			938.80	1.7042	1.6925			0.8656	1	0.00097	0.00371	0.50143	1.13212	1.00877	0.9995	0	0
170122	"Ascension Via Christi Hospitals Wichita, Inc."	48620	48620	48620	48620	20173	6	ourban	ourban	N	0.8447				N		1	0.1776	0.2732	631	391	0.09241	0.08015	0.2729	0.02932	0.05682	0.02932	0.001444	1048.32	0.001254	883.33	0.202	0.014	0		11045	10842.63	1.9232	1.9089	1907.46	1.8709	10853.24	1.9250	1.9107	1909.07	1.8730	0.8909	1	0.03806	0.02696	0.38915	1	0.99297	0.9994	0	0
170123	Wesley Medical Center	48620	48620	48620	48620	20173	6	ourban	ourban	N	0.8447				N		1	0.1838	0.3122	574	361	0.09548	0.0921	0.3244	0.03995	0.0679	0.03995	0.000912	865.37	0.000902	904.36	0.106	0.01	0		9010	8879.43	2.0069	1.9943	1454.83	1.9382	8885.91	2.0105	1.9974	1455.99	1.9361	0.8909	1	0.02205	0.03648	0.30666	1	0.99595	0.9997	0	0
170133	Saint Luke's Cushing Hospital	28140	28140	28140	28140	20103	6	lurban	lurban	N	0.9262				N		1	0	0	23	7	0	0	0.2114	0.01664	0	0.01664	0.000077	1709.84	0.000079	1850.43	0.319	0.04	0		359	347.49	1.2844	1.2800			347.87	1.2826	1.2782			0.9489	1	0.0057	0.01512	0.42443	1	1.00465	0.9830	0	0
170137	Lawrence Memorial Hospital	29940	29940	28140	17	20045	6	ourban	rural	S	0.9262		YES	YES	N		1	0	0	114	48	0	0	0.1757	0.01043	0	0.01043		0		0	0.26	0.018	16	6248.74	2747	2679.56	1.5317	1.5181			2683.21	1.5301	1.5170			0.9489	1	0.02096	0.0161	0.40648	1	1.00738	0.9941	0	0
170142	"Ascension Via Christi Hospital Manhattan, Inc"	31740	31740	45820	31740	20161	6	ourban	ourban	W	0.9112				N		1	0	0	86	35	0	0	0.1656	0.00879	0	0.00879	0.000127	557.16	0.000108	468.08	0.315	0.021	7		1858	1819.97	1.6277	1.6088			1821.50	1.6243	1.6055			0.9383	1	0.01203	0.00743	0.44736	1	1.00076	0.9980	0	0
170145	"Coffeyville Regional Medical Center, Inc"	17	17	17	17	20125	6	rural	rural	N	0.8042				N		1	0	0	47	14	0	0	0.2491	0.02441	0	0.02441	0.000059	576.68		0	0.393	0.029	16	5271.41	761	737.81	1.3792	1.3617			738.79	1.3784	1.3599			0.8614	1	0.0011	0.00133	0.55754	1.15197	1.01541	0.9998	0	0
170146	Providence Medical Center	28140	28140	28140	28140	20209	6	lurban	lurban	N	0.9262				N		1	0	0	171	95	0	0	0.2026	0.01482	0.04188	0.01482	0.000118	283.63	0.000168	382.29	0.167	0.027	0		3269	3205.64	1.8063	1.7899			3208.89	1.8028	1.7870			0.9489	1	0.02144	0.0606	0.41053	1	1.00771	0.9700	0	0
170150	South Central Ks  Med Center	17	17	17	17	20035	6	rural	rural	N	0.8042				N		1	0	0	37	7	0	0	0.2374	0.022	0	0.022	0.000028	546.39		0	0.47	0.119	16	5460.08	403	395.30	1.1840	1.1691			395.67	1.1827	1.1693			0.8614	1	0	0	0.62323	1.22364	1.00294	0.9983	0	0
170166	Morton County Hospital	17	17	17	17	20129	6	rural	rural	N	0.8042				N		1	0	0	26	2	0	0	0.018205462	0	0	0		0		0	0.82	0.05	16	6061.11	115	114.68	0.9720	0.9725			114.71	0.9684	0.9689			0.8614	1	0.0674	0.0433	0.84395	1	1	0.9996	0	1
170175	Western Plains Medical Complex	17	17	48620	17	20057	6	rural	rural	W	0.8447				N		1	0	0	60	13	0	0	0.2837	0.03	0	0.03		0		0	0.247	0.027	16	5959.65	560	545.79	1.4613	1.4468			546.45	1.4567	1.4422			0.8909	1	0.01086	0.02806	0.38132	1.13735	1.00053	0.9959	0	0
170176	Overland Park Reg Med Ctr	28140	28140	28140	28140	20091	6	lurban	lurban	N	0.9262				N		1	0	0	264	144	0	0	0.2737	0.02949	0.05699	0.02949	0.000398	1187.28	0.000353	1122.74	0.122	0.016	0		2849	2786.84	1.6513	1.6390			2790.56	1.6525	1.6414			0.9489	1	0.02844	0.06762	0.19679	1	0.99659	0.9880	0	0
170182	Menorah Medical Center	28140	28140	28140	28140	20091	6	lurban	lurban	N	0.9262				N		1	0	0	142	76	0	0	0.0501	0	0.0102	0		0		0	0.163	0.014	0		3329	3264.16	1.8526	1.8512			3270.42	1.8566	1.8552			0.9489	1	0.02927	0.03129	0.39686	1	0.99614	0.9886	0	0
170183	Kansas Surgery & Recovery Center	48620	48620	48620	48620	20173	6	ourban	ourban	N	0.8447				N		1	0	0	24	11	0	0	0.02109863	0	0	0		0		0	0.312	0.024	0		878	877.22	2.1068	2.1064			877.34	2.0941	2.0938			0.8909	1	0	0	0.50832	1	1	1.0000	0	0
170185	Saint Luke's South Hospital	28140	28140	28140	28140	20091	6	lurban	lurban	N	0.9262				N		1	0	0	89	44	0	0	0.064776871	0	0	0		0		0	0.183	0.022	0		2496	2448.96	1.4582	1.4527			2452.18	1.4558	1.4506			0.9489	1	0.00524	0.01319	0.42901	1	1.00581	0.9859	0	0
170186	Kansas Heart Hospital	48620	48620	48620	48620	20173	6	ourban	ourban	N	0.8447				N		1	0	0	46	21	0	0	0.037872933	0	0	0		0		0	0.362	0.018	0		1124	1108.52	2.5377	2.5099			1108.56	2.5481	2.5184			0.8909	1	0.00551	0.00019	0.70297	1	1.00005	1.0000	0	0
170187	Salina Surgical Hospital	17	17	17	17	20169	6	rural	rural	N	0.8042				N		1	0	0	15	5	0	0	0.022234215	0	0	0		0		0	0.35	0.028	0		478	476.04	2.0632	2.0564			476.09	2.0493	2.0423			0.8614	1	0.00508	0.00533	0.65023	1	1	1.0000	0	0
170188	Kansas City Orthopaedic Institute	28140	28140	28140	28140	20091	6	lurban	lurban	N	0.9262				N		1	0	0	9	5	0	0	0	0	0	0		0		0	0.321	0.034	0		420	418.37	2.1180	2.1162			419.00	2.1038	2.1023			0.9489	1	0	0	0.47852	1	1	1.0000	0	0
170190	Manhattan Surgical Hospital Llc	31740	31740	31740	31740	20161	6	ourban	ourban	N	0.8957				N		1	0	0	13	2	0	0	0.016018764	0	0	0		0		0	0.253	0.043	0		316	315.73	2.0327	2.0320			315.80	2.0166	2.0161			0.9273	1	0	0	0.4106	1	1	1.0000	0	0
170191	University  Of Ks Hlth System Great Bend Campus	17	17	17	17	20009	6	rural	rural	N	0.8042				N		1	0	0	33	12	0	0	0.2484	0.02427	0	0.02427		0		0	0.376	0.061	16	7224.63	697	689.76	1.5393	1.5400			690.22	1.5353	1.5358			0.8614	1	0.01068	0.03513	0.3735	1.18091	1.00261	0.9991	0	0
170194	Doctors Hospital Llc	28140	28140	28140	28140	20091	6	lurban	lurban	N	0.9262				N		1	0	0	9	1	0	0	0.2214	0.0187	0	0.0187	0.00001	1131.08	0.000006	470.92	0.271	0.034	0		65	63.75	4.1891	4.1335			63.81	4.0888	4.0309			0.9489	1	0.04894	0.17877	0.57661	1	1	1.0000	0	0
170196	"Kansas Spine & Specialty Hospital, Llc"	48620	48620	48620	48620	20173	6	ourban	ourban	N	0.8447				N		1	0	0	36	13	0	0	0.076383775	0	0	0		0		0	0.214	0.017	0		939	933.06	2.8831	2.8836			933.47	2.8640	2.8635			0.8909	1	0.00088	0.00085	0.4298	1	1	1.0000	0	0
170197	Kansas Medical Center Llc	48620	48620	48620	48620	20015	6	ourban	ourban	N	0.8447				N		1	0	0	56	27	0	0	0.033169923	0	0	0		0		0	0.353	0.038	0		1579	1560.52	2.0966	2.0944			1561.60	2.0875	2.0852			0.8909	1	0.01363	0.02734	0.62182	1	1.00709	1.0000	0	1
170198	"Summit Surgical, Llc"	17	17	17	17	20155	6	rural	rural	N	0.8042				N		1	0	0	10	1	0	0	0.023332064	0	0	0		0		0	0.375	0.066	0		141	140.80	2.0173	2.0183			140.83	2.0011	2.0019			0.8614	1	0	0	0.55511	1	1	1.0000	0	0
170199	Minimally Invasive Surgery Hospital	28140	28140	28140	28140	20091	6	lurban	lurban	N	0.9262				N		1	0	0	9	0	0	0	0.676940541	0.03	0	0.03	0	0		0	0.207	0.021	0		49	49.00	1.6707	1.6707			49.00	1.7885	1.7885			0.9489	1	0.50298	0.73231	0.43243	1	1	1.0000	0	0
170200	"Ascension Via Christi Hospital St. Teresa, Inc."	48620	48620	48620	48620	20173	6	ourban	ourban	N	0.8447				N		1	0	0	39	14	0	0	0.031612931	0	0	0		0		0	0.207	0.035	0		656	640.06	1.5911	1.5804			640.91	1.5926	1.5822			0.8909	1	0.02431	0.08992	0.56764	1	1.00949	0.9915	0	0
170201	"Pinnacle Regional Hospital, Inc"	28140	28140	28140	28140	20091	6	lurban	lurban	N	0.9262				N		1	0	0	4	1	0	0	0.830738523	0.03	0	0.03	0	0	0.000008	800.68	0.116	0.005	0		37	37.00	1.8598	1.8598			37.00	1.8584	1.8584			0.9489	1	0.16586	0.03141	0.26747	1	1	1.0000	1	0
170203	Premier Surgical Institute	17	17	22220	17	20021	6	rural	rural	W	0.8253				N		1	0	0	36	8	0	0	0.022166252	0	0	0		0		0	0.236	0.059	0		872	870.02	2.9690	2.9679			870.01	2.9264	2.9253			0.8768	1	0.00064	0.02274	0.64938	1	1	1.0000	0	0
180001	St Elizabeth Ft Thomas	17140	17140	17140	17140	21037	5	lurban	lurban	N	0.9164				N		1	0	0	134	86	0	0	0.3432	0.04382	0.07197	0.04382	0.000149	501.01	0.000149	471.78	0.265	0.021	0		2204	2174.84	1.3932	1.3804			2175.94	1.3948	1.3819			0.942	1	0.03143	0.03354	0.3819	1	0.99441	0.9861	0	0
180002	Whitesburg Arh Hospital	18	18	18	18	21133	5	rural	rural	N	0.8248				N		1	0	0	90	36	0	0	0.4077	0.03	0	0.03	0.00004	248.13	0.00007	442.89	0.219	0.013	16	5127.16	1360	1325.74	1.2274	1.2150			1327.07	1.2253	1.2129			0.8764	1	0.00012	0	0.44104	1	1.01181	0.9797	0	0
180004	Owensboro Health Muhlenberg Community Hospital	18	18	18	18	21177	5	rural	rural	N	0.8248				N		1	0	0	47	14	0	0	0.1748	0.01028	0	0.01028	0.000032	405.54	0.000038	439.65	0.322	0.015	0		636	624.02	1.2405	1.2330			624.42	1.2280	1.2203			0.8764	1	0.03459	0.00491	0.6032	1.20379	1.00591	0.9958	0	0
180005	Highlands Regional Medical Center	18	18	26580	18	21071	5	rural	rural	W	0.8425				N		1	0	0	127	45	0	0	0.4224	0.06016	0	0.06016	0.000079	399.27	0.000105	517.01	0.296	0.022	7		1580	1565.86	1.3000	1.2966			1566.60	1.2962	1.2928			0.8893	1	0.01487	0.0143	0.43657	1	0.99963	0.9783	0	0
180009	King's Daughters' Medical Center	26580	26580	26580	26580	21019	5	ourban	ourban	N	0.8425				N		1	0	0	466	152	0	0	0.3995	0.05543	0.08426	0.05543	0.000218	296.61	0.000386	515.31	0.254	0.03	0		6018	5937.60	1.7286	1.7210			5942.30	1.7292	1.7216			0.8893	1	0.02104	0.05417	0.45111	1	1.00057	0.9856	0	0
180010	Saint Joseph Hospital	30460	30460	30460	30460	21067	5	ourban	ourban	N	0.906				N		1	0.0094	0.011	258	173	0.00513	0.00311	0.2427	0.02309	0.05037	0.02309	0.000258	410.25	0.000281	422.26	0.315	0.032	0		4746	4627.35	2.2389	2.2167	1917.83	2.2363	4634.65	2.2412	2.2185	1920.41	2.2368	0.9346	1	0.02925	0.05108	0.45998	1	0.99493	0.9978	0	0
180011	Saint Joseph London	18	18	18	18	21125	5	rural	rural	N	0.8248				N		1	0	0	102	60	0	0	0.5368	0.08375	0	0.08375	0.000147	586.61	0.000165	665.62	0.237	0.035	7		2155	2120.52	1.6729	1.6635			2122.12	1.6749	1.6657			0.8764	1	0.0076	0.03104	0.39851	1	1.00517	0.9963	0	0
180012	Hardin Memorial Hospital	21060	21060	31140	21060	21093	5	ourban	ourban	W	0.8885				N		1	0	0	270	141	0	0	0.2975	0.0344	0.0621	0.0344	0.000254	419.6	0.000284	465.57	0.368	0.006	7		5130	5046.84	1.6119	1.6008			5052.91	1.6089	1.5983			0.9222	1	0.01356	0.00018	0.44626	1	1.00003	0.9972	0	0
180013	The Medical Center At Bowling Green	14540	14540	34980	14540	21227	5	ourban	ourban	W	0.8582				N		1	0.0367	0	306	221	0.01985	0	0.3676	0.04886	0.07728	0.04886	0.000159	214.44	0.000317	422.81	0.31	0.018	7		6084	6029.28	1.7530	1.7451	1164.39	1.7759	6031.90	1.7435	1.7356	1164.71	1.7741	0.9006	1	0.02401	0.0101	0.43404	1	0.99711	0.9817	0	0
180016	Jewish Hospital - Shelbyville	31140	31140	18	18	21211	5	ourban	rural	S	0.8248		YES		N		1	0	0	30	7	0	0	0.1935	0.01332	0	0.01332	0.000036	772.15	0.000037	647.27	0.351	0.047	14	5989.67	264	246.71	1.3370	1.3071			247.40	1.3349	1.3060			0.8764	1	0	0.00496	0.52565	1.22227	1.00061	0.9973	0	0
180017	T J Samson Community Hospital	18	18	34980	18	21009	5	rural	rural	W	0.8582				N		1	0.0944	0.2231	117	47	0.05023	0.06498	0.431	0.06193	0	0.06193		0	0.0002	755.46	0.324	0.026	17	6180.95	2244	2163.99	1.5629	1.5494	296.13	1.6483	2166.28	1.5558	1.5422	296.36	1.6441	0.9006	1	0.01	0.01092	0.43215	1	0.99358	0.9962	0	0
180018	St Claire Regional Medical Center	18	18	18	18	21205	5	rural	rural	N	0.8248				N		1	0.101	0.2272	91	39	0.05365	0.06622	0.4853	0.07313	0	0.07313	0.000099	471.46	0.000101	486.09	0.278	0.012	17	4376.21	1770	1718.39	1.4863	1.4786	343.68	1.3976	1720.20	1.4837	1.4758	344.19	1.3946	0.8764	1	0.00502	0.00144	0.45734	1	1.00939	0.9985	0	0
180019	Meadowview Regional Medical Center	18	18	18	18	21161	5	rural	rural	N	0.8248				N		1	0	0	100	17	0	0	0.4013	0.05581	0	0.05581	0.000038	314.14	0.000051	400.21	0.147	0.014	14	4281.39	919	881.45	1.6040	1.5904			883.37	1.5994	1.5866			0.8764	1	0.00072	0.00125	0.412	1.10212	1.00963	0.9967	0	1
180020	Middlesboro Appalachian Regional Healthcare Hospit	18	18	18	18	21013	5	rural	rural	N	0.8248				N		1	0	0	73	16	0	0	0.3968	0.03	0	0.03	0.000049	620.24	0.000061	731.12	0.279	0.015	0		625	612.78	1.4281	1.4214			613.29	1.4278	1.4215			0.8764	1	0.00767	0.00205	0.49233	1	1.0084	0.9967	0	0
180021	"Pineville Community Health Center, Inc"	18	18	18	18	21013	5	rural	rural	N	0.8248				N		1	0	0	46	14	0	0	0.445320277	0.03	0	0.03	0.000015	188.85	0.000035	367.32	0.432	0.021	0		348	345.62	1.0384	1.0368			345.83	1.0350	1.0333			0.8764	1	0	0	0.58744	1	1	0.9966	1	1
180024	Spring View Hospital	18	18	18	18	21155	5	rural	rural	N	0.8248				N		1	0	0	75	8	0	0	0.4954	0.03	0	0.03	0.000028	591.89	0.000039	739.99	0.281	0.021	0		387	362.98	1.2806	1.2576			363.38	1.2836	1.2605			0.8764	1	0.00334	0.00352	0.32058	1.19917	0.99839	0.9985	0	0
180025	Flaget Memorial Hospital	18	18	31140	31140	21179	5	rural	lurban	L	0.8885	LUGAR			N		1	0	0	40	18	0	0	0.296	0.03	0	0.03	0.000061	656.63	0.000059	612.13	0.23	0.015	0		733	702.44	1.6097	1.5957			703.50	1.6078	1.5936			0.9222	1	0.00007	0	0.44136	1.14265	1.00496	1.0000	0	0
180027	Murray-Calloway County Hospital	18	18	18	18	21035	5	rural	rural	N	0.8248				N		1	0	0	128	48	0	0	0.2545	0.02553	0	0.02553	0.000043	221.18	0.000071	356.44	0.311	0.026	7		1540	1521.99	1.4330	1.4280			1523.54	1.4319	1.4272			0.8764	1	0.01477	0.01894	0.43543	1	0.99984	0.9937	0	0
180029	Hazard Arh Regional Medical Center	18	18	30460	18	21193	5	rural	rural	W	0.8873				N		1	0.0253	0.0388	202	117	0.01373	0.01101	0.4645	0.06884	0	0.06884	0.000163	335.28	0.000257	529.86	0.213	0.008	7		4198	4147.42	1.6318	1.6230	632.32	1.6262	4149.36	1.6242	1.6154	632.81	1.6138	0.9214	1	0.02341	0.00374	0.49699	1	1	0.9700	1	0
180035	St Elizabeth Medical Center North	17140	17140	17140	17140	21117	5	lurban	lurban	N	0.9164				N		1	0.0569	0.0814	454	319	0.0306	0.02324	0.3251	0.04009	0.06805	0.04009	0.000508	549.34	0.00058	608.11	0.233	0.025	0		7157	7085.64	1.7135	1.7074	3393.37	1.8344	7091.20	1.7143	1.7086	3395.46	1.8367	0.942	1	0.0287	0.052	0.30514	1	1.00152	0.9876	0	0
180036	Our Lady Of Bellefonte Hospital	26580	26580	26580	26580	21089	5	ourban	ourban	N	0.8425				N		1	0.0131	0.0666	135	84	0.00713	0.01897	0.3826	0.05195	0.08056	0.05195	0.000085	246.06	0.000128	371.98	0.25	0.018	0		2733	2676.10	1.4601	1.4512	537.39	1.4364	2680.26	1.4596	1.4511	538.30	1.4375	0.8893	1	0.02292	0.01757	0.39533	1	1.00681	0.9833	0	0
180038	Owensboro Health Regional Hospital	36980	36980	21780	18	21059	5	ourban	rural	S	0.895		YES	YES	N		1	0	0	427	193	0	0	0.3255	0.04017	0	0.04017		0		0	0.336	0.057	17	7393.43	5406	5292.39	1.8161	1.7896			5297.55	1.8100	1.7831			0.9268	1	0.11869	0.40799	0.42059	1	0.99676	0.9992	0	0
180040	Jewish Hospital & St Mary's Healthcare	31140	31140	31140	31140	21111	5	lurban	lurban	N	0.8885				N		1	0.0441	0.0722	701	526	0.0238	0.02058	0.5694	0.09048	0.12221	0.09048	0.000491	428.74	0.000987	790.14	0.262	0.029	0		8610	8449.25	2.0407	2.0248	3157.78	1.7748	8461.17	2.0423	2.0266	3162.75	1.7680	0.9222	1	0.07536	0.14945	0.2952	1	0.99607	0.9893	0	0
180043	Memorial Hospital	18	18	18	18	21051	5	rural	rural	N	0.8248				N		1	0	0	63	17	0	0	0.5955	0.09586	0	0.09586	0.000033	378.14	0.000069	728.08	0.254	0.015	17	5330.18	650	615.61	1.3378	1.3216			617.59	1.3340	1.3172			0.8764	1	0	0	0.41257	1.14038	1.0093	0.9966	0	0
180044	Pikeville Medical Center	18	18	26580	18	21195	5	rural	rural	W	0.8425				N		1	0.0485	0.0831	224	212	0.02614	0.02373	0.4007	0.05568	0	0.05568		0		0	0.151	0.012	17	7758.05	6524	6460.55	1.8607	1.8443	1146.10	2.1741	6464.35	1.8640	1.8477	1146.35	2.1801	0.8893	1	0.07847	0.09138	0.45679	1	1.00131	0.9817	0	0
180045	St Elizabeth Florence	17140	17140	17140	17140	21015	5	lurban	lurban	N	0.9164				N		1	0	0	148	107	0	0	0.3194	0.03891	0.06682	0.03891	0.0002	524.29	0.000205	523.23	0.242	0.021	0		2915	2867.44	1.4549	1.4463			2869.66	1.4585	1.4496			0.942	1	0.01103	0.01332	0.36512	1	1.00091	0.9845	0	0
180046	Bourbon Community Hospital	30460	30460	30460	30460	21017	5	ourban	ourban	N	0.906				N		1	0	0	34	11	0	0	0.5986	0.03	0	0.03	0.000019	512.92	0.000028	725.88	0.216	0.009	0		287	275.79	1.3216	1.3100			276.24	1.3175	1.3056			0.9346	1	0	0	0.34711	1	1	0.9995	0	0
180048	Ephraim Mcdowell Regional Medical Center	18	18	30460	18	21021	5	rural	rural	W	0.8873				N		1	0	0	170	74	0	0	0.351	0.04543	0	0.04543	0.000113	329.13	0.000171	486.24	0.299	0.032	7		2819	2761.12	1.6390	1.6297			2765.01	1.6340	1.6252			0.9214	1	0.01335	0.02715	0.53193	1	0.99484	0.9893	0	0
180049	Baptist Health Richmond	18	18	30460	18	21151	5	rural	rural	W	0.8873				N		1	0	0	73	30	0	0	0.4276	0.06123	0	0.06123	0.000035	266.52	0.000072	531.74	0.204	0.012	7		1065	1031.83	1.6706	1.6594			1033.01	1.6671	1.6558			0.9214	1	0.05226	0.0313	0.38846	1.02689	0.99334	0.9941	0	0
180050	Harlan Arh Hospital	18	18	18	18	21095	5	rural	rural	N	0.8248				N		1	0	0	70	34	0	0	0.4529	0.06645	0	0.06645	0.000051	273.63	0.000082	417.46	0.269	0.011	17	5163.05	1480	1450.90	1.1789	1.1706			1452.37	1.1704	1.1620			0.8764	1	0.01346	0.00247	0.45513	1	1.01285	0.9700	0	0
180051	Jennie Stuart Medical Center	17300	17300	34980	18	21047	5	ourban	rural	S	0.8582		YES	YES	N		1	0	0	187	50	0	0	0.3792	0.03	0	0.03		0		0	0.301	0.025	16	6033.27	1689	1654.00	1.4068	1.3914			1657.28	1.4067	1.3915			0.9006	1	0.02082	0.02429	0.43428	1	0.99443	0.9908	0	0
180053	Fleming County Hospital	18	18	18	18	21069	5	rural	rural	N	0.8248				N		1	0	0	52	6	0	0	0.3313	0.04137	0	0.04137	0.000024	504.57	0.000024	439.85	0.369	0.076	14	5117.48	348	336.23	1.1710	1.1571			336.98	1.1637	1.1500			0.8764	1	0	0	0.5531	1.23409	0.99801	0.9949	0	0
180056	Methodist Hospital	21780	21780	21780	21780	21101	5	ourban	ourban	N	0.9171				N		1	0.0537	0.1173	118	47	0.0289	0.03366	0.4626	0.06845	0.0982	0.06845	0.00012	764.34	0.000148	851.51	0.268	0.029	0		1122	1090.85	1.4528	1.4405	381.69	1.4456	1091.79	1.4545	1.4423	381.93	1.4441	0.9425	1	0.03192	0.05443	0.32738	1	0.99024	0.9900	0	0
180064	Saint Joseph Mount Sterling	18	18	18	18	21173	5	rural	rural	N	0.8671				Y	0.0632	1	0	0	42	18	0	0	0.3724	0.03	0	0.03	0.000068	879.72	0.000062	766.79	0.42	0.093	0		613	597.38	1.4803	1.4642			598.17	1.4766	1.4610			0.907	1	0.01525	0.10022	0.40374	1.15689	1.0029	0.9938	0	0
180066	Logan Memorial Hospital	18	18	18	18	21141	5	rural	rural	N	0.8248				N		1	0	0	75	9	0	0	0.2576	0.02617	0	0.02617	0.000016	292	0.000019	297.4	0.216	0.026	14	4752.49	375	367.51	1.2581	1.2454			367.80	1.2556	1.2435			0.8764	1	0.00049	0.00436	0.58732	1.22583	1.00693	0.9963	0	0
180067	University Of Kentucky Hospital	30460	30460	30460	30460	21067	5	ourban	ourban	N	0.906				N		1	0.3153	0.4076	853	698	0.15848	0.1219	0.5424	0.08491	0.1161	0.08491	0.001312	1176.7	0.001653	1568.77	0.24	0.02	0		9731	9606.64	2.2128	2.1984	2949.80	2.3220	9614.27	2.2303	2.2160	2951.39	2.3413	0.9346	1	0.14812	0.16488	0.24796	1	0.99683	0.9966	0	0
180069	Tug Valley Arh Regional Medical Center	18	18	26580	18	21195	5	rural	rural	W	0.8425				N		1	0	0	88	23	0	0	0.4502	0.06589	0	0.06589	0.000061	476.68	0.00006	450.02	0.206	0.005	7		990	976.26	1.2195	1.2142			976.84	1.2137	1.2084			0.8893	1	0	0	0.45038	1	1.00356	0.9700	0	0
180070	Twin Lakes Regional Medical Center	18	18	18	18	21085	5	rural	rural	N	0.8248				N		1	0	0	75	20	0	0	0.4024	0.05603	0	0.05603	0.00004	367.18	0.00005	427.29	0.298	0.036	14	5259.86	832	800.62	1.2956	1.2786			802.00	1.2913	1.2741			0.8764	1	0.0012	0.00403	0.46328	1.09515	1.00745	0.9949	0	0
180078	Paul B Hall Regional Medical Center	18	18	26580	18	21115	5	rural	rural	W	0.8425				N		1	0	0	72	18	0	0	0.4616	0.03	0	0.03	0.000015	146.46	0.000033	320.17	0.09	0.009	0		907	881.64	1.2171	1.1980			882.83	1.2119	1.1930			0.8893	1	0.00165	0.00459	0.52637	1	1.00849	0.9972	0	0
180079	Harrison Memorial Hospital	18	18	18	18	21097	5	rural	rural	N	0.8248				N		1	0	0	61	12	0	0	0.3299	0.03	0	0.03	0.000037	560.79	0.000041	594.34	0.469	0.041	0		510	498.30	1.2598	1.2506			498.51	1.2599	1.2510			0.8764	1	0.05314	0.07608	0.39016	1	1.00693	0.9993	0	0
180080	Baptist Health Corbin	18	18	18	18	21235	5	rural	rural	N	0.8248				N		1	0	0	248	104	0	0	0.6256	0.10207	0	0.10207	0.00015	430.62	0.000246	670.45	0.231	0.015	7		2730	2684.16	1.5863	1.5634			2686.24	1.5817	1.5595			0.8764	1	0.02093	0.01482	0.38038	1	0.9941	0.9943	0	0
180087	Taylor Regional Hospital	18	18	18	18	21217	5	rural	rural	N	0.8248				N		1	0	0	90	26	0	0	0.3458	0.04436	0	0.04436	0.000036	261.43	0.000049	347.31	0.28	0.027	14	6241.89	1164	1139.00	1.3130	1.2979			1140.10	1.3009	1.2860			0.8764	1	0.012	0.01702	0.49327	1.09765	1.00645	0.9987	0	0
180088	Norton Hospital / Norton Healthcare Pavilion / Nor	31140	31140	31140	31140	21111	5	lurban	lurban	N	0.8885				N		1	0.1063	0.1463	1361	974	0.05638	0.04215	0.4339	0.06253	0.09184	0.06253	0.000902	417.3	0.001879	881.01	0.207	0.013	0		17897	17564.36	1.8990	1.8866	6021.04	1.9566	17595.25	1.8983	1.8860	6032.44	1.9578	0.9222	1	0.02828	0.01609	0.24701	1	0.9956	0.9963	0	0
180092	Clark Regional Medical Center	30460	30460	30460	30460	21049	5	ourban	ourban	N	0.906				N		1	0	0	54	22	0	0	0.4947	0.03	0	0.03	0.000045	367.88	0.000076	658.17	0.158	0.014	0		1034	1000.82	1.3179	1.3074			1001.62	1.3162	1.3056			0.9346	1	0.00007	0.00028	0.29194	1	1.00887	0.9976	0	0
180093	Baptist Health Madisonville	18	18	21780	18	21107	5	rural	rural	W	0.895				N		1	0.1082	0.1797	143	92	0.05736	0.05202	0.3765	0.05069	0	0.05069		0		0	0.189	0.019	17	6260.9	2423	2377.06	1.7384	1.7238	488.52	1.6273	2379.45	1.7388	1.7243	488.99	1.6306	0.9268	1	0.01478	0.02815	0.44246	1	1.00238	0.9931	0	0
180095	Crittenden Health System	18	18	18	18	21055	5	rural	rural	N	0.8248				N		1	0	0	48	9	0	0	0.2657	0.02784	0	0.02784	0.000019	346.18	0.000017	291.31	0.372	0.042	16	4449.02	416	413.07	1.0400	1.0374			413.19	1.0371	1.0346			0.8764	1	0.0027	0.00561	0.626	1.22796	1	0.9992	1	0
180101	Georgetown Community Hospital	30460	30460	30460	30460	21209	5	ourban	ourban	N	0.906				N		1	0	0	75	16	0	0	0.3963	0.03	0	0.03	0.000045	613.08	0.00006	794.25	0.181	0.015	0		537	523.57	1.4483	1.4332			524.49	1.4373	1.4237			0.9346	1	0.00655	0.00701	0.32754	1	0.99251	0.9975	0	0
180102	Lourdes Hospital	18	18	14	18	21145	5	rural	rural	W	0.8358				N		1	0	0	265	114	0	0	0.271	0.02893	0	0.02893	0.000091	164.42	0.000136	254.14	0.222	0.018	7		4739	4658.98	1.7575	1.7441			4664.16	1.7560	1.7431			0.8844	1	0.01527	0.01659	0.47292	1	0.99773	0.9874	0	0
180103	Baptist Health Lexington	30460	30460	30460	30460	21067	5	ourban	ourban	N	0.906				N		1	0.0052	0.008	360	226	0.00284	0.00226	0.2788	0.03054	0.05808	0.03054	0.000113	157.43	0.00035	497.97	0.211	0.028	0		5914	5839.16	1.9520	1.9476	2276.11	2.0745	5844.51	1.9587	1.9545	2278.70	2.0848	0.9346	1	0.10012	0.25392	0.3149	1	0.99922	1.0000	0	0
180104	Baptist Health Paducah	18	18	14	18	21145	5	rural	rural	W	0.8358				N		1	0	0	271	113	0	0	0.2993	0.03477	0	0.03477	0.000106	204.03	0.00027	490.83	0.169	0.014	7		4123	4059.95	1.7217	1.7137			4064.14	1.7223	1.7139			0.8844	1	0.03331	0.03741	0.40437	1	0.99794	0.9905	0	0
180105	Monroe County Medical Center	18	18	18	18	21171	5	rural	rural	N	0.8248				N		1	0	0	49	13	0	0	0.3786	0.03	0	0.03	0.000015	180.48	0.000027	292.77	0.412	0.034	16	4170.48	662	649.88	0.9229	0.9174			650.61	0.9155	0.9099			0.8764	1	0	0	0.63671	1.18682	0.99403	0.9909	0	0
180106	The Medical Center At Albany	18	18	18	18	21053	5	rural	rural	N	0.8248				N		1	0	0	38	8	0	0	0.4539	0.06665	0	0.06665	0.000042	888.2	0.000028	526.93	0.448	0.029	14	5376.78	332	324.23	0.9996	0.9911			324.81	0.9956	0.9873			0.8764	1	0	0	0.63825	1.23659	0.98796	0.9975	0	0
180115	Rockcastle Regional Hospital & Respiratory Care Ct	18	18	18	18	21203	5	rural	rural	N	0.8248				N		1	0	0	20	8	0	0	0.2969	0.03427	0	0.03427	0.000019	302.35	0.000031	512.98	0.377	0.028	14	4583.16	563	559.92	0.9673	0.9648			560.23	0.9677	0.9651			0.8764	1	0.01948	0.01855	0.61241	1.23152	1.00219	0.9859	0	0
180116	Jackson Purchase Medical Center	18	18	14	18	21083	5	rural	rural	W	0.8358				N		1	0	0	107	38	0	0	0.3316	0.04143	0	0.04143	0.000047	242.18	0.000065	341.67	0.169	0.016	7		1703	1680.33	1.3742	1.3686			1681.94	1.3618	1.3568			0.8844	1	0.00486	0.00733	0.52854	1.03924	1.00375	0.9737	0	0
180124	Tristar Greenview Regional Hospital	14540	14540	34980	14540	21227	5	ourban	ourban	W	0.8582				N		1	0	0	178	40	0	0	0.2118	0.01672	0.04382	0.01672	0.000101	348.76	0.000089	332.07	0.184	0.016	7		2688	2628.91	1.6432	1.6370			2637.53	1.6412	1.6354			0.9006	1	0.01912	0.02192	0.52029	1	0.99984	0.9700	0	0
180127	Frankfort Regional Medical Center	18	18	17140	18	21073	5	rural	rural	W	0.9164				N		1	0	0	116	64	0	0	0.3034	0.03561	0	0.03561	0.00011	527.82	0.000128	619.48	0.153	0.013	7		1700	1674.43	1.5138	1.5012			1676.38	1.5117	1.4987			0.942	1	0.00578	0.00796	0.3492	1	0.99849	0.9918	0	0
180128	Three Rivers Medical Center	18	18	18	18	21127	5	rural	rural	N	0.8248				N		1	0	0	65	14	0	0	0.4357	0.03	0	0.03	0.000028	311.89	0.000042	454.36	0.139	0.013	16	5137.97	713	696.06	1.1705	1.1571			696.98	1.1656	1.1522			0.8764	1	0.00277	0.00704	0.46327	1.14606	1.01214	0.9899	0	0
180130	Baptist Health Louisville	31140	31140	31140	31140	21111	5	lurban	lurban	N	0.8885				N		1	0	0	468	313	0	0	0.1488	0	0.03059	0		0	0.000291	234.6	0.185	0.019	0		9490	9344.26	1.9183	1.9042			9361.60	1.9197	1.9059			0.9222	1	0.04513	0.07228	0.41863	1	0.99484	1.0000	0	0
180132	Lake Cumberland Regional Hospital	18	18	30460	18	21199	5	rural	rural	W	0.8873				N		1	0.028	0.0208	258	118	0.01518	0.00589	0.4931	0.07474	0	0.07474	0.000095	189.8	0.000225	427.09	0.112	0.008	17	5076.59	3909	3823.76	1.7176	1.7012	633.31	1.7788	3827.94	1.7119	1.6973	634.00	1.7656	0.9214	1	0.00315	0.00311	0.44248	1	0.99557	0.9937	0	0
180138	Baptist Health La Grange	31140	31140	31140	31140	21185	5	lurban	lurban	N	0.8885				N		1	0	0	90	20	0	0	0.3478	0.03	0	0.03	0.000049	741.79	0.000061	912.25	0.215	0.013	0		532	516.05	1.6782	1.6578			516.75	1.6802	1.6605			0.9222	1	0.01376	0.00844	0.31132	1.12371	1.01219	0.9959	0	0
180139	Kentucky River Medical Center	18	18	18	18	21025	5	rural	rural	N	0.8248				N		1	0	0	49	16	0	0	0.6914	0.03	0	0.03	0.000017	170.81	0.000043	460.41	0.123	0.035	16	4271.2	893	872.32	1.1865	1.1746			873.17	1.1845	1.1723			0.8764	1	0.00137	0.02822	0.42434	1.12402	0.99782	0.9858	0	0
180141	University Of Louisville Hospital	31140	31140	31140	31140	21111	5	lurban	lurban	N	0.8885				N		1	0.6491	0.8275	333	250	0.30317	0.26304	0.5276	0.08186	0.11276	0.08186	0.000379	875.49	0.000537	1172.83	0.188	0.009	0		3409	3359.29	2.1620	2.1354	1071.03	2.0485	3362.73	2.1855	2.1591	1071.46	2.0735	0.9222	1	0.0879	0.03066	0.21762	1	0.99033	0.9991	0	0
180143	Saint Joseph East	30460	30460	30460	30460	21067	5	ourban	ourban	N	0.906				N		1	0	0	164	78	0	0	0.4494	0.06573	0.09527	0.06573	0.000197	798.56	0.000257	968.17	0.302	0.032	0		1716	1664.68	1.8879	1.8759			1671.97	1.8794	1.8678			0.9346	1	0.0143	0.02712	0.21327	1	1.00363	0.9812	0	0
180149	T J Health Columbia	18	18	18	18	21001	5	rural	rural	N	0.8248				N		1	0	0	49	0	0	0	0.3721	0.04978	0	0.04978	0.000021	3419.03	0.000016	1261.55	0.833	0.077	14	5065.79	79	73.88	0.9967	0.9802			74.18	0.9896	0.9732			0.8764	1	0.03237	0.0469	0.46667	1	1	1.0000	0	1
190002	Lafayette General Medical Center	29180	29180	29180	29180	22055	7	ourban	ourban	N	0.8115				N		1	0.0554	0.0666	393	272	0.0298	0.01897	0.4141	0.05845	0.08747	0.05845	0.000406	401.38	0.000458	467.35	0.176	0.014	0		7998	7862.82	1.9614	1.9440	1200.13	2.0483	7871.09	1.9654	1.9483	1201.12	2.0534	0.8667	1	0.04305	0.04098	0.39331	1	0.99936	0.9847	0	0
190004	Thibodaux Regional Medical Center	26380	26380	35380	26380	22057	7	ourban	ourban	W	0.8296				N		1	0	0	145	74	0	0	0.2336	0.02122	0.04844	0.02122	0.000168	506.08	0.000152	428.9	0.193	0.02	0		2411	2332.43	1.7001	1.6829			2338.07	1.6966	1.6794			0.8799	1	0.01092	0.01966	0.40477	1	1.00508	0.9964	0	0
190005	University Medical Center New Orleans	35380	35380	35380	35380	22071	7	lurban	lurban	N	0.8347				N		1	1.5707	1.5	208	151	0.62881	0.52699	0.7899	0.13595	0.17346	0.13595	0.004565	26253.53	0.003092	20728.48	0.282	0.088	0		1626	1609.99	2.0076	2.0021	833.10	2.1555	1610.73	2.0176	2.0124	833.29	2.1583	0.8836	1	0.13143	1.19854	0.1297	1	0.99081	0.9989	0	0
190006	University Hospital & Clinics	29180	29180	29180	29180	22055	7	ourban	ourban	N	0.8115				N		1	0.3515	1.5	116	34	0.17516	0.52699	0.8374	0.14575	0.1848	0.14575	0.001609	27933.96	0.001254	22159.07	0.358	0.062	0		535	518.10	1.4624	1.4629	109.84	1.4583	518.76	1.4661	1.4664	109.91	1.4516	0.8667	1	0.03144	0.17791	0.17323	1	1.0055	0.9988	0	0
190007	Natchitoches Regional Medical Center	19	19	43340	19	22069	7	rural	rural	W	0.8252				N		1	0	0	81	23	0	0	0.392	0.03	0	0.03	0.000138	1339.81		0	0.305	0.026	16	6042.49	808	785.92	1.3283	1.3009			787.30	1.3193	1.2947			0.8767	1	0.00556	0.00709	0.37907	1.10386	1.01079	0.9983	0	0
190008	Terrebonne General Medical Center	26380	26380	35380	19	22109	7	ourban	rural	S	0.8296		YES	YES	N		1	0	0	188	105	0	0	0.3269	0.04046	0	0.04046	0.000201	481.23	0.000237	544.9	0.301	0.037	7		3276	3222.30	1.8231	1.8161			3226.34	1.8178	1.8108			0.8799	1	0.03389	0.08604	0.4463	1	0.99939	0.9904	0	0
190011	Ochsner Lsu Health Monroe	33740	33740	33740	33740	22073	7	ourban	ourban	N	0.8165				N		1	0.2006	0.4955	125	45	0.10375	0.15008	0.8771	0.15394	0.19436	0.15394	0.001149	15857.22	0.000445	7016.28	0.289	0.024	0		716	702.09	1.3567	1.3463	180.35	1.3637	702.99	1.3586	1.3485	180.37	1.3660	0.8704	1	0.021	0.05123	0.12095	1	1.00027	0.9977	0	0
190013	West Calcasieu Cameron Hospital	29340	29340	29340	29340	22019	7	ourban	ourban	N	0.8049				N		1	0	0	107	28	0	0	0.2819	0.03118	0.05875	0.03118	0.000155	1120.28	0.000116	753.51	0.4	0.022	0		1052	1029.68	1.6394	1.6170			1030.79	1.6366	1.6141			0.8619	1	0.02499	0.01561	0.47726	1	1.00659	0.9927	0	0
190014	Teche Regional Medical Center	19	19	12940	19	22101	7	rural	rural	W	0.8242				N		1	0	0	138	20	0	0	0.38	0.03	0	0.03		0		0	0.151	0.013	16	6631.71	737	714.80	1.3419	1.3394			715.90	1.3403	1.3382			0.876	1	0.01924	0.02708	0.45665	1.12568	0.99522	0.9915	0	0
190015	"North Oaks Medical Center, L L C"	25220	25220	25220	25220	22105	7	ourban	ourban	N	0.8387				Y	0.0003	1	0	0	344	162	0	0	0.4085	0.05729	0.08624	0.05729	0.000269	582.13	0.000399	882.7	0.125	0.012	7		3828	3765.96	1.5842	1.5793			3769.92	1.5769	1.5719			0.8865	1	0.02717	0.04598	0.34549	1	1.00053	0.9989	0	0
190017	Opelousas General Health System	19	19	12940	29180	22097	7	rural	ourban	L	0.8242	LUGAR			N		1	0	0	163	55	0	0	0.508	0.07781	0.10835	0.07781	0.000259	892.38	0.000254	868.14	0.319	0.025	7		2437	2349.03	1.7101	1.6943			2354.51	1.6988	1.6836			0.876	1	0.04964	0.05007	0.43647	1	0.99846	1.0000	0	0
190019	Christus St Frances Cabrini Hospital	10780	10780	10780	10780	22079	7	ourban	ourban	N	0.8557				N		1	0	0	276	162	0	0	0.3365	0.04244	0.07052	0.04244	0.000852	1547.88	0.000649	1166.13	0.193	0.011	0		4548	4472.46	1.7073	1.6910			4476.94	1.7107	1.6952			0.8988	1	0.01249	0.00536	0.38719	1	0.9947	0.9982	0	0
190020	Lane Regional Medical Center	12940	12940	12940	12940	22033	7	ourban	ourban	N	0.8242				N		1	0	0	113	46	0	0	0.3418	0.04353	0.07167	0.04353	0.00019	1205.1	0.000148	927.35	0.195	0.013	0		1207	1172.71	1.4660	1.4545			1174.60	1.4642	1.4537			0.876	1	0.00668	0.00498	0.31406	1	0.99543	0.9713	0	1
190025	Savoy Medical Center	19	19	19	19	22039	7	rural	rural	N	0.7872				Y	0.0232	1	0	0	132	9	0	0	0.4799	0.03	0	0.03	0.000079	1691.99	0.000058	1139.91	0.261	0.013	0		355	347.22	1.2869	1.2709			347.66	1.2864	1.2704			0.8489	1	0.0482	0.02404	0.68009	1	1	0.9995	0	0
190026	Rapides Regional Medical Center	10780	10780	10780	10780	22079	7	ourban	ourban	N	0.8557				N		1	0.0409	0.0438	357	238	0.0221	0.01244	0.5021	0.0766	0.10702	0.0766	0.000721	1060.59	0.000732	1064.41	0.102	0.006	0		5556	5483.16	1.8942	1.8859	720.74	1.9768	5486.76	1.8982	1.8896	721.11	1.9792	0.8988	1	0.01855	0.00945	0.38994	1	0.99963	0.9958	0	0
190027	Christus Ochsner St Patrick Hospital	29340	29340	13140	19	22019	7	ourban	rural	S	0.837		YES	YES	N		1	0.0172	0	100	68	0.00936	0	0.202	0.0147	0	0.0147	0.000278	739.27	0.000215	609.54	0.193	0.008	15	7575.74	3379	3298.57	1.9177	1.9097	116.26	1.5946	3302.62	1.9010	1.8934	116.37	1.6033	0.8853	1	0.03594	0.0063	0.51003	1	1	0.9977	0	0
190034	Abbeville General Hospital	29180	29180	19	19	22113	7	ourban	rural	S	0.7756		YES		N		1	0	0	44	15	0	0	0.4188	0.03	0	0.03	0.000107	1472.13	0.000088	1218.89	0.373	0.027	0		626	610.41	1.4492	1.4359			611.45	1.4502	1.4372			0.8403	1	0.02562	0.02625	0.54397	1.19227	0.99787	1.0000	0	0
190036	Ochsner Medical Center	35380	35380	35380	35380	22051	7	lurban	lurban	N	0.8347				N		1	0.274	0.4284	883	570	0.13911	0.12851	0.3858	0.05261	0.08126	0.05261	0.000923	849.33	0.001127	1039.13	0.251	0.018	0		8940	8779.28	2.1297	2.1247	7748.21	2.0261	8794.68	2.1381	2.1335	7768.56	2.0302	0.8836	1	0.08788	0.06939	0.22628	1	1.00008	0.9937	0	0
190039	West Jefferson Medical Center	35380	35380	35380	35380	22051	7	lurban	lurban	N	0.8347				N		1	0.0871	0.1474	230	128	0.04644	0.04247	0.4205	0.05977	0.08888	0.05977	0.000441	1601.48	0.000454	1590.9	0.216	0.008	0		2263	2207.60	1.8003	1.7807	1884.14	1.7347	2210.81	1.8043	1.7846	1886.97	1.7366	0.8836	1	0.02668	0.0051	0.22255	1	1.00143	0.9977	0	0
190040	Slidell Memorial Hospital	35380	35380	25220	35380	22103	7	lurban	lurban	W	0.8279				N		1	0.0086	0.0242	226	77	0.00469	0.00685	0.3364	0.04242	0.07049	0.04242	0.000167	558.74	0.000176	628.33	0.131	0.011	0		2541	2485.34	1.6307	1.6228	1101.60	1.9355	2487.98	1.6341	1.6260	1102.90	1.9346	0.8787	1	0.01313	0.01748	0.26865	1	1.00413	0.9870	0	0
190041	Christus Health Shreveport - Bossier	43340	43340	43340	43340	22017	7	ourban	ourban	N	0.8252				N		1	0.0066	0.0122	161	87	0.0036	0.00345	0.2861	0.03205	0.05965	0.03205	0.000259	610.5	0.000253	631.61	0.183	0.011	0		3670	3583.62	1.7742	1.7647	799.85	1.8469	3589.38	1.7751	1.7656	802.22	1.8412	0.8767	1	0.02959	0.01591	0.42331	1	1	0.9715	0	0
190044	Acadia General Hospital	29180	29180	29180	29180	22001	7	ourban	ourban	N	0.8115				N		1	0	0	137	28	0	0	0.3528	0.0458	0.07406	0.0458	0.000083	612.79	0.000107	781.85	0.296	0.015	0		1027	1003.17	1.4935	1.4805			1005.37	1.4921	1.4802			0.8667	1	0.02575	0.0103	0.58751	1.11303	1.00131	1.0000	0	0
190045	St Tammany Parish Hospital	35380	35380	25220	35380	22103	7	lurban	lurban	W	0.8279				N		1	0	0	211	121	0	0	0.2797	0.03073	0.05827	0.03073	0.000278	713.03	0.000261	688.45	0.202	0.021	0		3285	3179.45	1.7614	1.7568			3185.26	1.7527	1.7475			0.8787	1	0.05673	0.10067	0.31232	1	1.00555	0.9916	0	0
190046	Touro Infirmary	35380	35380	35380	35380	22071	7	lurban	lurban	N	0.8347				N		1	0.1381	0.2295	239	138	0.07261	0.06691	0.5447	0.08538	0.11661	0.08538	0.000188	716.69	0.000365	1271.66	0.15	0.013	0		1959	1927.99	1.8142	1.8054	1474.45	1.9618	1930.35	1.8161	1.8077	1475.91	1.9571	0.8836	1	0.04748	0.06472	0.22847	1	1.00155	0.9983	0	0
190050	Beauregard Memorial Hospital	19	19	19	19	22011	7	rural	rural	N	0.7796				Y	0.008	1	0	0	61	22	0	0	0.3071	0.03	0	0.03	0.000116	1003.81	0.00009	732.75	0.263	0.017	0		880	863.05	1.1720	1.1639			863.83	1.1694	1.1612			0.8432	1	0.00095	0.00078	0.46987	1.1028	1.00764	0.9834	0	0
190053	Jennings American Legion Hospital	19	19	29340	29340	22053	7	rural	ourban	L	0.7996	LUGAR			N		1	0	0	49	27	0	0	0.3024	0.03	0	0.03	0.000066	445.53	0.000075	490.44	0.425	0.021	0		1160	1130.01	1.2350	1.2268			1132.20	1.2344	1.2264			0.858	1	0.01436	0.00543	0.51082	1.06705	1.00731	1.0000	0	0
190054	Iberia Medical Center	29180	29180	29180	29180	22045	7	ourban	ourban	N	0.8115				N		1	0	0	100	40	0	0	0.3806	0.05154	0.08012	0.05154	0.000153	577.82	0.000107	441.55	0.207	0.007	0		2198	2127.95	1.6336	1.6014			2131.92	1.6342	1.6023			0.8667	1	0.0014	0	0.47934	1	1.00674	0.9934	0	0
190060	Lake Charles Memorial Hospital	29340	29340	13140	19	22019	7	ourban	rural	S	0.837		YES	YES	N		1	0.0635	0.1172	276	164	0.03408	0.03363	0.5174	0.07975	0	0.07975	0.001095	2357.85	0.001025	2230.03	0.291	0.022	7		3939	3880.81	1.8683	1.8598	613.51	2.1235	3887.07	1.8707	1.8626	615.23	2.1280	0.8853	1	0.02404	0.02714	0.31472	1	1.00074	0.9900	0	0
190064	Our Lady Of The Lake Regional Medical Center	12940	12940	12940	12940	22033	7	ourban	ourban	N	0.8242				N		1	0.2313	0.2738	716	431	0.11869	0.08033	0.4116	0.05793	0.08692	0.05793	0.002555	2465.67	0.001144	1224.21	0.258	0.021	0		7975	7810.73	1.9635	1.9470	4472.55	1.9191	7822.20	1.9684	1.9522	4478.83	1.9259	0.876	1	0.03704	0.04428	0.25621	1	0.99294	0.9994	0	0
190065	Baton Rouge General Medical Center	12940	12940	35380	19	22033	7	ourban	rural	S	0.8296		YES	YES	N		1	0.2732	0.2961	253	171	0.13873	0.08715	0.3187	0.03877	0	0.03877	0.000456	850.29	0.000577	1053.89	0.37	0.025	7		4279	4126.79	1.9545	1.9351	1971.50	2.1393	4135.69	1.9579	1.9379	1976.15	2.1368	0.8799	1	0.05006	0.04143	0.32913	1	0.99854	0.9928	0	0
190079	St Charles Parish Hospital	35380	35380	35380	35380	22089	7	lurban	lurban	N	0.8347				N		1	0	0	39	10	0	0	0.2836	0.03	0	0.03	0.000165	5243.55	0.000129	3923.27	0.459	0.073	0		222	212.91	1.4647	1.4636			213.42	1.4555	1.4535			0.8836	1	0.05652	0.22805	0.27917	1	1.00332	0.9959	0	0
190081	West Carroll Memorial Hospital	19	19	19	19	22123	7	rural	rural	N	0.7756				N		1	0	0	33	8	0	0	0.3762	0.03	0	0.03	0.000102	2646.55	0.000072	1547.16	0.451	0.037	0		270	265.63	1.0110	1.0049			265.77	1.0039	0.9976			0.8403	1	0.0016	0.00392	0.4086	1.21311	1.00162	0.9988	0	0
190086	Northern Louisiana Medical Center	19	19	43340	19	22061	7	rural	rural	W	0.8252				N		1	0	0	151	54	0	0	0.4377	0.06331	0	0.06331	0.000136	644.05	0.000151	685.87	0.123	0.008	7		1653	1619.10	1.5501	1.5323			1620.07	1.5518	1.5348			0.8767	1	0.00482	0.00403	0.42592	1	0.99391	0.9952	0	0
190088	Springhill Medical Center	43340	43340	19	19	22119	7	ourban	rural	S	0.7756		YES		N		1	0	0	46	7	0	0	0.2539	0.0254	0	0.0254	0.000052	909.78	0.000039	675.23	0.455	0.022	16	3883.15	468	454.65	1.0846	1.0736			455.08	1.0843	1.0735			0.8403	1	0	0	0.53237	1.23136	1.00901	1.0000	0	1
190090	Winn Parish Medical Center	19	19	19	19	22127	7	rural	rural	N	0.7756				N		1	0	0	60	11	0	0	0.3752	0.05042	0	0.05042	0.000045	768.88	0.000037	626.89	0.441	0.031	14	5455.78	474	466.88	0.9550	0.9508			467.12	0.9555	0.9514			0.8403	1	0.00171	0.00182	0.60423	1.2403	1	0.9955	0	0
190098	Ochsner Lsu Health Shreveport	43340	43340	43340	43340	22017	7	ourban	ourban	N	0.8252				N		1	0.4894	0.8569	424	252	0.23637	0.27356	0.7514	0.12801	0.16434	0.12801	0.002272	5597.64	0.002913	7440.05	0.386	0.042	0		3496	3449.55	2.0297	2.0014	722.41	2.3482	3451.87	2.0436	2.0149	722.58	2.3858	0.8767	1	0.05816	0.13166	0.19774	1	0.99555	0.9989	0	0
190099	Avoyelles Hospital	19	19	19	19	22009	7	rural	rural	N	0.7756				N		1	0	0	41	10	0	0	0.258	0.02625	0	0.02625	0.000035	497.07	0.000033	458.75	0.377	0.032	14	4561.13	566	555.02	1.0753	1.0603			556.09	1.0700	1.0571			0.8403	1	0.00924	0.01427	0.66975	1.22939	0.98872	0.9950	0	0
190102	"Our Lady Of Lourdes Regional Medical Center, Inc"	29180	29180	29180	29180	22055	7	ourban	ourban	N	0.8115				N		1	0	0	170	121	0	0	0.2433	0.02322	0.0505	0.02322	0.000255	447.16	0.000281	519.07	0.262	0.027	0		4841	4750.04	1.8968	1.8830			4756.04	1.9030	1.8891			0.8667	1	0.04809	0.08294	0.52315	1	1.00354	0.9976	0	0
190106	Oakdale Community Hospital	19	19	19	19	22003	7	rural	rural	N	0.7756				N		1	0	0	49	9	0	0	0.3082	0.0366	0	0.0366	0.000024	591.14	0.000028	645.6	0.308	0.024	14	4394.77	303	298.67	1.1043	1.0954			298.85	1.0950	1.0863			0.8403	1	0.00227	0.00433	0.5066	1.25	1	1.0000	0	1
190111	"Willis Knighton Medical Center, Inc"	43340	43340	43340	43340	22017	7	ourban	ourban	N	0.8252				N		1	0.0231	0.0364	579	387	0.01254	0.01033	0.3014	0.0352	0.06293	0.0352	0.000823	495.63	0.000895	665.15	0.252	0.022	0		12955	12777.02	1.7657	1.7571	2563.29	1.7668	12792.09	1.7650	1.7564	2566.18	1.7675	0.8767	1	0.04467	0.05515	0.41882	1	0.99899	0.9983	0	0
190114	Claiborne Memorial Medical Center	19	19	19	19	22027	7	rural	rural	N	0.7886				Y	0.0259	1	0	0	36	14	0	0	0.3212	0.03929	0	0.03929	0.000041	604.73	0.000036	510.2	0.445	0.02	14	1009.8	564	555.02	1.1147	1.0976			555.36	1.1142	1.0971			0.8499	1	0.00021	0	0.59654	1.2128	0.98474	1.0000	0	0
190116	Morehouse General Hospital	19	19	19	19	22067	7	rural	rural	N	0.7756				N		1	0	0	49	9	0	0	0.5496	0.03	0	0.03	0.000048	948.78	0.000055	1052.13	0.352	0.031	0		459	453.13	1.0105	0.9975			453.30	1.0076	0.9946			0.8403	1	0.00579	0.00926	0.38049	1.20205	0.99763	0.9987	0	0
190118	Desoto Regional Health System	43340	43340	43340	43340	22031	7	ourban	ourban	N	0.8252				N		1	0	0	36	6	0	0	0.3021	0.03	0	0.03	0.00005	1519.45	0.000037	901.91	0.417	0.039	16	4032.56	240	233.00	0.9130	0.9093			233.37	0.9114	0.9078			0.8767	1	0	0	0.63421	1.24712	1	0.9978	0	0
190125	St Francis Medical Center	33740	33740	33740	33740	22073	7	ourban	ourban	N	0.8165				N		1	0	0	473	164	0	0	0.3752	0.05042	0.07894	0.05042	0.000457	825.31	0.000391	713.82	0.233	0.021	0		4442	4393.36	1.7784	1.7648			4396.02	1.7791	1.7655			0.8704	1	0.03685	0.05007	0.35706	1	1.00399	1.0000	0	0
190128	Womans Hospital	12940	12940	12940	12940	22033	7	ourban	ourban	N	0.8242				N		1	0	0	216	133	0	0	0.6581	0.10877	0.14255	0.10877	0.000189	15617.41	0.00043	32944.86	0.412	0.054	0		91	90.40	1.3189	1.3171			90.45	1.3302	1.3286			0.876	1	0.01157	0.09454	0.00623	1	1.01205	1.0000	0	1
190133	Allen Parish Hospital	19	19	19	19	22003	7	rural	rural	N	0.7756				N		1	0	0	25	3	0	0	0.5128	0.0788	0	0.0788	0.000034	2963.05	0.000025	2375.17	0.485	0.022	14	6273.36	114	111.36	0.9683	0.9546			111.47	0.9644	0.9502			0.8403	1	0.01306	0.00691	0.35135	1.25	1	1.0000	0	0
190140	Franklin Medical Center	19	19	19	19	22041	7	rural	rural	N	0.7756				N		1	0	0	39	6	0	0	0.4285	0.06142	0	0.06142	0.000077	1789.72	0.000056	1211.85	0.339	0.02	14	5580.35	345	336.30	1.0461	1.0252			336.74	1.0461	1.0248			0.8403	1	0.00361	0.00199	0.53989	1.24182	1	1.0000	1	1
190144	Minden Medical Center	43340	43340	43340	43340	22119	7	ourban	ourban	N	0.8252				N		1	0	0	129	28	0	0	0.4799	0.07202	0.10206	0.07202	0.000098	770.92	0.000117	865.05	0.173	0.018	7		1025	1000.91	1.4956	1.4792			1001.79	1.4943	1.4774			0.8767	1	0.00924	0.01857	0.35597	1.06409	1.00685	0.9964	0	0
190145	Lasalle General Hospital	19	19	19	19	22059	7	rural	rural	N	0.7756				N		1	0	0	46	5	0	0	0.2314	0.02076	0	0.02076	0.00003	793.64	0.000029	737.5	0.364	0.022	14	4451.37	318	315.52	0.9767	0.9750			315.88	0.9768	0.9751			0.8403	1	0.00289	0.00208	0.70445	1.25	1	0.9957	0	0
190146	East Jefferson General Hospital	35380	35380	35380	35380	22051	7	lurban	lurban	N	0.8347				N		1	0.0922	0.1768	328	151	0.04909	0.05116	0.2014	0.0146	0.04163	0.0146	0.000395	854.68	0.000424	907.94	0.253	0.024	0		3761	3671.73	1.6911	1.6788	2977.51	1.7727	3676.09	1.6916	1.6797	2985.14	1.7737	0.8836	1	0.03879	0.05913	0.28799	1	1.00392	0.9996	0	0
190151	Richardson Medical Center	19	19	19	19	22083	7	rural	rural	N	0.7756				N		1	0	0	38	8	0	0	0.3053	0.03601	0	0.03601	0.000058	1273.62	0.00004	813.85	0.541	0.034	14	5271.84	347	345.92	0.9721	0.9718			346.03	0.9679	0.9677			0.8403	1	0.00534	0.00432	0.5514	1.22932	1.00181	0.9899	0	0
190160	Glenwood Regional Medical Center	33740	33740	33740	33740	22073	7	ourban	ourban	N	0.8165				N		1	0	0	214	130	0	0	0.3781	0.05102	0.07957	0.05102	0.000132	239.65	0.0002	355.77	0.128	0.015	0		4475	4425.92	1.7011	1.6932			4429.11	1.7025	1.6948			0.8704	1	0.02958	0.06249	0.45389	1	1.00562	0.9844	0	0
190164	Byrd Regional Hospital	19	19	10780	19	22115	7	rural	rural	W	0.8557				N		1	0	0	52	18	0	0	0.329	0.04089	0	0.04089	0.000079	683.16	0.000067	515.02	0.137	0.008	14	4743.84	920	892.55	1.2974	1.2915			893.86	1.2926	1.2865			0.8988	1	0.02485	0.01616	0.55103	1.13386	1.00716	0.9841	0	0
190167	Mercy Regional Medical Center	19	19	10780	19	22039	7	rural	rural	W	0.8557				N		1	0	0	99	35	0	0	0.5299	0.08233	0	0.08233	0.000101	553.91	0.00012	625.79	0.183	0.013	14	4691.61	1529	1498.03	1.2894	1.2841			1500.26	1.2873	1.2818			0.8988	1	0.01983	0.01945	0.42442	1	1.01107	0.9997	0	0
190176	Tulane Medical Center	35380	35380	35380	35380	22071	7	lurban	lurban	N	0.8347				N		1	0.4291	0.9613	315	192	0.21003	0.31164	0.533	0.08297	0.11397	0.08297	0.000769	1392.59	0.000753	2128.12	0.103	0.007	0		4733	4637.04	1.9297	1.9230	2116.56	2.0769	4642.68	1.9364	1.9296	2118.99	2.0715	0.8836	1	0.06315	0.0477	0.20389	1	0.9996	0.9953	0	0
190183	Leonard J Chabert Medical Center	26380	26380	26380	26380	22109	7	ourban	ourban	N	0.7979				N		1	0.1316	0.4916	74	25	0.06932	0.14881	0.5679	0.03	0	0.03	0.001083	12265.65	0.000757	8848.17	0.458	0.027	0		764	738.76	1.5246	1.5132	86.86	1.5525	739.77	1.5193	1.5082	87.12	1.5209	0.8568	1	0.02114	0.0184	0.29368	1	1.01508	0.9978	0	0
190184	Citizens Medical Center	19	19	10780	19	22021	7	rural	rural	W	0.8557				N		1	0	0	40	5	0	0	0.3555	0.04636	0	0.04636	0.000027	807.03	0.000027	806.12	0.582	0.032	14	8624.85	290	286.76	1.0117	0.9995			286.85	1.0079	0.9957			0.8988	1	0	0	0.60087	1	1.02835	0.9991	0	0
190190	"Caldwell Memorial Hospital, Inc"	19	19	10780	19	22021	7	rural	rural	W	0.8557				N		1	0	0	37	7	0	0	0.5999	0.03	0	0.03	0.000086	2317.34	0.00007	1712.56	0.375	0.021	0		266	261.54	0.9645	0.9627			261.85	0.9641	0.9623			0.8988	1	0	0	0.46482	1	1.01565	0.9925	0	0
190199	Villa Feliciana Medical Complex	12940	12940	12940	12940	22037	7	ourban	ourban	N	0.8242				N		1	0		37	0	0	0.52699	0	0	0	0		0		0	0.252	0.027	0		2	1.61	1.0873	1.1332			1.63	1.0660	1.1069			0.876	1	0	0	0.375	1	1	1.0000	1	1
190201	Christus Ochsner Lake Area Hospital	29340	29340	29340	29340	22019	7	ourban	ourban	N	0.8049				N		1	0	0	108	30	0	0	0.4733	0.07066	0.10059	0.07066	0.00005	820.26	0.00008	1296.01	0.127	0.005	0		450	440.35	1.5407	1.5263			441.40	1.5475	1.5340			0.8619	1	0.02746	0.00341	0.12757	1	1.00323	0.9700	0	0
190202	Ochsner Medical Center - Baton Rouge	12940	12940	12940	12940	22033	7	ourban	ourban	N	0.8242				N		1	0	0	159	69	0	0	0.4391	0.0636	0.09299	0.0636	0.000299	1759.77	0.000263	1523.28	0.236	0.024	0		1401	1348.58	1.6932	1.6694			1350.77	1.6891	1.6648			0.876	1	0.01198	0.01996	0.18737	1	0.9987	0.9948	0	0
190204	"Ochsner Medical Center - Northshore, L L C"	35380	35380	25220	35380	22103	7	lurban	lurban	W	0.8279				N		1	0	0	151	49	0	0	0.2732	0.02939	0.05688	0.02939	0.000121	698.43	0.000121	715.6	0.178	0.012	0		1474	1425.36	1.6669	1.6549			1427.95	1.6659	1.6534			0.8787	1	0.02411	0.01932	0.33313	1	1.00332	0.9948	0	0
190205	Women's And Children's Hospital	29180	29180	29180	29180	22055	7	ourban	ourban	N	0.8115				N		1	0	0	161	84	0	0	0.8028	0.13862	0.17653	0.13862		0	0.000356	3902.52	0.114	0.016	0		27	26.14	1.1147	1.0998			26.17	1.1206	1.1070			0.8667	1	0	0	0.00213	1	1.00674	0.9979	0	0
190208	East Carroll Parish Hospital	19	19	04	19	22035	7	rural	rural	W	0.7919				N		1	0	0	23	5	0	0	0.4381	0.03	0	0.03	0.000036	989.25	0.000053	1645.68	0.544	0.023	0		297	291.00	0.8863	0.8801			291.44	0.8807	0.8745			0.8523	1	0	0	0.48069	1.23796	1	1.0000	1	0
190218	Sabine Medical Center	19	19	19	19	22085	7	rural	rural	N	0.7756				N		1	0	0	48	5	0	0	0.3012	0.03	0	0.03	0.000002	59.08	0.000041	1163.61	0.788	0.125	16	4585.63	281	277.50	0.8796	0.8761			277.89	0.8748	0.8714			0.8403	1	0.01429	0.05538	0.59156	1.2478	1	0.9990	0	0
190236	Willis Knighton Bossier Health Center	43340	43340	43340	43340	22015	7	ourban	ourban	N	0.8252				N		1	0	0	148	83	0	0	0.2281	0.02008	0.04727	0.02008		0		0	0.222	0.014	0		69	68.51	1.7042	1.6678			68.61	1.7160	1.6835			0.8767	1	0.00138	0	0.42229	1	1	0.9976	0	0
190241	Physicians Medical Center	26380	26380	26380	26380	22109	7	ourban	ourban	N	0.7979				N		1	0	0	30	1	0	0	0.020676692	0	0	0		0		0	0.636	0.129	0		54	53.18	2.0437	2.0481			53.34	2.0450	2.0491			0.8568	1	0.76208	2.4804	0.22368	1	1	1.0000	1	1
190242	St Elizabeth Hospital	12940	12940	12940	12940	22005	7	ourban	ourban	N	0.8242				N		1	0	0	78	34	0	0	0.2731	0.02936	0	0.02936		0	0.00013	1637.7	0.296	0.023	0		732	711.96	1.4602	1.4398			713.09	1.4585	1.4379			0.876	1	0.00434	0.00456	0.25868	1.08129	0.99985	0.9963	0	0
190245	Monroe Surgical Hospital	33740	33740	33740	33740	22073	7	ourban	ourban	N	0.8165				N		1	0	0	10	2	0	0	0.0203	0	0	0		0		0	0.32	0.05	0		74	69.73	2.3314	2.2937			69.89	2.3048	2.2696			0.8704	1	0.00844	0.07092	0.34009	1	1	1.0000	0	0
190246	P & S Surgical Hospital	33740	33740	33740	33740	22073	7	ourban	ourban	N	0.8165				N		1	0	0	22	2	0	0	0.090381515	0	0	0		0		0	0.405	0.042	0		163	159.39	2.2956	2.2837			160.03	2.2791	2.2676			0.8704	1	0.0464	0.08567	0.33519	1	1	1.0000	0	0
190251	Surgical Specialty Center Of Baton Rouge	12940	12940	12940	12940	22037	7	ourban	ourban	N	0.8242				N		1	0	0	16	1	0	0	0.023960362	0	0	0		0		0	0.366	0.043	0		131	129.11	2.8498	2.8636			129.78	2.8187	2.8274			0.876	1	0.00262	0.00939	0.19517	1	1	1.0000	1	1
190255	Park Place Surgical Hospital	29180	29180	29180	29180	22055	7	ourban	ourban	N	0.8115				N		1	0	0	10	2	0	0	0.0173	0	0	0		0		0	0.267	0.041	0		93	92.35	2.0985	2.0989			92.55	2.1189	2.1191			0.8667	1	0	0.01509	0.18553	1	1	1.0000	0	1
190256	Sterling Surgical Hospital	35380	35380	25220	35380	22103	7	lurban	lurban	W	0.8279				N		1	0	0	10	1	0	0	0.027	0	0	0		0		0	0.111	0.026	0		61	60.73	2.7742	2.7777			60.86	2.7760	2.7778			0.8787	1	0.02455	0.32183	0.22917	1	1	1.0000	0	0
190259	Lafayette Surgical Specialty Hospital	29180	29180	29180	29180	22055	7	ourban	ourban	N	0.8115				N		1	0	0	20	5	0	0	0.0922	0	0	0		0		0	0.206	0.032	0		266	258.88	2.6931	2.7031			261.71	2.6736	2.6767			0.8667	1	0.06202	0.27072	0.28939	1	1	0.9857	0	0
190263	Heart Hospital Of Lafayette	29180	29180	29180	29180	22055	7	ourban	ourban	N	0.8115				N		1	0	0	32	17	0	0	0.103667003	0	0	0		0		0	0.232	0.019	0		1022	1001.39	2.6154	2.5856			1002.42	2.6117	2.5812			0.8667	1	0.00155	0.00191	0.57025	1	0.99884	0.9999	0	0
190266	The Spine Hospital Of Louisiana	12940	12940	12940	12940	22033	7	ourban	ourban	N	0.8242				N		1	0	0	23	6	0	0	0.0662	0	0	0		0		0	0.212	0.014	0		327	325.25	3.7411	3.7431			325.29	3.7023	3.7042			0.876	1	0	0	0.19716	1	1	1.0000	0	0
190267	Avala	35380	35380	25220	35380	22103	7	lurban	lurban	W	0.8279				N		1	0	0	21	1	0	0	0.0628	0	0	0		0		0	0.228	0.014	0		163	159.02	2.8858	2.8991			160.59	2.8379	2.8428			0.8787	1	0.01635	0.00321	0.27686	1	1	0.9947	0	0
190268	Lafayette General Surgical Hospital	29180	29180	29180	29180	22055	7	ourban	ourban	N	0.8115				N		1	0	0	10	1	0	0	0.0313	0	0	0		0		0	0.237	0.029	0		118	116.91	1.9000	1.9011			117.14	1.8996	1.9011			0.8667	1	0.01437	0.04033	0.44292	1	1	0.9700	0	0
190270	Southern Surgical Hospital	35380	35380	25220	35380	22103	7	lurban	lurban	W	0.8279				N		1	0	0	37	8	0	0	0.091	0	0	0		0		0	0.216	0.031	0		254	253.77	2.0077	2.0068			253.90	2.0211	2.0207			0.8787	1	0.02463	0.1128	0.29279	1	1	0.9959	0	1
190274	Ochsner Medical Center-Kenner	35380	35380	35380	35380	22051	7	lurban	lurban	N	0.8347				N		1	0.3189	0.5752	115	64	0.16015	0.17624	0.3757	0.05053	0.07905	0.05053	0.000214	1301.59	0.000242	1534.3	0.203	0.023	0		1358	1306.63	1.6688	1.6619	1406.06	1.6629	1308.77	1.6685	1.6617	1408.11	1.6573	0.8836	1	0.04934	0.09234	0.21055	1	1.00332	0.9951	0	0
190278	Specialists Hospital Shreveport	43340	43340	43340	43340	22017	7	ourban	ourban	N	0.8252				N		1	0	0	15	7	0	0	0.013	0	0	0		0		0	0.209	0.013	0		500	495.87	2.8073	2.8139			496.94	2.7680	2.7726			0.8767	1	0.00878	0.00552	0.46117	1	1	0.9724	0	0
190297	Doctors Hospital At Deer Creek L L C	19	19	19	19	22115	7	rural	rural	N	0.7756				N		1	0	0	10	5	0	0	0.1107	0	0	0		0		0	0.2	0.024	0		357	351.18	1.2454	1.2427			351.46	1.2452	1.2427			0.8403	1	0.01558	0.03225	0.63052	1	1.0202	0.9700	0	0
190298	Central Louisiana Surgical Hospital	10780	10780	10780	10780	22079	7	ourban	ourban	N	0.8557				N		1	0	0	24	8	0	0	0.0617	0	0	0		0		0	0.196	0.021	0		697	695.75	2.2695	2.2705			695.95	2.2601	2.2610			0.8988	1	0.00166	0.0064	0.54935	1	1	1.0000	0	0
190300	St Charles Surgical Hospital Llc	35380	35380	35380	35380	22071	7	lurban	lurban	N	0.8347				N		1	0	0	39	4	0	0	0	0	0	0		0		0	0.138	0.02	0		53	53.00	1.5051	1.5051			53.00	1.5397	1.5397			0.8836	1	0.04006	0.15352	0.08983	1	1	1.0000	0	1
190302	"Omega Hospital, Llc"	35380	35380	35380	35380	22051	7	lurban	lurban	N	0.8347				N		1	0		16	1	0	0.52699	0	0	0	0		0		0	0.331	0.054	0		4	3.88	2.4584	2.4277			3.91	2.4603	2.4359			0.8836	1	0.22769	0.81235	0.11163	1	1	1.0000	0	1
190303	Cypress Pointe Surgical Hospital	25220	25220	25220	25220	22105	7	ourban	ourban	N	0.8387				Y	0.0003	1	0	0	30	3	0	0	0.1432	0	0	0		0	0.000001	58.08	0.281	0.057	0		154	153.75	3.1910	3.1859			153.77	3.1573	3.1529			0.8865	1	0.0841	0.5576	0.26442	1	1	0.9976	0	0
190308	St Bernard Parish Hospital	35380	35380	35380	35380	22087	7	lurban	lurban	N	0.8347				N		1	0	0	40	16	0	0	0.4007	0.03	0	0.03	0.000205	4363.21	0.000127	2327.32	0.272	0.049	0		362	349.46	1.4641	1.4455			349.97	1.4631	1.4446			0.8836	1	0.02378	0.13607	0.34063	1	0.98891	0.9984	0	0
190312	Our Lady Of The Angels Hospital	19	19	19	19	22117	7	rural	rural	N	0.7975				Y	0.0437	1	0.0207	0	31	18	0.01125	0	0.5319	0.03	0	0.03	0.000624	7940.91	0.000546	6921.97	0.422	0.068	0		686	666.85	1.3039	1.2957	64.39	1.3356	667.59	1.3048	1.2969	64.52	1.3361	0.8565	1	0.02393	0.13664	0.38539	1.16727	1.00456	0.9952	0	0
190313	New Orleans East Hospital	35380	35380	35380	35380	22071	7	lurban	lurban	N	0.8347				N		1	0	0	60	8	0	0	0.6951	0.03	0	0.03	0.000391	14522.58	0.000371	16772.75	0.401	0.103	0		266	260.59	1.2616	1.2631			260.98	1.2617	1.2631			0.8836	1	0.11219	0.87895	0.24389	1	1	1.0000	0	1
200001	St Joseph Hospital	12620	12620	12620	12620	23019	1	ourban	ourban	N	1.0542				N		1	0	0	112	51	0	0	0.1474	0	0.0303	0		0	0.000147	538.12	0.46	0.013	0		1874	1851.72	1.4882	1.4823			1854.61	1.4873	1.4822			1.0368	1	0.04683	0.00433	0.53495	1	0.99813	0.9949	0	0
200008	Northern Light Health	38860	38860	38860	38860	23005	1	ourban	ourban	N	1.0412				N		1	0	0	107	48	0	0	0.2086	0.01606	0.04315	0.01606	0.000418	2069.05	0.000293	1254.82	0.391	0.045	0		1475	1433.88	1.8226	1.8147			1440.57	1.8138	1.8067			1.028	1	0.03652	0.06823	0.36358	1	1.01577	1.0000	0	0
200009	Maine Medical Center	38860	38860	38860	38860	23005	1	ourban	ourban	N	1.0412				N		1	0.3146	0.4804	611	365	0.15815	0.14519	0.3	0.03491	0.06263	0.03491	0.001134	998.67	0.001186	1030.79	0.313	0.02	0		9226	9055.96	2.1862	2.1786	3197.95	2.3351	9068.20	2.1917	2.1838	3204.08	2.3423	1.028	1	0.07856	0.0457	0.31448	1	0.99638	1.0000	0	0
200018	Northern Light A R Gould Hospital	20	20	20	20	23003	1	rural	rural	N	0.8623				N		1	0	0	38	23	0	0	0.2795	0.03068	0	0.03068		0		0	0.39	0.018	14	8283.03	1055	1027.27	1.3072	1.2961			1027.38	1.3068	1.2958			0.9035	1	0.04912	0.01417	0.53318	1	1.00723	0.9979	0	0
200019	Southern Maine Health Care	38860	38860	38860	38860	23031	1	ourban	ourban	N	1.0412				N		1	0	0	128	68	0	0	0.1682	0.00921	0.03465	0.00921	0.000304	859.01	0.000302	806.59	0.366	0.035	0		2782	2702.74	1.3834	1.3723			2707.95	1.3840	1.3733			1.028	1	0.0073	0.01074	0.4449	1	1.0033	1.0000	0	0
200020	York Hospital	38860	38860	38860	38860	23031	1	ourban	ourban	N	1.0412				N		1	0	0	66	33	0	0	0.069702601	0	0	0		0		0	0.385	0.015	0		1437	1416.12	1.3674	1.3612			1418.81	1.3655	1.3603			1.028	1	0.02958	0.00277	0.54588	1	1.00539	0.9932	0	0
200021	Mid Coast Hospital	38860	38860	38860	38860	23005	1	ourban	ourban	N	1.0412				N		1	0	0	92	61	0	0	0.1771	0.01065	0	0.01065	0.000252	1095.53	0.000186	792.88	0.402	0.022	0		1861	1831.43	1.3803	1.3729			1833.23	1.3796	1.3727			1.028	1	0.01618	0.00674	0.40308	1	1.00268	0.9992	0	0
200024	Central Maine Medical Center	30340	30340	38860	20	23001	1	ourban	rural	S	0.9831		YES	YES	N		1	0.0784	0.1537	228	119	0.04191	0.04433	0.2628	0.02724	0	0.02724	0.000466	1013.81	0.000355	730.65	0.332	0.029	7		3438	3350.79	1.9890	1.9735	1133.98	2.0001	3355.48	1.9818	1.9661	1135.63	1.9892	0.9884	1	0.04098	0.05436	0.40691	1	0.99906	0.9987	0	0
200031	Cary Medical Center	20	20	20	20	23003	1	rural	rural	N	0.8623				N		1	0	0	49	18	0	0	0.2364	0.0218	0	0.0218	0.000101	973.53	0.000072	641.1	0.421	0.021	14	6291.55	828	812.75	1.2850	1.2812			813.49	1.2821	1.2783			0.9035	1	0.02134	0.01154	0.57257	1.16235	1.00458	0.9938	0	0
200033	Eastern Maine Medical Center	12620	12620	12620	12620	23019	1	ourban	ourban	N	1.0542				N		1	0.0838	0.0946	312	272	0.04472	0.02706	0.2924	0.03335	0.061	0.03335	0.000786	804.77	0.000733	750.02	0.369	0.027	0		8001	7892.28	1.9404	1.9308	1583.12	1.9074	7902.76	1.9411	1.9324	1585.38	1.9114	1.0368	1	0.07882	0.0653	0.42923	1	0.99503	0.9974	0	0
200034	St Mary's Regional Medical Center	30340	30340	30340	30340	23001	1	ourban	ourban	N	0.9234				Y	0.022	1	0	0	140	56	0	0	0.4224	0.06016	0.0893	0.06016	0.000193	1194.75	0.000373	2037.98	0.316	0.012	0		1158	1137.22	1.5155	1.5021			1138.49	1.5237	1.5111			0.9469	1	0.03456	0.00715	0.32957	1	0.99685	0.9833	0	0
200037	Franklin Memorial Hospital	20	20	20	20	23007	1	rural	rural	N	0.8623				N		1	0	0	48	19	0	0	0.2551	0.02565	0	0.02565		0		0	0.403	0.027	16	7841.29	695	672.55	1.3965	1.3840			673.39	1.3957	1.3833			0.9035	1	0.01622	0.01139	0.46839	1.13727	1.00908	0.9954	0	1
200039	Mainegeneral Medical Center	20	20	38860	20	23011	1	rural	rural	W	0.9831				N		1	0.1672	0.1973	172	137	0.08723	0.05726	0.2658	0.02786	0	0.02786	0.0005	1099.68	0.000418	904.59	0.346	0.043	7		3596	3555.51	1.4787	1.4706	1181.47	1.5444	3557.94	1.4779	1.4702	1182.78	1.5459	0.9884	1	0.03748	0.08666	0.41248	1	1.00387	1.0000	0	0
200041	Northern Light Inland Hospital	20	20	20	20	23011	1	rural	rural	N	0.8623				N		1	0	0	46	12	0	0	0.2799	0.03077	0	0.03077		0		0	0.556	0.037	14	9787.49	513	499.11	1.2345	1.2198			499.92	1.2328	1.2186			0.9035	1	0.02238	0.01699	0.41503	1	1.01392	1.0000	0	0
200050	Northern Light Maine Coast Hospital	20	20	12620	20	23009	1	rural	rural	W	1.0412				N		1	0	0	48	23	0	0	0.1184	0	0	0		0		0	0.561	0.034	14	6765.92	916	891.04	1.3777	1.3642			892.35	1.3781	1.3651			1.028	1	0.01278	0.00511	0.50668	1	1.00681	1.0000	0	0
200052	Northern Maine Medical Center	20	20	20	20	23003	1	rural	rural	N	0.8623				N		1	0	0	43	10	0	0	0.3205	0.03	0	0.03		0		0	0.485	0.042	16	8693.38	501	489.04	1.3185	1.3141			489.59	1.3202	1.3160			0.9035	1	0.00318	0.00414	0.54796	1.20273	1.02563	1.0000	0	0
200063	Penobscot Bay Medical Center	20	20	38860	20	23013	1	rural	rural	W	0.9831				N		1	0	0	81	47	0	0	0.2875	0.03	0	0.03		0		0	0.487	0.05	16	7694.75	1339	1302.94	1.4409	1.4332			1304.31	1.4443	1.4367			0.9884	1	0.04101	0.06507	0.44183	1.05379	1.00176	0.9990	0	0
210001	Meritus Medical Center	25180	25180	25180	25180	24043	3	ourban	ourban	N	0.9281				Y	0.0242	1	0	0	247	192	0	0	0.291	0.03306	0.0607	0.03306		0		0	0.656	0.074	0		6776	6657.57	1.5523	1.5427			6669.78	1.5524	1.5430			0.9502	1			0.49215	1			0	0
210002	Umd Medical Center	12580	12580	12580	12580	24510	3	lurban	lurban	N	0.9501				N		1	0.3787	0.6422	802	593	0.18751	0.19869	0.4582	0.06754	0.09723	0.06754		0		0	0.637	0.073	0		8067	7965.29	2.7798	2.7683	705.62	2.5235	7972.27	2.8004	2.7892	706.27	2.5472	0.9656	1			0.30516	1			0	0
210003	Umd Prince George's Hospital Ctr	47894	47894	47894	47894	24033	3	lurban	lurban	N	1.0079				N		1	0.1747	0.2156	246	163	0.09097	0.06273	0.4915	0.07441	0.10465	0.07441		0		0	0.855	0.03	0		4013	3972.56	1.6244	1.6189	261.38	1.6427	3974.06	1.6306	1.6248	261.42	1.6444	1.0054	1			0.36446	1			0	0
210004	Holy Cross Hospital	43524	43524	43524	43524	24031	3	lurban	lurban	N	0.9783				Y	0.0144	1	0.0359	0.052453374	455	333	0.01942	0.01491	0.3734	0.05005	0.07855	0.05005		0		0	0.658	0.045	0		7133	6938.88	1.7243	1.7181	231.10	1.8404	6950.41	1.7282	1.7222	231.30	1.8496	0.9851	1			0.30419	1			0	0
210005	Frederick Memorial Hospital	43524	43524	43524	43524	24021	3	lurban	lurban	N	0.9639				N		1	0	0	239	187	0	0	0.2374	0.022	0.04925	0.022		0		0	0.633	0.055	0		7071	6937.55	1.5283	1.5150			6947.62	1.5279	1.5149			0.9751	1			0.44649	1			0	0
210006	Umd Harford Memorial Hospital	12580	12580	12580	12580	24025	3	lurban	lurban	N	0.9501				N		1	0	0	85	60	0	0	0.2905	0.03	0	0.03		0		0	0.775	0.065	0		1992	1936.11	1.3063	1.3004			1938.23	1.3103	1.3045			0.9656	1			0.47224	1			0	0
210008	Mercy Medical Center Inc	12580	12580	12580	12580	24510	3	lurban	lurban	N	0.9501				N		1	0.2191	0.3035	209	142	0.11278	0.08942	0.43	0.06173	0.09098	0.06173		0		0	0.77	0.085	0		4112	4051.99	2.1998	2.1988	340.40	1.7764	4055.63	2.1876	2.1861	341.04	1.7671	0.9656	1			0.30479	1			0	0
210009	"Johns Hopkins Hospital, The"	12580	12580	12580	12580	24510	3	lurban	lurban	N	0.9501				N		1	0.491	0.7062	997	838	0.23706	0.22054	0.3844	0.05232	0.08095	0.05232		0		0	0.744	0.064	0		11563	11472.85	2.1885	2.1853	538.43	2.0107	11480.63	2.1997	2.1963	539.67	2.0119	0.9656	1			0.29544	1			0	0
210011	Saint Agnes Hospital	12580	12580	12580	12580	24510	3	lurban	lurban	N	0.9501				N		1	0.1595	0.1906	287	190	0.08339	0.05526	0.3294	0.04098	0.06898	0.04098		0		0	0.575	0.055	0		5892	5821.22	1.5875	1.5794	442.82	1.6001	5826.68	1.5874	1.5794	443.48	1.5952	0.9656	1			0.43847	1			0	0
210012	Sinai Hospital Of Baltimore	12580	12580	12580	12580	24510	3	lurban	lurban	N	0.9501				N		1	0.2157	0.3259	470	299	0.11113	0.09633	0.3852	0.05249	0.08113	0.05249		0		0	0.619	0.057	0		6970	6875.87	1.8785	1.8641	526.01	1.8791	6884.60	1.8837	1.8694	526.48	1.8909	0.9656	1			0.44106	1			0	0
210013	Bon Secours Hospital	12580	12580	12580	12580	24510	3	lurban	lurban	N	0.9501				N		1	0	0	72	49	0	0	0.8866	0.03	0	0.03		0		0	0.615	0.052	0		777	769.12	1.4047	1.3998			769.58	1.4095	1.4050			0.9656	1			0.25504	1			0	0
210015	Medstar Franklin Square Medical Center	12580	12580	12580	12580	24005	3	lurban	lurban	N	0.9501				N		1	0.2071	0.3338	374	260	0.10693	0.09878	0.3816	0.05174	0.08034	0.05174		0		0	0.728	0.068	0		8714	8568.23	1.4060	1.3999	1097.55	1.4573	8575.13	1.4067	1.4006	1098.55	1.4595	0.9656	1			0.41622	1			0	0
210016	Adventist Healthcare Washington Adventist Hospital	43524	43524	43524	43524	24031	3	lurban	lurban	N	0.9783				Y	0.0144	1	0	0	217	144	0	0	0.4969	0.07552	0.10586	0.07552		0		0	0.793	0.037	0		3480	3409.35	1.9313	1.9179			3412.14	1.9352	1.9216			0.9851	1			0.4013	1			0	0
210017	Garrett County Memorial Hospital	21	21	21	21	24023	3	rural	rural	N	0.8857				N		1	0	0	27	20	0	0	0.3041	0.03	0	0.03		0		0	0.789	0.068	0		976	945.76	1.4516	1.4405			946.86	1.4466	1.4353			0.9202	1			0.54987	1			0	0
210018	Medstar Montgomery Medical Center	43524	43524	43524	43524	24031	3	lurban	lurban	N	0.9783				Y	0.0144	1	0	0	114	85	0	0	0.2451	0.02359	0.05089	0.02359		0		0	0.767	0.087	0		3523	3448.21	1.4501	1.4412			3451.89	1.4509	1.4422			0.9851	1			0.5593	1			0	0
210019	Peninsula Regional Medical Center	41540	41540	41540	41540	24045	3	ourban	ourban	N	0.9219				N		1	0	0	281	207	0	0	0.279	0.03058	0.05812	0.03058		0		0	0.63	0.058	0		8337	8194.16	1.7914	1.7774			8202.54	1.7933	1.7794			0.9458	1			0.5047	1			0	0
210022	Suburban Hospital	43524	43524	43524	43524	24031	3	lurban	lurban	N	0.9783				Y	0.0144	1	0.0082	0.035549367	222	167	0.00447	0.01008	0.1857	0.01205	0.03832	0.01205		0		0	0.741	0.053	0		7367	7200.37	1.7711	1.7634			7219.01	1.7684	1.7607			0.9851	1			0.53988	1			0	0
210023	Anne Arundel Medical Center	12580	12580	12580	12580	24003	3	lurban	lurban	N	0.9601				Y	0.01	1	0	0	400	288	0	0	0.1743	0.0102	0.03593	0.0102		0		0	0.705	0.064	0		9933	9771.20	1.5921	1.5857			9781.49	1.5924	1.5861			0.9725	1			0.43021	1			0	0
210024	Medstar Union Memorial Hospital	12580	12580	12580	12580	24510	3	lurban	lurban	N	0.9501				N		1	0.3238	0.395688535	183	133	0.16242	0.11814	0.3077	0.0365	0.06429	0.0365		0		0	0.668	0.037	0		5202	5113.08	2.1564	2.1391	595.29	2.0757	5119.85	2.1543	2.1365	595.71	2.0802	0.9656	1			0.51725	1			0	0
210027	Western Maryland Regional Medical Center	19060	19060	19060	19060	24001	3	ourban	ourban	N	0.8857				N		1	0	0	198	145	0	0	0.2726	0.02926	0.05675	0.02926		0		0	0.895	0.063	16	2295.18	6068	5978.17	1.5729	1.5633			5984.38	1.5750	1.5655			0.9202	1			0.71822	1			0	0
210028	Medstar Saint Mary's Hospital	15680	15680	15680	15680	24037	3	ourban	ourban	N	0.9625				Y	0.0178	1	0	0	103	75	0	0	0.2417	0.02289	0.05016	0.02289		0		0	0.788	0.064	0		2836	2793.85	1.3714	1.3657			2796.42	1.3721	1.3664			0.9742	1			0.4788	1			0	0
210029	Johns Hopkins Bayview Medical Center	12580	12580	12580	12580	24510	3	lurban	lurban	N	0.9501				N		1	0.2597	0.4804	442	313	0.13232	0.14519	0.3956	0.05463	0.08341	0.05463		0		0	0.842	0.07	0		7014	6899.52	1.5652	1.5557	607.98	1.4978	6907.20	1.5728	1.5636	608.29	1.5042	0.9656	1			0.43319	1			0	0
210030	Umd Shore Medical Ctr At Chestertown	21	21	21	21	24029	3	rural	rural	N	0.9577				Y	0.072	1	0	0	26	19	0	0	0.2686	0.02844	0	0.02844		0		0	0.549	0.091	0		758	739.59	1.3601	1.3484			740.60	1.3585	1.3472			0.9708	1			0.75059	1			0	0
210032	Union Hospital Of Cecil County	48864	48864	48864	48864	24015	3	ourban	ourban	N	1.1315				N		1	0	0	110	55	0	0	0.3332	0.04176	0.0698	0.04176		0		0	0.768	0.064	0		2240	2167.64	1.3878	1.3744			2171.25	1.3863	1.3731			1.0883	1			0.49402	1			0	0
210033	Carroll Hospital Center	12580	12580	12580	12580	24013	3	lurban	lurban	N	0.9529				Y	0.0028	1	0	0	143	105	0	0	0.1879	0.01241	0.03878	0.01241		0		0	0.746	0.089	0		5307	5196.55	1.3994	1.3884			5205.29	1.3992	1.3886			0.9675	1			0.52488	1			0	0
210034	Medstar Harbor Hospital	12580	12580	12580	12580	24510	3	lurban	lurban	N	0.9501				N		1	0.2597	0.446047619	133	84	0.13232	0.13414	0.5468	0.08582	0.11709	0.08582		0		0	0.587	0.032	0		2500	2472.64	1.4225	1.4193	300.73	1.3379	2474.15	1.4247	1.4214	300.95	1.3401	0.9656	1			0.36588	1			0	0
210035	Umd Charles Regional  Medical Center	47894	47894	47894	47894	24017	3	lurban	lurban	N	1.0079				N		1	0	0	89	76	0	0	0.2356	0.02163	0	0.02163		0		0	0.689	0.052	0		3149	3095.87	1.4451	1.4363			3099.13	1.4404	1.4318			1.0054	1			0.54637	1			0	0
210037	Umd Shore Medical Center At Easton	21	21	21	21	24041	3	rural	rural	N	0.8969				Y	0.0112	1	0	0	178	127	0	0	0.2803	0.03	0	0.03		0		0	0.645	0.068	0		4721	4654.51	1.4227	1.4162			4658.60	1.4201	1.4139			0.9282	1			0.58487	1			0	0
210038	Umd Medical Center Midtown Campus	12580	12580	12580	12580	24510	3	lurban	lurban	N	0.9501				N		1	0.2827	0.3458	167	92	0.14322	0.1025	0.6083	0.0985	0.13109	0.0985		0		0	0.676	0.069	0		1417	1389.94	1.5632	1.5444	260.47	1.4164	1391.14	1.5678	1.5490	260.68	1.4181	0.9656	1			0.37769	1			0	0
210039	Calverthealth Medical Center	47894	47894	47894	47894	24009	3	lurban	lurban	N	1.0079				N		1	0	0	75	51	0	0	0.2102	0.01639	0	0.01639		0		0	0.689	0.112	0		2485	2416.55	1.4244	1.4183			2419.32	1.4250	1.4189			1.0054	1			0.43579	1			0	0
210040	Northwest Hospital Center	12580	12580	12580	12580	24005	3	lurban	lurban	N	0.9501				N		1	0	0	185	139	0	0	0.3368	0.0425	0.07058	0.0425		0		0	0.684	0.062	0		5070	4963.41	1.4007	1.3840			4968.31	1.4025	1.3859			0.9656	1			0.53723	1			0	0
210043	Umd Baltimore Washington  Medical Center	12580	12580	12580	12580	24003	3	lurban	lurban	N	0.9601				Y	0.01	1	0	0	293	201	0	0	0.2564	0.02592	0.05329	0.02592		0		0	0.716	0.076	0		7319	7147.28	1.6243	1.6132			7158.09	1.6236	1.6130			0.9725	1			0.52597	1			0	0
210044	Greater Baltimore Medical Center	12580	12580	12580	12580	24005	3	lurban	lurban	N	0.9501				N		1	0.0848	0.1243	262	180	0.04524	0.0357	0.1964	0.01379	0.04057	0.01379		0		0	0.695	0.056	0		6545	6423.93	1.4774	1.4651	408.92	1.6034	6431.73	1.4792	1.4671	409.81	1.6011	0.9656	1			0.33499	1			0	0
210045	Edward Mccready Memorial Hospital	41540	41540	41540	41540	24039	3	ourban	ourban	N	0.9219				N		1	0	0	3	2	0	0	0.1722	0.00986	0	0.00986		0		0	0.977	0.086	0		162	159.79	0.9058	0.8999			159.83	0.9063	0.9004			0.9458	1			0.72009	1			0	0
210048	Howard County General Hospital	12580	12580	12580	12580	24027	3	lurban	lurban	N	0.9582				Y	0.0081	1	0	0	264	188	0	0	0.1981	0.01407	0.04093	0.01407		0		0	0.733	0.058	0		6143	6002.05	1.4177	1.4104			6008.13	1.4185	1.4114			0.9712	1			0.38341	1			0	0
210049	Umd Upper Chesapeake Medical Center	12580	12580	12580	12580	24025	3	lurban	lurban	N	0.9501				N		1	0	0	170	117	0	0	0.1754	0.01038	0.03616	0.01038		0		0	0.754	0.045	0		5144	4985.96	1.6466	1.6326			4993.98	1.6486	1.6349			0.9656	1			0.5416	1			0	0
210051	Doctors'  Community Hospital	47894	47894	47894	47894	24033	3	lurban	lurban	N	1.0079				N		1	0	0	190	149	0	0	0.2613	0.02693	0.05434	0.02693		0		0	0.743	0.071	0		4611	4557.35	1.5197	1.5165			4559.99	1.5199	1.5166			1.0054	1			0.55061	1			0	0
210055	University Of Md Laurel Regional Hospital	47894	47894	47894	47894	24033	3	lurban	lurban	N	1.0079				N		1	0	0	137	60	0	0	0.2931	0.03349	0.06115	0.03349		0		0	0.796	0.048	0		1686	1646.68	1.4662	1.4617			1651.03	1.4734	1.4691			1.0054	1			0.5226	1			0	0
210056	Medstar Good Samaritan Hospital	12580	12580	12580	12580	24510	3	lurban	lurban	N	0.9501				N		1	0.1554	0.1232	206	129	0.08133	0.03538	0.2974	0.03438	0.06207	0.03438		0		0	0.823	0.068	0		4539	4433.51	1.4022	1.3861	515.80	1.4434	4449.26	1.4094	1.3930	516.59	1.4425	0.9656	1			0.56909	1			0	0
210057	Adventist Healthcare Shady Grove Medical Center	43524	43524	43524	43524	24031	3	lurban	lurban	N	0.9783				Y	0.0144	1	0	0	304	212	0	0	0.3451	0.04421	0.07238	0.04421		0		0	0.73	0.068	0		5479	5391.42	1.5775	1.5721			5397.23	1.5794	1.5740			0.9851	1			0.34645	1			0	0
210058	Umd Rehabilitation &  Orthopaedic Institute	12580	12580	12580	12580	24510	3	lurban	lurban	N	0.9501				N		1	0.0078	0.009313043	138	92	0.00425	0.00263	0.3121	0.03741	0.06524	0.03741		0		0	0.758	0.067	0		1037	1011.55	1.4211	1.4194			1022.17	1.4619	1.4596			0.9656	1			0.38942	1			0	0
210060	Fort Washington Hospital	47894	47894	47894	47894	24033	3	lurban	lurban	N	1.0079				N		1	0	0	31	23	0	0	0.206	0.01553	0	0.01553		0		0	0.966	0.062	0		1196	1178.97	1.1901	1.1833			1179.26	1.1914	1.1838			1.0054	1			0.59445	1			0	0
210061	Atlantic General Hospital	41540	41540	41540	41540	24047	3	ourban	ourban	N	0.9219				N		1	0	0	48	32	0	0	0.135462057	0	0	0		0		0	0.603	0.06	0		2020	1960.03	1.4564	1.4266			1963.43	1.4503	1.4204			0.9458	1			0.68563	1			0	0
210062	Medstar Southern Maryland Hospital Center	47894	47894	47894	47894	24033	3	lurban	lurban	N	1.0079				N		1	0	0	192	129	0	0	0.3334	0.0418	0.06984	0.0418		0		0	0.793	0.054	0		4100	4006.36	1.5796	1.5652			4009.52	1.5817	1.5668			1.0054	1			0.44598	1			0	0
210063	Umd St Joseph Medical Center	12580	12580	12580	12580	24005	3	lurban	lurban	N	0.9501				N		1	0	0	252	165	0	0	0.2054	0.0154	0.04247	0.0154		0		0	0.655	0.078	0		6471	6338.84	1.8681	1.8586			6355.31	1.8662	1.8566			0.9656	1			0.45295	1			0	0
210064	Levindale Hebrew Geriatric Center And Hospital	12580	12580	12580	12580	24005	3	lurban	lurban	N	0.9501				N		1	0	0	120	98	0	0	0.083370953	0	0.01703	0		0		0	0.618	0.02	0		1137	1126.40	1.2690	1.2646			1126.37	1.3053	1.3007			0.9656	1			0.84486	1			0	0
210065	Holy Cross Germantown Hospital	43524	43524	43524	43524	24031	3	lurban	lurban	N	0.9783				Y	0.0144	1	0	0	93	51	0	0	0.3597	0.03	0	0.03		0		0	0.764	0.141	0		1671	1605.11	1.5463	1.5319			1608.61	1.5468	1.5330			0.9851	1			0.3821	1			0	0
220001	Health Alliance - Clinton Hospital	49340	49340	14454	49340	25027	1	ourban	ourban	W	1.2868				N		1	0.0683	0.1297	113	71	0.03661	0.03728	0.2803	0.03085	0.0584	0.03085	0.000142	495.31	0.000153	590.3	0.378	0.02	0		2303	2246.54	1.4102	1.4002	1033.16	1.4592	2249.00	1.4106	1.4006	1036.00	1.4577	1.1885	1	0.01371	0.00483	0.31506	1	0.99778	0.9941	0	0
220002	Mount Auburn Hospital	15764	15764	14454	15764	25017	1	lurban	lurban	W	1.2868				N		1	0.3988	0.5444	183	121	0.19655	0.16606	0.1651	0.0087	0.034	0.0087	0.000149	313.23	0.000154	324.66	0.624	0.057	0		4018	3945.21	1.5194	1.5145	1180.19	1.5558	3949.31	1.5196	1.5145	1181.95	1.5592	1.1885	1	0.01567	0.02177	0.34701	1	1.0037	0.9964	0	0
220008	Sturdy Memorial Hospital	39300	39300	14454	39300	25005	1	lurban	lurban	W	1.2868				N		1	0	0	127	74	0	0	0.2532	0.02526	0.05261	0.02526	0.000141	332.85	0.000139	344.08	0.622	0.033	0		3634	3568.72	1.3042	1.2992			3573.09	1.3025	1.2975			1.1885	1	0.02126	0.00808	0.54751	1	0.99998	0.9750	0	0
220010	Lawrence General Hospital	15764	15764	15764	15764	25009	1	lurban	lurban	N	1.2868				N		1	0.1079	0.2011	189	108	0.0572	0.05839	0.4851	0.07309	0.10322	0.07309	0.000253	501.7	0.000333	670.43	0.472	0.026	0		4217	4124.52	1.4612	1.4544	483.53	1.5414	4129.26	1.4593	1.4524	484.33	1.5396	1.1885	1	0.01106	0.0034	0.38917	1	0.99884	0.9862	0	0
220011	Cambridge Health Alliance	15764	15764	14454	15764	25017	1	lurban	lurban	W	1.2868				N		1	0.4666	1.0254	198	95	0.22649	0.33558	0.6222	0.0875	0.1189	0.0875	0.001654	6748.28	0.001208	4717.94	0.714	0.044	0		1938	1894.05	1.3680	1.3579	626.94	1.3405	1896.24	1.3666	1.3569	627.71	1.3403	1.1885	1	0.02036	0.01288	0.25546	1	1.00707	0.9943	0	0
220012	Cape Cod Hospital	12700	12700	12700	12700	25001	1	ourban	ourban	N	1.2948				N		1	0.0133	0.0187	239	161	0.00724	0.00529	0.1741	0.01017	0.03588	0.01017		0		0	0.427	0.023	16	8922.11	8632	8382.04	1.8784	1.8539	1249.55	1.7496	8395.20	1.8797	1.8541	1251.89	1.7514	1.1935	1	0.02837	0.00843	0.57664	1	0.99723	0.9931	0	0
220015	"Cooley Dickinson Hospital Inc,the"	44140	44140	49340	22	25015	1	ourban	rural	S	1.2868		YES	YES	N		1	0	0	118	62	0	0	0.1962	0.01376	0	0.01376	0.000063	190.87	0.00008	242.79	0.488	0.039	7		2731	2677.69	1.3909	1.3816			2681.74	1.3802	1.3710			1.1885	1	0.02116	0.02267	0.48564	1	0.99635	0.9947	0	0
220016	Baystate Franklin Medical Center	22	22	44140	44140	25011	1	rural	ourban	L	1.2868	LUGAR			N		1	0	0	89	50	0	0	0.3676	0.03	0	0.03	0.000075	310.93	0.000098	403.1	0.546	0.032	0		1985	1921.87	1.2886	1.2747			1924.95	1.2893	1.2759			1.1885	1	0.00661	0.00388	0.41903	1	1.0079	0.9956	0	0
220017	Carney Hospital	14454	14454	14454	14454	25025	1	lurban	lurban	N	1.2868				N		1	0.4058	0.9445	110	61	0.19968	0.30544	0.6608	0.10933	0.14318	0.10933	0.000153	887.12	0.000159	879.24	0.93	0.087	0		1296	1249.61	1.4553	1.4178	521.04	1.3186	1251.16	1.4609	1.4237	522.73	1.3214	1.1885	1	0.03407	0.04589	0.3251	1	0.99626	0.9975	0	0
220019	Harrington Memorial Hospital-1	49340	49340	14454	49340	25027	1	ourban	ourban	W	1.2868				N		1	0	0	112	33	0	0	0.3311	0.04133	0.06935	0.04133	0.000061	353.75	0.000077	456.03	0.506	0.03	0		1414	1389.25	1.2365	1.2316			1390.84	1.2334	1.2287			1.1885	1	0.00083	0.00023	0.40271	1	0.99394	0.9904	0	0
220020	Saint Anne's Hospital	39300	39300	39300	39300	25005	1	lurban	lurban	N	1.2868				N		1	0.0086	0.0608	154	102	0.00469	0.01731	0.2832	0.03145	0.05902	0.03145	0.000145	286.77	0.000162	335.65	0.453	0.02	0		4280	4199.55	1.4381	1.4261	1340.68	1.3602	4205.62	1.4386	1.4271	1344.49	1.3526	1.1885	1	0.00601	0.00088	0.47944	1	1.00766	0.9772	0	0
220024	Holyoke Medical Center	44140	44140	44140	44140	25013	1	ourban	ourban	N	1.2868				N		1	0	0	165	51	0	0	0.4232	0.06032	0.08948	0.06032	0.00008	305.03	0.000114	448.9	0.677	0.03	0		2174	2122.70	1.4020	1.3926			2125.69	1.3996	1.3903			1.1885	1	0.00279	0.00019	0.43764	1	0.99714	0.9957	0	0
220029	Anna Jaques Hospital	15764	15764	15764	15764	25009	1	lurban	lurban	N	1.2868				N		1	0	0	120	61	0	0	0.2047	0.01526	0.04232	0.01526	0.000067	221.76	0.00008	263.88	0.57	0.023	0		2619	2549.41	1.2119	1.2046			2553.67	1.2139	1.2069			1.1885	1	0.00155	0	0.37122	1	0.99771	0.9806	0	0
220030	Baystate Wing Hospital And Medical Centers	44140	44140	44140	44140	25013	1	ourban	ourban	N	1.2868				N		1	0	0	46	19	0	0	0.1816	0.01139	0	0.01139	0.000089	538.58	0.000043	292.51	0.55	0.042	0		1309	1261.34	1.2971	1.2843			1263.06	1.2971	1.2841			1.1885	1	0.00098	0.00083	0.58332	1.13962	1.00004	0.9934	0	0
220031	Boston Medical Center Corporation-	14454	14454	14454	14454	25025	1	lurban	lurban	N	1.2868				N		1	0.9391	1.1996	442	312	0.41527	0.40288	0.7306	0.12372	0.15945	0.12372	0.003243	5270.1	0.002882	4669.84	0.471	0.037	0		4950	4861.68	1.9264	1.9213	1817.52	1.9287	4868.12	1.9293	1.9246	1820.65	1.9298	1.1885	1	0.07206	0.08264	0.23116	1	1.00076	0.9952	0	0
220033	Beverly Hospital Corporation	15764	15764	15764	15764	25009	1	lurban	lurban	N	1.2868				N		1	0	0	296	174	0	0	0.2714	0.02901	0.0565	0.02901	0.000238	289.98	0.000291	355.24	0.513	0.032	0		6780	6601.68	1.4461	1.4371			6616.71	1.4461	1.4379			1.1885	1	0.01297	0.00728	0.38777	1	0.99996	0.9864	0	0
220035	North Shore Medical Center -	15764	15764	14454	15764	25009	1	lurban	lurban	W	1.2868				N		1	0.0851	0.1463	344	201	0.0454	0.04215	0.3432	0.04382	0.07197	0.04382	0.00044	514.76	0.00062	709.59	0.379	0.042	0		7034	6860.36	1.4325	1.4267	1461.34	1.4546	6870.27	1.4333	1.4276	1463.51	1.4538	1.1885	1	0.02505	0.04821	0.44164	1	1.00534	0.9989	0	0
220036	St Elizabeth's Medical Center	14454	14454	14454	14454	25025	1	lurban	lurban	N	1.2868				N		1	0.6645	1.0753	203	130	0.30941	0.35452	0.3832	0.05207	0.08069	0.05207	0.000186	424.31	0.000204	464.2	0.628	0.033	0		3677	3609.30	2.1932	2.1817	830.95	2.1404	3612.72	2.2069	2.1957	831.96	2.1599	1.1885	1	0.13639	0.04742	0.357	1	0.9987	0.9888	0	0
220046	Berkshire Medical Center Inc - 1	38340	38340	38340	38340	25003	1	ourban	ourban	N	1.2868				N		1	0.3134	0.5301	214	141	0.15759	0.16136	0.3569	0.04665	0.07495	0.04665	0.000226	289.51	0.000261	334.27	0.462	0.033	0		6675	6521.49	1.5008	1.4929	305.38	1.4569	6532.13	1.5052	1.4980	305.86	1.4612	1.1885	1	0.01312	0.00962	0.51609	1	0.99944	0.9938	0	0
220049	Marlborough Hospital	15764	15764	14454	15764	25017	1	lurban	lurban	W	1.2868				N		1	0	0	67	44	0	0	0.3396	0.03	0	0.03	0.000081	457.09	0.00009	499.99	0.417	0.024	0		1483	1446.56	1.2715	1.2656			1448.53	1.2733	1.2675			1.1885	1	0.01373	0.00886	0.40703	1	0.99692	0.9950	0	0
220052	Signature Healthcare Brockton Hospital	14454	14454	14454	14454	25023	1	lurban	lurban	N	1.2868				N		1	0.0984	0.1453	175	98	0.0523	0.04186	0.3992	0.05537	0.0842	0.05537	0.000261	612.38	0.000319	709.01	0.401	0.025	0		3377	3287.57	1.3858	1.3751	667.95	1.3439	3292.96	1.3831	1.3726	669.02	1.3405	1.1885	1	0.09531	0.06165	0.36968	1	1.00565	0.9930	0	0
220060	Beth Israel Deaconess Hospital - Plymouth	14454	14454	14454	14454	25023	1	lurban	lurban	N	1.2868				N		1	0	0	134	96	0	0	0.2093	0.01621	0.04329	0.01621	0.000073	118.11	0.000104	185.07	0.529	0.03	0		5527	5348.38	1.5020	1.4870			5356.31	1.4985	1.4836			1.1885	1	0.0129	0.00568	0.51783	1	1.00162	0.9967	0	0
220062	Adcare Hospital Of Worcester Inc	49340	49340	14454	49340	25027	1	ourban	ourban	W	1.2868				N		1	0	0	114	105	0	0	0.5518	0.08685	0.11822	0.08685	0.000027	82.6	0.000138	415.33	0.416	0.012	0		2781	2763.02	1.0345	1.0354			2762.85	1.1152	1.1166			1.1885	1	0	0	0.48402	1	1	1.0000	0	0
220063	Lowell General Hospital	15764	15764	14454	15764	25017	1	lurban	lurban	W	1.2868				N		1	0	0	396	211	0	0	0.375	0.05038	0.0789	0.05038	0.000354	421.59	0.000448	520.19	0.412	0.036	0		6720	6595.62	1.4984	1.4900			6606.77	1.4997	1.4923			1.1885	1	0.0163	0.02028	0.37651	1	0.99688	0.9864	0	0
220065	Baystate Noble Hospital	44140	44140	44140	44140	25013	1	ourban	ourban	N	1.2868				N		1	0	0	77	29	0	0	0.3294	0.03	0	0.03	0.000058	427.37	0.000048	362	0.485	0.024	0		1113	1085.05	1.2921	1.2815			1086.33	1.2914	1.2809			1.1885	1	0.00542	0.00227	0.54923	1	1.00816	0.9921	0	0
220066	Mercy Medical Ctr	44140	44140	44140	44140	25013	1	ourban	ourban	N	1.2868				N		1	0	0	263	140	0	0	0.5189	0.08006	0.1108	0.08006	0.000082	178.68	0.000265	568.59	0.456	0.024	0		3599	3524.53	1.5191	1.5055			3530.79	1.5191	1.5061			1.1885	1	0.0058	0.00142	0.28249	1	1.00128	0.9831	0	0
220070	Melrosewakefield Healthcare	15764	15764	14454	15764	25017	1	lurban	lurban	W	1.2868				N		1	0.0051	0.0094	211	100	0.00278	0.00266	0.2005	0.01446	0.04144	0.01446	0.000164	337.25	0.000159	302.06	0.54	0.041	0		3696	3610.47	1.4126	1.4069	688.49	1.5315	3616.09	1.4094	1.4034	689.70	1.5314	1.1885	1	0.0148	0.01289	0.48903	1	0.99792	0.9730	0	0
220071	Massachusetts General Hospital	14454	14454	22	22	25025	1	ourban	rural	S	1.2868		YES		N		1	0.5432	0.6749	979	801	0.25933	0.2098	0.2696	0.02864	0	0.02864	0.0013	608.53	0.00151	701.66	0.24	0.022	7		17907	17664.33	2.2732	2.2652	2121.66	2.1924	17685.90	2.2795	2.2715	2124.26	2.1937	1.1885	1	0.12	0.16424	0.39463	1	1.00448	0.9968	0	0
220073	Morton Hospital	39300	39300	14454	39300	25005	1	lurban	lurban	W	1.2868				N		1	0	0	106	54	0	0	0.3045	0.03584	0.0636	0.03584	0.00011	312.1	0.000113	324.08	0.619	0.042	0		3089	3008.26	1.3908	1.3774			3011.92	1.3929	1.3794			1.1885	1	0.00617	0.0041	0.55166	1	0.99273	0.9898	0	0
220074	"Southcoast Hospital Group, Inc"	39300	39300	14454	39300	25005	1	lurban	lurban	W	1.2868				N		1	0	0	835	391	0	0	0.3172	0.03846	0.06634	0.03846	0.000528	302.09	0.000781	430.52	0.403	0.034	0		13617	13387.77	1.6113	1.6051			13403.22	1.6114	1.6054			1.1885	1	0.01681	0.01954	0.47055	1	0.99695	0.9700	0	0
220075	Massachusetts Eye And Ear Infirmary -	14454	14454	14454	14454	25025	1	lurban	lurban	N	1.2868				N		1	0.8535	1.5	41	13	0.38329	0.52699	0.1915	0.01299	0	0.01299	0.000128	2790.18	0.000079	1755.17	0.45	0.05	0		369	364.21	1.8752	1.8667	62.85	1.7882	364.42	1.8781	1.8699	62.87	1.7759	1.1885	1	0.02296	0.05064	0.33657	1	1	1.0000	0	0
220077	Baystate Medical Center	44140	44140	22	22	25013	1	ourban	rural	S	1.2868		YES		N		1	0.4312	0.5455	685	490	0.21096	0.16642	0.3992	0.05537	0	0.05537	0.000499	305.55	0.000951	596.65	0.421	0.031	7		13573	13374.28	1.7954	1.7869	3299.61	1.8235	13388.25	1.7984	1.7901	3302.36	1.8318	1.1885	1	0.02138	0.02022	0.3583	1	0.99759	0.9986	0	0
220080	Holy Family Hospital	15764	15764	15764	15764	25009	1	lurban	lurban	N	1.2868				N		1	0	0	335	141	0	0	0.4189	0.05944	0.08853	0.05944	0.00021	348.47	0.000291	470.42	0.549	0.041	0		4815	4692.84	1.4253	1.4140			4701.33	1.4281	1.4170			1.1885	1	0.02587	0.02197	0.43291	1	0.99877	0.9852	0	0
220083	Beth Israel Deaconess Hospital - Needham	14454	14454	14454	14454	25021	1	lurban	lurban	N	1.2868				N		1	0.0062	0.0237	58	24	0.00338	0.00671	0.084954044	0	0	0		0		0	0.594	0.046	0		1535	1453.60	1.3996	1.3877			1456.75	1.4001	1.3877			1.1885	1	0.00082	0.00076	0.61512	1	1.00211	0.9921	0	0
220084	Emerson Hospital -	15764	15764	14454	15764	25017	1	lurban	lurban	W	1.2868				N		1	0	0	119	56	0	0	0.096570867	0	0.01975	0		0		0	0.463	0.039	0		1833	1751.99	1.5116	1.4983			1755.16	1.5116	1.4984			1.1885	1	0.01378	0.01569	0.30656	1	1.00851	0.9998	0	0
220086	Beth Israel Deaconess Medical Center	14454	14454	14454	14454	25025	1	lurban	lurban	N	1.2868				N		1	0.752	0.9395	644	536	0.3442	0.3036	0.2956	0.03401	0.06169	0.03401	0.000589	411.01	0.000723	508.84	0.43	0.026	0		12028	11811.07	2.1341	2.1281	2534.70	1.9623	11823.67	2.1407	2.1340	2537.58	1.9678	1.1885	1	0.0589	0.03266	0.33688	1	0.99858	0.9846	0	0
220088	New England Baptist Hospital	14454	14454	14454	14454	25025	1	lurban	lurban	N	1.2868				N		1	0.0628	0.0874	98	62	0.03371	0.02497	0.0068	0	0	0		0		0	0.584	0.034	0		3490	3434.22	2.3478	2.3494			3453.26	2.3294	2.3292			1.1885	1	0.00659	0.00203	0.43735	1	1	1.0000	0	0
220090	Milford Regional Medical Center	49340	49340	14454	49340	25027	1	ourban	ourban	W	1.2868				N		1	0.0887	0.1523	145	76	0.04727	0.04392	0.1835	0.01169	0.03786	0.01169	0.000136	308.88	0.000137	327.9	0.543	0.041	0		3890	3754.79	1.4072	1.3966	608.72	1.4275	3760.52	1.4068	1.3964	609.64	1.4263	1.1885	1	0.00683	0.00527	0.42653	1	1.00069	0.9832	0	0
220095	Heywood Hospital -	49340	49340	14454	49340	25027	1	ourban	ourban	W	1.2868				N		1	0	0	114	37	0	0	0.3548	0.04622	0.07449	0.04622	0.000071	450.07	0.000088	550.25	0.6	0.032	0		1373	1343.80	1.2699	1.2655			1346.00	1.2676	1.2637			1.1885	1	0.00069	0	0.33076	1	1.0046	0.9990	0	0
220098	Nashoba Valley Medical Center	15764	15764	15764	15764	25017	1	lurban	lurban	N	1.2868				N		1	0	0	57	14	0	0	0.056933439	0	0	0		0		0	0.541	0.063	0		745	721.92	1.2254	1.2188			722.79	1.2281	1.2216			1.1885	1	0.00283	0.007	0.48274	1	0.99827	0.9918	0	0
220100	South Shore Hospital	14454	14454	14454	14454	25021	1	lurban	lurban	N	1.2868				N		1	0	0	368	280	0	0	0.2059	0.0155	0.04258	0.0155	0.000329	240.14	0.000348	262.38	0.517	0.02	0		11838	11596.99	1.4161	1.4097			11610.26	1.4174	1.4109			1.1885	1	0.01523	0.00178	0.43828	1	0.99944	0.9736	0	0
220101	Newton-Wellesley Hospital	15764	15764	14454	22	25017	1	ourban	rural	S	1.2868		YES	YES	N		1	0.1736	0.2596	206	128	0.09042	0.07601	0.103590445	0	0	0		0		0	0.393	0.04	7		5286	5114.09	1.5582	1.5543	764.31	1.6563	5125.77	1.5551	1.5511	766.01	1.6547	1.1885	1	0.01694	0.0282	0.31513	1	1.01418	0.9995	0	0
220105	Winchester Hospital	15764	15764	14454	15764	25017	1	lurban	lurban	W	1.2868				N		1	0.0109	0.0166	205	120	0.00594	0.0047	0.1145	0	0.02346	0		0		0	0.681	0.076	0		3795	3706.66	1.4100	1.4020	904.92	1.3254	3711.23	1.4092	1.4013	906.01	1.3294	1.1885	1	0.01811	0.03486	0.36097	1	1.01062	0.9966	0	0
220108	Beth Israel Deaconess Hospital-Milton Inc	14454	14454	14454	14454	25021	1	lurban	lurban	N	1.2868				N		1	0	0	88	56	0	0	0.091129288	0	0	0		0		0	0.433	0.035	0		2993	2918.46	1.4712	1.4603			2924.45	1.4687	1.4585			1.1885	1	0.00346	0.00372	0.57597	1	1.00624	0.9765	0	0
220110	Brigham And Women's Hospital	14454	14454	22	22	25025	1	ourban	rural	S	1.2868		YES		N		1	0.6107	0.6964	763	665	0.28748	0.21716	0.2609	0.02685	0	0.02685	0.000659	395.56	0.000961	586.82	0.252	0.025	7		13894	13661.05	2.3224	2.3085	1898.93	2.2660	13682.02	2.3368	2.3234	1902.01	2.2782	1.1885	1	0.15588	0.24054	0.32833	1	1.00188	0.9966	0	0
220111	Good Samaritan Medical Center	14454	14454	14454	14454	25021	1	lurban	lurban	N	1.2868				N		1	0.0176	0.0346	248	173	0.00957	0.00981	0.4163	0.0589	0.08796	0.0589	0.000254	378.95	0.000334	499.28	0.604	0.036	0		5555	5441.12	1.4637	1.4538	1372.92	1.3965	5447.63	1.4641	1.4542	1374.37	1.3995	1.1885	1	0.04042	0.01947	0.37849	1	0.99887	0.9829	0	0
220116	Tufts Medical Center	14454	14454	14454	14454	25025	1	lurban	lurban	N	1.2868				N		1	0.7831	1.2321	362	241	0.35632	0.41581	0.4687	0.06971	0.09956	0.06971	0.00036	638.59	0.000491	852.27	0.408	0.027	0		4477	4369.71	2.5096	2.4999	1178.85	2.1939	4376.38	2.5229	2.5130	1180.75	2.2017	1.1885	1	0.12754	0.07651	0.28987	1	1.00107	0.9926	0	0
220119	Brigham And Women's Faulkner Hospital	14454	14454	14454	14454	25025	1	lurban	lurban	N	1.2868				N		1	0.2095	0.3624	136	85	0.10811	0.10768	0.3282	0.04073	0.06872	0.04073	0.000241	553.94	0.000204	476.06	0.317	0.021	0		3507	3424.85	1.4523	1.4456	474.51	1.4197	3431.37	1.4520	1.4454	476.26	1.4259	1.1885	1	0.00566	0.00363	0.45521	1	1.00382	0.9970	0	0
220126	Norwood Hospital	14454	14454	14454	14454	25021	1	lurban	lurban	N	1.2868				N		1	0	0	154	85	0	0	0.1722	0.00986	0.03549	0.00986	0.000126	271.54	0.000112	233.96	0.598	0.054	0		3743	3665.37	1.3635	1.3515			3669.58	1.3654	1.3535			1.1885	1	0.01802	0.02294	0.49503	1	0.99659	0.9845	0	0
220135	Falmouth Hospital	12700	12700	12700	12700	25001	1	ourban	ourban	N	1.2948				N		1	0	0	95	64	0	0	0.1694	0.0094	0	0.0094	0.00007	169.52	0.000078	184.63	0.477	0.025	0		3440	3332.85	1.5180	1.5057			3339.08	1.5164	1.5044			1.1935	1	0.01961	0.00759	0.58397	1	1.00475	0.9777	0	0
220163	Umass Memorial Medical Center Inc	49340	49340	22	22	25027	1	ourban	rural	S	1.2868		YES		N		1	0.8247	0.9009	567	499	0.37233	0.28947	0.3864	0.05273	0	0.05273	0.000848	618.31	0.001137	826.27	0.336	0.019	7		11126	10902.89	1.9642	1.9502	3061.57	1.9943	10915.32	1.9693	1.9551	3065.46	2.0023	1.1885	1	0.09553	0.04861	0.31411	1	1.00238	0.9972	0	0
220171	"Lahey Hospital & Medical Center, Burlington"	15764	15764	22	22	25017	1	ourban	rural	S	1.2868		YES		N		1	0.4567	0.4091	345	298	0.22217	0.12238	0.1159	0	0	0		0		0	0.512	0.041	7		11053	10792.04	1.7928	1.7858	2674.14	1.8699	10809.15	1.7960	1.7893	2678.94	1.8721	1.1885	1	0.03843	0.04196	0.47885	1	0.99991	0.9853	0	0
220175	Metrowest Medical Center	15764	15764	14454	15764	25017	1	lurban	lurban	W	1.2868				N		1	0.1924	0.3985	247	95	0.09972	0.11902	0.3362	0.04238	0.07045	0.04238	0.00024	595.02	0.000254	575.95	0.369	0.024	0		3149	3028.10	1.5339	1.5198	724.15	1.5073	3032.54	1.5340	1.5192	725.53	1.5080	1.1885	1	0.01258	0.00719	0.37076	1	1.00368	0.9991	0	0
220176	St Vincent Hospital	49340	49340	22	22	25027	1	ourban	rural	S	1.2868		YES		N		1	0.4652	0.6075	259	190	0.22588	0.18701	0.2869	0.03221	0	0.03221	0.000151	250.88	0.000235	403.76	0.284	0.016	7		4858	4735.19	1.6126	1.6052	3135.99	1.7268	4745.24	1.6091	1.6019	3144.77	1.7251	1.1885	1	0.06528	0.02778	0.29241	1	0.99311	0.9989	0	0
220177	Nantucket Cottage Hospital	22	22	22	22	25019	1	rural	rural	N	1.2868				N		1	0	0	19	4	0	0	0.2814	0.03	0	0.03	0.000079	3376.15	0.000049	2299.21	0.424	0.076	16	8996.6	210	205.01	1.1902	1.1867			205.24	1.1903	1.1868			1.1885	1	0.0009	0.01195	0.29894	1.25	1	0.9993	0	0
230002	St Mary Mercy Hospital	19804	19804	19804	19804	26163	4	lurban	lurban	N	0.924				Y	0.0215	1	0.4997	0.7135	252	171	0.2408	0.22305	0.1662	0.00888	0.03423	0.00888	0.000173	209.21	0.000167	194.54	0.324	0.027	0		6514	6397.71	1.4782	1.4705	2847.17	1.5195	6405.00	1.4799	1.4726	2851.40	1.5174	0.9473	1	0.00212	0.00249	0.48172	1	0.99744	0.9873	0	0
230003	Spectrum Health Zeeland Community Hospital	24340	24340	34740	24340	26139	4	ourban	ourban	W	0.9169				N		1	0	0	57	18	0	0	0.1431	0	0	0		0	0.000045	760.85	0.489	0.051	0		456	435.59	1.3753	1.3645			436.54	1.3718	1.3612			0.9423	1	0.0094	0.01478	0.18488	1	1.01522	0.9989	0	0
230005	Promedica Bixby Hospital	23	23	11460	23	26091	4	rural	rural	S	0.953	LUGAR	YES	YES	N		1	0	0	88	35	0	0	0.2566	0.02596	0	0.02596	0.000096	574.88	0.000108	627.74	0.258	0.019	14	6806.39	1255	1207.50	1.5198	1.5071			1208.67	1.5143	1.5015			0.9676	1	0.00399	0.00331	0.44407	1.02379	1.00721	1.0000	0	0
230013	Pontiac General Hospital	47664	47664	47664	47664	26125	4	lurban	lurban	N	0.9725				N		1	0.3223	1.5	47	6	0.16172	0.52699	0.6332	0.03	0	0.03	0.00002	973.02	0.00002	997.61	0.157	0.006	0		136	135.28	1.2094	1.2081	31.73	1.2962	135.33	1.2101	1.2087	31.76	1.2626	0.9811	1	0.06219	0	0.17557	1	1	1.0000	1	1
230015	Three Rivers Health	23	23	23	23	26149	4	rural	rural	N	0.8574				N		1	0	0	48	8	0	0	0.3328	0.03	0	0.03	0.000065	1544.53	0.000052	1127.38	0.415	0.027	0		320	312.53	1.2764	1.2700			313.19	1.2716	1.2647			0.9	1	0	0	0.3561	1.21159	1.0116	0.9945	0	1
230017	Bronson Methodist Hospital	28020	28020	28020	28020	26077	4	ourban	ourban	N	1.011				N		1	0.1962	0.3432	415	285	0.10159	0.1017	0.4271	0.06113	0.09034	0.06113	0.00036	492.74	0.000788	1067.61	0.355	0.02	0		5858	5769.20	2.0155	2.0072	2425.35	1.9366	5774.34	2.0137	2.0054	2428.01	1.9404	1.0075	1	0.04684	0.01681	0.25801	1	0.99846	1.0000	0	0
230019	Ascension Providence Hospital	47664	47664	22420	23	26125	4	ourban	rural	S	1.0253		YES	YES	N		1	0.2891	0.3855	574	372	0.14624	0.11493	0.2453	0.02363	0	0.02363	0.000363	266.91	0.000477	334.08	0.286	0.02	7		10798	10628.75	1.7762	1.7640	4571.39	1.8301	10642.51	1.7771	1.7652	4578.11	1.8285	1.0173	1	0.01199	0.00895	0.39011	1	1.00866	0.9999	0	0
230020	Beaumont Hospital - Dearborn	19804	19804	11460	23	26163	4	ourban	rural	S	0.953		YES	YES	N		1	0.1817	0.2813	632	423	0.09444	0.08262	0.411	0.05781	0	0.05781	0.000361	306.33	0.000769	607.4	0.23	0.017	7		9092	8993.65	1.8792	1.8711	3744.04	1.9347	9003.74	1.8827	1.8747	3747.92	1.9400	0.9676	1	0.01958	0.01678	0.35845	1	1.00418	0.9843	0	0
230021	"Lakeland Hospital, St Joseph"	35660	35660	28020	35660	26021	4	ourban	ourban	W	0.9401				N		1	0.2354	0.3721	264	134	0.12067	0.11072	0.3719	0.04974	0.07822	0.04974	0.00021	403.85	0.000401	737.87	0.36	0.029	0		4230	4113.72	1.7310	1.7190	1736.13	1.7555	4120.53	1.7302	1.7180	1739.05	1.7586	0.9586	1	0.03983	0.04085	0.34798	1	1.00351	1.0000	0	0
230022	Promedica Coldwater Regional Hospital	23	23	29620	23	26023	4	rural	rural	W	0.9465				N		1	0.0698	0.1709	87	29	0.0374	0.04941	0.3266	0.0404	0	0.0404	0.000054	400.52	0.000065	437.56	0.338	0.022	7		1149	1126.37	1.2327	1.2216	271.99	1.1769	1127.92	1.2282	1.2178	272.27	1.1716	0.963	1	0	0	0.41094	1.07424	1.00377	0.9958	0	0
230024	Sinai-Grace Hospital	19804	19804	11460	23	26163	4	ourban	rural	S	0.953		YES	YES	N		1	0.5448	0.6867	345	231	0.26	0.21384	0.6322	0.10343	0	0.10343	0.000378	534.65	0.000673	846.87	0.24	0.022	7		5240	5179.58	1.5655	1.5431	1873.35	1.7306	5181.20	1.5706	1.5490	1874.23	1.7345	0.9676	1	0.0318	0.05219	0.3486	1	1.00162	0.9911	0	0
230029	St Joseph Mercy Oakland	47664	47664	22420	23	26125	4	ourban	rural	S	1.0253		YES	YES	N		1	0.2971	0.4529	369	220	0.14999	0.13634	0.2699	0.0287	0	0.0287	0.000232	280.84	0.000323	376.62	0.361	0.022	7		6537	6456.52	1.8504	1.8296	2827.49	1.7820	6466.25	1.8488	1.8284	2833.71	1.7816	1.0173	1	0.0084	0.00412	0.40365	1	1.00268	0.9950	0	0
230030	Midmichigan Medical Center-Gratiot	23	23	29620	23	26057	4	rural	rural	W	0.9465				N		1	0.1583	0	49	25	0.08279	0	0.2869	0.03221	0	0.03221	0.000071	421.71	0.000065	386.11	0.303	0.021	15	5450.24	1435	1373.85	1.4286	1.4077	185.30	1.4156	1376.48	1.4264	1.4060	185.72	1.4117	0.963	1	0	0	0.42419	1.04167	0.99429	1.0000	0	0
230031	Lake Huron Medical Center	47664	47664	47664	47664	26147	4	lurban	lurban	N	0.9725				N		1	0	0	154	44	0	0	0.2704	0.02881	0.05628	0.02881	0.000044	196.77	0.000049	212.39	0.208	0.017	0		1629	1574.55	1.7283	1.7006			1577.15	1.7249	1.6987			0.9811	1	0.01805	0.01749	0.51536	1	1.01541	0.9700	0	0
230035	Spectrum Health United Hospital	24340	24340	24340	24340	26117	4	ourban	ourban	N	0.8977				N		1	0.0753	0	42	23	0.04028	0	0.2874	0.03	0	0.03	0.000081	723.43	0.000075	636.47	0.369	0.025	0		914	883.75	1.3757	1.3608	66.22	1.3146	885.21	1.3727	1.3580	66.41	1.3189	0.9288	1	0.00203	0.0017	0.37817	1.04947	1.01783	0.9974	0	0
230036	Midmichigan Medical Center - Alpena	23	23	23	23	26007	4	rural	rural	N	0.8445				N		1	0	0	96	34	0	0	0.3022	0.03537	0	0.03537		0		0	0.414	0.021	17	7325.15	2065	1986.34	1.5361	1.5130			1991.94	1.5353	1.5133			0.8907	1	0.00713	0.00229	0.52174	1	0.99557	0.9922	0	0
230037	Hillsdale Hospital	23	23	11460	23	26059	4	rural	rural	W	0.953				N		1	0.0702	0.1969	44	15	0.03761	0.05714	0.4031	0.05618	0	0.05618	0.000076	843.23	0.000067	671.13	0.428	0.04	7		620	588.58	1.4136	1.3941	117.96	1.3878	589.77	1.4135	1.3947	118.31	1.3858	0.9676	1	0	0	0.40922	1.14091	1.01413	1.0000	0	0
230038	Spectrum Health - Butterworth Campus	24340	24340	34740	23	26081	4	ourban	rural	S	0.9169		YES	YES	N		1	0.1957	0.2792	1064	764	0.10135	0.08198	0.3648	0.04828	0	0.04828	0.000775	505.32	0.001272	819.94	0.348	0.028	7		12440	12249.18	2.0711	2.0529	8044.68	2.0934	12265.28	2.0720	2.0544	8059.92	2.0980	0.9423	1	0.08513	0.09534	0.2216	1	0.99754	0.9993	0	0
230040	Spectrum Health Pennock	24340	24340	24340	24340	26015	4	ourban	ourban	N	0.8977				N		1	0	0	49	22	0	0	0.1605	0.00796	0	0.00796		0	0.000064	650.92	0.479	0.019	14	6481.27	661	645.32	1.3564	1.3398			646.49	1.3520	1.3362			0.9288	1	0.012	0.00149	0.37855	1.11826	1.00972	0.9909	0	0
230041	Mclaren Bay Region	13020	13020	13020	13020	26017	4	ourban	ourban	N	0.9637				N		1	0.0237	0.0458	297	165	0.01287	0.01301	0.1944	0.01347	0.04015	0.01347	0.000135	167.56	0.000208	253.08	0.293	0.014	0		6609	6516.05	1.8250	1.8083	1381.69	1.8994	6520.99	1.8256	1.8083	1382.71	1.9019	0.975	1	0.01485	0.00329	0.53542	1	0.99861	0.9867	0	0
230046	University Of Michigan Health System	11460	11460	11460	11460	26161	4	ourban	ourban	N	1.0106				N		1	0.7671	0.9474	924	761	0.3501	0.30651	0.3676	0.04886	0.07728	0.04886	0.001373	997.31	0.001605	1147.07	0.313	0.024	0		10882	10712.98	2.3922	2.3680	3739.58	2.4578	10729.48	2.4105	2.3864	3747.59	2.4727	1.0072	1	0.19865	0.18603	0.25543	1	1.00138	0.9997	0	0
230047	Henry Ford Macomb Hospital	47664	47664	47664	47664	26099	4	lurban	lurban	N	0.9725				N		1	0.2982	0.6058	321	197	0.1505	0.18644	0.1659	0.00883	0.03417	0.00883	0.000235	318.8	0.00023	289.49	0.345	0.027	0		5662	5523.20	1.7593	1.7483	3458.06	1.7442	5531.79	1.7590	1.7480	3464.60	1.7393	0.9811	1	0.01444	0.01254	0.42164	1	0.99782	0.9897	0	0
230053	Henry Ford Hospital	19804	19804	47664	23	26163	4	ourban	rural	S	0.9505		YES	YES	N		1	0.8733	1.1457	673	508	0.39076	0.3817	0.4258	0.06086	0	0.06086	0.000831	772.04	0.00181	1654.69	0.337	0.022	7		8670	8522.33	2.2868	2.2741	5277.02	2.1869	8533.47	2.2892	2.2768	5283.51	2.1927	0.9658	1	0.08848	0.05822	0.28121	1	1.00064	0.9941	0	0
230054	Up Health System - Marquette	23	23	24580	23	26103	4	rural	rural	W	0.9092				N		1	0.0603	0.1457	244	103	0.0324	0.04197	0.25	0.0246	0	0.0246		0		0	0.211	0.014	17	7600.48	3383	3310.70	1.9104	1.9012	1144.90	1.9703	3316.54	1.9165	1.9076	1146.73	1.9676	0.9369	1	0.00685	0.00389	0.37613	1	0.99782	0.9977	0	0
230055	Dickinson County Memorial Hospital	23	23	23	23	26043	4	rural	rural	N	0.8445				N		1	0	0	96	23	0	0	0.2379	0.0221	0	0.0221		0		0	0.37	0.018	16	6130	923	883.37	1.5400	1.5135			884.55	1.5379	1.5125			0.8907	1	0.0139	0.00411	0.40918	1.08576	1.00505	0.9977	0	0
230058	Munson Healthcare Grayling Hospital	23	23	23	23	26039	4	rural	rural	N	0.8445				N		1	0	0	58	22	0	0	0.2654	0.02778	0	0.02778		0		0	0.333	0.011	16	6894.71	1148	1095.24	1.3903	1.3698			1097.70	1.3886	1.3685			0.8907	1	0.00053	0	0.50447	1.08561	1.00795	0.9945	0	0
230059	Saint Mary's Health Care	24340	24340	34740	23	26081	4	ourban	rural	S	0.9169		YES	YES	N		1	0.2711	0.3955	255	179	0.13774	0.11808	0.3218	0.03941	0	0.03941	0.000272	510.67	0.000447	822.89	0.398	0.034	7		4124	4032.93	1.7905	1.7721	2418.17	1.7988	4036.91	1.7942	1.7758	2421.09	1.7994	0.9423	1	0.03933	0.0495	0.27258	1	1.00328	0.9920	0	0
230066	Mercy Health Muskegon	34740	34740	34740	23	26121	4	ourban	rural	S	0.9401		YES		N		1	0.1541	0.0975	319	172	0.08068	0.0279	0.2955	0.03	0	0.03398	0.000232	330.19	0.00033	558.25	0.438	0.015	16	0	5632	5511.78	1.9603	1.9311	2494.16	2.0785	5520.90	1.9561	1.9271	2500.73	2.0761	0.9586	1	0.01948	0.00136	0.37359	1	1.00114	1.0000	0	0
230069	Saint Joseph Mercy Livingston Hospital	47664	47664	47664	47664	26093	4	lurban	lurban	N	0.9725				N		1	0.8733	1.2038	55	22	0.39076	0.40454	0.1221	0	0	0		0		0	0.412	0.032	0		1098	1059.24	1.4489	1.4356	532.77	1.4844	1060.67	1.4473	1.4339	533.97	1.4760	0.9811	1	0.01872	0.01759	0.47149	1	1.00699	0.9954	0	0
230070	Covenant Medical Center	40980	40980	47664	23	26145	4	ourban	rural	S	0.9505		YES	YES	N		1	0.0895	0.1375	458	350	0.04769	0.03957	0.3466	0.04452	0	0.04452	0.000279	247.7	0.000515	441.15	0.225	0.014	7		8587	8509.03	1.7668	1.7601	3401.23	1.7113	8514.17	1.7653	1.7591	3402.74	1.7136	0.9658	1	0.01267	0.00627	0.39479	1	0.99858	0.9914	0	0
230071	Straith Hospital For Special Surgery	47664	47664	47664	47664	26125	4	lurban	lurban	N	0.9725				N		1	0	0	34	14	0	0	0.067	0	0	0		0		0	0.49	0.044	0		770	696.97	1.3597	1.3597			756.39	1.4485	1.4489			0.9811	1	0	0	0.93665	1	1	1.0000	0	0
230072	Holland Community Hospital	24340	24340	34740	24340	26139	4	ourban	ourban	W	0.9169				N		1	0	0	173	68	0	0	0.2632	0.02732	0.05474	0.02732	0.000201	831.78	0.000189	791.77	0.299	0.029	0		2072	2029.12	1.5363	1.5254			2032.35	1.5339	1.5233			0.9423	1	0.0194	0.02949	0.23755	1	1.01555	0.9998	0	0
230075	Bronson Battle Creek Hospital	12980	12980	28020	23	26025	4	ourban	rural	S	0.9401		YES	YES	N		1	0	0	159	88	0	0	0.3108	0.03714	0	0.03714	0.000171	475.56	0.000196	498.66	0.311	0.02	7		2702	2640.92	1.6179	1.5958			2644.11	1.6176	1.5964			0.9586	1	0.00621	0.00324	0.43323	1	0.99972	0.9987	0	0
230077	Ascension St Mary's Hospital	40980	40980	47664	23	26145	4	ourban	rural	S	0.9505		YES	YES	N		1	0.0884	0.1581	197	136	0.04712	0.04563	0.2354	0.02159	0	0.02159	0.000152	310.37	0.000235	443.28	0.307	0.027	7		3527	3482.48	1.9636	1.9477	1548.82	1.7505	3485.33	1.9664	1.9523	1549.58	1.7538	0.9658	1	0.04068	0.05266	0.47948	1	1.00048	0.9932	0	0
230078	Lakeland Hospital Watervliet	35660	35660	23	23	26021	4	ourban	rural	S	0.8445		YES		N		1	0	0	26	4	0	0	0.2903	0.03	0	0.03	0.000037	3169.84	0.000033	1847.16	0.432	0.034	0		48	45.87	2.0872	2.0787			46.10	2.0693	2.0628			0.8907	1	0.01219	0.02283	0.26412	1.25	1	0.9993	0	0
230080	Mclaren Central Michigan	23	23	33220	23	26073	4	rural	rural	W	0.8673				N		1	0	0	78	25	0	0	0.3207	0.03918	0	0.03918	0.000047	330.57	0.00007	448.06	0.325	0.022	7		1045	1016.75	1.3857	1.3711			1018.08	1.3829	1.3687			0.9071	1	0.0066	0.00558	0.39167	1.00826	1.00247	0.9986	0	0
230081	Munson Healthcare Cadillac Hospital	23	23	23	23	26165	4	rural	rural	N	0.8445				N		1	0	0	76	31	0	0	0.2952	0.03	0	0.03		0		0	0.361	0.017	16	6197.46	1258	1200.08	1.4858	1.4717			1204.93	1.4823	1.4701			0.8907	1	0.00049	0.00012	0.49239	1.0547	1.02077	1.0000	0	0
230085	Bronson South Haven Hospital	28020	28020	28020	28020	26159	4	ourban	ourban	N	1.011				N		1	0	0	29	4	0	0	0.2602	0.0267	0	0.0267	0.000038	1341.29	0.000042	1339.33	0.713	0.017	0		201	193.16	1.2586	1.2524			193.63	1.2545	1.2485			1.0075	1	0.00743	0	0.46554	1.25	1.01514	0.9965	0	0
230089	"Beaumont Hospital, Grosse Pointe"	19804	19804	19804	19804	26163	4	lurban	lurban	N	0.924				Y	0.0215	1	0.0534	0.1297	220	127	0.02875	0.03728	0.3093	0.03683	0.06464	0.03683	0.000122	200.58	0.000177	288.46	0.249	0.025	0		4872	4813.95	1.4709	1.4639	1619.76	1.5390	4818.17	1.4724	1.4656	1621.49	1.5411	0.9473	1	0.00883	0.01491	0.44294	1	1.01062	0.9872	0	0
230092	Henry Ford Allegiance Health	27100	27100	29620	27100	26075	4	ourban	ourban	W	0.9624				N		1	0.3127	0.2471	313	175	0.15727	0.07222	0.3569	0.04665	0.07495	0.04665	0.00048	589.42	0.000458	554.91	0.275	0.012	0		6620	6486.22	1.7179	1.6988	1654.05	1.8008	6493.59	1.7152	1.6964	1655.36	1.8008	0.9741	1	0.01901	0.00432	0.45722	1	1.00207	0.9923	0	0
230093	Spectrum Health Big Rapids Hospital	23	23	23	23	26107	4	rural	rural	N	0.8445				N		1	0	0	49	13	0	0	0.3192	0.03	0	0.03	0.000076	1097.63	0.00006	826.45	0.456	0.033	16	5635.91	607	575.74	1.2940	1.2869			577.10	1.2908	1.2837			0.8907	1	0.0014	0.00142	0.27498	1.09705	1.01712	0.9960	0	0
230095	Midmichigan Medical Center - West Branch	23	23	23	23	26129	4	rural	rural	N	0.8445				N		1	0	0	88	22	0	0	0.145810449	0	0	0		0		0	0.393	0.028	16	6274.7	1100	1065.27	1.5389	1.5285			1066.18	1.5287	1.5164			0.8907	1	0.00735	0.00493	0.60503	1.10667	1.0019	0.9971	0	1
230096	Sturgis Hospital	23	23	23	23	26149	4	rural	rural	N	0.8574				N		1	0	0	49	9	0	0	0.3303	0.03	0	0.03	0.000045	689.08	0.000045	627.55	0.493	0.026	0		466	453.84	1.1321	1.1267			454.25	1.1297	1.1244			0.9	1	0.00392	0.00213	0.42078	1.20356	0.9958	0.9899	0	0
230097	Munson Medical Center	23	23	33220	23	26055	4	rural	rural	W	0.8673				N		1	0.0459	0.0633	372	252	0.02476	0.01802	0.2231	0.01905	0	0.01905		0		0	0.295	0.017	17	7341.62	8390	8198.01	1.9419	1.9332	2983.10	2.0495	8219.01	1.9472	1.9385	3001.90	2.0501	0.9071	1	0.02823	0.01288	0.43305	1	1.01065	0.9963	0	0
230099	Promedica Monroe Regional Hospital	33780	33780	11460	33780	26115	4	ourban	ourban	W	0.953				N		1	0.2606	0.1967	165	72	0.13275	0.05708	0.2613	0.02693	0.05434	0.02693	0.000318	1044.95	0.000221	605.8	0.38	0.039	0		2121	2072.06	1.4319	1.4242	677.73	1.4248	2073.68	1.4317	1.4238	678.46	1.4235	0.9676	1	0.00715	0.01561	0.4609	1	0.99929	0.9851	0	0
230100	Ascension St Joseph Hospital	23	23	23	23	26069	4	rural	rural	N	0.8445				N		1	0	0	47	10	0	0	0.2455	0.02367	0	0.02367		0		0	0.555	0.048	16	6247.43	590	557.87	1.3412	1.3234			559.10	1.3380	1.3205			0.8907	1	0	0	0.47464	1	1.00181	1.0000	0	0
230104	Harper University Hospital	19804	19804	47664	23	26163	4	ourban	rural	S	0.9505		YES	YES	N		1	0.6719	1.0824	352	250	0.31239	0.35724	0.7209	0.12172	0	0.12172	0.000256	400.32	0.000607	873.29	0.27	0.031	7		4550	4523.67	1.8344	1.8257	1658.32	2.0292	4526.16	1.8145	1.8066	1659.14	1.9977	0.9658	1	0.0773	0.17273	0.27257	1	0.99735	0.9855	0	0
230105	Mclaren Northern Michigan	23	23	13020	23	26047	4	rural	rural	W	0.9359				N		1	0	0	187	97	0	0	0.168077272	0.00919	0	0.00919		0		0	0.355	0.018	17	7064.36	4113	3997.43	1.9652	1.9493			4005.33	1.9583	1.9436			0.9556	1	0.0169	0.0044	0.49798	1	1.00941	0.9951	0	0
230108	Up Health System Portage	23	23	23	23	26061	4	rural	rural	N	0.8445				N		1	0	0	36	12	0	0	0.2072	0.01577	0	0.01577		0		0	0.333	0.032	16	6903.61	324	306.33	1.4847	1.4700			307.19	1.4811	1.4658			0.8907	1	0.00193	0.00334	0.29938	1.18553	1.01328	1.0000	0	0
230110	Spectrum Health Ludington Hospital	23	23	23	23	26105	4	rural	rural	N	0.8445				N		1	0	0	49	20	0	0	0.1879	0.01241	0	0.01241		0		0	0.474	0.026	16	6732.97	881	856.72	1.5137	1.5064			857.67	1.5071	1.4997			0.8907	1	0.0188	0.00776	0.46679	1.12576	1.00489	0.9972	0	0
230117	Ascension Borgess Hospital	28020	28020	28020	28020	26077	4	ourban	ourban	N	1.011				N		1	0.3004	0.4616	286	179	0.15153	0.13913	0.2137	0.01711	0.04422	0.01711	0.000171	243.05	0.000268	361.75	0.196	0.012	0		5639	5558.03	1.9833	1.9669	2479.12	2.0093	5562.61	1.9809	1.9655	2480.67	2.0095	1.0075	1	0.01152	0.00616	0.43532	1	1.00043	1.0000	0	0
230118	Mclaren Thumb Region	23	23	23	23	26063	4	rural	rural	N	0.8445				N		1	0	0	53	12	0	0	0.3332	0.03	0	0.03		0		0	0.651	0.033	16	6360.32	584	553.29	1.5445	1.5164			554.35	1.5412	1.5136			0.8907	1	0.01367	0.00275	0.44474	1.16765	1.00972	0.9976	0	0
230121	Memorial Healthcare	23	23	29620	29620	26155	4	rural	ourban	L	0.9465	LUGAR			N		1	0	0	107	28	0	0	0.3014	0.0352	0.06293	0.0352	0.000046	315.65	0.000061	448.54	0.215	0.018	0		1395	1366.81	1.3626	1.3456			1367.98	1.3636	1.3468			0.963	1	0.00305	0.00325	0.43333	1.08856	1.00965	0.9909	0	0
230130	"Beaumont Hospital, Royal Oak"	47664	47664	22420	23	26125	4	ourban	rural	S	1.0253		YES	YES	N		1	0.3494	0.4146	973	756	0.1742	0.12412	0.2618	0.02703	0	0.02703	0.000553	233.16	0.000847	337.05	0.284	0.028	7		17434	17242.89	1.8468	1.8396	6578.98	1.8190	17265.78	1.8515	1.8446	6597.68	1.8211	1.0173	1	0.06803	0.10777	0.39582	1	1.0011	0.9852	0	0
230132	Hurley Medical Center	22420	22420	22420	22420	26049	4	ourban	ourban	N	1.0965				N		1	0.2741	0.3899	370	251	0.13916	0.11631	0.6361	0.10423	0.13747	0.10423	0.000243	463.89	0.000598	1067.31	0.262	0.011	0		3798	3765.36	1.6877	1.6701	1541.23	1.6782	3767.37	1.6961	1.6785	1541.91	1.6834	1.0651	1	0.05339	0.00842	0.26983	1	0.99692	0.9880	0	0
230133	Munson Healthcare Otsego Memorial Hospital	23	23	23	23	26137	4	rural	rural	N	0.8445				N		1	0	0	46	16	0	0	0.2865	0.03	0	0.03		0		0	0.369	0.015	16	6365.98	849	830.44	1.4424	1.4256			831.59	1.4363	1.4198			0.8907	1	0.00145	0	0.39949	1.12833	1.01404	0.9885	0	0
230141	Mclaren Flint	22420	22420	22420	22420	26049	4	ourban	ourban	N	1.0965				N		1	0.2473	0.2922	284	212	0.12639	0.08595	0.234	0.0213	0.04853	0.0213	0.000227	247.5	0.000309	305.73	0.279	0.014	0		6894	6783.75	1.8558	1.8460	3214.94	1.8759	6789.41	1.8589	1.8494	3217.10	1.8807	1.0651	1	0.01452	0.00174	0.45535	1	0.99714	0.9844	0	0
230142	Beaumont Hospital - Wayne	19804	19804	19804	19804	26163	4	lurban	lurban	N	0.924				Y	0.0215	1	0.1864	0.3651	180	81	0.09676	0.10853	0.3605	0.04739	0.07573	0.04739	0.000141	408.39	0.000206	533.74	0.221	0.016	0		2513	2470.71	1.5381	1.5255	1069.80	1.5758	2473.31	1.5360	1.5244	1071.41	1.5787	0.9473	1	0.00192	0.00121	0.41276	1	0.99832	0.9857	0	0
230144	Forest Health Medical Center	11460	11460	11460	11460	26161	4	ourban	ourban	N	1.0106				N		1	0	0	24	6	0	0	0.0885	0	0	0		0		0	0.465	0.095	0		148	147.48	1.7479	1.7459			147.50	1.7398	1.7380			1.0072	1	0.04697	0.26065	0.18695	1	1	1.0000	1	1
230146	Henry Ford Wyandotte Hospital	19804	19804	47664	23	26163	4	ourban	rural	S	0.9505		YES	YES	N		1	0.17	0.2512	281	157	0.08863	0.07346	0.2465	0.02388	0	0.02388	0.0002	360.58	0.000346	575.99	0.35	0.022	7		4251	4142.57	1.6363	1.6173	2023.73	1.7332	4148.84	1.6336	1.6147	2030.15	1.7275	0.9658	1	0.0132	0.00726	0.40479	1	0.99462	0.9803	0	0
230151	Beaumont Hospital - Farmington Hills	47664	47664	11460	23	26125	4	ourban	rural	S	0.9568		YES	YES	N		1	0.5781	0.8761	256	162	0.27397	0.28048	0.2957	0.03403	0	0.03403	0.000171	282.63	0.000277	429.15	0.275	0.014	7		4438	4355.98	1.6113	1.5940	1908.10	1.5989	4361.61	1.6137	1.5969	1910.66	1.6054	0.9702	1	0.02158	0.00577	0.44542	1	1.00188	0.9888	0	0
230156	St Joseph Mercy Hospital	11460	11460	11460	11460	26161	4	ourban	ourban	N	1.0106				N		1	0.2662	0.3567	444	322	0.13541	0.1059	0.2116	0.01668	0.04378	0.01668	0.0002	162.37	0.000423	321.4	0.284	0.009	0		9528	9366.98	1.7956	1.7858	4567.13	1.8660	9376.03	1.7964	1.7868	4572.91	1.8626	1.0072	1	0.02302	0.00177	0.35849	1	1.00223	0.9950	0	0
230165	Ascension St John Hospital	19804	19804	47664	23	26163	4	ourban	rural	S	0.9505		YES	YES	N		1	0.3531	0.4827	555	353	0.17589	0.14593	0.4633	0.06859	0	0.06859	0.000294	316.44	0.000678	691.05	0.317	0.019	7		7515	7396.91	1.9112	1.8912	3142.70	1.9393	7403.49	1.9121	1.8922	3145.82	1.9453	0.9658	1	0.03115	0.01775	0.30544	1	0.99308	0.9946	0	0
230167	Mclaren Greater Lansing	29620	29620	29620	29620	26065	4	ourban	ourban	N	0.9889				N		1	0.2956	0.6206	249	121	0.14929	0.19141	0.2908	0.03302	0.06066	0.03302	0.000166	310.92	0.000335	582.44	0.294	0.018	0		4103	4011.87	1.7875	1.7627	875.58	1.7278	4022.41	1.7744	1.7528	878.61	1.7226	0.9924	1	0.0251	0.01024	0.4245	1	1.0001	0.9991	0	0
230174	North Ottawa Community Health System	24340	24340	34740	24340	26139	4	ourban	ourban	W	0.9169				N		1	0	0	81	11	0	0	0.1765	0.01056	0	0.01056	0.000039	882.63	0.000032	668	0.511	0.024	0		332	319.38	1.4499	1.4339			321.47	1.4503	1.4364			0.9423	1	0.01094	0.00299	0.30105	1	1.0129	0.9997	0	0
230176	Beaumont Hospital - Trenton	19804	19804	19804	19804	26163	4	lurban	lurban	N	0.924				Y	0.0215	1	0.2517	0.4608	186	98	0.1285	0.13887	0.1649	0.00867	0.03396	0.00867	0.000077	176.11	0.000102	225.91	0.188	0.015	0		3395	3331.95	1.5652	1.5531	1852.96	1.6191	3335.85	1.5678	1.5559	1856.71	1.6213	0.9473	1	0.00432	0.00385	0.44946	1	1.00441	0.9960	0	0
230180	Midmichigan Medical Center-Clare	23	23	23	23	26035	4	rural	rural	N	0.8445				N		1	0	0	49	8	0	0	0.2006	0.01447	0	0.01447	0.000054	850.08	0.000037	560.6	0.348	0.025	14	5715.07	484	458.26	1.2416	1.2264			459.24	1.2373	1.2217			0.8907	1	0.00226	0.00217	0.52585	1.21462	1.01742	0.9974	0	0
230193	Mclaren Lapeer Region	47664	47664	22420	47664	26087	4	lurban	lurban	W	1.0253				N		1	0	0	183	64	0	0	0.1914	0.01298	0.03952	0.01298	0.000089	286.71	0.000111	339.3	0.258	0.014	0		2372	2289.81	1.6338	1.5991			2293.15	1.6335	1.5988			1.0173	1	0.00419	0.00119	0.48194	1	0.9982	0.9971	0	0
230195	Ascension Macomb Oakland Hosp-Warren Campus	47664	47664	47664	47664	26099	4	lurban	lurban	N	0.9725				N		1	0.3709	0.4423	451	291	0.18398	0.13294	0.3233	0.03972	0.06766	0.03972	0.00023	212.55	0.000399	342.12	0.271	0.012	0		8382	8275.57	1.6757	1.6584	3307.74	1.5907	8280.28	1.6783	1.6613	3309.59	1.5929	0.9811	1	0.01084	0.00271	0.46378	1	0.99899	0.9938	0	0
230197	Ascension Genesys Hospital	22420	22420	22420	22420	26049	4	ourban	ourban	N	1.0965				N		1	0.3829	0.5131	350	242	0.18941	0.1558	0.1894	0.01265	0.0391	0.01265	0.000176	216.05	0.00025	276.39	0.327	0.017	0		5858	5747.39	1.8719	1.8461	3702.44	1.9242	5753.33	1.8727	1.8473	3705.82	1.9226	1.0651	1	0.01601	0.00348	0.4189	1	0.99808	0.9899	0	0
230207	Mclaren Oakland	47664	47664	47664	47664	26125	4	lurban	lurban	N	0.9725				N		1	0.786	1.3712	108	56	0.35744	0.47249	0.3859	0.05263	0.08128	0.05263	0.000176	860.29	0.000176	798.28	0.342	0.02	0		1568	1543.05	1.6234	1.6053	511.42	1.6058	1545.19	1.6241	1.6094	511.89	1.6055	0.9811	1	0.01104	0.00284	0.42842	1	1.00574	0.9977	0	0
230208	Sparrow Carson Hospital	24340	24340	24340	24340	26117	4	ourban	ourban	N	0.8977				N		1	0.0119	0	48	9	0.00648	0	0.3075	0.03	0	0.03	0.000049	1129.91	0.000055	1125.4	0.587	0.071	7		316	307.17	1.2065	1.1971			307.51	1.2033	1.1936			0.9288	1	0.00343	0.00999	0.35564	1.19977	1.0068	0.9877	0	0
230216	Mclaren Port Huron	47664	47664	47664	47664	26147	4	lurban	lurban	N	0.9725				N		1	0	0	163	99	0	0	0.2356	0.02163	0.04887	0.02163	0.000091	172.07	0.000146	283.04	0.317	0.016	0		4509	4401.83	1.5713	1.5588			4410.97	1.5643	1.5532			0.9811	1	0.00712	0.00185	0.45017	1	1.00171	0.9815	0	0
230217	Oaklawn Hospital	12980	12980	12980	12980	26025	4	ourban	ourban	N	0.9113				Y	0.0165	1	0	0	78	36	0	0	0.3725	0.03	0	0.03	0.000083	547.61	0.000085	569.02	0.316	0.035	0		1382	1325.54	1.7045	1.6938			1328.13	1.7036	1.6931			0.9384	1	0.06832	0.14502	0.35131	1	1.00873	0.9993	0	0
230222	Midmichigan Medical Center-Midland	33220	33220	13020	23	26111	4	ourban	rural	S	0.9359		YES	YES	N		1	0.0662	0.1554	328	141	0.03551	0.04483	0.2309	0.02066	0	0.02066		0		0	0.318	0.021	17	7065.72	5819	5706.06	1.9345	1.9184	1859.79	1.9043	5712.82	1.9322	1.9165	1861.40	1.9025	0.9556	1	0.01979	0.01159	0.39485	1	1.00866	0.9993	0	0
230227	Mclaren Macomb	47664	47664	47664	47664	26099	4	lurban	lurban	N	0.9725				N		1	0.2644	0.4083	259	161	0.13456	0.12212	0.283	0.03141	0.05898	0.03141	0.000099	142.57	0.000308	424.22	0.282	0.022	0		5313	5169.85	1.7171	1.7019	1960.78	1.7174	5177.25	1.7188	1.7036	1964.08	1.7175	0.9811	1	0.00867	0.00766	0.41836	1	1.00178	0.9906	0	0
230230	Edward W Sparrow Hospital	29620	29620	29620	29620	26065	4	ourban	ourban	N	0.9889				N		1	0.2826	0.3934	524	397	0.14318	0.11741	0.34	0.04316	0.07128	0.04316	0.000324	281.79	0.00092	765.8	0.251	0.018	0		8912	8788.02	1.7536	1.7337	2994.33	1.7996	8800.59	1.7562	1.7367	2999.48	1.8040	0.9924	1	0.02616	0.01928	0.3269	1	0.99747	0.9925	0	0
230236	Metro Health Hospital	24340	24340	28020	23	26081	4	ourban	rural	S	0.9401		YES	YES	N		1	0.2814	0.518	177	87	0.14261	0.1574	0.3084	0.03665	0	0.03665	0.000221	828.4	0.000211	792.18	0.361	0.054	7		2189	2123.46	1.9638	1.9417	1837.47	1.9277	2128.62	1.9613	1.9389	1842.77	1.9284	0.9586	1	0.04544	0.13987	0.25269	1	1.00332	1.0000	0	0
230239	Chippewa County War Memorial Hospital	23	23	23	23	26033	4	rural	rural	N	0.8445				N		1	0	0	82	29	0	0	0.2779	0.03	0	0.03		0		0	0.431	0.035	16	7986.98	899	884.07	1.3462	1.3425			884.33	1.3468	1.3430			0.8907	1	0.00857	0.01021	0.45592	1.08568	1.01506	0.9996	0	0
230241	Ascension River District Hospital	47664	47664	47664	47664	26147	4	lurban	lurban	N	0.9725				N		1	0.0008	0.0042	68	14	0.00044	0.00119	0.319	0.03	0	0.03	0.000027	378.42	0.000029	353.36	0.492	0.033	0		470	453.58	1.2809	1.2646			454.33	1.2778	1.2623			0.9811	1	0	0	0.37812	1	0.99379	0.9943	0	0
230244	Garden City Hospital	19804	19804	19804	19804	26163	4	lurban	lurban	N	0.924				Y	0.0215	1	0.4314	0.6376	141	90	0.21105	0.19713	0.3297	0.04104	0.06904	0.04104	0.000139	354.92	0.000185	432.15	0.219	0.024	0		2936	2873.94	1.8474	1.8233	1284.80	1.9595	2877.29	1.8461	1.8220	1286.76	1.9642	0.9473	1	0.01934	0.03834	0.42781	1	1.00112	0.9813	0	0
230254	Ascension Providence Rochester Hospital	47664	47664	22420	23	26125	4	ourban	rural	S	1.0253		YES	YES	N		1	0.4111	0.6326	192	89	0.20205	0.19545	0.1131	0	0	0		0		0	0.278	0.041	7		3007	2945.13	1.7828	1.7720	1152.35	1.9667	2951.89	1.7807	1.7704	1154.95	1.9528	1.0173	1	0.00931	0.03253	0.45713	1	0.99631	0.9937	0	0
230259	St Joseph Mercy Chelsea	11460	11460	11460	11460	26161	4	ourban	ourban	N	1.0106				N		1	0	0	97	30	0	0	0.0612	0	0	0		0		0	0.323	0.05	0		1309	1265.66	1.5934	1.5882			1269.21	1.5873	1.5826			1.0072	1	0.00128	0.00494	0.33413	1.04341	1.01352	0.9919	0	0
230264	Southeast Michigan Surgical Hospital	47664	47664	47664	47664	26099	4	lurban	lurban	N	0.9725				N		1	0.5486	1.5	13	1	0.26161	0.52699	0.319	0.03	0	0.03	0.000006	3389.72	0.000003	1489.36	0.287	0.022	0		14	13.73	3.2519	3.2580			13.75	3.2666	3.2722			0.9811	1	0.08537	0.06321	0.12683	1	1	1.0000	0	0
230269	"Beaumont Hospital, Troy"	47664	47664	22420	23	26125	4	ourban	rural	S	1.0253		YES	YES	N		1	0.0525	0.0431	475	364	0.02827	0.01224	0.1905	0.01283	0	0.01283	0.000255	158.87	0.000358	218.29	0.272	0.031	7		12948	12769.68	1.5186	1.5123	5243.07	1.5485	12780.75	1.5175	1.5115	5250.13	1.5492	1.0173	1	0.02421	0.04711	0.41364	1	1.00294	0.9941	0	0
230270	Beaumont Hospital - Taylor	19804	19804	19804	19804	26163	4	lurban	lurban	N	0.924				Y	0.0215	1	0.2262	0.4076	99	55	0.11623	0.1219	0.3166	0.03	0	0.03	0.000105	405.52	0.000131	488.71	0.236	0.013	0		2166	2115.38	1.4921	1.4752	834.65	1.5396	2118.64	1.4930	1.4769	836.81	1.5369	0.9473	1	0.00145	0.00028	0.4518	1	0.99827	0.9938	0	0
230273	Detroit Receiving Hospital & Univ Health Center	19804	19804	19804	19804	26163	4	lurban	lurban	N	0.924				Y	0.0215	1	0.9986	0.9568	203	159	0.43701	0.30998	0.7185	0.12123	0.15661	0.12123	0.000361	862.56	0.00058	1252.83	0.214	0.018	0		3094	3049.10	1.6977	1.6812	1026.79	1.6530	3050.20	1.7063	1.6898	1027.28	1.6636	0.9473	1	0.04484	0.05419	0.31412	1	0.99379	0.9936	0	0
230275	Healthsource Saginaw	40980	40980	40980	40980	26145	4	ourban	ourban	N	0.8889				N		1	0	0	7	4	0	0	0.8489	0.03	0	0.03	0.000011	927.24	0.000013	1056.59	0.456	0.027	0		76	75.06	0.8090	0.8088			75.06	0.8146	0.8145			0.9225	1	0	0	0.16094	1	1	1.0000	0	0
230277	Huron Valley-Sinai Hospital	47664	47664	47664	23	26125	4	ourban	rural	S	0.9725		YES		N		1	0.175	0.1301	128	80	0.09112	0.0374	0.1971	0.0139	0	0.0139	0.000107	353.84	0.000119	367.24	0.262	0.027	7		2230	2187.75	1.5937	1.5717	928.82	1.6494	2191.93	1.5914	1.5712	931.07	1.6530	0.9811	1	0.03482	0.06427	0.35821	1	1.00098	0.9958	0	0
230279	Ascension Brighton Center For Recovery	47664	47664	47664	47664	26093	4	lurban	lurban	N	0.9725				N		1	0	0	99	42	0	0	0.0358	0	0	0		0		0	0.796	0.033	0		112	111.70	1.2419	1.2414			111.65	1.4012	1.4005			0.9811	1	0	0	0.04809	1	1	1.0000	0	0
230297	Karmanos Cancer Center	19804	19804	19804	19804	26163	4	lurban	lurban	N	0.924				Y	0.0215	1	0.0082	0.152	122	69	0.00447	0.04383	0.3434	0.04386	0.07201	0.04386	0.000045	393.12	0.000097	805.8	0.368	0.015	0		889	882.50	2.2647	2.2501	371.50	2.1365	882.99	2.3028	2.2883	371.67	2.1699	0.9473	1	0.18871	0.03326	0.29201	1	0.98948	0.9999	0	0
230301	Surgeons Choice Medical Center	47664	47664	47664	47664	26125	4	lurban	lurban	N	0.9725				N		1	0	0	30	4	0	0	0.0765	0	0	0		0		0	0.529	0.068	0		208	206.13	1.6194	1.6056			206.26	1.6111	1.5952			0.9811	1	0.00308	0.01308	0.85785	1	1	0.9972	0	0
230302	Henry Ford West Bloomfield Hospital	47664	47664	22420	23	26125	4	ourban	rural	S	1.0253		YES	YES	N		1	0	0	191	132	0	0	0.1855	0.01202	0	0.01202	0.000113	261.44	0.000206	459.27	0.36	0.035	7		3302	3203.10	1.7134	1.7004			3212.58	1.7152	1.7036			1.0173	1	0.03595	0.05684	0.33328	1	1.00702	0.9806	0	0
230303	Munson Healthcare Manistee Hospital	23	23	34740	23	26101	4	rural	rural	W	0.9169				N		1	0	0	45	15	0	0	0.2467	0.02392	0	0.02392		0		0	0.433	0.032	16	8457.06	600	584.11	1.4232	1.4004			585.45	1.4183	1.3972			0.9423	1	0.00582	0.00486	0.50233	1.16576	1.01129	0.9878	0	0
240001	North Memorial Health	33460	33460	33460	33460	27053	6	lurban	lurban	N	1.1215				N		1	0.0637	0.1045	341	210	0.03419	0.02993	0.3475	0.04471	0.0729	0.04471	0.000223	276.73	0.000317	423.86	0.351	0.013	0		6864	6680.77	1.8829	1.8678	2019.20	1.7963	6690.50	1.8861	1.8716	2022.26	1.7996	1.0817	1	0.05461	0.00763	0.34599	1	1.00306	1.0000	0	0
240002	Essentia Health St Mary's Medical Center	20260	20260	20260	20260	27137	6	ourban	ourban	N	0.9926				N		1	0.0403	0.052	310	216	0.02178	0.01478	0.2919	0.03324	0.06089	0.03324	0.000217	249.14	0.000353	412.81	0.376	0.022	0		7465	7399.84	2.0149	2.0062	1133.99	2.0341	7403.65	2.0168	2.0083	1134.88	2.0387	0.9949	1	0.07907	0.03542	0.43853	1	1.00041	0.9993	0	0
240004	Hennepin County Medical Center 1	33460	33460	33460	33460	27053	6	lurban	lurban	N	1.1215				N		1	0.8267	1.2515	341	241	0.37309	0.42358	0.6578	0.10871	0.14248	0.10871	0.000775	1492.03	0.000941	1768.59	0.3	0.014	0		4093	4031.67	1.9429	1.9195	1025.17	1.6899	4034.90	1.9540	1.9312	1026.44	1.6998	1.0817	1	0.08546	0.0226	0.25015	1	0.99991	0.9987	0	0
240006	Olmsted Medical Center	40340	40340	40340	40340	27109	6	ourban	ourban	N	1.0635				N		1	0	0	61	14	0	0	0.383	0.03	0	0.03	0.000214	3838.61	0.000141	2742.63	0.576	0.037	0		445	436.00	1.3815	1.3811			436.66	1.3741	1.3737			1.0431	1	0.00586	0.00523	0.16792	1	1.02366	0.9984	0	0
240010	Mayo Clinic Hospital Rochester	40340	40340	40340	40340	27109	6	ourban	ourban	N	1.0635				N		1	0.4668	0.708	1092	748	0.22657	0.22116	0.1678	0.00914	0.03456	0.00914		0		0	0.411	0.025	16	9003.78	20812	20687.89	2.3602	2.3539	2825.58	2.2022	20694.93	2.3665	2.3600	2827.41	2.2129	1.0431	1	0.1944	0.11079	0.38356	1	1.01077	0.9991	0	0
240014	Northfield Hospital	33460	33460	33460	33460	27037	6	lurban	lurban	N	1.1215				N		1	0	0	37	12	0	0	0.1774	0.0107	0	0.0107	0.000034	405.16	0.00003	382.84	0.348	0.024	0		746	726.47	1.4315	1.4242			727.33	1.4249	1.4177			1.0817	1	0.00437	0.00305	0.32234	1.14515	1.00844	0.9905	0	0
240018	Mayo Clinic Health System - Red Wing	24	24	33460	33460	27049	6	rural	lurban	L	1.0933	LUGAR			N		1	0	0	50	13	0	0	0.2274	0.01994	0	0.01994	0.000098	1053.53	0.000078	888.96	0.637	0.026	0		822	797.95	1.5437	1.5340			799.02	1.5384	1.5291			1.063	1	0.00435	0.00025	0.36531	1.11947	1.02034	0.9997	0	0
240019	Essentia Health Duluth	20260	20260	20260	20260	27137	6	ourban	ourban	N	0.9926				N		1	0.0142	0.0297	103	53	0.00773	0.00842	0.5856	0.09382	0.1259	0.09382	0.000166	1660.41	0.000238	2382.37	0.649	0.04	0		874	865.05	1.6893	1.6842	37.37	1.7279	865.37	1.7055	1.7005	37.39	1.7250	0.9949	1	0.26288	0.17667	0.32738	1	1.00396	0.9999	0	0
240020	Cambridge Medical Center	33460	33460	33460	33460	27059	6	lurban	lurban	N	1.1215				N		1	0	0	59	20	0	0	0.2672	0.02815	0	0.02815	0.000066	622.3	0.000072	727.77	0.478	0.026	0		966	908.21	1.3915	1.3752			910.31	1.3902	1.3743			1.0817	1	0.02138	0.01247	0.38936	1.11152	1.01271	0.9950	0	0
240022	Sanford Worthington Medical Center	24	24	24	24	27105	6	rural	rural	N	0.9081				N		1	0	0	48	7	0	0	0.4986	0.03	0	0.03		0		0	0.516	0.035	16	6691.65	363	351.28	1.1975	1.1880			351.59	1.1909	1.1819			0.9361	1	0	0	0.28599	1.20712	1.01314	1.0000	0	0
240030	Alomere Health	24	24	24	24	27041	6	rural	rural	N	0.9081				N		1	0	0	99	30	0	0	0.1722	0.00986	0	0.00986		0		0	0.355	0.023	17	6777.71	1698	1674.65	1.8392	1.8391			1675.86	1.8256	1.8254			0.9361	1	0.00501	0.00295	0.48313	1	1.00873	0.9995	0	0
240036	St Cloud Hospital	41060	41060	33460	24	27145	6	ourban	rural	S	1.0933		YES	YES	N		1	0.0265	0.0399	467	304	0.01438	0.01132	0.3107	0.03	0	0.03		0		0	0.316	0.023	16	8136.72	11755	11573.73	2.0654	2.0547	1424.16	1.9962	11584.25	2.0653	2.0545	1425.88	1.9971	1.063	1	0.04033	0.03301	0.41878	1	1.00811	0.9991	0	0
240038	United Hospital	33460	33460	33460	33460	27123	6	lurban	lurban	N	1.1215				N		1	0.0492	0.069	317	240	0.02652	0.01966	0.2947	0.03382	0.06149	0.03382	0.000171	179.23	0.000332	362.36	0.291	0.018	0		8338	8219.01	1.9205	1.9103	1662.23	1.9493	8226.21	1.9212	1.9113	1663.82	1.9512	1.0817	1	0.04539	0.02476	0.35167	1	1.00482	0.9974	0	0
240040	University Medical Center-Mesabi/ Mesaba Clinics	20260	20260	20260	20260	27137	6	ourban	ourban	N	0.9926				N		1	0	0	79	35	0	0	0.5351	0.03	0	0.03	0.000048	439.73	0.000076	699.62	0.363	0.018	0		938	914.73	1.3492	1.3344			915.65	1.3521	1.3379			0.9949	1	0.08488	0.03822	0.36508	1.10561	1.00688	0.9975	0	0
240043	Mayo Clinic Health System - Albert Lea And Austin	24	24	24	24	27047	6	rural	rural	N	0.9081				N		1	0	0	142	30	0	0	0.2578	0.02621	0	0.02621		0		0	0.747	0.039	16	7864.52	1811	1764.92	1.4026	1.3906			1766.74	1.4025	1.3910			0.9361	1	0.05223	0.01927	0.45603	1	1.00996	0.9969	0	0
240044	Winona Health Services	24	24	24	24	27169	6	rural	rural	N	0.9081				N		1	0	0	53	17	0	0	0.2334	0.02118	0	0.02118		0		0	0.566	0.044	16	7698.01	837	825.05	1.2922	1.2849			825.46	1.2977	1.2907			0.9361	1	0.01916	0.01829	0.40264	1.13599	1.01062	0.9982	0	0
240047	St Lukes Hospital	20260	20260	33460	24	27137	6	ourban	rural	S	1.0933		YES	YES	N		1	0.0335	0.0426	238	137	0.01814	0.01209	0.295	0.03388	0	0.03388	0.000082	138.8	0.000166	305.7	0.298	0.015	7		5437	5397.02	1.8069	1.7995	685.26	1.8241	5400.01	1.7995	1.7926	685.69	1.8278	1.063	1	0.04151	0.01457	0.45447	1	1.00012	0.9965	0	0
240050	Fairview Lakes Medical Center	33460	33460	33460	33460	27163	6	lurban	lurban	N	1.1215				N		1	0	0	54	22	0	0	0.1844	0.01184	0	0.01184	0.000054	391.82	0.000056	432.59	0.393	0.023	0		1231	1199.64	1.5278	1.5195			1201.06	1.5265	1.5186			1.0817	1	0.02076	0.01017	0.35646	1.07167	1.01394	1.0000	0	1
240052	Lake Region Healthcare Corporation	24	24	24	24	27111	6	rural	rural	N	0.9081				N		1	0	0	80	19	0	0	0.2002	0.01441	0	0.01441		0		0	0.392	0.02	16	5763.26	1109	1083.91	1.4794	1.4662			1085.38	1.4751	1.4622			0.9361	1	0.01655	0.0061	0.51655	1.12394	1.01024	0.9954	0	0
240053	Park Nicollet Methodist Hospital	33460	33460	33460	33460	27053	6	lurban	lurban	N	1.1215				N		1	0.0842	0.1665	399	212	0.04493	0.04811	0.1811	0.0113	0.03735	0.0113	0.000226	207.38	0.000272	257.95	0.466	0.029	0		9240	9104.64	1.7095	1.7037	1674.19	1.6428	9113.21	1.7107	1.7053	1675.66	1.6451	1.0817	1	0.03384	0.01902	0.4034	1	1.00662	0.9998	0	0
240056	Ridgeview Medical Center	33460	33460	33460	33460	27019	6	lurban	lurban	N	1.1215				N		1	0	0	112	53	0	0	0.136	0	0.02792	0		0		0	0.446	0.032	0		2621	2568.82	1.5344	1.5273			2571.32	1.5321	1.5252			1.0817	1	0.01317	0.01019	0.32282	1	1.00972	0.9970	0	0
240057	Abbott Northwestern Hospital	33460	33460	33460	33460	27053	6	lurban	lurban	N	1.1215				N		1	0.0667	0.0913	577	424	0.03577	0.0261	0.2924	0.03335	0.061	0.03335	0.000187	123.45	0.000474	316.21	0.266	0.015	0		12705	12558.19	2.3207	2.3147	2114.89	2.1108	12566.00	2.3256	2.3197	2116.48	2.1134	1.0817	1	0.061	0.02484	0.36194	1	1.00403	0.9977	0	0
240059	Regina Hospital	33460	33460	33460	33460	27037	6	lurban	lurban	N	1.1215				N		1	0	0	20	8	0	0	0.1715	0.00974	0	0.00974	0.000033	531.59	0.000032	487.84	0.524	0.046	0		489	467.93	1.5176	1.5099			468.61	1.5152	1.5071			1.0817	1	0.00498	0.00673	0.3913	1.18568	1.02096	0.9981	0	0
240063	St Joseph's Hospital	33460	33460	33460	33460	27123	6	lurban	lurban	N	1.1215				N		1	0.063	0.0882	218	153	0.03382	0.0252	0.4048	0.05653	0.08543	0.05653	0.000121	237.14	0.000289	573.55	0.34	0.014	0		4309	4214.83	2.0077	1.9832	1195.61	1.9563	4220.34	2.0117	1.9873	1196.91	1.9660	1.0817	1	0.06714	0.00729	0.38074	1	1.00354	0.9982	0	0
240064	Grand Itasca Clinic And Hospital	24	24	24	24	27061	6	rural	rural	N	0.9217				Y	0.0136	1	0	0	36	13	0	0	0.2545	0.02553	0	0.02553		0		0	0.469	0.019	16	6167.14	734	719.16	1.1920	1.1738			719.56	1.1903	1.1719			0.9457	1	0.00551	0.00051	0.42141	1.17008	1.00802	0.9999	0	0
240066	Lakeview Memorial Hospital	33460	33460	33460	33460	27163	6	lurban	lurban	N	1.1215				N		1	0	0	68	30	0	0	0.0307	0	0	0		0		0	0.404	0.004	0		1835	1803.15	1.6128	1.6111			1804.37	1.6079	1.6060			1.0817	1	0.00161	0	0.43395	1	1.02072	0.9990	0	0
240069	Owatonna Hospital	24	24	33460	24	27147	6	rural	rural	W	1.0933				N		1	0	0	30	16	0	0	0.2755	0.02986	0	0.02986	0.000032	340.85	0.000041	445.11	0.421	0.034	0		776	754.09	1.3975	1.3929			755.02	1.3944	1.3897			1.063	1	0.00095	0.00109	0.3676	1.11977	1.01679	0.9975	0	0
240071	District One Hospital	24	24	33460	33460	27131	6	rural	lurban	L	1.0933	LUGAR			N		1	0	0	26	10	0	0	0.3192	0.03	0	0.03	0.000052	781	0.000071	1014.31	0.473	0.03	0		561	542.39	1.3035	1.2921			543.05	1.3023	1.2912			1.063	1	0.00043	0	0.36445	1.17046	1.01489	0.9956	0	0
240075	Essentia Health St Joseph's Medical Center	24	24	33460	24	27035	6	rural	rural	W	1.0933				N		1	0	0	112	44	0	0	0.2325	0.02099	0	0.02099		0		0	0.405	0.033	17	6954.7	2391	2356.33	1.5584	1.5552			2358.13	1.5569	1.5538			1.063	1	0.01793	0.01911	0.47562	1	1.01961	0.9980	0	0
240076	Buffalo Hospital	33460	33460	33460	33460	27171	6	lurban	lurban	N	1.1215				N		1	0	0	44	15	0	0	0.1972	0.01392	0	0.01392	0.000049	543.99	0.00005	562.33	0.426	0.033	0		743	717.24	1.4772	1.4670			718.37	1.4762	1.4660			1.0817	1	0	0	0.33475	1.11038	1.01963	1.0000	0	0
240078	Fairview Southdale Hospital	33460	33460	33460	33460	27053	6	lurban	lurban	N	1.1215				N		1	0	0	317	179	0	0	0.1335	0	0.0274	0		0		0	0.319	0.017	0		6839	6721.50	1.9831	1.9672			6727.67	1.9866	1.9707			1.0817	1	0.0513	0.01841	0.38416	1	0.99991	0.9979	0	0
240080	"University Of Minnesota  Medical Center, Fairview"	33460	33460	33460	33460	27053	6	lurban	lurban	N	1.1215				N		1	0.5185	0.6816	617	460	0.24885	0.21209	0.4109	0.05779	0.08677	0.05779	0.000301	347.16	0.000709	866.49	0.281	0.014	0		7547	7448.88	2.3676	2.3588	1210.26	2.1255	7454.31	2.3907	2.3827	1211.47	2.1357	1.0817	1	0.19518	0.06865	0.25835	1	0.99688	0.9992	0	0
240084	Essentia Health Virginia	20260	20260	20260	20260	27137	6	ourban	ourban	N	0.9926				N		1	0	0	48	12	0	0	0.28	0.03	0	0.03	0.000039	523.65	0.000046	625.18	0.527	0.018	0		644	626.95	1.3940	1.3829			627.39	1.3896	1.3783			0.9949	1	0.01823	0.00215	0.43062	1.18311	1.00375	0.9925	0	0
240088	Carris Health Llc	24	24	41060	24	27067	6	rural	rural	W	0.9937				N		1	0	0	81	34	0	0	0.3282	0.04073	0	0.04073		0		0	0.418	0.054	17	7786.83	1367	1328.96	1.4061	1.3819			1330.36	1.4075	1.3842			0.9957	1	0.01296	0.03047	0.36046	1.02599	1.00337	0.9991	0	0
240093	Mayo Clinic Health System - Mankato	31860	31860	33460	31860	27013	6	ourban	ourban	W	1.0933				N		1	0.0388	0.1008	159	98	0.02097	0.02885	0.2722	0.02918	0.05667	0.02918		0	0.000243	521.81	0.445	0.018	17	6863.59	4319	4253.60	1.6161	1.6069	650.62	1.6346	4256.82	1.6116	1.6033	651.24	1.6341	1.063	1	0.06094	0.01213	0.41548	1	1.00093	0.9985	0	0
240100	Sanford Bemidji Medical Center	24	24	24	24	27007	6	rural	rural	N	0.9081				N		1	0	0	89	44	0	0	0.3909	0.05366	0	0.05366	0.000128	444.99	0.000204	768.66	0.353	0.014	17	6010.98	2529	2487.52	1.7673	1.7576			2489.19	1.7515	1.7419			0.9361	1	0.04111	0.00565	0.45382	1	1.00859	1.0000	0	0
240101	Essentia Health St Marys - Detroit Lakes	24	24	24	24	27005	6	rural	rural	N	0.9081				N		1	0	0	36	16	0	0	0.3225	0.03	0	0.03		0		0	0.455	0.036	16	8115.72	915	883.27	1.3977	1.3944			884.20	1.3960	1.3926			0.9361	1	0.00028	0.00031	0.39071	1.1275	1.01299	0.9991	0	0
240104	St Francis Regional Medical Center	33460	33460	33460	33460	27139	6	lurban	lurban	N	1.1215				N		1	0	0	79	41	0	0	0.2195	0.01831	0	0.01831	0.000083	368.94	0.000089	425.59	0.472	0.032	0		2017	1976.33	1.5083	1.5058			1978.01	1.5026	1.5001			1.0817	1	0.00635	0.00428	0.30838	1	1.01226	0.9983	0	0
240106	Regions Hospital	33460	33460	33460	33460	27123	6	lurban	lurban	N	1.1215				N		1	0.3303	0.4139	403	341	0.16542	0.1239	0.4079	0.05717	0.08611	0.05717	0.000419	368.61	0.000687	631.55	0.301	0.003	0		9675	9521.98	1.9022	1.8901	1073.34	1.8203	9530.75	1.9118	1.9004	1074.38	1.8310	1.0817	1	0.05528	0.00036	0.37761	1	0.99929	1.0000	0	0
240115	Mercy Hospital	33460	33460	33460	33460	27003	6	lurban	lurban	N	1.1215				N		1	0.0089	0.0143	258	201	0.00485	0.00404	0.2623	0.02714	0.05455	0.02714	0.000244	189.02	0.000423	453.76	0.288	0.019	0		11354	11166.66	1.7448	1.7346	3034.89	1.7513	11175.60	1.7483	1.7380	3037.68	1.7483	1.0817	1	0.04197	0.02657	0.36367	1	1.00816	0.9974	0	0
240141	Fairview Northland Regional Hospital	33460	33460	33460	33460	27141	6	lurban	lurban	N	1.1215				N		1	0	0	34	14	0	0	0.3002	0.03	0	0.03	0.000039	597.75	0.00004	615.8	0.419	0.022	0		510	494.56	1.6172	1.6137			495.50	1.6150	1.6118			1.0817	1	0.00696	0.00182	0.29698	1.15583	1.00868	0.9971	0	0
240166	Mayo Clinic Health System - Fairmont	24	24	31860	24	27091	6	rural	rural	W	1.0449				N		1	0	0	59	13	0	0	0.1577	0.0075	0	0.0075		0		0	0.622	0.034	16	7539.5	578	558.65	1.3210	1.3008			558.83	1.3217	1.3021			1.0305	1	0.023	0.01226	0.49276	1.18311	1.01096	0.9932	0	0
240187	Hutchinson Health	24	24	24	24	27085	6	rural	rural	N	1.0232				Y	0.0281	1	0	0	47	17	0	0	0.4109	0.03	0	0.03		0		0	0.464	0.032	16	7292.81	646	621.86	1.4250	1.4079			623.15	1.4266	1.4098			1.0158	1	0.02794	0.02099	0.35263	1.15735	1.00475	0.9997	0	0
240196	Phillips Eye Institute	33460	33460	33460	33460	27053	6	lurban	lurban	N	1.1215				N		1	0	0	8	0	0	0	0.2222	0.01887	0	0.01887	0.00001	27443.09		0	0.345	0.023	0		3	2.63	1.3739	1.4694			2.59	1.5186	1.6371			1.0817	1	0	0	1.5	1	1	1.0000	0	0
240206	Red Lake Hospital A	24	99	99	99	27007	6	rural	rural	N	1.4448				N		1	0	0	23	4	0	0	1.0221	0.03	0	0.03	0.00001	4562.97	0.000009	2587.32	0.459	0.02	8		9	8.83	0.9557	0.9612			8.87	0.9411	0.9453			1.2866	1			0.1259	1.25	1	1.0000	1	0
240207	Fairview Ridges Hospital	33460	33460	33460	33460	27037	6	lurban	lurban	N	1.1215				N		1	0	0	173	113	0	0	0.2286	0.02019	0.04738	0.02019	0.000121	277.78	0.000168	405.21	0.33	0.015	0		3766	3711.96	1.6634	1.6566			3714.54	1.6593	1.6525			1.0817	1	0.03555	0.00864	0.32123	1	1.00539	0.9991	0	0
240210	Healtheast St John's Hospital	33460	33460	33460	33460	27123	6	lurban	lurban	N	1.1215				N		1	0.0477	0.0782	184	105	0.02572	0.02231	0.3301	0.04112	0.06913	0.04112	0.000197	459.34	0.00022	506.44	0.285	0.008	0		3583	3511.62	1.4671	1.4564	1244.85	1.4381	3515.22	1.4668	1.4573	1246.42	1.4422	1.0817	1	0.0122	0.00051	0.30624	1	1.00607	0.9988	0	0
240213	Healtheast Woodwinds Hospital	33460	33460	33460	33460	27163	6	lurban	lurban	N	1.1215				N		1	0.0012	0.0025	86	56	0.00066	0.00071	0.2101	0.01637	0	0.01637	0.000155	514.69	0.000131	455.03	0.295	0.007	0		2619	2569.12	1.7527	1.7452	730.62	1.6386	2572.05	1.7464	1.7389	731.09	1.6281	1.0817	1	0.00304	0	0.29389	1	1.01717	0.9999	0	0
240214	Maple Grove Hospital	33460	33460	33460	33460	27053	6	lurban	lurban	N	1.1215				N		1	0	0	134	91	0	0	0.2795	0.03068	0.05823	0.03068	0.000114	599.26	0.000134	750.31	0.317	0.036	0		1682	1641.01	1.6561	1.6500			1642.38	1.6505	1.6438			1.0817	1	0.00278	0.00602	0.10897	1	1.0201	0.9993	0	0
250001	University Of Mississippi Med Center	27140	27140	27140	27140	28049	5	ourban	ourban	N	0.8231				N		1	0.4863	0.6505	700	522	0.23503	0.2015	0.5649	0.08955	0.12119	0.08955	0.002606	3049.48	0.002701	3174.55	0.241	0.012	0		6924	6838.68	2.1607	2.1415	1281.66	1.9420	6844.09	2.1745	2.1553	1282.02	1.9547	0.8752	1	0.08121	0.03609	0.21354	1	0.99157	0.9997	0	0
250002	Tishomingo Health Services Inc	25	25	25	25	28141	5	rural	rural	N	0.7929				N		1	0	0	48	5	0	0	0.1127	0	0	0		0		0	0.52	0.034	14	5293.06	491	468.50	1.1212	1.1128			469.62	1.1165	1.1077			0.8531	1	0.00447	0.00304	0.79357	1.23924	1.01015	0.9965	0	0
250004	North Mississippi Medical Center	25	25	32820	25	28081	5	rural	rural	W	0.8446				N		1	0.0462	0.0767	524	311	0.02492	0.02188	0.2897	0.03279	0	0.03279	0.001516	1023.77	0.000996	680.94	0.225	0.017	17	1812.61	12038	11817.85	1.8513	1.8377	873.27	1.7550	11832.52	1.8551	1.8420	874.27	1.7548	0.8908	1	0.02075	0.02012	0.52473	1	0.9979	0.9979	0	0
250006	Baptist Memorial Hospital Union County	25	25	25	25	28145	5	rural	rural	N	0.7929				N		1	0	0	92	25	0	0	0.4658	0.03	0	0.03	0.000141	1171.58	0.000141	1115.39	0.291	0.022	0		971	947.91	1.3012	1.2853			950.02	1.2993	1.2848			0.8531	1	0.00242	0.00274	0.35266	1.05197	1.00759	0.9994	0	0
250007	Merit Health Biloxi	25060	25060	25060	25060	28047	5	ourban	ourban	N	0.8055				N		1	0	0	166	81	0	0	0.3954	0.05459	0.08336	0.05459	0.000358	1658.31	0.000325	1396.6	0.113	0.013	0		1692	1668.27	1.6467	1.6381			1669.35	1.6495	1.6409			0.8623	1	0.0336	0.08611	0.31753	1	0.9982	0.9920	0	0
250009	Magnolia Regional Health Center	25	25	32820	25	28003	5	rural	rural	W	0.8446				N		1	0.1445	0.2998	161	85	0.07585	0.08829	0.2459	0.02375	0	0.02375	0.00032	548.38	0.00026	466.41	0.211	0.021	7		4995	4873.76	1.5385	1.5274	128.70	1.6748	4879.99	1.5361	1.5250	129.02	1.6721	0.8908	1	0.01908	0.03187	0.63901	1	1.00292	0.9794	0	0
250012	Alliance Healthcare System	32820	32820	32820	32820	28093	5	lurban	lurban	N	0.867				N		1	0	0	27	4	0	0	0.2643	0.02755	0	0.02755	0.000004	157.85	0.000014	466.33	0.464	0.037	16	4408.62	232	230.72	0.8447	0.8434			230.82	0.8432	0.8420			0.9069	1	0	0	0.68505	1.25	1	0.9952	0	1
250017	Trace Regional Hosp And Swing Bed	25	25	25	25	28017	5	rural	rural	N	0.7929				N		1	0	0	39	1	0	0	0.0861	0	0	0		0	0.00001	711.97	0.6	0.02	14	3986.04	105	102.82	1.0585	1.0511			102.85	1.0516	1.0441			0.8531	1	0	0	0.73827	1.25	1	1.0000	1	1
250018	Jasper General Hospital	25	25	25	25	28061	5	rural	rural	N	0.7929				N		1	0	0	20	0	0	0	0.0323	0	0	0		0		0	0.277	0.021	14	14084.17	14	14.00	0.9360	0.9360			14.00	0.9403	0.9403			0.8531	1	0	0	0.48649	1.25	1	1.0000	1	0
250019	Memorial Hospital At Gulfport	25060	25060	25060	25060	28047	5	ourban	ourban	N	0.8055				N		1	0	0	421	223	0	0	0.2836	0.03153	0.05911	0.03153	0.00094	1267.16	0.000883	1215.82	0.114	0.01	0		6320	6212.40	1.7149	1.6963			6223.37	1.7038	1.6862			0.8623	1	0.12996	0.18367	0.38071	1	1.00027	0.9932	0	0
250020	Webster General Hospital/ Swing Bed	25	25	46220	25	28155	5	rural	rural	W	0.8048				N		1	0	0	38	10	0	0	0.2284	0.02015	0	0.02015	0.000014	166.46	0.000037	444.71	0.276	0.021	16	4237.4	711	698.50	1.0510	1.0480			699.24	1.0436	1.0406			0.8618	1	0	0	0.72674	1.21235	0.99744	0.9700	0	0
250025	North Mississippi Medical Center-Gilmore Amory	25	25	25	25	28095	5	rural	rural	N	0.7929				N		1	0	0	95	26	0	0	0.3111	0.03	0	0.03	0.000077	704.4	0.000093	813.53	0.157	0.009	0		872	858.63	1.3078	1.2988			859.22	1.3087	1.2998			0.8531	1	0.01026	0.00619	0.37272	1.0925	0.99728	0.9953	0	0
250027	Winston Medical Center & Swingbed	25	25	25	25	28159	5	rural	rural	N	0.7929				N		1	0	0	10	3	0	0	0.1642	0.00856	0	0.00856		0		0	0.532	0.07	16	6391.29	252	245.37	0.9345	0.9318			245.69	0.9310	0.9283			0.8531	1	0	0	0.71481	1.25	1	0.9956	1	0
250031	Merit Health River Region	25	25	27140	25	28149	5	rural	rural	W	0.811				N		1	0	0	261	99	0	0	0.4545	0.06678	0	0.06678	0.000233	778.44	0.000302	977.01	0.11	0.012	17	5788.14	2483	2436.09	1.6044	1.5853			2437.96	1.6095	1.5907			0.8664	1	0.03606	0.07485	0.37138	1	0.99311	0.9855	0	0
250034	Baptist Memorial Hospital North Ms	25	25	32820	25	28071	5	rural	rural	W	0.8446				N		1	0	0	204	83	0	0	0.2712	0.02897	0	0.02897	0.000254	534.68	0.000253	556.02	0.211	0.054	7		4131	4040.69	1.7362	1.7249			4045.52	1.7335	1.7224			0.8908	1	0.01322	0.10883	0.53538	1	0.98863	0.9921	0	0
250036	George Regional Health System	25	25	25	25	28039	5	rural	rural	N	0.7929				N		1	0	0	41	9	0	0	0.4582	0.03	0	0.03	0.000114	2499.87	0.000079	1573.18	0.422	0.029	16	4175.64	371	352.91	1.2116	1.2011			353.95	1.2051	1.1946			0.8531	1	0	0	0.37177	1.19258	1.01171	0.9898	0	0
250038	Merit Health Madison	27140	27140	27140	27140	28089	5	ourban	ourban	N	0.8231				N		1	0	0	67	12	0	0	0.7137	0.03	0	0.03	0.000109	2396.44	0.000109	2375.44	0.21	0.032	0		376	361.38	1.3773	1.3666			362.11	1.3736	1.3624			0.8752	1	0.01749	0.09022	0.28812	1.18333	0.99394	0.9973	0	0
250040	Singing River Health System	25060	25060	25060	25060	28059	5	ourban	ourban	N	0.8055				N		1	0	0	350	171	0	0	0.276	0.02996	0.05748	0.02996	0.00087	1235.86	0.000789	1126.13	0.191	0.013	0		5866	5767.05	1.7087	1.6976			5773.53	1.7054	1.6949			0.8623	1	0.06044	0.05169	0.4054	1	0.99972	0.9846	0	0
250042	Northwest Mississippi Medical Center	25	25	32820	25	28027	5	rural	rural	W	0.8446				N		1	0	0	181	34	0	0	0.5687	0.09033	0	0.09033	0.000133	990.95	0.000172	1107.92	0.127	0.01	17	4615.77	1003	982.82	1.4943	1.4673			983.42	1.4894	1.4621			0.8908	1	0.01782	0.02308	0.40003	1.05364	1.00162	0.9921	0	0
250043	Neshoba County General Hospital	25	25	25	25	28099	5	rural	rural	N	0.7929				N		1	0	0	38	11	0	0	0.3506	0.03	0	0.03	0.000126	1848.68	0.00009	1198.07	0.397	0.043	16	4168.75	514	506.37	0.9417	0.9374			506.89	0.9368	0.9324			0.8531	1	0	0	0.5	1.18773	1.00977	0.9980	0	0
250044	Baptist Memorial Hospital Booneville	25	25	25	25	28117	5	rural	rural	N	0.7929				N		1	0	0	39	8	0	0	0.1509	0.0064	0	0.0064	0.000058	959.62	0.000045	667.99	0.352	0.018	14	6114.42	457	440.71	1.3248	1.3101			441.63	1.3145	1.3003			0.8531	1	0.00049	0	0.78661	1.22735	1	1.0000	0	0
250048	St Dominic-Jackson Memorial Hospital	27140	27140	27140	27140	28049	5	ourban	ourban	N	0.8231				N		1	0	0	518	331	0	0	0.2756	0.02988	0.0574	0.02988	0.000934	773.98	0.00086	710.4	0.34	0.022	0		10233	10107.27	1.7588	1.7481			10120.90	1.7654	1.7550			0.8752	1	0.02585	0.01598	0.45159	1	1.00069	0.9932	0	0
250049	Beacham Memorial Hospital	25	25	25	25	28113	5	rural	rural	N	0.7929				N		1	0	0	37	12	0	0	0.4576	0.06742	0	0.06742	0.000011	313.68	0.000013	315.69	0.827	0.015	14	4514.99	212	209.31	0.9673	0.9632			209.41	0.9643	0.9600			0.8531	1	0	0	0.64396	1	1.00655	0.9991	0	0
250050	Och Regional Medical Center	25	25	25	25	28105	5	rural	rural	N	0.7929				N		1	0	0	88	21	0	0	0.4402	0.03	0	0.03	0.000154	1761.9	0.00013	1321.18	0.393	0.045	0		666	643.13	1.6286	1.6041			644.89	1.6173	1.5963			0.8531	1	0.02497	0.06089	0.33078	1.1072	0.99441	0.9940	0	0
250057	King's Daughters Medical Center-Brookhaven	25	25	27140	25	28085	5	rural	rural	W	0.811				N		1	0	0	99	22	0	0	0.3708	0.03	0	0.03	0.000183	1567.61		0	0.364	0.025	16	5914.82	979	940.35	1.5570	1.5482			942.59	1.5559	1.5476			0.8664	1	0.00704	0.00596	0.37029	1.10341	1.0061	0.9952	0	0
250058	South Central Reg Med Ctr	25	25	25	25	28067	5	rural	rural	N	0.7929				N		1	0	0	268	88	0	0	0.2978	0.03446	0	0.03446		0		0	0.355	0.031	17	5934.73	3294	3255.12	1.3275	1.3223			3257.09	1.3301	1.3248			0.8531	1	0.01883	0.02487	0.46305	1	1.01029	0.9790	0	0
250060	Jefferson County Hospital	25	25	27140	25	28063	5	rural	rural	W	0.811				N		1	0	0	12	2	0	0	0.4226	0.03	0	0.03	0.000001	146.35	0.000007	805.81	0.277	0.021	0		66	65.68	0.8117	0.8117			65.71	0.8103	0.8104			0.8664	1	0	0	0.59904	1.25	1	1.0000	1	0
250061	Yalobusha General Hospital	25	25	32820	25	28161	5	rural	rural	W	0.8446				N		1	0	0	26	5	0	0	0.2318	0.02085	0	0.02085	0.000023	469.62	0.000012	290.56	0.629	0.062	14	4315.19	459	454.83	0.8994	0.8964			455.06	0.9030	0.9002			0.8908	1	0	0	0.74061	1.24962	1	0.9959	1	0
250067	North Mississippi Medical Center-West Point	25	25	46220	25	28025	5	rural	rural	W	0.8048				N		1	0	0	60	10	0	0	0.5736	0.03	0	0.03	0.000106	2085.58	0.000093	1757.91	0.351	0.022	0		499	482.70	1.2340	1.2226			483.68	1.2344	1.2232			0.8618	1	0	0	0.33652	1.19856	1	0.9994	1	0
250069	Rush Foundation Hospital	25	25	46220	25	28075	5	rural	rural	W	0.8048				N		1	0	0	182	57	0	0	0.4047	0.05651	0	0.05651	0.000607	2297.51	0.000427	1535.98	0.306	0.032	7		2321	2276.59	1.4887	1.4746			2279.08	1.4880	1.4742			0.8618	1	0.00704	0.0143	0.36283	1	0.99202	0.9935	0	0
250072	Merit Health Central	27140	27140	27140	27140	28049	5	ourban	ourban	N	0.8231				N		1	0	0	272	79	0	0	0.5258	0.08148	0.11235	0.08148	0.000486	2446.08	0.000557	2668.81	0.101	0.01	0		1688	1662.62	2.1605	2.1257			1663.18	2.1558	2.1232			0.8752	1	0.04844	0.09318	0.31481	1	0.99169	0.9938	0	0
250077	Wayne General Hospital	25	25	25	25	28153	5	rural	rural	N	0.7929				N		1	0	0	70	19	0	0	0.3978	0.03	0	0.03	0.000103	1301.98	0.000094	1137.27	0.459	0.019	16	4360.91	646	636.71	1.0518	1.0467			636.72	1.0488	1.0432			0.8531	1	0.00459	0	0.3903	1.17985	0.99835	0.9986	0	0
250078	Forrest General Hospital	25620	25620	27140	25620	28035	5	ourban	ourban	W	0.811				N		1	0.0394	0.0277	426	301	0.02129	0.00785	0.3467	0.04454	0.07273	0.04454	0.001309	1039.57	0.001057	846.64	0.253	0.016	7		10314	10050.27	1.9004	1.8835	1315.33	1.8526	10062.17	1.9014	1.8840	1317.28	1.8579	0.8664	1	0.01475	0.00853	0.39474	1	0.99301	0.9835	0	0
250079	Sharkey Issaquena Community Hospital	25	25	25	25	28125	5	rural	rural	N	0.7929				N		1	0	0	19	3	0	0	0.3275	0.04058	0	0.04058	0	21.7	0.00001	445.71	0.277	0.056	14	5749.65	145	143.75	0.8268	0.8251			143.86	0.8302	0.8285			0.8531	1	0	0	0.62967	1.25	1	0.9990	1	1
250082	Delta Regional Medical Center	25	25	27140	25	28151	5	rural	rural	W	0.811				N		1	0	0	177	83	0	0	0.4873	0.07354	0	0.07354	0.000241	774.4	0.000303	927.89	0.334	0.027	17	2520.21	2520	2493.81	1.5219	1.5092			2494.93	1.5214	1.5087			0.8664	1	0.02545	0.03046	0.44045	1	1.0006	1.0000	0	0
250084	Merit Health Natchez	25	25	25	25	28001	5	rural	rural	N	0.7929				N		1	0	0	147	36	0	0	0.4661	0.03	0	0.03		0		0	0.12	0.006	16	7154.14	1618	1580.84	1.3638	1.3473			1582.43	1.3640	1.3473			0.8531	1	0.03732	0.01599	0.5379	1	1.00309	0.9994	0	0
250085	Marion General Hospital	25	25	25	25	28091	5	rural	rural	N	0.7929				N		1	0	0	49	11	0	0	0.1812	0.01132	0	0.01132		0		0	0.53	0.047	14	5378.13	364	355.18	1.1341	1.1298			355.64	1.1299	1.1255			0.8531	1	0.01889	0.0242	0.6289	1	1.00313	0.9990	0	0
250093	Bolivar Medical Center	25	25	32820	25	28011	5	rural	rural	W	0.8446				N		1	0	0	152	25	0	0	0.4569	0.03	0	0.03	0.000098	601.53	0.000123	756.57	0.143	0.009	16	4310.62	1365	1329.96	1.3311	1.3095			1331.77	1.3251	1.3036			0.8908	1	0.01002	0.00737	0.51291	1.06583	1.00986	0.9820	0	0
250094	Merit Health Wesley	25620	25620	27140	25620	28035	5	ourban	ourban	W	0.811				N		1	0.3063	0	134	64	0.15429	0	0.3927	0.05403	0.08277	0.05403	0.000169	593.55	0.000182	615.25	0.099	0.006	7		2221	2183.67	1.7530	1.7511	294.88	1.6936	2186.59	1.7521	1.7498	295.30	1.6910	0.8664	1	0.0353	0.02497	0.40882	1	1.00309	0.9944	0	0
250095	South Sunflower County Hospital	25	25	25	25	28133	5	rural	rural	N	0.7929				N		1	0	0	48	8	0	0	0.5989	0.03	0	0.03	0.000066	1435.84	0.000063	1322.31	0.733	0.043	16	5086.2	381	376.01	1.0459	1.0385			376.08	1.0426	1.0354			0.8531	1	0.02538	0.01791	0.48234	1.21546	0.99801	1.0000	0	0
250096	Merit Health Rankin	27140	27140	27140	27140	28121	5	ourban	ourban	N	0.8231				N		1	0	0	114	23	0	0	0.169	0.00934	0.03481	0.00934	0.000081	773.4	0.000084	726.61	0.137	0.016	0		741	727.73	1.7049	1.6866			728.16	1.7022	1.6837			0.8752	1	0.02376	0.05287	0.60565	1	0.99024	0.9947	0	0
250097	Southwest Ms Regional Medical Center	25	25	27140	25	28113	5	rural	rural	W	0.811				N		1	0	0	160	54	0	0	0.4158	0.0588	0	0.0588	0.000313	1198.57	0.000275	950.76	0.352	0.024	7		1917	1844.13	1.6249	1.6075			1847.89	1.6193	1.6021			0.8664	1	0.01373	0.01153	0.45446	1	1.00339	0.9940	0	0
250099	Greenwood Leflore Hospital	25	25	27140	25	28083	5	rural	rural	W	0.811				N		1	0	0	173	58	0	0	0.5125	0.07874	0	0.07874	0.000279	951.21	0.000277	879.43	0.309	0.023	7		2279	2243.19	1.5496	1.5340			2245.09	1.5527	1.5371			0.8664	1	0.01755	0.01768	0.47927	1	0.99287	0.9929	0	0
250100	Baptist Memorial Hospital Golden Triangle Inc	25	25	46220	25	28087	5	rural	rural	W	0.8048				N		1	0	0	262	60	0	0	0.3101	0.037	0	0.037	0.000362	923.54	0.000315	811.83	0.253	0.016	7		3134	3060.36	1.9680	1.9558			3064.27	1.9531	1.9404			0.8618	1	0.01309	0.00763	0.46759	1	0.99707	0.9927	0	0
250102	Mississippi Baptist Medical Center	27140	27140	27140	27140	28049	5	ourban	ourban	N	0.8231				N		1	0.0001	0.0001	430	258	0.00005	0.00003	0.2472	0.02402	0.05133	0.02402	0.00039	344.56	0.000332	289.96	0.244	0.02	0		9080	8935.82	1.7913	1.7799	923.37	2.5382	8948.98	1.7882	1.7775	925.01	2.5299	0.8752	1	0.03671	0.03889	0.47359	1	1.00228	0.9956	0	0
250104	Anderson Regional Medical Ctr	25	25	46220	25	28075	5	rural	rural	W	0.8048				N		1	0	0	256	113	0	0	0.281	0.03099	0	0.03099	0.000238	405.31	0.000297	493.93	0.26	0.023	7		4859	4774.83	1.7119	1.6858			4777.89	1.7124	1.6860			0.8618	1	0.01468	0.02046	0.51366	1	0.99875	0.9914	0	0
250117	Highland Community  Hospital	25	25	35380	35380	28109	5	rural	lurban	L	0.8296	LUGAR			N		1	0	0	50	13	0	0	0.3564	0.03	0	0.03		0		0	0.329	0.065	0		632	617.22	1.3611	1.3471			617.80	1.3616	1.3480			0.8799	1	0.00911	0.05789	0.3259	1	0.99593	0.9898	0	0
250123	Garden Park Medical Center	25060	25060	25060	25060	28047	5	ourban	ourban	N	0.8055				N		1	0	0	117	39	0	0	0.3235	0.03976	0.0677	0.03976	0.000084	646.15	0.000194	1381.22	0.133	0.013	0		911	892.66	1.6185	1.6071			895.04	1.6180	1.6073			0.8623	1	0.03103	0.05503	0.32165	1	1.00496	0.9915	0	0
250124	Magee General Hospital	27140	27140	27140	27140	28127	5	ourban	ourban	N	0.8231				N		1	0	0	64	8	0	0	0.1508	0.00638	0	0.00638	0.000051	1052.91	0.000052	908.69	0.453	0.056	0		332	323.95	1.0598	1.0570			324.16	1.0596	1.0567			0.8752	1	0.00623	0.01814	0.60553	1.22849	1.00143	1.0000	0	0
250126	North Oak Regional Medical Center	32820	32820	32820	32820	28137	5	lurban	lurban	N	0.867				N		1	0	0	29	6	0	0	0.2431	0.02318	0	0.02318	0.000038	1276.27	0.000034	884.5	0.415	0.012	0		156	154.95	0.8996	0.8957			154.99	0.8934	0.8895			0.9069	1	0	0	0.51864	1	1.00446	0.9980	0	1
250127	Choctaw Health Center	25	99	99	99	28099	5	rural	rural	N	1.4448				N		1	0	0	20	2	0	0	0.3023	0.03	0	0.03	0.000005	842.98	0.000004	819.55	0.27	0.02	8		40	39.51	0.8212	0.8198			39.56	0.8180	0.8166			1.2866	1			0.43675	1.25	1	1.0000	0	1
250128	Panola Medical Center	25	25	25	25	28107	5	rural	rural	N	0.7929				N		1	0	0	90	30	0	0	0.3957	0.03	0	0.03	0.000124	1605.15	0.000137	1614.7	0.277	0.031	0		547	533.85	1.0231	1.0123			534.35	1.0268	1.0159			0.8531	1	0.00077	0.00361	0.27184	1.07689	1.01001	0.9958	0	0
250134	Whitfield Medical Surgical Hospital	27140	27140	27140	27140	28121	5	ourban	ourban	N	0.8231				N		1	0	0	32	4	0	0	0.6045	0.03	0	0.03	0.000041	3802.22	0.000004	453.35	0.219	0.021	0		87	86.53	1.0082	1.0084			86.58	1.0017	1.0020			0.8752	1	0	0	0.36657	1	1	1.0000	0	1
250136	Merit Health Women's Hospital	27140	27140	27140	27140	28121	5	ourban	ourban	N	0.8231				N		1	0	0	33	11	0	0	0.3646	0.03	0	0.03	0.000009	3471.59	0.000036	16464.02	0.114	0.016	0		20	20.00	1.4186	1.4186			20.00	1.4318	1.4318			0.8752	1	0	0	0.00554	1	1	1.0000	0	0
250138	Merit Health River Oaks	27140	27140	27140	27140	28121	5	ourban	ourban	N	0.8231				N		1	0	0	158	48	0	0	0.4161	0.05886	0.08791	0.05886	0.000141	1077.85	0.000168	1328.34	0.113	0.015	0		1107	1086.93	1.8546	1.8528			1090.10	1.8422	1.8407			0.8752	1	0.02327	0.05696	0.19136	1	0.99709	0.9873	0	0
250141	Baptist Memorial Hospital Desoto	32820	32820	32820	32820	28033	5	lurban	lurban	N	0.867				N		1	0.007	0.0132	309	172	0.00382	0.00373	0.28	0.03079	0.05834	0.03079	0.000516	694.7	0.000541	761.22	0.205	0.016	0		6803	6723.01	1.6769	1.6655	2024.98	1.6263	6726.68	1.6770	1.6655	2025.72	1.6212	0.9069	1	0.02405	0.02224	0.44087	1	0.99398	0.9835	0	0
250151	Alliance Health Center	25	25	25	25	28075	5	rural	rural	N	0.7929				N		1	0	0	86	19	0	0	0.515	0.03	0	0.03	0.000008	153.54	0.00002	467.3	0.223	0.026	0		479	478.34	0.9852	0.9850			478.36	0.9989	0.9987			0.8531	1	0	0	0.40438	1	1	1.0000	1	1
250162	Ochsner Medical Center-Hancock	25060	25060	25060	25060	28045	5	ourban	ourban	N	0.8055				N		1	0	0	102	13	0	0	0.3129	0.03757	0.06541	0.03757	0.000121	2737.36	0.000109	1985.71	0.379	0.055	0		277	267.92	1.4848	1.4692			269.07	1.4568	1.4515			0.8623	1	0.03442	0.12081	0.31802	1	1.00531	0.9967	0	0
250167	Methodist Healthcare - Olive Branch Hospital	32820	32820	32820	32820	28033	5	lurban	lurban	N	0.867				N		1	0	0	51	21	0	0	0.3261	0.03	0	0.03	0.000161	1417.67	0.000169	1860.56	0.282	0.045	0		1185	1146.73	1.5531	1.5302			1147.81	1.5547	1.5320			0.9069	1	0.00888	0.04899	0.34617	1	1.00128	0.9981	0	0
250168	University Of Mississippi Medical Center- Grenada	25	25	25	25	28043	5	rural	rural	N	0.7929				N		1	0	0	125	21	0	0	0.4831	0.03	0	0.03	0.000196	1588.04	0.000172	1229.46	0.49	0.041	0		896	875.13	1.3688	1.3456			875.90	1.3679	1.3450			0.8531	1	0.036	0.04855	0.44586	1.12644	0.99526	0.9994	0	0
260001	Mercy Hospital Joplin	27900	27900	22220	26	29097	6	ourban	rural	S	0.8253		YES	YES	N		1	0	0	240	138	0	0	0.3177	0.03856	0	0.03856	0.000796	1571.29	0.000461	956.72	0.261	0.037	7		4467	4385.90	1.7915	1.7693			4391.09	1.7915	1.7699			0.8768	1	0.05261	0.16285	0.39481	1	0.99185	0.9803	0	0
260004	Cooper County Community Hospital	26	26	26	26	29053	6	rural	rural	N	0.8139				N		1	0	0	46	2	0	0	0.120162738	0	0	0		0		0	0.724	0.039	16	5732.89	100	98.23	0.8857	0.8840			98.35	0.8792	0.8778			0.8685	1	0	0	0.76776	1.25	1	0.9992	1	0
260005	Ssm Health St Joseph Hospital-St Charles	41180	41180	41180	41180	29183	6	lurban	lurban	N	0.926				N		1	0	0	364	167	0	0	0.3179	0.0386	0.06649	0.0386	0.000408	1050.69	0.000463	1126.47	0.288	0.021	0		3097	3057.24	1.6903	1.6840			3060.04	1.6953	1.6890			0.9487	1	0.01744	0.01402	0.25972	1	0.99171	0.9929	0	0
260006	Mosaic Life Care At St Joseph	41140	41140	41140	26	29021	6	ourban	rural	S	0.9883		YES		N		1	0	0	352	184	0	0	0.2629	0.02726	0	0.02726		0		0	0.339	0.015	16	7929.71	7194	7097.36	1.7235	1.7134			7102.99	1.7172	1.7072			0.992	1	0.01984	0.0035	0.46885	1	1.00451	1.0000	0	0
260009	Bothwell Regional Health Center	26	26	28140	26	29159	6	rural	rural	W	0.9262				N		1	0	0	107	41	0	0	0.2065	0.01563	0	0.01563	0.000104	448.33		0	0.312	0.023	17	5641.41	1861	1820.97	1.4316	1.4245			1822.40	1.4291	1.4220			0.9489	1	0.01219	0.01102	0.54029	1	1.00787	0.9854	0	1
260011	Ssm Health St. Mary's Hospital - Jefferson City	27620	27620	27620	27620	29051	6	ourban	ourban	N	0.8494				N		1	0	0	167	69	0	0	0.2417	0.02289	0.05016	0.02289	0.000291	940.96	0.00024	760.72	0.341	0.056	7		2578	2535.44	1.7052	1.6941			2539.71	1.6988	1.6880			0.8942	1	0.01846	0.07546	0.44341	1	1.00403	0.9870	0	0
260015	Twin Rivers Regional Medical Center	26	26	26	26	29069	6	rural	rural	N	0.8139				N		1	0	0	100	25	0	0	0.4884	0.03	0	0.03		0	0.000131	1628.33	0.132	0.013	0		408	393.41	1.2124	1.2074			393.83	1.2110	1.2061			0.8685	1	0.01373	0.0289	0.20766	1.07909	1	0.9936	0	0
260017	Phelps Health	26	26	41180	26	29161	6	rural	rural	W	0.926				N		1	0	0	172	41	0	0	0.2959	0.03407	0	0.03407		0		0	0.22	0.024	17	7818.26	2197	2140.24	1.4495	1.4290			2143.85	1.4500	1.4296			0.9487	1	0.03643	0.06991	0.49323	1	0.9927	0.9945	0	0
260020	Mercy Hospital St Louis	41180	41180	41180	41180	29189	6	lurban	lurban	N	0.926				N		1	0.1108	0.1832	819	514	0.05869	0.05306	0.2811	0.03101	0.05857	0.03101	0.001555	1528.16	0.001481	1489.51	0.262	0.017	0		8685	8557.07	1.9770	1.9671	4376.44	2.0680	8566.99	1.9825	1.9724	4382.14	2.0720	0.9487	1	0.04952	0.03137	0.20468	1	1.00652	0.9982	0	0
260022	Northeast Regional Medical Center	26	26	17860	26	29001	6	rural	rural	W	0.8445				N		1	0.5581	1.2123	73	22	0.2656	0.40792	0.2655	0.0278	0	0.0278		0		0	0.153	0.014	17	8269.65	1083	1056.97	1.7992	1.7803	24.20	1.6293	1057.83	1.7972	1.7783	24.23	1.6318	0.8907	1	0.0273	0.03199	0.4942	1.11652	1.00382	0.9994	0	0
260023	Mercy Hospital Jefferson	41180	41180	41180	41180	29099	6	lurban	lurban	N	0.926				N		1	0	0	195	87	0	0	0.2277	0.02	0.04719	0.02	0.000305	783.42	0.000346	858.25	0.236	0.036	0		3235	3147.90	1.6673	1.6534			3150.85	1.6679	1.6540			0.9487	1	0.01203	0.04416	0.48412	1	0.99304	0.9778	0	0
260024	Texas County Memorial Hospital	26	26	26	26	29215	6	rural	rural	N	0.8139				N		1	0	0	47	9	0	0	0.3533	0.03	0	0.03	0.000068	961.31	0.000065	865.87	0.354	0.047	16	5037.95	599	587.89	1.1512	1.1451			588.24	1.1509	1.1446			0.8685	1	0	0	0.47255	1.19674	1.01314	0.9910	0	0
260025	Hannibal Regional Hospital	26	26	41180	26	29127	6	rural	rural	W	0.926				N		1	0	0	86	38	0	0	0.2012	0.01457	0	0.01457		0		0	0.272	0.018	17	6982.65	2128	2084.79	1.4747	1.4601			2091.14	1.4701	1.4585			0.9487	1	0.01852	0.01158	0.57243	1	0.99709	0.9966	0	0
260027	Research Medical Center	28140	28140	28140	28140	29095	6	lurban	lurban	N	0.9262				N		1	0.1168	0.1748	330	222	0.06177	0.05057	0.302	0.03533	0.06306	0.03533	0.001317	2511.17	0.00098	1868.37	0.134	0.009	0		4392	4340.16	1.9746	1.9708	2251.78	1.8925	4344.17	1.9829	1.9793	2253.80	1.8983	0.9489	1	0.05346	0.04402	0.283	1	0.99595	0.9956	0	0
260032	Barnes Jewish Hospital	41180	41180	41180	41180	29510	6	lurban	lurban	N	0.926				N		1	0.4894	0.7552	1227	814	0.23637	0.23753	0.283	0.03141	0.05898	0.03141	0.00226	1166.95	0.002492	1241.36	0.311	0.021	0		15805	15572.65	2.4143	2.4047	4106.31	2.3365	15597.81	2.4322	2.4227	4109.97	2.3600	0.9487	1	0.16771	0.11702	0.33298	1	1.00261	0.9969	0	0
260034	Bates County Memorial Hospital	28140	28140	26	26	29013	6	ourban	rural	S	0.8139		YES		N		1	0	0	44	8	0	0	0.1529	0.00672	0	0.00672		0		0	0.37	0.026	16	8011.69	456	443.29	1.1788	1.1717			443.76	1.1765	1.1693			0.8685	1	0.07655	0.06342	0.55409	1.22455	1.00945	0.9988	0	0
260040	Cox Medical Centers	44180	44180	44180	44180	29077	6	ourban	ourban	N	0.8262				N		1	0.0339	0.059	568	402	0.01835	0.01679	0.3186	0.03875	0.06664	0.03875	0.001818	1823.56	0.001531	1514.94	0.231	0.014	0		8323	8246.45	1.9202	1.9047	3737.47	1.8986	8252.17	1.9205	1.9051	3739.62	1.8933	0.8774	1	0.01944	0.01049	0.27612	1	0.99536	0.9994	0	0
260047	Capital Region Medical Center	27620	27620	27620	26	29051	6	ourban	rural	S	0.8494		YES		N		1	0.1189	0.2431	100	43	0.06284	0.07101	0.1969	0.01387	0	0.01387	0.000162	590.74	0.000128	485.2	0.317	0.029	15	7123.08	2483	2435.04	1.5405	1.5263	419.18	1.5676	2438.01	1.5377	1.5235	419.55	1.5628	0.8942	1	0.00608	0.00984	0.48351	1	1.00963	0.9984	0	0
260048	Truman Medical Center Hospital Hill	28140	28140	28140	28140	29095	6	lurban	lurban	N	0.9262				N		1	0.5892	0.6853	235	190	0.27859	0.21336	0.7146	0.12042	0.1557	0.12042	0.002702	11371.71	0.002206	8253.95	0.494	0.018	0		1699	1684.78	1.5040	1.5017	598.90	1.7451	1685.46	1.5075	1.5054	599.29	1.7382	0.9489	1	0.04867	0.01283	0.16769	1	0.99541	0.9994	0	0
260050	Mosaic Medical Center - Maryville	26	26	41140	26	29147	6	rural	rural	W	0.9883				N		1	0	0	38	6	0	0	0.2474	0.02406	0	0.02406		0		0	0.478	0.03	16	8234.65	409	398.69	1.1048	1.0977			399.19	1.1070	1.1007			0.992	1	0.00666	0.00373	0.36741	1.22159	1.01579	1.0000	0	0
260052	Mercy Hospital Washington	41180	41180	41180	41180	29071	6	lurban	lurban	N	0.926				N		1	0	0	148	48	0	0	0.2044	0.0152	0.04226	0.0152	0.000497	2349.78	0.000361	1664.56	0.247	0.032	0		1749	1672.31	1.7698	1.7493			1675.37	1.7686	1.7479			0.9487	1	0.00764	0.02225	0.32642	1	1.00389	0.9999	0	0
260057	Cameron Regional Medical Center	28140	28140	28140	28140	29049	6	lurban	lurban	N	0.9262				N		1	0	0	35	16	0	0	0.2155	0.01748	0	0.01748	0.00013	1243.16	0.000091	837.6	0.399	0.024	0		829	811.79	1.1300	1.1263			812.63	1.1277	1.1239			0.9489	1	0.00376	0.0024	0.5527	1.15871	1.00425	0.9994	0	0
260059	Mercy Hospital Lebanon	26	26	26	26	29105	6	rural	rural	N	0.816				Y	0.0042	1	0	0	49	18	0	0	0.2885	0.03	0	0.03	0.000331	3479.98		0	0.347	0.034	16	7112.54	745	721.46	1.4066	1.4029			722.52	1.4051	1.4010			0.87	1	0.00219	0.00413	0.36502	1.11273	1.00787	0.9901	0	0
260061	Nevada Regional Medical Center	26	26	26	26	29217	6	rural	rural	N	0.8139				N		1	0	0	41	8	0	0	0.3921	0.03	0	0.03	0.000114	2836.84	0.000082	1985.88	0.403	0.044	16	0	351	340.49	1.1770	1.1681			340.86	1.1749	1.1659			0.8685	1	0	0	0.33255	1.21394	1.0111	0.9979	0	0
260062	Saint Lukes North Hospital	28140	28140	28140	28140	29047	6	lurban	lurban	N	0.9262				N		1	0	0	108	65	0	0	0.2348	0.02147	0.0487	0.02147	0.000367	1445.48	0.0003	1256.88	0.194	0.016	0		2222	2170.07	1.4237	1.4145			2173.44	1.4232	1.4145			0.9489	1	0.01112	0.01285	0.27865	1	1.0056	0.9984	0	0
260064	Ssm Health St. Mary's Hospital-Audrain	26	26	27620	26	29007	6	rural	rural	W	0.8494				N		1	0	0	49	14	0	0	0.2284	0.02015	0	0.02015		0		0	0.381	0.046	17	6438.78	696	680.97	1.3397	1.3361			682.00	1.3353	1.3322			0.8942	1	0.0059	0.01245	0.44658	1.15712	1.01314	1.0000	0	0
260065	Mercy Hospital Springfield	44180	44180	44180	44180	29077	6	ourban	ourban	N	0.8262				N		1	0	0	590	439	0	0	0.2861	0.03205	0.05965	0.03205	0.002283	1880.01	0.001638	1355.98	0.275	0.017	0		10300	10160.72	1.9876	1.9695			10167.48	1.9904	1.9727			0.8774	1	0.07534	0.04458	0.29465	1	0.99531	0.9996	0	0
260068	Boone Hospital Center	17860	17860	17860	17860	29019	6	ourban	ourban	N	0.8445				N		1	0	0	309	171	0	0	0.1069	0	0.02188	0		0		0	0.317	0.033	0		6095	6012.61	2.1149	2.1068			6024.59	2.1132	2.1048			0.8907	1	0.04197	0.07832	0.50684	1	1.00086	0.9998	0	0
260070	Pemiscot County Memorial Hospital	26	26	26	26	29155	6	rural	rural	N	0.8139				N		1	0	0	49	16	0	0	0.3514	0.03	0	0.03	0.000105	1362.12	0.000086	1004.21	0.302	0.012	0		596	590.92	1.0677	1.0559			591.12	1.0651	1.0531			0.8685	1	0.00232	0.00009	0.54347	1.17947	1	0.9797	0	1
260074	Moberly Regional Medical Center	26	26	17860	26	29175	6	rural	rural	W	0.8445				N		1	0	0	52	8	0	0	0.1504	0.00632	0	0.00632		0		0	0.15	0.022	16	7311.68	524	508.97	1.4433	1.4310			509.44	1.4398	1.4274			0.8907	1	0.02758	0.10645	0.66787	1.21977	1.01612	0.9909	0	0
260077	Mercy Hospital South	41180	41180	41180	41180	29510	6	lurban	lurban	N	0.926				N		1	0	0	644	240	0	0	0.1682	0.00921	0.03465	0.00921	0.000718	727.47		0	0.293	0.055	0		8398	8256.36	1.7277	1.7177			8268.02	1.7311	1.7212			0.9487	1	0.01737	0.0778	0.39059	1	1.00083	0.9886	0	0
260078	Ozarks Medical Center	26	26	26	26	29091	6	rural	rural	N	0.8139				N		1	0	0	103	49	0	0	0.3867	0.05279	0	0.05279	0.000278	1108.38		0	0.258	0.021	17	5776.91	2147	2082.64	1.4465	1.4314			2085.82	1.4491	1.4340			0.8685	1	0.00212	0.00311	0.39054	1	1.00702	0.9975	0	0
260080	Southeast Health Center Of Ripley County	26	26	26	26	29181	6	rural	rural	N	0.8139				N		1	0	0	21	2	0	0	0.2193	0.01827	0	0.01827		0	0.000022	1091.08	0.412	0.027	14	5408.35	136	133.94	1.1119	1.1078			134.01	1.1046	1.1006			0.8685	1	0	0	0.67841	1.25	1	0.9957	0	0
260081	Ssm Health St Clare Hospital - Fenton	41180	41180	41180	41180	29189	6	lurban	lurban	N	0.926				N		1	0	0	180	112	0	0	0.154	0.0069	0.03168	0.0069	0.000257	594.52	0.000267	611.39	0.275	0.023	0		3473	3407.76	1.8186	1.8057			3410.96	1.8153	1.8024			0.9487	1	0.01051	0.01316	0.35942	1	1.01378	0.9945	0	0
260085	St Joseph Medical Center	28140	28140	28140	28140	29095	6	lurban	lurban	N	0.9262				N		1	0	0	147	87	0	0	0.0836	0	0.01707	0		0		0	0.192	0.035	0		2900	2791.77	1.8630	1.8334			2796.27	1.8672	1.8384			0.9489	1	0.08816	0.30331	0.46631	1	1.00254	0.9900	0	0
260091	Ssm Health St Mary's Hospital - St Louis	41180	41180	41180	41180	29189	6	lurban	lurban	N	0.926				N		1	0.3462	0.4977	551	352	0.17273	0.15079	0.6448	0.10603	0.13948	0.10603	0.000818	1775.47	0.001183	2475.34	0.302	0.021	0		3689	3641.88	1.7753	1.7573	1951.65	1.6336	3644.26	1.7696	1.7516	1953.26	1.6321	0.9487	1	0.02979	0.02255	0.14893	1	0.99801	0.9988	0	0
260094	Cox Medical Center Branson	26	26	44180	26	29213	6	rural	rural	W	0.8262				N		1	0	0	100	70	0	0	0.2292	0.02031	0	0.02031	0.000425	1527.56	0.000266	926.57	0.219	0.015	17	5630.8	2205	2171.00	1.6216	1.6064			2172.80	1.6163	1.6011			0.8774	1	0.02287	0.01795	0.40029	1	0.99953	0.9936	0	0
260095	Centerpoint Medical Center	28140	28140	28140	28140	29095	6	lurban	lurban	N	0.9262				N		1	0.0005	0.0003	217	168	0.00027	0.00008	0.2073	0.01579	0.04287	0.01579	0.000592	1049.71	0.000475	813.36	0.118	0.013	0		4472	4383.10	1.6130	1.6039	3385.85	1.6335	4388.33	1.6201	1.6106	3390.06	1.6402	0.9489	1	0.02185	0.04746	0.31832	1	0.99334	0.9700	0	0
260096	North Kansas City Hospital	28140	28140	28140	28140	29047	6	lurban	lurban	N	0.9262				N		1	0	0	365	234	0	0	0.1499	0	0.03082	0		0	0.000594	650.84	0.232	0.014	0		7032	6901.95	1.8182	1.8128			6911.04	1.8201	1.8147			0.9489	1	0.02967	0.01234	0.37107	1	0.9992	0.9745	0	0
260097	Western Missouri Medical Center	26	26	26	26	29101	6	rural	rural	N	0.8421				Y	0.0564	1	0	0	72	24	0	0	0.2383	0.02219	0	0.02219		0		0	0.418	0.053	16	8460.99	859	833.43	1.4085	1.4001			834.62	1.4070	1.3987			0.889	1	0.02094	0.05073	0.34125	1.08833	0.99996	0.9983	0	0
260102	Truman Medical Center Lakewood	28140	28140	28140	28140	29095	6	lurban	lurban	N	0.9262				N		1	0.4894	0.9642	107	51	0.23637	0.31271	0.5199	0.08027	0.11102	0.08027	0.000945	12182.45	0.000737	8902	0.677	0.035	0		583	569.53	1.4160	1.4095	242.91	1.5207	570.13	1.4199	1.4137	243.07	1.5254	0.9489	1	0.06781	0.05552	0.19815	1	1.01868	0.9998	0	0
260104	Ssm Health Depaul Hospital St Louis	41180	41180	41180	41180	29189	6	lurban	lurban	N	0.926				N		1	0.0327	0.0336	418	277	0.01771	0.00953	0.3295	0.041	0.069	0.041	0.000773	1003.39	0.000781	997.39	0.258	0.016	0		6251	6178.68	1.8093	1.8008	3035.04	1.8705	6182.99	1.8091	1.8004	3037.14	1.8726	0.9487	1	0.0127	0.00639	0.28652	1	1	0.9968	0	0
260105	Ssm Health Saint Louis University Hospital	41180	41180	41180	41180	29189	6	lurban	lurban	N	0.926				N		1	0.9311	1.205	291	246	0.41232	0.40502	0.4091	0.05741	0.08637	0.05741	0.000573	1031.77	0.00065	1122.55	0.219	0.015	0		4310	4258.67	2.2242	2.2061	1336.02	2.0398	4261.80	2.2269	2.2093	1337.52	2.0417	0.9487	1	0.10636	0.07116	0.32713	1	0.99142	0.9987	0	0
260108	Missouri Baptist Medical Center	41180	41180	41180	41180	29189	6	lurban	lurban	N	0.926				N		1	0.0088	0.0097	424	231	0.0048	0.00274	0.1311	0	0.0269	0		0		0	0.301	0.03	0		7527	7376.89	1.8774	1.8627	2163.72	2.0254	7388.15	1.8802	1.8655	2167.38	2.0267	0.9487	1	0.03368	0.05419	0.39054	1	1.00015	0.9926	0	0
260110	Southeasthealth	16020	16020	16060	16020	29031	6	ourban	ourban	W	0.8253				N		1	0	0	195	92	0	0	0.2315	0.02078	0.04799	0.02078	0.000436	891.8	0.000364	733.67	0.221	0.025	7		4021	3973.58	1.9733	1.9668			3976.72	1.9769	1.9701			0.8768	1	0.07805	0.17657	0.52155	1	0.99903	0.9948	0	0
260113	Missouri Delta Medical Center	26	26	14	26	29201	6	rural	rural	W	0.8358				N		1	0	0	121	36	0	0	0.3955	0.05461	0	0.05461		0		0	0.24	0.018	17	7109.96	1510	1473.02	1.4940	1.4830			1474.62	1.4927	1.4820			0.8844	1	0.01636	0.01524	0.54251	1.0475	1.01444	0.9981	0	0
260119	Poplar Bluff Regional Medical Center	26	26	16020	26	29023	6	rural	rural	W	0.8139				N		1	0	0	209	107	0	0	0.4511	0.06608	0	0.06608	0.000229	512.22		0	0.101	0.015	17	5745.61	3701	3653.33	1.5265	1.5187			3655.78	1.5267	1.5188			0.8685	1	0.0228	0.07246	0.40833	1	0.99714	0.9902	0	0
260137	Freeman Health System - Freeman West	27900	27900	22220	26	29145	6	ourban	rural	S	0.8253		YES	YES	N		1	0.0243	0.0655	361	218	0.01319	0.01866	0.3043	0.0358	0	0.0358	0.000524	711.67	0.000609	822.75	0.182	0.01	7		6008	5942.96	1.8653	1.8531	1490.92	1.7818	5946.54	1.8640	1.8519	1491.81	1.7842	0.8768	1	0.02091	0.01025	0.37654	1	0.9964	0.9995	0	0
260138	St Lukes Hospital Of Kansas City	28140	28140	28140	28140	29095	6	lurban	lurban	N	0.9262				N		1	0.2428	0.3991	411	299	0.12423	0.11921	0.3139	0.03778	0.06563	0.03778	0.000654	756.63	0.000668	775.86	0.187	0.016	0		7099	7014.52	2.3483	2.3404	1914.16	2.3447	7020.18	2.3585	2.3510	1915.03	2.3530	0.9489	1	0.11995	0.13082	0.33403	1	1.00548	0.9978	0	0
260141	University Of Missouri Health Care	17860	17860	17860	17860	29019	6	ourban	ourban	N	0.8445				N		1	0.4748	0.792	526	336	0.23005	0.25045	0.3997	0.05548	0.08431	0.05548	0.001302	1530.44	0.001455	1687.01	0.231	0.017	0		6858	6746.95	2.0345	2.0198	1760.33	1.9460	6753.95	2.0424	2.0278	1761.95	1.9544	0.8907	1	0.0955	0.07912	0.29762	1	0.99752	0.9968	0	0
260142	Fitzgibbon Hospital	26	26	26	26	29195	6	rural	rural	N	0.8139				N		1	0	0	42	11	0	0	0.2745	0.02965	0	0.02965	0.000093	1284.3	0.000078	1027.76	0.331	0.027	16	5747.19	587	573.43	1.1520	1.1467			573.83	1.1494	1.1440			0.8685	1	0	0.00053	0.4464	1.1797	1.01593	0.9916	0	0
260160	Southeasthealth Center Of Stoddard County	26	26	26	26	29207	6	rural	rural	N	0.8139				N		1	0	0	48	5	0	0	0.1778	0.01077	0	0.01077	0.000071	1240.55	0.000054	986.19	0.278	0.036	14	5046.1	555	533.95	1.0878	1.0776			534.65	1.0856	1.0751			0.8685	1	0	0	0.65676	1.23129	0.99043	0.9924	0	1
260162	Barnes-Jewish West County Hospital	41180	41180	41180	41180	29189	6	lurban	lurban	N	0.926				N		1	0.2017	0.5903	77	17	0.10429	0.18126	0.0558	0	0	0		0		0	0.353	0.042	0		724	684.47	1.7558	1.7264	180.00	1.6434	692.33	1.7532	1.7279	181.20	1.6462	0.9487	1	0.0016	0.00436	0.35085	1	1.01683	0.9972	0	0
260163	Parkland Health Center	26	26	26	26	29187	6	rural	rural	N	0.8225				Y	0.0172	1	0	0	86	28	0	0	0.3975	0.03	0	0.03	0.000169	983.24	0.000149	825.35	0.365	0.039	16	5404.47	1239	1177.55	1.4107	1.3987			1179.91	1.4077	1.3956			0.8748	1	0.0006	0.00168	0.42669	1	1.00157	0.9986	0	0
260175	Golden Valley Memorial Hospital	26	26	28140	26	29083	6	rural	rural	W	0.9262				N		1	0	0	46	18	0	0	0.3115	0.03728	0	0.03728	0.000163	1567.24	0.000123	1154.17	0.32	0.033	17	6259.93	896	867.85	1.3403	1.3294			869.04	1.3452	1.3343			0.9489	1	0.00735	0.0153	0.40915	1.13326	1	0.9964	1	0
260176	St Luke's Des Peres Hospital	41180	41180	41180	41180	29189	6	lurban	lurban	N	0.926				N		1	0.2932	0.4759	88	38	0.14816	0.14373	0.0975	0	0	0		0		0	0.254	0.022	0		1268	1250.67	2.2228	2.2200	465.39	2.3492	1252.17	2.2067	2.2036	466.03	2.3216	0.9487	1	0.06181	0.07357	0.42304	1	1.0014	0.9938	0	0
260177	Liberty Hospital	28140	28140	28140	28140	29047	6	lurban	lurban	N	0.9262				N		1	0	0	207	80	0	0	0.1279	0	0.02624	0		0		0	0.252	0.028	0		2902	2859.37	1.6425	1.6377			2861.48	1.6451	1.6401			0.9489	1	0.0168	0.03264	0.4183	1	0.99631	0.9789	0	0
260179	St Lukes Hospital	41180	41180	41180	41180	29189	6	lurban	lurban	N	0.926				N		1	0.0999	0.2131	393	160	0.05308	0.06198	0.0372	0	0.00756	0		0		0	0.249	0.021	0		6494	6402.41	1.8298	1.8207	1652.12	1.9014	6408.86	1.8304	1.8208	1654.03	1.9024	0.9487	1	0.02772	0.0298	0.43986	1	1.00986	1.0000	0	0
260180	Christian Hospital Northeast-Northwest	41180	41180	41180	41180	29189	6	lurban	lurban	N	0.926				N		1	0.0033	0.0061	442	159	0.0018	0.00172	0.2568	0.026	0.05338	0.026	0.000972	1854.51	0.000789	1422.03	0.297	0.023	0		4285	4229.26	1.8639	1.8518	1837.23	1.7937	4232.74	1.8653	1.8531	1838.19	1.7914	0.9487	1	0.04352	0.04717	0.42749	1	0.99735	0.9897	0	0
260183	Saint Francis Medical Center	16020	16020	16060	16020	29031	6	ourban	ourban	W	0.8253				N		1	0	0	278	153	0	0	0.336	0.04234	0.07041	0.04234	0.000792	1143.31	0.000438	602.41	0.156	0.02	7		5145	5027.06	1.8460	1.8271			5034.33	1.8473	1.8289			0.8768	1	0.06093	0.16485	0.48294	1	1.00221	0.9984	0	0
260186	Lake Regional Health System	26	26	27620	26	29029	6	rural	rural	W	0.8494				N		1	0	0	100	46	0	0	0.2301	0.0205	0	0.0205		0		0	0.265	0.018	17	7316.18	2262	2217.81	1.6123	1.5910			2219.44	1.6129	1.5914			0.8942	1	0.01161	0.00702	0.49319	1	1.00219	0.9956	0	0
260190	Lee's Summit Medical Center	28140	28140	28140	28140	29095	6	lurban	lurban	N	0.9262				N		1	0	0	64	37	0	0	0.054291376	0	0	0		0		0	0.167	0.019	0		1444	1410.68	1.5152	1.5072			1412.99	1.5115	1.5030			0.9489	1	0.01795	0.03661	0.3877	1	1.00603	0.9700	0	0
260191	Barnes-Jewish St Peters Hospital	41180	41180	41180	41180	29183	6	lurban	lurban	N	0.926				N		1	0.0116	0.0257	123	56	0.00632	0.00728	0.0557	0	0.01134	0		0		0	0.317	0.039	0		1869	1830.10	1.5409	1.5339	1102.92	1.5873	1832.93	1.5411	1.5347	1104.34	1.5844	0.9487	1	0.01046	0.02545	0.43312	1	0.99835	0.9843	0	0
260193	St Mary's Medical Center	28140	28140	28140	28140	29095	6	lurban	lurban	N	0.9262				N		1	0.1827	0.2891	73	50	0.09493	0.085	0.0807	0	0	0		0		0	0.204	0.028	0		1766	1709.53	1.7349	1.7223	842.21	1.6618	1712.84	1.7375	1.7250	843.60	1.6636	0.9489	1	0.03973	0.1018	0.41401	1	1.00937	0.9700	0	0
260195	Citizens Memorial Hospital	44180	44180	26	26	29167	6	ourban	rural	S	0.8139		YES		N		1	0	0	52	22	0	0	0.3102	0.03	0	0.03		0		0	0.318	0.021	16	6647.37	1002	962.28	1.7202	1.7028			963.71	1.7033	1.6847			0.8685	1	0.00092	0.00059	0.3424	1.05591	1.00176	0.9983	0	0
260200	Ssm Health Saint Joseph Hospital-Lake Saint Louis	41180	41180	41180	41180	29183	6	lurban	lurban	N	0.926				N		1	0	0	116	86	0	0	0.156	0.00723	0.03209	0.00723	0.000279	705.62	0.000249	655.46	0.263	0.023	0		3545	3463.13	1.5937	1.5827			3467.25	1.5903	1.5796			0.9487	1	0.0065	0.00958	0.37258	1	1.0028	0.9995	0	0
260209	Fulton Medical Center Llc	27620	27620	27620	27620	29027	6	ourban	ourban	N	0.8494				N		1	0.0732	1.3714	18	1	0.03918	0.47257	0.4125	0.03	0	0.03	0.00008	12846.72		0	0.944	0.132	0		41	39.04	1.0515	1.0454			39.16	1.0617	1.0551			0.8942	1	0.12803	0.3102	0.72727	1.25	1	1.0000	0	1
260210	St Alexius Hospital	41180	41180	41180	41180	29189	6	lurban	lurban	N	0.926				N		1	0.0025	0.0239	133	78	0.00137	0.00677	0.6356	0.10413	0.13736	0.10413	0.00025	2181.55	0.00027	2124.48	0.341	0.014	0		766	760.05	1.2609	1.2541	112.99	1.2561	760.33	1.2758	1.2694	113.12	1.2232	0.9487	1	0.09438	0.03649	0.44831	1	1.00441	0.9969	0	0
260214	Belton Regional Medical Center	28140	28140	28140	28140	29037	6	lurban	lurban	N	0.9262				N		1	0	0	71	26	0	0	0.076042744	0	0	0		0		0	0.155	0.018	0		1213	1184.02	1.3272	1.3158			1185.73	1.3276	1.3165			0.9489	1	0.00102	0.0035	0.40834	1	0.99896	0.9714	0	1
260216	Saint Luke's East Hospital	28140	28140	28140	28140	29095	6	lurban	lurban	N	0.9262				N		1	0	0	184	122	0	0	0.1163	0	0.02383	0		0		0	0.149	0.021	0		5061	4975.53	1.5065	1.4944			4982.27	1.5065	1.4948			0.9489	1	0.01485	0.04021	0.36157	1	1.00418	0.9975	0	0
260219	Progress West Hospital	41180	41180	41180	41180	29183	6	lurban	lurban	N	0.926				N		1	0	0	72	28	0	0	0.1598	0.00784	0	0.00784	0.000124	1383.21	0.000085	873.44	0.385	0.054	0		737	716.07	1.5378	1.5188			717.07	1.5318	1.5129			0.9487	1	0.00163	0.01279	0.23875	1	0.99941	0.9865	0	0
260227	Black River Community Medical Center	26	26	26	26	29023	6	rural	rural	N	0.8139				N		1	0	0	7	4	0	0	0.098931942	0	0	0		0		0	0.334	0.041	0		210	203.81	0.9786	0.9749			203.96	0.9734	0.9699			0.8685	1	0	0	0.64788	1	1	0.9867	0	1
270003	St Peters Hospital	27	27	27	27	30049	8	rural	rural	N	1				N		1	0	0	101	57	0	0	0.2622	0.02712	0	0.02712	0.00027	1128.6	0.000316	1315.7	0.402	0.026	16	6476.71	2055	2038.30	1.4491	1.4467			2039.15	1.4477	1.4454			1	1	0.01446	0.01101	0.413	1	1.02053	0.9811	0	0
270004	Billings Clinic Hospital	13740	13740	27	27	30111	8	ourban	rural	S	1		YES		N		1	0.1096	0.1002	284	196	0.05808	0.02868	0.326	0.04028	0	0.04028	0.000663	975.11	0.000534	809.88	0.366	0.019	7		5786	5738.53	2.0319	2.0166	674.06	1.9442	5740.70	2.0400	2.0249	674.17	1.9543	1	1	0.03357	0.01079	0.37147	1	1.00029	0.9999	0	0
270012	Benefis Hospitals Inc	24500	24500	33540	24500	30013	8	ourban	ourban	W	1				N		1	0	0	292	119	0	0	0.3726	0.04989	0.07837	0.03	0.000446	1045.05		0	0.288	0.022	0		3406	3355.62	1.8825	1.8739			3358.41	1.8776	1.8690			1	1	0.0301	0.02626	0.36724	1	0.99863	0.9985	0	0
270014	St Patrick Hospital	33540	33540	33540	33540	30063	8	ourban	ourban	N	1				N		1	0.1306	0.1122	158	104	0.06881	0.03217	0.2299	0.02045	0.04766	0.02045	0.000385	738.06	0.00037	744.65	0.362	0.024	7		4523	4483.95	2.1339	2.1316	743.07	2.1488	4486.18	2.1228	2.1205	743.00	2.1457	1	1	0.01552	0.00927	0.49354	1	1.01636	1.0000	0	0
270017	St James Healthcare	27	27	27	27	30093	8	rural	rural	N	1				N		1	0	0	67	34	0	0	0.3063	0.03621	0	0.03621		0		0	0.266	0.02	17	7516.59	1613	1595.64	1.7065	1.7053			1596.54	1.7004	1.6991			1	1	0.10224	0.08723	0.49335	1	1.00418	0.9913	0	1
270023	Community Medical Center	33540	33540	33540	33540	30063	8	ourban	ourban	N	1				N		1	0.0346	0.0469	143	59	0.01873	0.01332	0.4917	0.07445	0.10469	0.07445	0.000143	861.81	0.000204	1262.37	0.368	0.036	7		1357	1346.01	1.7049	1.7027	241.62	1.7356	1346.68	1.7046	1.7023	241.68	1.7298	1	1	0.02665	0.04378	0.2209	1	1.00304	0.9974	0	0
270032	Northern Montana Hospital	27	27	27	27	30041	8	rural	rural	N	1				N		1	0	0	49	10	0	0	0.581	0.03	0	0.03	0.000078	1558.25	0.000067	1305.64	0.333	0.031	16	5645.6	405	395.47	1.2778	1.2713			395.19	1.2776	1.2715			1	1	0.01254	0.01926	0.324	1.1903	1.01285	0.9964	0	0
270049	St Vincent Healthcare	13740	13740	13740	13740	30111	8	ourban	ourban	N	1				N		1	0.0378	0.0648	238	125	0.02044	0.01845	0.3161	0.03823	0.0661	0.03823	0.000365	691.12	0.000356	684.6	0.269	0.026	0		4516	4466.45	2.1345	2.1201	669.79	1.9890	4468.43	2.1290	2.1144	669.96	1.9930	1	1	0.04873	0.07991	0.36327	1	1.00235	0.9993	0	0
270051	Kalispell Regional Medical Center	27	27	33540	27	30029	8	rural	rural	W	1				N		1	0.0199	0	178	98	0.01082	0	0.369	0.04914	0	0.04914	0.000382	1088.65	0.000314	936.08	0.33	0.028	17	5836.13	3100	3037.65	1.9815	1.9662	638.91	2.0322	3041.45	1.9803	1.9650	639.55	2.0314	1	1	0.0697	0.08682	0.31397	1	0.99984	1.0000	0	0
270057	Bozeman Health Deaconess Hospital	27	27	27	27	30031	8	rural	rural	N	1				N		1	0	0	82	49	0	0	0.1854	0.012	0	0.012	0.000394	1719.14	0.000282	1267.97	0.407	0.035	16	5733.82	1988	1964.10	1.7675	1.7645			1965.22	1.7592	1.7558			1	1	0.04041	0.05082	0.32601	1	1.0051	1.0000	0	1
270074	P H S Indian Hospital At Browning - Blackfeet	27	99	99	99	30035	8	rural	rural	N	1.4448				N		1	0	0	26	5	0	0	0.8403	0.03	0	0.03	0.000027	2026.89	0.000027	2066.04	0.36	0.026	8		123	122.00	0.9176	0.9132			122.02	0.9117	0.9072			1.2866	1			0.26761	1.24803	1	1.0000	0	0
270086	Great Falls Clinic Hospital	24500	24500	24500	24500	30013	8	ourban	ourban	N	1				N		1	0	0	20	10	0	0	0.126052654	0	0	0		0		0	0.37	0.058	0		660	653.72	1.6000	1.5892			654.01	1.5948	1.5841			1	1	0.00644	0.02515	0.62582	1	1.01413	0.9997	0	0
270087	The Healthcenter	27	27	27	27	30029	8	rural	rural	N	1				N		1	0	0	17	3	0	0	0.1108	0	0	0		0	0.000026	1129.72	0.66	0.042	0		255	250.63	1.4538	1.4441			250.65	1.4545	1.4450			1	1	0.00375	0.00183	0.39725	1	1	1.0000	0	0
270089	Big Sky Medical Center	27	27	27	27	30031	8	rural	rural	N	1				N		1	0		4	0	0	0.52699	0.083333333	0	0	0		0		0	0.387	0.026	0		18	17.46	0.9120	0.9177			17.46	0.9086	0.9143			1	1	0	0	0.41667	1	1	1.0000	1	0
280003	Bryan Medical Center	30700	30700	30700	30700	31109	6	ourban	ourban	N	0.9553				N		1	0.021	0.0435	481	271	0.01141	0.01235	0.2273	0.01992	0.0471	0.01992	0.000638	529.11	0.000716	621.74	0.279	0.02	0		10470	10302.55	1.9626	1.9334	1067.74	1.7608	10312.11	1.9578	1.9298	1068.72	1.7593	0.9692	1	0.0328	0.02432	0.40466	1	0.99394	1.0000	0	0
280009	Chi Health Good Samaritan	28	28	24260	28	31019	6	rural	rural	W	0.9666				N		1	0.0107	0.0179	203	82	0.00583	0.00506	0.1858	0.01207	0	0.01207	0.000376	1178.16	0.000308	949.29	0.296	0.024	7		2667	2635.17	2.0400	2.0254	170.19	1.9512	2636.90	2.0464	2.0321	170.29	1.9460	0.977	1	0.06278	0.06856	0.46309	1	0.99858	0.9994	0	0
280013	The Nebraska Medical Center	36540	36540	36540	36540	31055	6	ourban	ourban	N	0.9219				N		1	0.387	0.5598	521	419	0.19126	0.17114	0.2777	0.03031	0.05785	0.03031	0.000678	632.61	0.001045	1022.75	0.226	0.013	0		9171	9060.37	2.2111	2.2053	1576.84	2.2198	9067.95	2.2249	2.2191	1578.58	2.2295	0.9458	1	0.11568	0.06582	0.32802	1	1.00093	0.9992	0	0
280020	Chi Health St Elizabeth	30700	30700	30700	30700	31109	6	ourban	ourban	N	0.9553				N		1	0.0158	0.0443	260	104	0.0086	0.01258	0.2039	0.01509	0.04215	0.01509	0.000353	864.34	0.000321	735.29	0.328	0.036	0		3066	2993.88	1.8960	1.8760	322.23	1.7109	2998.48	1.8973	1.8778	322.87	1.7110	0.9692	1	0.07026	0.11796	0.39746	1	0.99474	1.0000	0	0
280023	Chi Health St Francis	24260	24260	30700	24260	31079	6	ourban	ourban	W	0.9553				N		1	0.0265	0.0399	145	63	0.01438	0.01132	0.1943	0.01345	0.04013	0.01345	0.000142	455.27	0.000219	699.05	0.265	0.02	7		2541	2497.93	1.7053	1.6930	154.46	1.5033	2500.91	1.6958	1.6849	154.57	1.4966	0.9692	1	0.01561	0.01329	0.51932	1	1.00008	1.0000	0	0
280032	Mary Lanning Healthcare	28	28	28	28	31001	6	rural	rural	N	0.8826				N		1	0	0	86	34	0	0	0.199	0.01421	0	0.01421	0.000203	1010.73	0.000122	634.41	0.411	0.034	0		1737	1711.42	1.5472	1.5440			1712.74	1.5448	1.5412			0.918	1	0.051	0.06019	0.46181	1	0.99695	1.0000	0	1
280040	Methodist Hospital	36540	36540	36540	36540	31055	6	ourban	ourban	N	0.9219				N		1	0.034	0.0561	350	229	0.0184	0.01596	0.1768	0.01061	0.03645	0.01061	0.000329	474.2	0.000376	560.24	0.314	0.033	0		5866	5766.17	1.8198	1.8082	1491.50	1.7427	5774.09	1.8231	1.8114	1492.99	1.7450	0.9458	1	0.06619	0.10863	0.27544	1	1.00344	0.9961	0	0
280060	Chi Health Creighton University Medical Center - B	36540	36540	36540	36540	31055	6	ourban	ourban	N	0.9219				N		1	0.3778	0.0458	455	287	0.18711	0.01301	0.3609	0.04747	0.07582	0.04747	0.001463	2200.44	0.001126	1851.66	0.246	0.031	0		5130	5055.34	1.9639	1.9516	1371.62	1.8222	5058.46	1.9657	1.9539	1372.35	1.8243	0.9458	1	0.05313	0.14275	0.28778	1	0.99856	0.9985	0	0
280061	Regional West Medical Center	28	28	16940	28	31157	6	rural	rural	W	0.9062				N		1	0	0	122	53	0	0	0.2578	0.02621	0	0.02621		0		0	0.325	0.02	17	7658.07	2169	2134.77	1.7093	1.6996			2136.51	1.7113	1.7018			0.9348	1	0.11589	0.06893	0.47316	1	0.99358	0.9981	0	0
280065	Great Plains Health	28	28	06	28	31111	6	rural	rural	W	0.9244				N		1	0	0	96	44	0	0	0.1683	0.00922	0	0.00922		0		0	0.323	0.037	17	6576.12	2875	2825.69	1.6574	1.6520			2827.55	1.6534	1.6481			0.9476	1	0.06645	0.13679	0.56935	1	0.99771	0.9907	0	0
280077	Methodist Fremont Health	28	28	28	28	31053	6	rural	rural	N	0.8918				Y	0.0092	1	0	0	58	21	0	0	0.1609	0.00802	0	0.00802		0		0	0.265	0.029	16	7424.71	1206	1184.28	1.4043	1.3979			1185.49	1.4050	1.3990			0.9246	1	0.02009	0.04174	0.55117	1.11561	1.0096	0.9980	0	0
280081	Chi Health Immanuel	36540	36540	36540	36540	31055	6	ourban	ourban	N	0.9219				N		1	0.0506	0.0954	165	109	0.02726	0.02729	0.3744	0.05026	0.07876	0.05026	0.000514	1863.66	0.000432	1478.91	0.237	0.037	0		2168	2120.80	1.6682	1.6528	773.72	1.5736	2122.67	1.6703	1.6554	774.27	1.5740	0.9458	1	0.0135	0.05231	0.29176	1	1.00207	0.9934	0	0
280105	Chi Health Midlands	36540	36540	36540	36540	31153	6	ourban	ourban	N	0.9219				N		1	0	0	40	14	0	0	0.02633871	0	0	0		0		0	0.323	0.028	0		357	339.78	1.4340	1.4197			340.50	1.4326	1.4182			0.9458	1	0.00345	0.00402	0.60726	1	1.00977	0.9964	0	0
280111	Columbus Community Hospital	28	28	28	28	31141	6	rural	rural	N	0.8826				N		1	0	0	47	14	0	0	0.163764416	0.00849	0	0.00849		0		0	0.6	0.049	16	8467.74	753	723.32	1.4610	1.4517			723.78	1.4613	1.4512			0.918	1	0.0125	0.01399	0.35149	1	1.00645	0.9993	0	0
280125	Faith Regional Health Services	28	28	28	28	31119	6	rural	rural	N	0.8826				N		1	0	0	114	49	0	0	0.1835	0.01169	0	0.01169		0		0	0.333	0.053	16	7528.48	2098	2033.91	2.0114	1.9877			2036.19	2.0119	1.9876			0.918	1	0.06802	0.24747	0.43527	1	0.99529	0.9968	0	0
280127	Lincoln Surgical Hospital	30700	30700	30700	30700	31109	6	ourban	ourban	N	0.9553				N		1	0	0	21	8	0	0	0.010979452	0	0	0		0		0	0.464	0.073	0		664	661.69	2.0590	2.0587			662.70	2.0446	2.0443			0.9692	1	0.00078	0.0059	0.50856	1	1	1.0000	0	0
280128	Chi Health Nebraska Heart	30700	30700	30700	30700	31109	6	ourban	ourban	N	0.9553				N		1	0	0	54	19	0	0	0.048758789	0	0	0		0		0	0.423	0.026	0		1354	1330.56	3.5016	3.4817			1331.51	3.5145	3.4944			0.9692	1	0.05202	0.02718	0.6493	1	1.00086	1.0000	0	1
280129	Orthonebraska Hospital	36540	36540	36540	36540	31055	6	ourban	ourban	N	0.9219				N		1	0	0	24	11	0	0	0.015745075	0	0	0		0		0	0.404	0.042	0		851	845.46	2.1774	2.1747			846.90	2.1632	2.1607			0.9458	1	0.00353	0.00777	0.48219	1	1	1.0000	0	0
280130	Chi Health Lakeside	36540	36540	36540	36540	31055	6	ourban	ourban	N	0.9219				N		1	0	0	108	68	0	0	0.0909	0	0.01858	0		0		0	0.224	0.042	0		2223	2182.46	1.7666	1.7554			2184.62	1.7663	1.7552			0.9458	1	0.01658	0.07578	0.44694	1	1.00403	0.9984	0	0
280131	Midwest Surgical Hospital Llc	36540	36540	36540	36540	31055	6	ourban	ourban	N	0.9219				N		1	0	0	19	5	0	0	0.02668394	0	0	0		0		0	0.229	0.027	0		418	417.31	2.6590	2.6592			417.32	2.6292	2.6287			0.9458	1	0	0	0.41702	1	1	1.0000	0	0
280132	Bellevue Medical Center	36540	36540	36540	36540	31153	6	ourban	ourban	N	0.9219				N		1	0	0	57	36	0	0	0.1072	0	0	0		0		0	0.228	0.064	0		1869	1833.67	1.2516	1.2436			1835.12	1.2508	1.2428			0.9458	1	0.02129	0.14532	0.42044	1	1.00731	0.9846	0	0
280133	"Nebraska Spine Hospital, Llc"	36540	36540	36540	36540	31055	6	ourban	ourban	N	0.9219				N		1	0	0	34	8	0	0	0.044734034	0	0	0		0		0	0.211	0.019	0		252	251.11	5.2956	5.2896			251.08	5.1540	5.1461			0.9458	1	0.02701	0.03744	0.31365	1	1	1.0000	0	0
280134	Kearney Regional Medical Center	28	28	28	28	31019	6	rural	rural	N	0.8826				N		1	0	0	35	18	0	0	0.033312644	0	0	0		0		0	0.275	0.05	0		1754	1737.50	1.9874	1.9778			1739.15	1.9764	1.9683			0.918	1	0.03997	0.21606	0.68107	1	1.00105	0.9916	0	0
290001	Renown Regional Medical Center	39900	39900	39900	39900	32031	8	ourban	ourban	N	1.0101				N		1	0.0702	0.1269	617	468	0.03761	0.03646	0.362	0.0477	0.07606	0.0477	0.000444	409.74	0.000707	699.07	0.19	0.022	0		9395	9292.25	2.0885	2.0715	2497.68	2.0503	9299.29	2.0841	2.0681	2499.25	2.0572	1.0069	1	0.02217	0.04647	0.30184	1	0.99415	0.9994	0	0
290003	Sunrise Hospital And Medical Center	29820	29820	29820	29820	32003	8	lurban	lurban	N	1.157				N		1	0.035	0.04	566	502	0.01894	0.01135	0.6099	0.09883	0.13146	0.09883	0.001445	1778.41	0.001288	1546.78	0.09	0.005	0		6306	6210.78	1.9497	1.9286	2276.32	2.0372	6218.23	1.9585	1.9374	2278.94	2.0511	1.105	1	0.04475	0.02073	0.21343	1	0.99014	0.9817	0	0
290005	North Vista Hospital	29820	29820	29820	29820	32003	8	lurban	lurban	N	1.157				N		1	0	0	127	84	0	0	0.7073	0.11892	0.15399	0.11892	0.000222	779.99	0.000203	741.93	0.143	0.014	0		2516	2480.47	1.6409	1.6306			2481.79	1.6506	1.6407			1.105	1	0.00455	0.00663	0.31017	1	1.0028	0.9881	0	0
290007	University Medical Center	29820	29820	29820	29820	32003	8	lurban	lurban	N	1.157				N		1	0.2616	0.4016	505	337	0.13323	0.12	0.5524	0.08697	0.11836	0.08697	0.001449	3710.64	0.001987	5666.49	0.181	0.008	0		3434	3388.15	2.0347	2.0105	1375.21	2.1329	3390.43	2.0444	2.0199	1375.99	2.1367	1.105	1	0.11282	0.03351	0.16996	1	0.99282	1.0000	0	0
290008	Northeastern Nevada Regional Hospital	29	29	29	29	32007	8	rural	rural	N	1.0101				N		1	0	0	43	14	0	0	0.2334	0.02118	0	0.02118		0		0	0.135	0.05	16	8044.53	721	699.09	1.3674	1.3591			700.04	1.3616	1.3532			1.0069	1	0.0003	0.02841	0.40318	1.14296	0.9992	0.9786	0	0
290009	Saint Mary's Regional Medical Center	39900	39900	05	39900	32031	8	ourban	ourban	W	1.3189				N		1	0	0	252	164	0	0	0.3434	0.04386	0.07201	0.04386	0.000328	602.63	0.000298	532.03	0.203	0.014	0		4440	4370.96	2.0782	2.0641			4375.42	2.0723	2.0583			1.2087	1	0.01366	0.00877	0.29745	1	1.01205	0.9911	0	0
290012	Saint Rose Dominican Hospitals - Rose De Lima	29820	29820	29820	29820	32003	8	lurban	lurban	N	1.157				N		1	0	0	81	49	0	0	0.2499	0.02458	0	0.02458	0.000205	1206.94	0.000179	931.8	0.172	0.021	0		1093	1066.98	1.6036	1.5825			1068.03	1.6001	1.5824			1.105	1	0.03012	0.06963	0.38061	1	1.00328	0.9973	0	0
290019	Carson Tahoe Regional Medical Center	16180	16180	16180	16180	32510	8	ourban	ourban	N	1.0112				Y	0.0011	1	0	0	175	120	0	0	0.2578	0.02621	0.05359	0.02621		0		0	0.215	0.014	17	8072.22	5411	5300.97	1.7630	1.7394			5305.67	1.7653	1.7414			1.0077	1	0.01179	0.00532	0.48944	1	1.0051	0.9965	0	0
290021	Valley Hospital Medical Center	29820	29820	29820	29820	32003	8	lurban	lurban	N	1.157				N		1	0.3453	0.431	270	210	0.17232	0.12933	0.5158	0.07942	0.1101	0.07942	0.000323	818.45	0.000469	1204.08	0.093	0.005	0		3248	3189.27	1.8871	1.8775	1841.55	1.9199	3192.31	1.8907	1.8814	1843.42	1.9227	1.105	1	0.05931	0.02859	0.23378	1	0.99315	0.9923	0	0
290022	Desert Springs Hospital	29820	29820	29820	29820	32003	8	lurban	lurban	N	1.157				N		1	0	0	244	151	0	0	0.2988	0.03467	0.06238	0.03467	0.000275	671.23	0.000343	867.11	0.092	0.006	0		3395	3345.44	1.7686	1.7600			3348.25	1.7692	1.7612			1.105	1	0.0237	0.01629	0.30302	1	0.9901	0.9849	0	0
290032	Northern Nevada Medical Center	39900	39900	05	29	32031	8	ourban	rural	S	1.3189		YES	YES	N		1	0	0	72	32	0	0	0.1951	0.01358	0	0.01358	0.000081	400.35	0.000078	415.71	0.118	0.007	7		1693	1658.03	1.6845	1.6812			1660.08	1.6830	1.6795			1.2087	1	0.00224	0.0011	0.42339	1	1.00162	0.9770	0	0
290039	Mountainview Hospital	29820	29820	29820	29820	32003	8	lurban	lurban	N	1.157				N		1	0.2495	0	301	256	0.12745	0	0.3135	0.0377	0.06554	0.0377	0.00041	462.66	0.000424	490.99	0.091	0.007	0		7458	7258.80	1.8455	1.8316	2425.91	1.8699	7270.18	1.8498	1.8356	2430.59	1.8754	1.105	1	0.02228	0.02523	0.37865	1	1.0024	0.9878	0	0
290041	Summerlin Hospital Medical Center	29820	29820	29820	29820	32003	8	lurban	lurban	N	1.157				N		1	0	0	406	261	0	0	0.36	0.04729	0.07562	0.04729	0.000211	427.05	0.000333	721.01	0.081	0.006	0		4227	4150.87	1.7328	1.7244			4155.52	1.7367	1.7279			1.105	1	0.02994	0.02734	0.19729	1	0.9965	0.9922	0	0
290045	Saint Rose Dominican Hospitals - Siena Campus	29820	29820	29820	29820	32003	8	lurban	lurban	N	1.157				N		1	0.0567	0.0885	326	236	0.03049	0.02529	0.261	0.02687	0.05427	0.02687	0.00039	600.11	0.000351	609.44	0.137	0.011	0		5645	5527.39	1.9728	1.9589	2722.94	2.1914	5538.58	1.9662	1.9529	2728.75	2.1783	1.105	1	0.03019	0.03299	0.28453	1	0.99417	0.9961	0	0
290046	Spring Valley Hospital Medical Center	29820	29820	29820	29820	32003	8	lurban	lurban	N	1.157				N		1	0	0	238	186	0	0	0.343	0.04378	0.07193	0.04378	0.000353	925	0.000427	1256.56	0.09	0.006	0		3454	3378.02	1.9985	1.9899			3381.01	2.0036	1.9942			1.105	1	0.02001	0.01383	0.22051	1	0.99323	0.9878	0	0
290047	Southern Hills Hospital And Medical Center	29820	29820	29820	29820	32003	8	lurban	lurban	N	1.157				N		1	0.0264	0	162	103	0.01432	0	0.2814	0.03108	0.05864	0.03108	0.000181	530.36	0.000166	538.25	0.11	0.009	0		2993	2929.76	1.7688	1.7560	29.24	2.0534	2933.47	1.7705	1.7571	29.31	2.0575	1.105	1	0.02282	0.02658	0.32749	1	0.99607	0.9966	0	0
290049	Renown South Meadows Medical Center	39900	39900	39900	39900	32031	8	ourban	ourban	N	1.0101				N		1	0	0	76	33	0	0	0.1443	0	0	0		0	0.000059	402.19	0.212	0.021	0		1539	1512.60	1.5452	1.5421			1513.97	1.5433	1.5406			1.0069	1	0.00585	0.00846	0.39669	1	1.00996	0.9864	0	0
290053	Saint Rose Dominican Hospitals - San Martin Campus	29820	29820	29820	29820	32003	8	lurban	lurban	N	1.157				N		1	0	0	136	79	0	0	0.2421	0.02297	0.05025	0.02297	0.000193	809.02	0.00017	725.92	0.142	0.01	0		2083	2045.45	1.9252	1.9100			2049.37	1.9151	1.9013			1.105	1	0.04076	0.03082	0.27528	1	1.00347	0.9955	0	0
290054	Centennial Hills Hospital Medical Center	29820	29820	29820	29820	32003	8	lurban	lurban	N	1.157				N		1	0	0	199	149	0	0	0.3112	0.03722	0.06505	0.03722	0.000209	567.99	0.000205	612.93	0.082	0.006	0		3349	3273.00	1.7288	1.7123			3276.89	1.7322	1.7160			1.105	1	0.01521	0.01321	0.22584	1	0.99633	0.9860	0	0
290056	Mountain's Edge Hospital	29820	29820	29820	29820	32003	8	lurban	lurban	N	1.157				N		1	0		130	54	0	0.52699	0.016082279	0	0.00326	0		0		0	0.17	0.024	0		93	92.03	1.0097	1.0071			92.11	1.0040	1.0015			1.105	1	0	0	0.01857	1	1	1.0000	0	0
290057	Henderson Hospital	29820	29820	29820	29820	32003	8	lurban	lurban	N	1.157				N		1	0		122	54	0	0.52699	0.2835	0.03151	0.05909	0.03151		0		0	0.101	0.019	0		2156	2079.53	1.5726	1.5509			2083.73	1.5779	1.5563			1.105	1	0.01221	0.03828	0.25543	1	0.99751	0.9952	0	0
290058	Dignity Health St Rose Dominican N L V  Campus	29820	29820	29820	29820	32003	8	lurban	lurban	N	1.157				N		1	0		26	0	0	0.52699	0	0	0	0		0		0	0.146	0.013	0		91	87.28	0.8920	0.8886			87.51	0.8887	0.8859			1.105	1	0	0		1	1	1.0000	0	0
300001	Concord Hospital	30	30	31700	31700	33013	1	rural	ourban	L	1.042	LUGAR			N		1	0.1667	0.1998	184	148	0.08699	0.058	0.1808	0.01126	0.03729	0.01126	0.000534	706.43	0.000504	677.18	0.299	0.033	0		6121	5965.05	1.7040	1.6999	530.63	1.6416	5979.41	1.7026	1.6989	532.35	1.6331	1.0286	1	0.05243	0.09803	0.46929	1	1.00048	0.9987	0	0
300003	Mary Hitchcock Memorial Hospital	30	30	30	30	33009	1	rural	rural	N	1.042				N		1	0.8935	1.0793	378	303	0.39834	0.35605	0.274	0.02955	0	0.02955	0.000472	476.79	0.000627	630.7	0.332	0.02	17	8833.12	8091	7910.60	2.4218	2.4056	620.10	2.3016	7927.32	2.4286	2.4127	620.89	2.3052	1.0286	1	0.09297	0.05059	0.42797	1	0.99669	1.0000	0	0
300005	Lakes Region General Hospital	30	30	30	30	33001	1	rural	rural	N	1.042				N		1	0	0	86	45	0	0	0.1698	0.00947	0	0.00947		0		0	0.328	0.03	17	7020.18	2136	2065.63	1.7068	1.7003			2068.96	1.7068	1.7002			1.0286	1	0.04838	0.06297	0.55965	1	1.00247	0.9949	0	0
300011	St Joseph Hospital	31700	31700	31700	31700	33011	1	ourban	ourban	N	1.0623				Y	0.0203	1	0	0	184	54	0	0	0.0953	0	0.01949	0		0		0	0.403	0.023	0		2308	2265.30	1.4316	1.4259			2268.22	1.4296	1.4239			1.0423	1	0.06268	0.03138	0.49327	1	1.00183	0.9848	0	1
300012	Elliot Hospital	31700	31700	31700	31700	33011	1	ourban	ourban	N	1.0623				Y	0.0203	1	0	0	189	118	0	0	0.268	0.02831	0.05577	0.02831	0.000568	1051.47	0.000485	878.99	0.456	0.024	0		4427	4302.51	1.6451	1.6371			4314.53	1.6450	1.6377			1.0423	1	0.04291	0.01542	0.33979	1	0.9968	0.9890	0	0
300014	Frisbie Memorial Hospital	40484	40484	40484	40484	33017	1	ourban	ourban	N	1.042				N		1	0	0	64	31	0	0	0.3303	0.03	0	0.03	0.000146	731.73	0.000142	699.61	0.402	0.03	0		1610	1582.40	1.4065	1.3958			1584.91	1.4015	1.3912			1.0286	1	0.05676	0.05254	0.54968	1	1.00318	1.0000	0	0
300017	Parkland Medical Center	40484	40484	40484	40484	33015	1	ourban	ourban	N	1.0745				Y	0.0325	1	0	0	68	30	0	0	0.1575	0.00747	0	0.00747	0.000117	538.2	0.000093	441.02	0.188	0.014	0		1845	1787.80	1.3896	1.3776			1791.47	1.3891	1.3771			1.0504	1	0.01853	0.01383	0.52136	1	0.99598	0.9803	0	0
300018	Wentworth-Douglass Hospital	40484	40484	40484	40484	33017	1	ourban	ourban	N	1.042				N		1	0	0	112	80	0	0	0.1545	0.00698	0.03178	0.00698	0.000235	615.99	0.000199	529	0.327	0.035	0		3045	2980.14	1.4955	1.4850			2985.00	1.4930	1.4825			1.0286	1	0.06187	0.10822	0.46712	1	1.00787	0.9944	0	0
300019	Cheshire Medical Center	30	30	15764	30	33005	1	rural	rural	W	1.1163				N		1	0	0	89	40	0	0	0.1638	0.00849	0	0.00849	0.000156	583.37	0.000118	510.55	0.406	0.025	15	8341.52	2477	2412.27	1.4545	1.4485			2415.64	1.4542	1.4482			1.0783	1	0.02463	0.01524	0.56606	1	0.99927	0.9960	0	0
300020	Southern Nh Medical Center	31700	31700	31700	31700	33011	1	ourban	ourban	N	1.0623				Y	0.0203	1	0.0216	0.0469	151	74	0.01173	0.01332	0.2293	0.02033	0.04753	0.02033	0.000301	779.59	0.00028	751.39	0.394	0.023	0		3340	3279.78	1.3895	1.3820	442.67	1.4467	3283.61	1.3884	1.3807	443.03	1.4475	1.0423	1	0.03312	0.01375	0.39629	1	0.99543	0.9968	0	0
300023	Exeter Hospital Inc	40484	40484	15764	30	33015	1	ourban	rural	S	1.1163		YES	YES	N		1	0	0	97	56	0	0	0.123094881	0	0	0		0		0	0.378	0.03	15	8719.94	2735	2658.50	1.5585	1.5487			2665.19	1.5563	1.5472			1.0783	1	0.0333	0.03256	0.52251	1	1.00091	0.9952	0	0
300029	Portsmouth Regional Hospital	40484	40484	40484	40484	33015	1	ourban	ourban	N	1.0745				Y	0.0325	1	0	0	128	96	0	0	0.1523	0.00662	0.03132	0.00662	0.000062	127.98		0	0.162	0.015	0		4016	3934.89	1.8668	1.8587			3946.27	1.8716	1.8639			1.0504	1	0.04346	0.05536	0.55685	1	0.99726	0.9919	0	0
300034	Catholic Medical Center	31700	31700	31700	31700	33011	1	ourban	ourban	N	1.0623				Y	0.0203	1	0.0084	0	231	158	0.00458	0	0.2283	0.02012	0.04732	0.02012	0.00032	465.83	0.00032	474.62	0.284	0.016	0		5648	5567.46	2.0247	2.0199			5574.22	2.0266	2.0221			1.0423	1	0.06789	0.02639	0.48768	1	0.99927	0.9967	0	0
310001	Hackensack University Medical Center	35614	35614	35614	35614	34003	2	lurban	lurban	N	1.2866				N		1	0.237	0.2614	687	542	0.12144	0.07656	0.2552	0.02567	0.05304	0.02567	0.001526	1165.83	0.001336	995.42	0.235	0.013	0		10616	10494.63	2.2241	2.2163	1974.99	2.1882	10506.32	2.2347	2.2270	1977.20	2.1841	1.1884	1	0.0848	0.0459	0.31037	1	1.00164	0.9929	0	0
310002	Newark Beth Israel Medical Center	35084	35084	35614	35084	34013	2	lurban	lurban	W	1.272				N		1	0.3577	0.4748	452	310	0.17799	0.14338	0.5907	0.09487	0.12706	0.09487	0.00149	3194.31	0.001553	3140.4	0.165	0.007	0		3560	3538.91	2.2598	2.2521	1965.18	1.8071	3540.22	2.2556	2.2480	1965.55	1.8107	1.1791	1	0.06438	0.01795	0.26382	1	0.99716	0.9893	0	0
310003	Palisades Medical Center	35614	35614	35614	35614	34017	2	lurban	lurban	N	1.2866				N		1	0.4447	0.64	192	107	0.21691	0.19795	0.4092	0.05744	0.08639	0.05744	0.000443	1328.15	0.000491	1317.55	0.136	0.009	0		2517	2482.88	1.5861	1.5791	782.94	1.4238	2484.11	1.5904	1.5836	783.12	1.4271	1.1884	1	0.04478	0.03683	0.36566	1	0.99531	0.9848	0	0
310005	Hunterdon Medical Center	35084	35084	35084	35084	34019	2	lurban	lurban	N	1.1208				N		1	0.0995	0.1714	170	85	0.05287	0.04956	0.1469	0	0.03019	0		0		0	0.277	0.027	0		3818	3788.70	1.5166	1.5084	604.07	1.5086	3790.60	1.5176	1.5095	604.69	1.5103	1.0812	1	0.01615	0.0237	0.54798	1	1.00195	0.9928	0	0
310006	St Mary's General Hospital	35614	35614	35614	35614	34031	2	lurban	lurban	N	1.2866				N		1	0.0191	0.0337	158	73	0.01038	0.00956	0.3874	0.05294	0.08161	0.05294	0.000002	7.7	0.000305	913.37	0.155	0.006	0		2222	2174.51	1.8306	1.8075	761.11	1.8010	2176.66	1.8281	1.8047	761.75	1.8056	1.1884	1	0.00249	0.00022	0.42856	1	1.00131	0.9907	0	0
310008	Holy Name Medical Center	35614	35614	35614	35614	34003	2	lurban	lurban	N	1.2866				N		1	0	0	284	180	0	0	0.2572	0.02609	0.05346	0.02609	0.000209	315.93	0.00024	340.86	0.196	0.012	0		5049	4998.09	1.6183	1.6136			5002.66	1.6193	1.6149			1.1884	1	0.0072	0.00371	0.46995	1	0.99678	0.9863	0	0
310009	Clara Maass Medical Center	35084	35084	35614	35084	34013	2	lurban	lurban	W	1.272				N		1	0	0	280	178	0	0	0.3631	0.04793	0.0763	0.04793	0.000628	1208.18	0.000745	1327.71	0.161	0.008	0		3860	3825.59	1.5980	1.5821			3826.88	1.6004	1.5846			1.1791	1	0.01439	0.0067	0.39758	1	1.00228	0.9940	0	0
310010	Penn Medicine Princeton Medical Center	35614	35614	35614	35614	34023	2	lurban	lurban	N	1.2866				N		1	0.1739	0.2256	206	136	0.09057	0.06573	0.1144	0	0.02344	0		0		0	0.207	0.037	0		5348	5257.65	1.5002	1.4910	776.17	1.5893	5269.24	1.5012	1.4929	778.65	1.5915	1.1884	1	0.01414	0.06409	0.43774	1	1.01046	0.9996	0	0
310011	Cape Regional Medical Center Inc	36140	36140	12100	36140	34009	2	ourban	ourban	W	1.1791				N		1	0	0	149	69	0	0	0.2429	0.02314	0.05042	0.02314	0.000086	213.92	0.000092	219.58	0.205	0.015	0		3276	3198.37	1.4514	1.4349			3202.02	1.4483	1.4325			1.1194	1	0.00629	0.00477	0.57572	1	0.99664	0.9929	0	0
310012	Valley Hospital	35614	35614	35614	35614	34003	2	lurban	lurban	N	1.2866				N		1	0	0	390	259	0	0	0.0747	0	0.01524	0		0		0	0.226	0.018	0		8131	7986.89	1.9387	1.9280			7995.72	1.9402	1.9297			1.1884	1	0.0598	0.05684	0.45894	1	0.99946	0.9954	0	0
310014	Cooper University Hospital	15804	15804	37964	15804	34007	2	lurban	lurban	W	1.0962				N		1	0.3381	0.5488	577	402	0.16901	0.16751	0.4696	0.06989	0.09976	0.06989	0.000837	911.69	0.001004	1120.99	0.172	0.011	0		7768	7627.44	2.1712	2.1441	1581.33	2.1024	7636.15	2.1775	2.1506	1582.39	2.1068	1.0649	1	0.06482	0.0436	0.29859	1	0.9891	0.9919	0	0
310015	Morristown Medical Center	35084	35084	35614	35084	34027	2	lurban	lurban	W	1.272				N		1	0.2463	0.3059	599	492	0.12591	0.09016	0.1496	0	0.03076	0		0	0.000504	311.87	0.159	0.027	0		13463	13303.95	2.1881	2.1829	1751.11	2.2650	13321.17	2.1904	2.1849	1753.42	2.2836	1.1791	1	0.03249	0.13134	0.41326	1	1.00157	0.9954	0	0
310016	Carepoint Health-Christ Hospital	35614	35614	35614	35614	34017	2	lurban	lurban	N	1.2866				N		1	0.091	0.1242	188	109	0.04847	0.03567	0.5975	0.09627	0.12862	0.09627	0.00045	1828.98	0.000528	2036.95	0.079	0.002	0		1972	1954.55	1.5547	1.5374	755.70	1.4144	1955.03	1.5650	1.5477	755.90	1.4219	1.1884	1	0.02671	0.00151	0.27356	1	0.99304	0.9860	0	0
310017	Chilton Medical Center	35084	35084	35614	35084	34027	2	lurban	lurban	W	1.272				N		1	0	0	223	118	0	0	0.1092	0	0.02236	0		0		0	0.147	0.013	0		4277	4216.87	1.4694	1.4587			4219.89	1.4720	1.4616			1.1791	1	0.01823	0.02413	0.56953	1	1.0019	0.9935	0	0
310019	St Joseph's University Medical Center	35614	35614	35614	35614	34031	2	lurban	lurban	N	1.2866				N		1	0.2369	0.3472	680	474	0.1214	0.10294	0.4889	0.07387	0.10407	0.07387	0.001869	1947.28	0.001893	1838.85	0.137	0.008	0		7278	7214.37	1.9183	1.9049	2864.93	1.6648	7219.65	1.9253	1.9123	2865.49	1.6709	1.1884	1	0.02777	0.01665	0.3008	1	1.00259	0.9752	0	0
310021	St Francis Medical Center	45940	45940	35084	45940	34021	2	ourban	ourban	W	1.0817				N		1	0.1905	0.4088	144	60	0.09879	0.12228	0.6007	0.09693	0.12935	0.09693	0.000277	1836.7	0.000247	1458.28	0.142	0.007	0		1056	1041.59	1.8751	1.8505	484.64	1.9190	1042.07	1.8745	1.8494	484.88	1.9204	1.0553	1	0.04346	0.01248	0.30797	1	0.9974	0.9942	0	0
310022	Virtua West Jersey Hospitals Voorhees	15804	15804	15804	15804	34007	2	lurban	lurban	N	1.0744				Y	0.0082	1	0.0373	0.0748	591	389	0.02017	0.02133	0.1953	0.01361	0.04034	0.01361	0.000378	266.31	0.000383	255.81	0.157	0.032	0		11161	10987.81	1.4700	1.4565	2055.95	1.5108	11017.35	1.4694	1.4573	2061.49	1.5107	1.0504	1	0.05874	0.25582	0.38101	1	0.99699	0.9940	0	0
310024	Robert Wood Johnson University Hospital At Rahway	35084	35084	35084	35084	34039	2	lurban	lurban	N	1.1208				N		1	0	0	140	71	0	0	0.1713	0.00971	0.0353	0.00971	0.00016	525.04	0.000128	383.56	0.095	0.006	0		2200	2163.74	1.6545	1.6273			2165.62	1.6562	1.6291			1.0812	1	0.01326	0.00859	0.43129	1	0.9933	0.9838	0	0
310025	Carepoint Health - Bayonne Medical Center	35614	35614	35614	35614	34017	2	lurban	lurban	N	1.2866				N		1	0.2918	0.0538	141	67	0.1475	0.0153	0.2632	0.02732	0.05474	0.02732	0.000282	950.94	0.000208	658.55	0.075	0.002	0		2277	2244.87	1.4334	1.4178	489.78	1.4408	2246.48	1.4326	1.4173	490.08	1.4487	1.1884	1	0.00166	0	0.4972	1	1.00162	0.9853	0	0
310027	Trinitas Regional Medical Center	35084	35084	35084	35084	34039	2	lurban	lurban	N	1.1208				N		1	0.2029	0.2521	248	142	0.10488	0.07373	0.5099	0.0782	0.10877	0.0782	0.001037	3179.18	0.000996	2701.59	0.132	0.007	0		2325	2308.02	1.5782	1.5626	1118.88	1.3900	2308.64	1.5830	1.5673	1119.18	1.3926	1.0812	1	0.00905	0.00359	0.28343	1	0.99617	0.9963	0	0
310028	Newton Medical Center	35084	35084	35084	35084	34037	2	lurban	lurban	N	1.211				N		1	0	0	132	81	0	0	0.1525	0.00666	0.03136	0.00666	0.000059	128.76	0.000057	125.85	0.093	0.009	0		3815	3749.22	1.4729	1.4590			3751.40	1.4753	1.4617			1.1401	1	0.01416	0.02094	0.56707	1	0.99467	0.9864	0	0
310029	Our Lady Of Lourdes Medical Center	15804	15804	15804	15804	34007	2	lurban	lurban	N	1.0744				Y	0.0082	1	0.1606	0.1939	257	150	0.08394	0.05624	0.3236	0.03978	0.06772	0.03978	0.00034	563.02	0.000364	578.47	0.123	0.002	0		4618	4548.88	2.1998	2.1853	1052.98	2.2969	4554.11	2.2024	2.1882	1053.89	2.2984	1.0504	1	0.02587	0.00019	0.44624	1	0.99432	0.9981	0	0
310031	Deborah Heart And Lung Center	15804	15804	15804	15804	34005	2	lurban	lurban	N	1.0662				N		1	0.3294	0.6226	84	54	0.16501	0.19208	0.187345432	0.01232	0	0.01232	0.000163	703.64		0	0.173	0.007	14	9735.44	1892	1876.55	2.7037	2.6847	428.77	2.6604	1877.21	2.7017	2.6835	428.72	2.6318	1.0449	1	0.05123	0.00678	0.50737	1	1.00697	0.9925	0	0
310032	Inspira Medical Center Vineland	47220	47220	12100	47220	34011	2	ourban	ourban	W	1.1791				N		1	0.4036	0.545	280	186	0.1987	0.16626	0.3763	0.05065	0.07918	0.05065	0.00019	243.18	0.000354	443.41	0.143	0.012	0		6113	6023.00	1.4205	1.4123	1400.33	1.3636	6028.20	1.4212	1.4132	1401.42	1.3645	1.1194	1	0.02129	0.02595	0.43301	1	0.99211	0.9880	0	0
310034	Riverview Medical Center	35614	35614	35614	35614	34025	2	lurban	lurban	N	1.2866				N		1	0	0	269	148	0	0	0.2036	0.01503	0.04209	0.01503	0.000154	247.16	0.000152	244.1	0.149	0.007	0		5142	5053.56	1.6243	1.6120			5063.91	1.6166	1.6060			1.1884	1	0.00595	0.00104	0.4816	1	0.99571	0.9956	0	0
310038	Robert Wood Johnson University Hospital	35614	35614	35614	35614	34023	2	lurban	lurban	N	1.2866				N		1	0.3308	0.3486	610	514	0.16565	0.10338	0.2998	0.03487	0.06259	0.03487	0.001454	1287.51	0.001242	1042.44	0.143	0.01	0		8761	8665.63	2.1251	2.1125	1971.10	2.0983	8673.75	2.1330	2.1204	1972.32	2.1130	1.1884	1	0.09625	0.08685	0.37739	1	0.99576	0.9890	0	0
310039	Raritan Bay Medical Center Perth Amboy Division	35614	35614	35614	35614	34023	2	lurban	lurban	N	1.2866				N		1	0.0977	0.159	275	168	0.05194	0.04589	0.3702	0.04939	0.07785	0.04939	0.000375	699.02	0.000429	753.26	0.142	0.004	0		4113	4038.93	1.5890	1.5630	990.06	1.4751	4041.44	1.5925	1.5664	990.68	1.4777	1.1884	1	0.00554	0.00019	0.43351	1	1.0001	0.9826	0	0
310040	Carepoint Health-Hoboken University Medical Center	35614	35614	35614	35614	34017	2	lurban	lurban	N	1.2866				N		1	0.2581	0.4753	116	56	0.13156	0.14354	0.479	0.07183	0.10186	0.07183	0.000336	2200.71	0.00039	2272.51	0.082	0.004	0		1094	1079.15	1.3758	1.3633	339.62	1.4161	1080.04	1.3804	1.3683	339.88	1.4188	1.1884	1	0.05508	0.02807	0.26794	1	0.99557	0.9904	0	0
310041	Community Medical Center	35614	35614	35614	35614	34029	2	lurban	lurban	N	1.2866				N		1	0	0	424	290	0	0	0.1565	0.00731	0.0322	0.00731	0.000682	554.67		0	0.17	0.008	0		9676	9586.19	1.5080	1.5028			9592.42	1.5105	1.5056			1.1884	1	0.01321	0.0041	0.56296	1	0.99586	0.9880	0	0
310044	Capital Health Medical Center - Hopewell	45940	45940	35084	45940	34021	2	ourban	ourban	W	1.0817				N		1	0.0018	0.0094	170	123	0.00098	0.00266	0.3515	0.04553	0.07377	0.04553	0.000419	1340.7	0.000381	1100.78	0.075	0.02	0		2451	2417.43	1.6324	1.6233	1090.86	1.6468	2420.07	1.6329	1.6245	1091.94	1.6441	1.0553	1	0.09428	0.56348	0.2518	1	1.00216	0.9951	0	0
310045	Englewood Hospital And Medical Center	35614	35614	35614	35614	34003	2	lurban	lurban	N	1.2866				N		1	0.1987	0.2809	267	184	0.10282	0.0825	0.1952	0.0136	0.04032	0.0136	0.000613	835.67	0.000438	581.54	0.119	0.008	0		5770	5676.57	1.8846	1.8768	933.82	2.0720	5680.62	1.8840	1.8757	934.48	2.0658	1.1884	1	0.01781	0.01244	0.44054	1	0.99425	0.9849	0	0
310047	Shore Medical Center	12100	12100	12100	12100	34001	2	ourban	ourban	N	1.2186				N		1	0	0	296	86	0	0	0.2156	0.01751	0.04463	0.01751	0.000155	313.01	0.000175	344.12	0.162	0.016	0		4028	3933.69	1.4683	1.4410			3942.40	1.4671	1.4409			1.145	1	0.01628	0.02262	0.50131	1	1.00271	0.9831	0	0
310048	Robert Wood Johnson University Hospital Somerset	35084	35084	35084	35084	34035	2	lurban	lurban	N	1.1208				N		1	0.0706	0.1135	260	159	0.03782	0.03255	0.1667	0.00896	0.03433	0.00896	0.000367	527.27	0.000281	386.22	0.113	0.009	0		5342	5272.08	1.5293	1.5185	906.01	1.4926	5276.89	1.5311	1.5206	907.16	1.4939	1.0812	1	0.01321	0.0145	0.49635	1	0.99484	0.9912	0	0
310050	Saint Clare's Hospital/ Denville Campus	35084	35084	35614	35084	34027	2	lurban	lurban	W	1.272				N		1	0	0	325	150	0	0	0.2298	0.02043	0.04763	0.02043	0.00034	474.57	0.000289	402.82	0.176	0.012	0		5488	5343.20	1.7333	1.7142			5349.74	1.7367	1.7182			1.1791	1	0.0053	0.00392	0.43375	1	1.00316	0.9793	0	0
310051	Overlook Medical Center	35084	35084	35614	35084	34039	2	lurban	lurban	W	1.272				N		1	0.1876	0.3029	443	252	0.09736	0.08924	0.1537	0.00685	0.03161	0.00685	0.000449	499.31	0.00036	385.53	0.164	0.015	0		7175	7078.06	1.6572	1.6475	1478.23	1.5517	7084.57	1.6628	1.6534	1479.42	1.5545	1.1791	1	0.02735	0.03449	0.39257	1	0.9947	0.9999	0	0
310052	Ocean Medical Center	35614	35614	35614	35614	34029	2	lurban	lurban	N	1.2866				N		1	0	0	272	189	0	0	0.0953	0	0.01949	0		0		0	0.138	0.007	0		7642	7551.25	1.5570	1.5466			7556.56	1.5573	1.5472			1.1884	1	0.00838	0.00305	0.60262	1	0.99664	0.9949	0	0
310054	Hackensack-Umc Mountainside	35084	35084	35614	35084	34013	2	lurban	lurban	W	1.272				N		1	0.2614	0.4161	168	105	0.13313	0.1246	0.186	0.0121	0.03838	0.0121	0.000293	567.55	0.000201	386.27	0.132	0.015	0		4235	4181.12	1.4888	1.4780	783.12	1.4927	4184.06	1.4880	1.4775	783.65	1.4946	1.1791	1	0.00438	0.00853	0.48242	1	0.99628	0.9802	0	0
310057	Virtua Memorial Hospital Of Burlington County	15804	15804	15804	15804	34005	2	lurban	lurban	N	1.0662				N		1	0.0388	0.063	312	204	0.02097	0.01794	0.2251	0.01946	0.04664	0.01946	0.000207	293.27	0.000251	336.07	0.154	0.006	0		5478	5405.87	1.5230	1.5139	1268.08	1.4969	5409.20	1.5268	1.5178	1269.24	1.5033	1.0449	1	0.0457	0.0108	0.4161	1	0.99266	0.9971	0	0
310058	Bergen New Bridge Medical Center	35614	35614	35614	35614	34003	2	lurban	lurban	N	1.2866				N		1	0.1107	0.1933	120	87	0.05864	0.05606	0.9309	0.16504	0.20745	0.16504	0.000193	2580.69	0.000282	3584.99	0.239	0.007	0		563	557.60	1.1640	1.1586	48.00	1.0288	557.91	1.1708	1.1657	48.00	1.0304	1.1884	1	0.00915	0	0.11268	1	1.00655	0.9932	0	0
310060	St Luke's Warren Hospital	10900	10900	10900	10900	34041	2	ourban	ourban	N	1.0725				Y	0.0883	1	0.1537	0.291	103	54	0.08048	0.08559	0.1574	0.00745	0.03239	0.00745	0.000213	723.01		0	0.11	0.008	14	2177.67	2395	2334.52	1.5430	1.5271	370.41	1.5578	2337.62	1.5413	1.5258	371.05	1.5533	1.0491	1	0.00717	0.0063	0.65367	1	1.00944	0.9970	0	0
310061	Lourdes Medical Center Of Burlington County	15804	15804	15804	15804	34005	2	lurban	lurban	N	1.0662				N		1	0.0529	0.0169	113	56	0.02848	0.00478	0.412	0.05801	0.08701	0.05801	0.000129	463.29	0.00011	404.25	0.117	0.006	0		2224	2191.18	1.3616	1.3546	623.28	1.3585	2193.34	1.3620	1.3554	623.61	1.3654	1.0449	1	0.01426	0.00703	0.61396	1	0.99778	0.9951	0	0
310064	Atlanticare Regional Medical Center - City Campus	12100	12100	12100	12100	34001	2	ourban	ourban	N	1.2186				N		1	0.08	0.1187	545	339	0.04274	0.03406	0.3654	0.0484	0.0768	0.0484	0.000717	561.29	0.001635	1260.51	0.149	0.008	0		10665	10536.51	1.6478	1.6291	1798.10	1.6970	10544.98	1.6496	1.6311	1799.59	1.7025	1.145	1	0.00952	0.00318	0.4069	1	1.00332	0.9946	0	0
310069	Inspira Medical Center Elmer	48864	48864	48864	48864	34033	2	ourban	ourban	N	1.1315				N		1	0	0	83	33	0	0	0.128326713	0	0	0		0		0	0.185	0.007	0		1257	1237.27	1.3142	1.3041			1238.00	1.3130	1.3029			1.0883	1	0.02052	0.00578	0.50493	1	1.00773	0.9908	0	0
310070	Saint Peter's University Hospital	35614	35614	35614	35614	34023	2	lurban	lurban	N	1.2866				N		1	0.324	0.4569	350	232	0.16251	0.13762	0.2985	0.0346	0.06231	0.0346	0.0006	1253.21	0.000608	1282.29	0.098	0.01	0		3926	3859.33	1.6257	1.6102	816.98	1.6013	3862.47	1.6285	1.6135	817.62	1.6030	1.1884	1	0.02616	0.04712	0.2327	1	1.00633	0.9856	0	0
310073	Jersey Shore University Medical Center	35614	35614	35614	35614	34025	2	lurban	lurban	N	1.2866				N		1	0.1686	0.255	556	363	0.08793	0.07461	0.2378	0.02208	0.04933	0.02208	0.000389	314.5	0.000486	395.1	0.15	0.01	0		10197	10058.16	2.0824	2.0641	1586.29	2.0085	10066.04	2.0857	2.0676	1587.77	2.0149	1.1884	1	0.03223	0.02356	0.45549	1	0.99934	0.9981	0	0
310074	Jersey City Medical Center	35614	35614	35614	35614	34017	2	lurban	lurban	N	1.2866				N		1	0.292	0.3882	262	183	0.1476	0.11578	0.5624	0.08903	0.12062	0.08903	0.001219	3340.81	0.000889	2285.13	0.145	0.012	0		2772	2731.82	1.8730	1.8559	1094.82	1.7741	2734.83	1.8704	1.8539	1095.95	1.7763	1.1884	1	0.03496	0.0468	0.25593	1	0.99455	0.9868	0	0
310075	Monmouth Medical Center	35614	35614	35614	35614	34025	2	lurban	lurban	N	1.2866				N		1	0.362	0.6403	295	144	0.17994	0.19805	0.4241	0.06051	0.08968	0.06051	0.000642	1447.86	0.00082	1863.67	0.195	0.012	0		3718	3649.13	1.6411	1.6301	577.42	1.5962	3653.48	1.6398	1.6301	577.92	1.5952	1.1884	1	0.03629	0.02297	0.25809	1	1.00825	0.9989	0	0
310076	Saint Barnabas Medical Center	35084	35084	35614	35084	34013	2	lurban	lurban	W	1.272				N		1	0.2681	0.3841	583	394	0.13632	0.11449	0.2348	0.02147	0.0487	0.02147	0.001284	1353.82	0.001038	1077.87	0.175	0.011	0		7485	7416.39	1.8495	1.8392	1945.23	1.8200	7421.11	1.8540	1.8439	1946.04	1.8219	1.1791	1	0.04856	0.0333	0.3003	1	1.00136	0.9888	0	0
310081	Inspira Medical Center Woodbury	15804	15804	15804	15804	34015	2	lurban	lurban	N	1.0662				N		1	0.0617	0.1229	241	98	0.03313	0.03529	0.2169	0.01777	0.0449	0.01777	0.000039	80.41	0.000104	208.67	0.14	0.011	0		3894	3829.46	1.4509	1.4358	646.27	1.5388	3833.12	1.4451	1.4300	646.50	1.5374	1.0449	1	0.02277	0.02276	0.50404	1	0.99562	0.9921	0	0
310083	East Orange General Hospital	35084	35084	35614	35084	34013	2	lurban	lurban	W	1.272				N		1	0	0	159	67	0	0	0.5407	0.08456	0.11571	0.08456	0.000261	1413.07	0.000292	1502.91	0.123	0.006	0		1488	1463.72	1.8049	1.7646			1464.75	1.8106	1.7713			1.1791	1	0.0139	0.00542	0.39841	1	0.99635	0.9857	0	0
310084	Monmouth Medical Center-Southern Campus	35614	35614	35614	35614	34029	2	lurban	lurban	N	1.2866				N		1	0	0	201	94	0	0	0.4725	0.07049	0.10041	0.07049	0.000242	925.13	0.000401	1501.09	0.144	0.009	0		2209	2175.72	1.5230	1.5039			2177.02	1.5295	1.5104			1.1884	1	0.00825	0.00549	0.39473	1	0.99416	0.9980	0	0
310086	Jefferson Stratford Hospital	15804	15804	15804	15804	34007	2	lurban	lurban	N	1.0744				Y	0.0082	1	0.2957	0.4325	526	331	0.14933	0.12981	0.2982	0.03454	0.06225	0.03454	0.000724	553.05	0.000503	382.55	0.12	0.008	0		10901	10694.94	1.5039	1.4864	1852.13	1.7144	10705.99	1.5033	1.4860	1854.06	1.7126	1.0504	1	0.03006	0.02289	0.45619	1	0.99918	0.9910	0	0
310091	Salem Medical Center	48864	48864	48864	48864	34033	2	ourban	ourban	N	1.1315				N		1	0	0	126	33	0	0	0.3143	0.03786	0.06571	0.03786	0.000157	743.8	0.000104	480.8	0.154	0.014	0		1506	1474.29	1.2311	1.2254			1476.24	1.2303	1.2246			1.0883	1	0.0182	0.02229	0.62184	1	0.99825	0.9947	0	0
310092	Capital Health System-Fuld Campus	45940	45940	35084	45940	34021	2	ourban	ourban	W	1.0817				N		1	0.2103	0.2445	162	115	0.1085	0.07143	0.4078	0.05715	0.08609	0.05715	0.000914	3529.05	0.00072	2346.62	0.069	0.008	0		1962	1929.38	1.7829	1.7519	764.39	1.6036	1931.01	1.7976	1.7665	764.80	1.6152	1.0553	1	0.12648	0.28825	0.35049	1	0.99782	0.9943	0	0
310096	Saint Michael's Medical Center	35084	35084	35614	35084	34013	2	lurban	lurban	W	1.272				N		1	0.4963	0.5631	147	96	0.23934	0.17223	0.4868	0.07344	0.1036	0.07344	0.000453	1647.65	0.000432	1435.51	0.195	0.022	0		2150	2111.99	2.0629	2.0364	770.30	1.8894	2113.70	2.0621	2.0361	770.61	1.8937	1.1791	1	0.01879	0.05036	0.36224	1	1.00773	0.9903	0	0
310108	Jfk Medical Ctr - Anthony M. Yelencsics Community	35614	35614	35614	35614	34023	2	lurban	lurban	N	1.2866				N		1	0.0936	0.136	357	239	0.04982	0.03913	0.2185	0.0181	0.04524	0.0181	0.000459	592.41	0.000431	537.28	0.18	0.006	0		6098	6022.39	1.7034	1.6897	1731.78	1.5869	6026.42	1.7049	1.6912	1732.56	1.5938	1.1884	1	0.01496	0.00131	0.41843	1	0.99782	0.9816	0	0
310110	Robert Wood Johnson University Hospital Hamilton	45940	45940	35084	45940	34021	2	ourban	ourban	W	1.0817				N		1	0	0	164	116	0	0	0.1462	0	0.03005	0		0	0.000247	518.95	0.119	0.01	0		2963	2911.05	1.5466	1.5337			2915.23	1.5448	1.5322			1.0553	1	0.01253	0.01451	0.53572	1	1.00475	0.9845	0	0
310111	Centrastate Medical Center	35614	35614	35614	35614	34025	2	lurban	lurban	N	1.2866				N		1	0.0781	0.1184	245	150	0.04175	0.03398	0.1193	0	0.02445	0		0		0	0.202	0.015	0		5180	5122.80	1.5547	1.5463	1140.94	1.5225	5126.48	1.5579	1.5498	1141.42	1.5313	1.1884	1	0.01782	0.01439	0.4892	1	0.99631	0.9927	0	0
310112	Bayshore Medical Center	35614	35614	35614	35614	34025	2	lurban	lurban	N	1.2866				N		1	0	0	160	103	0	0	0.1446	0	0.02971	0		0	0.000089	205.18	0.149	0.007	0		3321	3280.40	1.5701	1.5636			3282.34	1.5724	1.5661			1.1884	1	0.01619	0.00573	0.57349	1	1.00489	0.9971	0	0
310113	Southern Ocean Medical Center	35614	35614	35614	35614	34029	2	lurban	lurban	N	1.2866				N		1	0	0	152	76	0	0	0.136	0	0.02792	0		0		0	0.137	0.005	0		3024	2943.75	1.5989	1.5862			2947.61	1.6010	1.5886			1.1884	1	0.00233	0.00007	0.52724	1	0.99896	1.0000	0	0
310115	Hackettstown Medical Center	10900	10900	10900	10900	34041	2	ourban	ourban	N	1.0725				Y	0.0883	1	0	0	95	36	0	0	0.095428004	0	0	0		0		0	0.127	0.014	0		1731	1675.01	1.5333	1.5166			1677.73	1.5328	1.5165			1.0491	1	0.00876	0.0161	0.59309	1	0.99052	0.9954	0	0
310118	Hudson Regional Hospital	35614	35614	35614	35614	34017	2	lurban	lurban	N	1.2866				N		1	0	1.5	102	26	0	0.52699	0.3373	0.04261	0.07069	0.04261	0.000027	388.84	0.000066	825.77	0.155	0.015	0		542	535.74	1.4086	1.4032			535.77	1.4075	1.4020			1.1884	1	0.18634	0.17639	0.33444	1	1.00565	0.9854	0	0
310119	University Hospital	35084	35084	35614	35084	34013	2	lurban	lurban	W	1.272				N		1	0.7904	1.2078	378	293	0.35914	0.40613	0.6934	0.11605	0.15075	0.11605	0.002424	9306.53	0.002076	7649.35	0.187	0.012	0		2018	1992.83	2.0454	2.0291	1154.00	1.8502	1994.38	2.0601	2.0438	1154.51	1.8649	1.1791	1	0.11554	0.09518	0.16031	1	0.99441	0.9981	0	0
310130	Hackensack Meridian Health Pascack Valley Medical	35614	35614	35614	35614	34003	2	lurban	lurban	N	1.2866				N		1	0	0	96	47	0	0	0.1874	0.01233	0	0.01233	0.000034	147.67	0.000034	156.2	0.171	0.036	0		1864	1821.67	1.5819	1.5478			1824.56	1.5840	1.5501			1.1884	1	0.01113	0.06473	0.40574	1	0.9965	0.9862	0	0
320001	Unm Hospital	10740	10740	42140	32	35001	8	ourban	rural	S	0.9198		YES	YES	N		1	0.6744	0.7923	472	387	0.3134	0.25055	0.6367	0.10436	0	0.10436	0.001193	2662.66	0.001908	4237.33	0.432	0.02	7		3736	3687.98	2.1742	2.1582	1587.00	2.0598	3690.57	2.1893	2.1737	1588.09	2.0731	0.9444	1	0.14736	0.06027	0.16069	1	0.99526	0.9995	0	0
320002	Christus St Vincent Regional Medical Center	42140	42140	42140	42140	35049	8	ourban	ourban	N	1.0692				N		1	0.0358	0.0784	168	121	0.01937	0.02237	0.393	0.05409	0.08283	0.05409		0		0	0.28	0.021	16	8982.66	3270	3214.86	1.7170	1.7022	1035.65	1.7517	3218.55	1.7140	1.7000	1037.47	1.7507	1.0469	1	0.0497	0.04465	0.32649	1	1.00022	1.0000	0	0
320003	Alta Vista Regional Hospital	32	32	42140	32	35047	8	rural	rural	W	0.9198				N		1	0	0	46	10	0	0	0.321494131	0.03	0	0.03		0		0	0.189	0.026	16	7982.51	402	395.42	1.3140	1.3001			395.63	1.3118	1.2982			0.9444	1	0.01699	0.04277	0.51755	1	1.00882	0.9959	0	0
320004	Gerald Champion Regional Medical Center	32	32	32	32	35035	8	rural	rural	N	0.8771				N		1	0	0	54	27	0	0	0.2195	0.01831	0	0.01831		0		0	0.159	0.021	16	8591.39	1257	1231.33	1.6492	1.6388			1232.54	1.6484	1.6381			0.9141	1	0.01922	0.04921	0.40824	1.04682	0.99571	0.9848	0	0
320005	San Juan Regional Medical Center	22140	22140	06	32	35045	8	ourban	rural	S	0.9244		YES	YES	N		1	0	0	184	115	0	0	0.4696	0.06989	0	0.06989		0		0	0.313	0.026	17	8110.91	3973	3921.49	1.7853	1.7756			3924.78	1.7783	1.7689			0.9476	1	0.04756	0.05603	0.47239	1	1.00624	0.9949	0	0
320006	Eastern New Mexico Medical Center	32	32	10740	32	35005	8	rural	rural	W	0.9052				N		1	0	0	162	53	0	0	0.5691	0.09041	0	0.09041	0.000071	337.04	0.000117	558.65	0.147	0.01	7		1745	1684.60	1.6264	1.6092			1686.65	1.6260	1.6084			0.9341	1	0.01924	0.01698	0.39475	1	1.00956	0.9930	0	0
320009	Lovelace Medical Center	10740	10740	42140	10740	35001	8	ourban	ourban	W	0.9198				N		1	0	0	294	164	0	0	0.3224	0.03953	0.06746	0.03953	0.000229	502.6	0.000164	372.47	0.154	0.015	0		3832	3775.43	2.1716	2.1647			3779.24	2.1684	2.1615			0.9444	1	0.02764	0.0426	0.30077	1	1.00546	0.9967	0	0
320011	Presbyterian Espanola Hospital	32	32	42140	32	35039	8	rural	rural	W	0.9198				N		1	0	0	49	22	0	0	0.5328	0.03	0	0.03		0		0	0.32	0.028	16	8389.24	523	511.82	1.4454	1.4379			512.32	1.4417	1.4345			0.9444	1	0.00147	0.00205	0.30557	1.11296	1.00925	1.0000	0	0
320016	Gila Regional Medical Center	32	32	32	32	35017	8	rural	rural	N	0.8771				N		1	0	0	32	15	0	0	0.4438	0.03	0	0.03		0	0.00007	784.19	0.385	0.037	16	5701.06	652	621.24	1.5139	1.4945			622.83	1.5098	1.4899			0.9141	1	0.02035	0.03055	0.41333	1.15818	1.00716	1.0000	0	1
320017	Lovelace Women's Hospital	10740	10740	42140	10740	35001	8	ourban	ourban	W	0.9198				N		1	0.0074	0.0248	162	70	0.00404	0.00702	0.6627	0.10972	0.14362	0.10972	0.000062	708.39	0.000173	2052.17	0.176	0.033	0		749	736.07	1.5188	1.5051	582.16	1.4543	736.97	1.5145	1.5015	582.99	1.4538	0.9444	1	0.01165	0.04783	0.0918	1	0.99958	0.9747	0	0
320018	Memorial Medical Center	29740	29740	29740	29740	35013	8	ourban	ourban	N	0.9029				N		1	0.0469	0.105	199	97	0.02529	0.03007	0.5085	0.07792	0.10846	0.07792	0.00022	804.16	0.00034	1285.12	0.174	0.016	0		2362	2320.97	1.7383	1.7220	1330.24	1.7365	2323.55	1.7350	1.7191	1330.97	1.7408	0.9324	1	0.02511	0.03411	0.28899	1	0.99958	0.9963	0	0
320021	Presbyterian Hospital	10740	10740	42140	10740	35001	8	ourban	ourban	W	0.9198				N		1	0.0047	0.007	671	454	0.00257	0.00198	0.4471	0.06525	0.09476	0.06525	0.000833	823.72	0.001029	1058.78	0.262	0.02	0		8314	8186.11	1.8414	1.8304	6123.84	1.7912	8194.55	1.8396	1.8293	6130.03	1.7929	0.9444	1	0.01689	0.01481	0.21561	1	0.99628	1.0000	0	0
320022	Plains Regional Medical Center	32	32	32	32	35009	8	rural	rural	N	0.8771				N		1	0	0	106	28	0	0	0.5149	0.03	0	0.03	0.000162	1318.75	0.000159	1253.24	0.268	0.024	0		1026	995.20	1.3706	1.3569			996.80	1.3697	1.3559			0.9141	1	0.00519	0.00847	0.31268	1.01296	1.00484	0.9947	0	0
320030	Artesia General Hospital	32	32	32	32	35015	8	rural	rural	N	0.8771				N		1	0	0	34	5	0	0	0.2547	0.02557	0	0.02557	0.000232	4739.07	0.000114	2585.86	0.315	0.034	16	6853.79	507	492.17	1.4068	1.4044			493.17	1.4009	1.3980			0.9141	1	0.03463	0.09007	0.49788	1.23242	1	1.0000	1	0
320033	Los Alamos Medical Center	32	32	42140	32	35028	8	rural	rural	S	0.9198	LUGAR	YES	YES	N		1	0	0	47	8	0	0	0.2242	0.01928	0	0.01928		0		0	0.294	0.041	16	10359.49	293	287.89	1.2755	1.2721			288.02	1.2786	1.2751			0.9444	1	0.08553	0.18038	0.36983	1.20849	0.99877	0.9912	0	0
320038	Rehoboth Mckinley Christian Health Care Services	32	32	32	32	35031	8	rural	rural	N	0.8771				N		1	0	0	60	36	0	0	0.6993	0.03	0	0.03		0		0	0.321	0.025	16	6714.82	863	840.97	1.4704	1.4628			840.95	1.4736	1.4664			0.9141	1	0.00946	0.0095	0.21343	1.0947	0.9955	0.9974	0	0
320057	Santa Fe Phs Indian Hospital	42140	99	99	99	35049	8	ourban	rural	N	1.4448				N		1	0	0	4	0	0	0	1.0714	0.03	0	0.03	0.000003	14579.26	0.000003	6807.8	0.259	0.021	8		4	4.00	1.3211	1.3211			4.00	1.3234	1.3234			1.2866	1			0.06977	1.25	1	1.0000	0	0
320058	Mescalero Phs Indian Hospital	32	99	99	99	35035	8	rural	rural	N	1.4448				N		1	0	0	11	0	0	0	0.7218	0.03	0	0.03	0.000007	18919.65	0.000007	18225.59	0.232	0.021	8		4	4.00	0.7308	0.7308			4.00	0.7315	0.7315			1.2866	1			0.04511	1.25	1	1.0000	0	0
320059	Northern Navajo Medical Center	22140	99	99	99	35045	8	ourban	rural	N	1.4448				N		1	0	0	59	19	0	0	0.6831	0.03	0	0.03	0.000114	1840.2	0.000109	1656.34	0.259	0.021	8		515	509.22	1.2050	1.2015			509.31	1.2057	1.2023			1.2866	1			0.35542	1.15235	1.00546	0.9977	0	0
320060	Zuni Comprehensive Community Health Center	32	99	99	99	35031	8	rural	rural	N	1.4448				N		1	0	0	27	3	0	0	0.9729	0.03	0	0.03	0.000035	2482.67	0.00003	2261.15	0.232	0.021	8		135	130.39	1.1381	1.1197			130.66	1.1386	1.1185			1.2866	1			0.34565	1.25	1	1.0000	1	0
320061	Gallup Indian Medical Center	32	99	99	99	35031	8	rural	rural	N	1.4448				N		1	0	0	78	29	0	0	0.6751	0.03	0	0.03	0.000191	1981.64	0.000186	1887.84	0.232	0.021	8		756	747.84	1.1520	1.1447			747.97	1.1535	1.1460			1.2866	1			0.36561	1.07485	1	0.9895	1	0
320062	Crownpoint Healthcare Facility	32	99	99	99	35031	8	rural	rural	N	1.4448				N		1	0	0	20	2	0	0	0.7009	0.03	0	0.03	0.000025	1888.9	0.000024	1814.62	0.232	0.021	8		101	97.75	1.0233	1.0126			97.89	1.0211	1.0115			1.2866	1			0.44651	1.25	1	1.0000	0	0
320063	Carlsbad Medical Center	32	32	32	32	35015	8	rural	rural	N	0.8771				N		1	0	0	105	16	0	0	0.4315	0.06203	0	0.06203		0		0	0.154	0.028	17	6442.66	738	703.17	1.6856	1.6689			704.61	1.6863	1.6691			0.9141	1	0.0085	0.03714	0.41247	1.11629	1.01494	0.9978	0	0
320065	Lea Regional Medical Center	32	32	36220	32	35025	8	rural	rural	W	0.9062				N		1	0	0	143	16	0	0	0.4566	0.06721	0	0.06721		0		0	0.177	0.021	17	7264.23	646	622.11	1.4630	1.4380			623.18	1.4612	1.4362			0.9348	1	0.00267	0.01065	0.32743	1.08606	1.00977	0.9999	0	0
320067	Guadalupe County Hospital	32	32	32	32	35019	8	rural	rural	N	0.8771				N		1	0	0	15	2	0	0	0.3915	0.03	0	0.03		0		0	0.64	0.115	16	14820.48	99	98.13	0.8575	0.8551			97.86	0.8591	0.8532			0.9141	1	0.00305	0.01621	0.46476	1.25	1	1.0000	0	0
320070	Dhhs Usphs Indian Health Services	32	99	99	99	35006	8	rural	rural	N	1.4448				N		1	0		6	0	0	0.52699	0.1905	0.01283	0	0.01283	0.000004	3610.81		0	0.232	0.021	8		12	12.00	1.0993	1.0993			12.00	1.0915	1.0915			1.2866	1			0.33333	1.25	1	1.0000	1	0
320074	Lovelace Westside Hospital	10740	10740	42140	10740	35001	8	ourban	ourban	W	0.9198				N		1	0	0	70	21	0	0	0.3462	0.03	0	0.03	0.000043	604.43	0.00003	462.19	0.175	0.018	0		654	635.91	1.5195	1.5092			637.10	1.5187	1.5090			0.9444	1	0.00834	0.01345	0.1908	1	1.00825	0.9886	0	0
320084	Roosevelt General Hospital	32	32	32	32	35041	8	rural	rural	N	0.8771				N		1	0	0	24	3	0	0	0.3254	0.03	0	0.03	0.000059	1765.22	0.000035	998.31	0.363	0.03	0		278	269.37	1.0394	1.0241			269.92	1.0314	1.0154			0.9141	1	0	0	0.5004	1.25	1	0.9923	0	0
320085	Mountain View Regional Medical Center	29740	29740	29740	29740	35013	8	ourban	ourban	N	0.9029				N		1	0.0825	0	171	124	0.04405	0	0.3873	0.05292	0.08159	0.05292	0.000081	194.4	0.000136	331.65	0.152	0.011	0		3395	3337.98	2.0323	2.0043	989.89	1.8084	3342.01	2.0302	2.0026	991.34	1.8124	0.9324	1	0.0384	0.03376	0.37851	1	0.99986	0.9890	0	0
320086	Lovelace Regional Hospital - Roswell	32	32	32	32	35005	8	rural	rural	N	0.8771				N		1	0	0	26	16	0	0	0.497	0.03	0	0.03	0.000034	442.74	0.000036	471.28	0.184	0.034	0		624	613.72	1.4822	1.4798			614.51	1.4810	1.4790			0.9141	1	0.00125	0.00792	0.31921	1	0.99984	0.9814	0	0
320089	Unm Sandoval Regional Medical Center	10740	10740	10740	10740	35043	8	ourban	ourban	N	0.9052				N		1	0.0071	0.0091	60	35	0.00387	0.00257	0.2498	0.02456	0	0.02456	0.000119	1086.95	0.000111	1012.54	0.383	0.055	0		836	823.03	1.6879	1.6881	237.77	1.6863	823.74	1.6887	1.6894	237.95	1.6818	0.9341	1	0.03664	0.10242	0.30969	1	1.00795	1.0000	0	0
330003	Albany Memorial Hospital	10580	10580	10580	10580	36001	2	ourban	ourban	N	0.8618				N		1	0	0	73	33	0	0	0.2033	0.01497	0	0.01497	0.000098	913.74	0.000087	718.44	0.39	0.011	0		767	753.40	1.4593	1.4457			754.13	1.4599	1.4466			0.9032	1	0.00856	0.00123	0.38034	1	1.00683	1.0000	0	0
330004	Healthalliance Hospital Broadway Campus	28740	28740	28740	28740	36111	2	ourban	ourban	N	1.0331				Y	0.1315	1	0.1163	0.1996	149	89	0.06151	0.05794	0.2229	0.01901	0.04617	0.01901	0.000149	375.76	0.000168	386.41	0.154	0.006	7		2912	2865.62	1.3207	1.3039	689.87	1.2528	2867.86	1.3227	1.3056	690.44	1.2520	1.0226	1	0.01046	0.00176	0.54092	1	0.99782	0.9816	0	0
330005	Kaleida Health	15380	15380	15380	15380	36029	2	lurban	lurban	N	1.0403				N		1	0.4046	0.5323	922	656	0.19915	0.16208	0.3617	0.04764	0.07599	0.04764	0.000393	340.35	0.001115	971.04	0.372	0.032	0		9237	9094.32	1.9460	1.9403	10748.99	1.8987	9108.23	1.9496	1.9441	10759.71	1.9016	1.0274	1	0.0804	0.09511	0.21714	1	0.99918	0.9945	0	0
330006	St Joseph's Medical Center	35614	35614	35614	35614	36119	2	lurban	lurban	N	1.2866				N		1	0.2473	0.2692	124	78	0.12639	0.07893	0.7283	0.12325	0.15891	0.12325	0.000457	3329.63	0.000446	2932.62	0.578	0.054	0		1089	1079.31	1.5330	1.5230	466.80	1.3329	1079.73	1.5461	1.5362	466.88	1.3345	1.1884	1	0.02789	0.04856	0.29679	1	0.99986	0.9950	0	0
330008	Wyoming County Community Hospital	33	33	33	33	36121	2	rural	rural	N	0.8618				N		1	0	0	50	15	0	0	0.192110705	0.01309	0	0.01309		0		0	0.902	0.094	16	6709.72	394	385.16	1.1884	1.1809			385.25	1.1867	1.1789			0.9032	1	0.03708	0.05837	0.35184	1.18136	1.01242	0.9924	0	0
330009	Bronx-Lebanon Hospital Center	35614	35614	35614	35614	36005	2	lurban	lurban	N	1.2866				N		1	0.6794	0.9275	460	350	0.31541	0.29919	1.0119	0.18174	0.22741	0.18174	0.001512	6305.37	0.001968	7898.18	0.57	0.023	0		2083	2061.16	1.6606	1.6391	3925.79	1.3712	2062.01	1.6733	1.6520	3926.59	1.3792	1.1884	1	0.00136	0.00001	0.09315	1	1.00437	0.9964	0	0
330011	"Our Lady Of Lourdes Memorial Hospital, Inc"	13780	13780	27060	33	36007	2	ourban	rural	S	0.8844		YES	YES	N		1	0.1556	0.092	148	107	0.08143	0.0263	0.2346	0.02142	0	0.02142	0.000273	666.59	0.000289	671.42	0.336	0.029	7		3257	3209.17	1.5369	1.5332	1550.04	1.5287	3210.76	1.5368	1.5331	1551.03	1.5251	0.9193	1	0.01323	0.01845	0.39304	1	1.00766	0.9916	0	0
330013	Albany Medical Center Hospital	10580	10580	33	33	36001	2	ourban	rural	S	0.8618		YES		N		1	0.426	0.5482	686	586	0.20866	0.16731	0.36	0.04729	0	0.04729	0.000283	236.29	0.000741	656.48	0.26	0.036	7		9864	9776.46	2.0223	2.0109	4101.43	2.1846	9784.11	2.0351	2.0239	4105.83	2.2020	0.9032	1	0.08272	0.24026	0.27523	1	0.99728	0.9968	0	0
330014	Jamaica Hospital Medical Center	35614	35614	35004	33	36081	2	ourban	rural	S	1.3525		YES	YES	N		1	0.4814	0.6076	325	248	0.23291	0.18704	0.6906	0.11547	0	0.11547	0.000719	2631.76	0.001111	3741.19	0.357	0.013	7		2039	2006.41	1.6620	1.6506	2155.18	1.4711	2007.97	1.6698	1.6583	2157.91	1.4765	1.2297	1	0.01187	0.00197	0.15161	1	0.98886	0.9963	0	0
330019	"New York Community Hospital Of Brooklyn, Inc."	35614	35614	35004	35614	36047	2	lurban	lurban	W	1.3525				N		1	0.0423	0.0224	134	102	0.02284	0.00634	0.5864	0.09398	0.12608	0.09398	0.000094	212.83	0.000228	511.71	0.48	0.024	0		3685	3634.47	1.3580	1.3402	715.59	1.3486	3635.92	1.3636	1.3458	715.91	1.3562	1.2297	1	0.0147	0.0052	0.57326	1	0.99763	0.9854	0	0
330023	Vassar Brothers Medical Center	20524	20524	35614	20524	36027	2	ourban	ourban	W	1.272				N		1	0	0	365	270	0	0	0.221	0.01862	0.04577	0.01862	0.00047	443.79	0.000439	431.03	0.311	0.015	0		9009	8870.43	1.8319	1.8199			8878.19	1.8316	1.8200			1.1791	1	0.02421	0.00568	0.45095	1	1.00046	0.9737	0	0
330024	Mount Sinai Hospital	35614	35614	35614	35614	36061	2	lurban	lurban	N	1.2866				N		1	0.7304	0.8711	996	846	0.33571	0.27868	0.4716	0.07031	0.10021	0.07031	0.001013	622.25	0.001994	1194.7	0.284	0.016	0		12764	12621.56	2.4091	2.3928	5766.36	2.1058	12632.94	2.4153	2.3992	5769.76	2.1183	1.1884	1	0.14516	0.07312	0.26052	1	0.99707	0.9957	0	0
330027	Nassau University Medical Center	35004	35004	35004	35004	36059	2	lurban	lurban	N	1.3525				N		1	0.6705	1.1479	377	235	0.31183	0.38256	0.5653	0.08963	0.12128	0.08963	0.001138	3098.23	0.001169	3087.77	0.25	0.013	0		2959	2921.26	1.4012	1.3913	1236.71	1.3823	2922.39	1.4107	1.4010	1237.00	1.3885	1.2297	1	0.05224	0.02919	0.20146	1	0.99237	0.9939	0	0
330028	Richmond University Medical Center	35614	35614	35614	35614	36085	2	lurban	lurban	N	1.2866				N		1	0.4896	0.6643	270	186	0.23645	0.20619	0.4513	0.06612	0.09569	0.06612	0.00033	1090.21	0.000509	1622.08	0.232	0.015	0		2252	2225.13	1.8548	1.8374	1183.63	1.8985	2226.02	1.8616	1.8440	1184.30	1.9090	1.1884	1	0.02124	0.01194	0.22764	1	0.99161	0.9923	0	0
330030	Newark-Wayne Community Hospital	40380	40380	40380	40380	36117	2	lurban	lurban	N	0.8618				N		1	0	0	104	45	0	0	0.3264	0.04036	0.06833	0.04036	0.00018	1022.91	0.000151	862.31	0.332	0.019	0		1487	1455.33	1.4133	1.3999			1456.19	1.4137	1.4002			0.9032	1	0.01731	0.00865	0.35814	1	1.00901	0.9832	0	0
330033	Chenango Memorial Hospital	33	33	33	33	36017	2	rural	rural	N	0.8618				N		1	0	0	58	11	0	0	0.328	0.03	0	0.03		0		0	0.458	0.02	16	6694.24	411	404.95	1.3133	1.3147			405.30	1.3121	1.3133			0.9032	1	0.08425	0.01474	0.36978	1.18902	1.00062	0.9923	0	0
330043	Southside Hospital	35004	35004	35004	35004	36103	2	lurban	lurban	N	1.3525				N		1	0.1172	0.1402	252	231	0.06197	0.04036	0.3298	0.04106	0.06907	0.04106	0.00048	709.34	0.000602	956.32	0.208	0.014	0		5991	5919.03	1.8104	1.7978	2123.56	1.7182	5925.39	1.8144	1.8021	2125.78	1.7221	1.2297	1	0.02932	0.01915	0.32969	1	0.9956	0.9987	0	0
330044	Faxton-St Luke's Healthcare	46540	46540	46540	46540	36065	2	ourban	ourban	N	0.9257				N		1	0.0236	0.0375	247	158	0.01281	0.01064	0.3705	0.04945	0.07791	0.04945	0.000249	530.52	0.000308	594.14	0.324	0.022	0		3738	3704.77	1.4927	1.4871	1103.07	1.3715	3706.82	1.5017	1.4961	1103.76	1.3746	0.9485	1	0.04131	0.0296	0.35733	1	0.99128	0.9904	0	0
330045	Huntington Hospital	35004	35004	35004	35004	36103	2	lurban	lurban	N	1.3525				N		1	0.0506	0.0459	266	191	0.02726	0.01304	0.1567	0.00734	0.03224	0.00734	0.000113	130.67	0.000183	221.95	0.263	0.016	0		7277	7168.72	1.6309	1.6212	1018.60	1.6324	7174.50	1.6348	1.6252	1019.01	1.6340	1.2297	1	0.01889	0.0091	0.53043	1	1.00787	0.9816	0	0
330046	Mount Sinai West	35614	35614	35004	33	36061	2	ourban	rural	S	1.3525		YES	YES	N		1	0.6312	0.8618	592	424	0.29588	0.27532	0.5254	0.0814	0	0.0814	0.001104	1391.23	0.001401	1770	0.233	0.021	7		6574	6484.25	1.9078	1.8935	4033.94	1.9642	6490.92	1.9173	1.9035	4037.96	1.9699	1.2297	1	0.06816	0.09127	0.21407	1	0.99998	0.9891	0	1
330047	St Mary's Hospital At Amsterdam	33	33	10580	10580	36057	2	rural	ourban	L	0.8618	LUGAR			N		1	0	0	100	74	0	0	0.3368	0.0425	0.07058	0.0425	0.000104	492.04	0.000128	564.1	0.343	0.015	14	6647.4	1539	1505.46	1.4287	1.4158			1506.42	1.4343	1.4212			0.9032	1	0.00571	0.00174	0.37063	1	1.00069	0.9953	0	0
330049	Northern Dutchess Hospital	20524	20524	35614	20524	36027	2	ourban	ourban	W	1.272				N		1	0	0	58	39	0	0	0.1645	0.00861	0	0.00861	0.000074	328.14	0.000059	299.35	0.358	0.024	0		2112	2074.56	1.4800	1.4753			2077.99	1.4732	1.4688			1.1791	1	0.01135	0.00788	0.41918	1	1.00557	0.9967	0	0
330055	New York-Presbyterian/Queens	35614	35614	35004	33	36081	2	ourban	rural	S	1.3525		YES	YES	N		1	0.3482	0.4269	468	425	0.17365	0.12803	0.4948	0.07509	0	0.07509	0.000402	444.71	0.000979	1114.64	0.253	0.013	7		7778	7681.47	1.7124	1.6983	4957.88	1.6102	7687.72	1.7183	1.7043	4962.69	1.6119	1.2297	1	0.03204	0.01534	0.30618	1	1.00219	0.9908	0	0
330056	Brooklyn Hospital Center - Downtown Campus	35614	35614	35614	35614	36047	2	lurban	lurban	N	1.2866				N		1	0.8791	0.9566	287	204	0.39294	0.3099	0.6725	0.11174	0.14589	0.11174	0.000114	414.53	0.000504	1781.51	0.161	0.011	0		2249	2224.15	1.8234	1.8130	1998.95	1.6145	2224.74	1.8354	1.8251	1999.28	1.6173	1.1884	1	0.01748	0.01451	0.18727	1	1.00337	0.9877	0	0
330057	St Peter's Hospital	10580	10580	10580	10580	36001	2	ourban	ourban	N	0.8618				N		1	0.0379	0.0589	482	375	0.02049	0.01676	0.2738	0.02951	0.05701	0.02951	0.000157	172.97	0.00037	418.54	0.29	0.015	0		7564	7488.53	1.8198	1.8116	4754.65	1.8722	7495.19	1.8218	1.8136	4759.76	1.8746	0.9032	1	0.04511	0.01471	0.29221	1	1.00825	0.9981	0	0
330058	Geneva General Hospital	40380	40380	40380	40380	36069	2	lurban	lurban	N	0.8618				N		1	0	0	117	45	0	0	0.1729	0.00997	0.03563	0.00997	0.000076	437.99	0.000075	428.57	0.323	0.033	0		1444	1421.05	1.4255	1.4168			1422.23	1.4216	1.4127			0.9032	1	0.00722	0.01395	0.43518	1	1.01193	0.9815	0	0
330059	Montefiore Medical Center	35614	35614	35004	33	36005	2	ourban	rural	S	1.3525		YES	YES	N		1	0.8042	0.7813	1453	1292	0.36447	0.24668	0.6098	0.09881	0	0.09881	0.001281	737.6	0.003307	1890.69	0.156	0.011	7		14447	14240.45	1.8394	1.8306	15181.75	1.6050	14250.79	1.8479	1.8389	15191.73	1.6084	1.2297	1	0.05024	0.05209	0.20033	1	0.99889	0.9919	0	0
330061	New York-Presbyterian Hospital	35614	35614	35614	35614	36119	2	lurban	lurban	N	1.2866				N		1	0	0	288	130	0	0	0.2137	0.01711	0.04422	0.01711		0	0.000167	446.56	0.323	0.02	0		1701	1681.08	1.5305	1.5238			1682.88	1.5340	1.5277			1.1884	1	0.08915	0.05489	0.38728	1	0.99507	0.9756	0	0
330065	Niagara Falls Memorial Medical Center	15380	15380	15380	15380	36063	2	lurban	lurban	N	1.0403				N		1	0.0697	0.132	133	63	0.03735	0.03795	0.5674	0.09006	0.12176	0.09006	0.000126	1030.22	0.000174	1326.33	0.447	0.031	0		967	958.06	1.3338	1.3301	581.53	1.5011	958.55	1.3404	1.3367	581.50	1.5058	1.0274	1	0.02165	0.0174	0.26476	1	1.00053	0.9984	0	0
330073	United Memorial Medical Center	33	33	40380	40380	36037	2	rural	lurban	L	0.8618	LUGAR			N		1	0.0853	0.1619	131	44	0.04551	0.04675	0.4428	0.06437	0.09381	0.06437	0.000108	977.67	0.000134	1220.49	0.398	0.032	0		967	923.91	1.3738	1.3612	595.29	1.2827	925.68	1.3772	1.3648	596.10	1.2825	0.9032	1	0.00266	0.00309	0.20884	1	1.00821	0.9866	0	0
330074	F F Thompson Hospital	40380	40380	33	33	36069	2	ourban	rural	S	0.8618		YES		N		1	0	0	113	55	0	0	0.1238	0	0	0		0		0	0.508	0.045	0		1250	1231.76	1.4666	1.4647			1232.74	1.4664	1.4645			0.9032	1	0.02948	0.03736	0.31721	1	1.00297	0.9897	0	0
330078	Sisters Of Charity Hospital	15380	15380	15380	15380	36029	2	lurban	lurban	N	1.0403				N		1	0.1253	0.1977	347	205	0.06611	0.05738	0.3212	0.03929	0.0672	0.03929	0.000174	562.21	0.000333	1068.66	0.355	0.024	0		2451	2426.12	1.6684	1.6557	2999.78	1.6763	2427.72	1.6667	1.6552	3002.25	1.6792	1.0274	1	0.06401	0.04537	0.17717	1	0.99944	0.9939	0	0
330079	Adirondack Medical Center - Physician	33	33	15540	33	36033	2	rural	rural	W	0.9705				N		1	0	0	83	20	0	0	0.2356	0.02163	0	0.02163		0		0	0.467	0.024	17	6744.77	827	817.34	1.6670	1.6654			817.79	1.6702	1.6688			0.9797	1	0.03441	0.01073	0.4058	1.14091	1.01133	0.9995	0	0
330080	Lincoln Medical & Mental Health Center	35614	35614	35614	35614	36005	2	lurban	lurban	N	1.2866				N		1	0.9528	1.0629	287	244	0.42031	0.34979	0.9747	0.17407	0.2182	0.17407	0.002449	14083.15	0.00172	9168.48	0.409	0.015	0		1396	1363.71	1.5157	1.5108	2092.67	1.3313	1365.06	1.5200	1.5148	2095.56	1.3365	1.1884	1	0.0179	0.00599	0.09056	1	1.00176	0.9934	0	0
330084	Alice Hyde Medical Center	33	33	33	33	36033	2	rural	rural	N	0.8618				N		1	0	0	76	15	0	0	0.2665	0.028	0	0.028		0		0	0.617	0.029	16	6703.71	630	602.97	1.2920	1.2750			604.07	1.2893	1.2725			0.9032	1	0.02917	0.01039	0.41559	1.18636	1.01669	1.0000	0	0
330085	Aurelia Osborn Fox Memorial Hospital	33	33	46540	33	36077	2	rural	rural	W	0.9257				N		1	0	0	60	24	0	0	0.1562	0.00726	0	0.00726		0		0	0.565	0.032	17	6134.44	1128	1097.84	1.1627	1.1556			1099.10	1.1632	1.1561			0.9485	1	0	0	0.55411	1.12136	1.00617	0.9949	0	0
330086	Montefiore Mount Vernon Hospital	35614	35614	35614	35614	36119	2	lurban	lurban	N	1.2866				N		1	0.4398	0.6242	63	43	0.21475	0.19262	0.4746	0.03	0	0.03	0.000115	1298.9	0.000121	1327.44	0.265	0.009	0		710	696.74	1.4473	1.4376	488.18	1.3175	696.85	1.4506	1.4413	488.37	1.3251	1.1884	1	0.01238	0.00214	0.27426	1	0.99504	0.9981	0	0
330088	Eastern Long Island Hospital	35004	35004	35004	35004	36103	2	lurban	lurban	N	1.3525				N		1	0	0	67	34	0	0	0.6569	0.03	0	0.03	0.000034	520.92	0.000077	1100.97	0.244	0.027	0		528	520.81	1.1602	1.1495			521.11	1.1836	1.1736			1.2297	1	0.00244	0.00414	0.22049	1.13212	0.99934	0.9996	0	1
330090	Arnot Ogden Medical Center	21300	21300	21300	21300	36015	2	ourban	ourban	N	0.8643				N		1	0.3316	0.2286	225	131	0.16602	0.06664	0.3261	0.0403	0.06826	0.0403	0.000159	359.97	0.000228	539.3	0.306	0.022	0		3395	3338.32	1.5549	1.5480	1243.72	1.6844	3341.04	1.5551	1.5484	1244.88	1.6822	0.905	1	0.01224	0.0108	0.36996	1	1.00382	0.9700	0	0
330094	Columbia Memorial Hospital	33	33	38340	33	36021	2	rural	rural	W	1.066				N		1	0	0	95	67	0	0	0.2677	0.02825	0	0.02825	0.000094	387.91	0.00011	419.9	0.331	0.024	7		1820	1801.19	1.4700	1.4667			1802.75	1.4708	1.4680			1.0447	1	0.00971	0.00758	0.49003	1	0.99294	0.9908	0	0
330096	Jones Memorial Hospital	33	33	33	33	36003	2	rural	rural	N	0.8618				N		1	0	0	70	16	0	0	0.2776	0.03	0	0.03	0.000062	815.58	0.000044	610.55	0.398	0.021	16	5198.63	725	706.60	1.1806	1.1749			707.40	1.1799	1.1743			0.9032	1	0.00593	0.00361	0.34769	1.16591	1.00731	1.0000	0	0
330100	N Y Eye And Ear Infirmary	35614	35614	35614	35614	36061	2	lurban	lurban	N	1.2866				N		1	1.3545	1.5	22	2	0.55965	0.52699	0.4989	0.03	0	0.03	0.000141	65366.11	0.000103	33984.31	0.505	0.057	0		15	14.71	1.6520	1.6686	12.80	1.2335	14.71	1.7190	1.7376	12.83	1.2665	1.1884	1	0	0	0.12381	1	1	1.0000	0	0
330101	New York-Presbyterian Hospital-New York Weill Corn	35614	35614	35004	33	36061	2	ourban	rural	S	1.3525		YES	YES	N		1	0.562	0.7253	1942	1774	0.26724	0.22713	0.4608	0.06808	0	0.06808	0.002596	768.83	0.003755	1245.68	0.229	0.02	7		26382	26014.87	2.2314	2.2236	9662.30	2.1017	26042.02	2.2410	2.2329	9669.35	2.1144	1.2297	1	0.23064	0.28634	0.26188	1	0.99666	0.9980	0	0
330102	Kenmore Mercy Hospital	15380	15380	15380	15380	36029	2	lurban	lurban	N	1.0403				N		1	0	0	164	83	0	0	0.1815	0.01137	0.03744	0.01137	0.000101	491.2	0.000097	471.03	0.35	0.03	0		1733	1705.14	1.6682	1.6611			1707.01	1.6673	1.6602			1.0274	1	0.03694	0.0415	0.24932	1	0.99344	0.9989	0	0
330103	Olean General Hospital	33	33	33	33	36009	2	rural	rural	N	0.8618				N		1	0.0062	0.017	150	54	0.00338	0.00481	0.2314	0.02076	0	0.02076	0.000114	339.42	0.000092	449.75	0.486	0.037	17	5556.01	2523	2479.91	1.4179	1.4089	906.91	1.5643	2482.59	1.4172	1.4082	907.53	1.5632	0.9032	1	0.01342	0.01336	0.36019	1	0.9978	0.9999	0	0
330104	Nyack Hospital	35614	35614	35614	35614	36087	2	lurban	lurban	N	1.2866				N		1	0	0	209	148	0	0	0.3749	0.05036	0.07887	0.05036	0.000196	422.66	0.000276	576.35	0.196	0.008	0		3849	3804.48	1.5545	1.5492			3806.62	1.5617	1.5565			1.1884	1	0.04221	0.01034	0.41978	1	1.00117	0.9866	0	0
330106	North Shore University Hospital	35004	35004	35004	35004	36059	2	lurban	lurban	N	1.3525				N		1	0.4334	0.4665	773	754	0.21193	0.1407	0.2232	0.01907	0.04623	0.01907	0.000981	538.96	0.00118	651.49	0.174	0.012	0		14720	14585.28	1.9860	1.9732	5538.13	2.0718	14593.74	1.9917	1.9790	5540.47	2.0761	1.2297	1	0.07675	0.06559	0.34166	1	1.00062	0.9834	0	0
330107	Peconic Bay Medical Center	35004	35004	35004	35004	36103	2	lurban	lurban	N	1.3525				N		1	0.2566	0.3232	117	83	0.13084	0.0955	0.2339	0.02128	0.0485	0.02128	0.000301	624.18	0.000244	536.83	0.219	0.01	0		4188	4130.80	1.4408	1.4338	544.10	1.2937	4134.54	1.4416	1.4346	544.30	1.2967	1.2297	1	0.01829	0.00544	0.51268	1	1.00209	0.9818	0	0
330108	St Joseph's Hospital	21300	21300	21300	21300	36015	2	ourban	ourban	N	0.8643				N		1	0	0	34	20	0	0	0.7917	0.03	0	0.03		0	0.00006	1620.76	0.337	0.017	0		167	161.54	0.9561	0.9472			161.85	0.9635	0.9548			0.905	1	0	0	0.28017	1	1	1.0000	0	0
330111	Bertrand Chaffee Hospital	15380	15380	15380	15380	36029	2	lurban	lurban	N	1.0403				N		1	0	0	23	8	0	0	0.1073	0	0	0		0		0	0.58	0.024	0		280	274.84	1.0268	1.0198			275.19	1.0233	1.0162			1.0274	1	0	0	0.31092	1.21864	0.98853	0.9700	0	0
330115	Oneida Health Hospital	45060	45060	45060	45060	36053	2	ourban	ourban	N	1.011				N		1	0	0	101	28	0	0	0.325	0.04007	0.06803	0.04007	0.000057	618.52	0.000067	658.97	0.47	0.035	0		686	669.33	1.3920	1.3823			670.18	1.3829	1.3733			1.0075	1	0	0	0.34406	1.08227	1.01368	0.9965	0	0
330119	Lenox Hill Hospital	35614	35614	35004	33	36061	2	ourban	rural	S	1.3525		YES	YES	N		1	0.5218	0.6379	422	295	0.25025	0.19724	0.2467	0.02392	0	0.02392	0.000605	837.43	0.000683	935.79	0.209	0.013	7		6035	5944.51	2.0523	2.0420	2589.96	2.1316	5951.11	2.0516	2.0414	2591.61	2.1349	1.2297	1	0.08747	0.06222	0.26769	1	1.00335	0.9982	0	0
330125	Rochester General Hospital	40380	40380	33	33	36055	2	ourban	rural	S	0.8618		YES		N		1	0.2375	0.2746	470	388	0.12168	0.08057	0.2701	0.02875	0	0.02875	0.000921	1249.41	0.000882	1237.78	0.35	0.026	7		6159	6052.49	1.9475	1.9424	7665.00	1.8816	6058.46	1.9482	1.9431	7677.76	1.8867	0.9032	1	0.09002	0.08702	0.24825	1	1.00731	0.9852	0	0
330126	Orange Regional Medical Center	35614	35614	35614	35614	36071	2	lurban	lurban	N	1.2866				N		1	0.2299	0.063	329	248	0.11802	0.01794	0.2541	0.02545	0.0528	0.02545	0.000507	527.83	0.000474	503.39	0.241	0.021	0		8185	8094.14	1.5565	1.5486	1369.16	1.5955	8099.66	1.5578	1.5501	1370.65	1.5983	1.1884	1	0.01677	0.02239	0.46824	1	0.99946	0.9707	0	0
330127	Jacobi Medical Center	35614	35614	35004	35614	36005	2	lurban	lurban	W	1.3525				N		1	0.8854	1.1419	326	254	0.39531	0.38022	0.7902	0.13602	0.17353	0.13602	0.003122	12574.38	0.001764	7268.24	0.412	0.028	0		2109	2076.76	1.5998	1.5918	1755.39	1.4219	2077.62	1.6122	1.6042	1755.95	1.4320	1.2297	1	0.0501	0.05032	0.14958	1	0.99726	1.0000	0	0
330128	Elmhurst Hospital Center	35614	35614	35004	35614	36081	2	lurban	lurban	W	1.3525				N		1	0.6711	0.81	358	261	0.31207	0.25682	0.7499	0.1277	0.16399	0.1277	0.00524	24337.03	0.001788	7971.39	0.364	0.019	0		1844	1824.91	1.5794	1.5747	1649.11	1.4666	1825.74	1.5836	1.5789	1649.60	1.4657	1.2297	1	0.07688	0.05904	0.14074	1	0.99403	0.9924	0	0
330132	Tlc Network	33	33	33	33	36009	2	rural	rural	N	0.8618				N		1	0	0	25	4	0	0	0.1898	0.01272	0	0.01272		0	0.000028	1163.39	0.602	0.121	0		24	23.24	1.1076	1.1034			23.27	1.1041	1.1005			0.9032	1	0	0	0.42169	1	1	1.0000	0	0
330135	Bon Secours Community Hospital	35614	35614	35614	35614	36071	2	lurban	lurban	N	1.2866				N		1	0	0	98	37	0	0	0.4881	0.03	0	0.03	0.000095	714.58	0.000141	996.29	0.16	0.013	0		1078	1057.61	1.3647	1.3551			1058.24	1.3721	1.3627			1.1884	1	0.01117	0.01344	0.37776	1	1.00638	0.9926	0	0
330136	Mary Imogene Bassett Hospital	33	33	45060	33	36077	2	rural	rural	W	0.9691				N		1	0.3495	0.4585	160	115	0.17424	0.13813	0.2473	0.02404	0	0.02404		0		0	0.393	0.025	17	9448.52	3664	3614.05	1.8191	1.7949	1023.79	1.8334	3617.71	1.8191	1.7957	1024.85	1.8368	0.9787	1	0.04564	0.02784	0.46333	1	0.99856	0.9975	0	0
330140	St Joseph's Hospital Health Center	45060	45060	45060	45060	36067	2	ourban	ourban	N	1.011				N		1	0.1243	0.1419	451	336	0.0656	0.04086	0.244	0.02336	0.05065	0.02336	0.000434	437.27	0.000493	474.64	0.33	0.03	0		7636	7559.49	1.9734	1.9675	4643.12	1.9226	7563.86	1.9752	1.9691	4645.72	1.9257	1.0075	1	0.0334	0.04389	0.37262	1	1.00825	0.9886	0	0
330141	Long Island Community Hospital	35004	35004	35004	35004	36103	2	lurban	lurban	N	1.3525				N		1	0.0902	0.0933	221	203	0.04805	0.02668	0.2548	0.02559	0.05295	0.02559	0.00017	255.95	0.000431	647.75	0.179	0.01	0		5410	5354.41	1.6153	1.6099	1057.62	1.6511	5357.56	1.6196	1.6144	1058.02	1.6539	1.2297	1	0.01561	0.0063	0.49046	1	0.99429	0.9974	0	0
330144	"Ira Davenport Memorial Hospital, Inc"	33	33	33	33	36101	2	rural	rural	N	0.8618				N		1	0	0	15	4	0	0	0.3206	0.03916	0	0.03916	0.000016	959.58	0.000013	519.3	0.41	0.031	14	6075.58	103	96.15	1.0500	1.0082			96.37	1.0425	1.0000			0.9032	1	0	0	0.41102	1.25	1	0.9957	0	1
330151	St James Mercy Hospital	33	33	33	33	36101	2	rural	rural	N	0.8618				N		1	0	0	32	8	0	0	0.1691	0.00935	0	0.00935		0	0.00008	1774.66	0.697	0.045	16	6668.04	428	413.20	1.2375	1.2318			413.75	1.2376	1.2318			0.9032	1	0	0	0.48434	1.22477	0.99763	0.9999	0	0
330153	Ellis Hospital	10580	10580	10580	10580	36093	2	ourban	ourban	N	0.8618				N		1	0.1065	0.141	339	240	0.05648	0.04059	0.3335	0.04182	0.06987	0.04182	0.000331	601.83	0.000431	765.46	0.244	0.018	0		4419	4370.84	1.7384	1.7288	3086.65	1.8051	4373.58	1.7429	1.7331	3089.18	1.8053	0.9032	1	0.03818	0.03191	0.27712	1	1.00377	0.9984	0	0
330157	Samaritan Medical Center	48060	48060	45060	33	36045	2	ourban	rural	S	0.9691		YES	YES	N		1	0.0441	0.0714	167	95	0.0238	0.02035	0.2469	0.02396	0	0.02396		0		0	0.542	0.047	16	9871.84	2287	2262.01	1.4532	1.4499	653.03	1.4260	2263.75	1.4534	1.4503	653.30	1.4251	0.9787	1	0.18587	0.21127	0.53413	1	1.00019	0.9985	0	0
330158	Good Samaritan Hospital Of Suffern	35614	35614	35614	35614	36087	2	lurban	lurban	N	1.2866				N		1	0	0	286	167	0	0	0.3566	0.04659	0.07488	0.04659	0.00024	393.9	0.000388	646.77	0.151	0.015	0		5121	5024.99	1.7316	1.7128			5029.37	1.7349	1.7160			1.1884	1	0.02768	0.0404	0.37282	1	0.99832	0.9906	0	0
330160	Staten Island University Hospital	35614	35614	35614	35614	36085	2	lurban	lurban	N	1.2866				N		1	0.4516	0.4774	531	498	0.21994	0.14422	0.3755	0.05048	0.079	0.05048	0.000613	604.93	0.001013	1017.73	0.21	0.007	0		8453	8392.02	1.6475	1.6408	5368.45	1.5937	8395.29	1.6515	1.6450	5369.79	1.5980	1.1884	1	0.02292	0.00326	0.28475	1	0.99173	0.9929	0	0
330162	Northern Westchester Hospital	35614	35614	35614	35614	36119	2	lurban	lurban	N	1.2866				N		1	0	0	174	96	0	0	0.1435	0	0.02949	0		0		0	0.4	0.029	0		2936	2879.99	1.5976	1.5910			2884.73	1.6004	1.5943			1.1884	1	0.06415	0.05324	0.39907	1	1.00389	0.9826	0	0
330163	Eastern Niagara Hospital	15380	15380	15380	15380	36063	2	lurban	lurban	N	1.0403				N		1	0.0691	0	125	75	0.03703	0	0.4103	0.05766	0.08663	0.05766	0.000047	374.24	0.000151	1102.88	0.347	0.019	0		924	916.97	1.2320	1.2306	803.31	1.2160	917.18	1.2351	1.2335	803.56	1.2186	1.0274	1	0.01035	0.00334	0.24261	1	0.99119	0.9933	0	0
330164	Highland Hospital	40380	40380	15380	33	36055	2	ourban	rural	S	0.9751		YES	YES	N		1	0.3036	0.2871	247	200	0.15303	0.08439	0.2719	0.02912	0	0.02912	0.000485	1301.38	0.000457	1237.4	0.41	0.027	7		3032	2976.86	1.5732	1.5675	3424.36	1.5587	2982.86	1.5723	1.5669	3435.65	1.5556	0.9829	1	0.05014	0.03969	0.23564	1	1.0065	0.9999	0	0
330166	"Westfield Memorial Hospital, Inc"	33	33	33	33	36013	2	rural	rural	N	0.8618				N		1	0	0	4	0	0	0	0.1072	0	0	0		0		0	0.424	0.023	0		5	4.77	0.7749	0.7792			4.77	0.7655	0.7696			0.9032	1	0	0	0.28571	1.25	1	1.0000	1	0
330167	Nyu Winthrop Hospital	35004	35004	35004	35004	36059	2	lurban	lurban	N	1.3525				N		1	0.3344	0.5177	511	452	0.16731	0.15731	0.2313	0.02074	0.04795	0.02074	0.000363	316.05	0.000652	595.21	0.136	0.01	0		9729	9584.36	2.0093	1.9949	2600.56	1.9619	9594.31	2.0156	2.0009	2603.74	1.9684	1.2297	1	0.05417	0.04836	0.34913	1	1.00043	0.9912	0	0
330169	Mount Sinai Beth Israel	35614	35614	35004	33	36061	2	ourban	rural	S	1.3525		YES	YES	N		1	0.4676	0.6593	739	504	0.22692	0.20449	0.5428	0.08499	0	0.08499	0.000969	928.16	0.001547	1310.19	0.203	0.019	7		7349	7268.90	1.6497	1.6414	3468.66	1.6553	7272.78	1.6551	1.6470	3471.70	1.6631	1.2297	1	0.05605	0.07939	0.31596	1	1.00181	0.9948	0	1
330175	"Cortland Regional Medical Center, Inc"	33	33	27060	33	36023	2	rural	rural	S	0.8844	LUGAR	YES	YES	N		1	0	0	103	31	0	0	0.288	0.03	0	0.03		0		0	0.463	0.038	16	6665.14	1277	1240.10	1.3951	1.3849			1241.67	1.3941	1.3840			0.9193	1	0.00384	0.0046	0.42642	1.06818	1.01242	0.9878	0	0
330180	Samaritan Hospital	10580	10580	47	33	36083	2	ourban	rural	S	0.8817		YES	YES	N		1	0	0	149	79	0	0	0.3597	0.04723	0	0.04723	0.000111	413.87	0.000117	491.45	0.377	0.018	7		2493	2461.98	1.5469	1.5391			2463.76	1.5477	1.5400			0.9174	1	0.02584	0.00827	0.38969	1	0.99664	0.9980	0	0
330181	Glen Cove Hospital	35004	35004	35004	35004	36059	2	lurban	lurban	N	1.3525				N		1	0.2775	0.3098	54	44	0.14077	0.09136	0.1104	0	0	0		0		0	0.284	0.021	0		1654	1615.05	1.5021	1.4957	343.88	1.4662	1616.31	1.5066	1.5003	344.14	1.4677	1.2297	1	0.01096	0.00919	0.5558	1	0.99247	0.9837	0	0
330182	"St Francis Hospital, Roslyn"	35004	35004	35004	35004	36059	2	lurban	lurban	N	1.3525				N		1	0.016	0.0071	364	279	0.00871	0.00201	0.0729	0	0.01487	0		0		0	0.163	0.012	0		9519	9423.35	2.2499	2.2429	1652.84	2.4476	9429.94	2.2558	2.2485	1654.05	2.4584	1.2297	1	0.04134	0.03663	0.59561	1	1.0014	0.9915	0	0
330184	Montefiore New Rochelle Hospital	35614	35614	35004	33	36119	2	ourban	rural	S	1.3525		YES	YES	N		1	0.31	0.6246	151	85	0.15601	0.19275	0.3102	0.03702	0	0.03702	0.000229	799.63	0.000258	868.25	0.245	0.011	7		2330	2295.87	1.4688	1.4585	860.53	1.3484	2298.12	1.4746	1.4645	860.88	1.3530	1.2297	1	0.04518	0.01937	0.40411	1	0.99308	0.9909	0	0
330185	John T Mather Memorial Hospital  Of Port Jefferson	35004	35004	35004	35004	36103	2	lurban	lurban	N	1.3525				N		1	0.4354	0.2819	195	150	0.21282	0.0828	0.1323	0	0.02715	0		0		0	0.223	0.014	0		5582	5541.57	1.4190	1.4150	916.89	1.3786	5546.18	1.4211	1.4176	917.53	1.3795	1.2297	1	0.06658	0.04108	0.59375	1	1.00546	0.9776	0	0
330188	Mount St Mary's Hospital And  Health Center	15380	15380	15380	15380	36063	2	lurban	lurban	N	1.0403				N		1	0	0	133	77	0	0	0.439	0.06358	0.09297	0.06358	0.000069	479.91	0.00012	803.58	0.576	0.043	0		1085	1070.95	1.4558	1.4522			1071.41	1.4572	1.4534			1.0274	1	0.01113	0.00887	0.25514	1	1.00411	0.9990	0	0
330191	Glens Falls Hospital	24020	24020	47	33	36113	2	ourban	rural	S	0.8817		YES	YES	N		1	0	0	363	157	0	0	0.2169	0.01777	0	0.01777	0.00023	539.12	0.000334	766.03	0.308	0.025	7		3553	3507.56	1.5070	1.5000			3510.35	1.5079	1.5008			0.9174	1	0.0414	0.04577	0.39664	1	0.9974	0.9979	0	0
330193	Flushing Hospital Medical Center	35614	35614	35004	35614	36081	2	lurban	lurban	W	1.3525				N		1	0.4181	0.5312	275	226	0.20516	0.16172	0.7025	0.11793	0.15287	0.11793	0.000293	980.3	0.000713	2272.24	0.407	0.023	0		2237	2200.43	1.4790	1.4654	1008.68	1.4379	2201.80	1.4859	1.4725	1009.09	1.4438	1.2297	1	0.04902	0.02382	0.26083	1	0.99631	0.9848	0	0
330194	Maimonides Medical Center	35614	35614	35004	35614	36047	2	lurban	lurban	W	1.3525				N		1	0.6876	0.8093	543	465	0.3187	0.25657	0.6515	0.10741	0.14103	0.10741	0.001066	961.64	0.001543	1407.14	0.223	0.023	0		9197	9051.96	2.0502	2.0313	2876.92	2.1965	9058.38	2.0545	2.0359	2878.86	2.2029	1.2297	1	0.04055	0.07447	0.29501	1	1.00029	0.9915	0	0
330195	Long Island Jewish Medical Center	35614	35614	35004	35614	36081	2	lurban	lurban	W	1.3525				N		1	0.4638	0.5676	1102	900	0.22527	0.17372	0.4337	0.06249	0.0918	0.06249	0.001616	957.46	0.00209	1547.03	0.181	0.014	0		14307	14145.24	1.6010	1.5941	8260.42	1.6075	14160.41	1.6048	1.5983	8267.37	1.6129	1.2297	1	0.04206	0.03886	0.22771	1	0.99647	0.9824	0	0
330196	Coney Island Hospital	35614	35614	35614	35614	36047	2	lurban	lurban	N	1.2866				N		1	0.4106	0.427	292	222	0.20182	0.12806	0.8306	0.14435	0.18317	0.14435	0.002998	7041.09	0.001491	3418.58	0.363	0.028	0		3437	3390.84	1.5890	1.5774	1148.11	1.3503	3393.48	1.5980	1.5863	1148.49	1.3528	1.1884	1	0.10057	0.11768	0.35299	1	1.00138	0.9796	0	0
330197	Canton-Potsdam Hospital	33	33	48060	33	36089	2	rural	rural	W	0.9205				N		1	0	0	94	62	0	0	0.432	0.03	0	0.03		0		0	0.482	0.029	16	7049.4	1773	1739.72	1.3593	1.3539			1741.00	1.3613	1.3561			0.9449	1	0.01852	0.01107	0.30775	1	1.01733	0.9895	0	0
330198	South Nassau Communities Hospital	35004	35004	35004	35004	36059	2	lurban	lurban	N	1.3525				N		1	0.1487	0.2246	351	273	0.07796	0.06543	0.2112	0.0166	0.0437	0.0166	0.000261	297.16	0.000333	377.25	0.179	0.013	0		7164	7086.10	1.6635	1.6592	2151.44	1.5750	7091.60	1.6688	1.6647	2152.91	1.5786	1.2297	1	0.03434	0.03038	0.44769	1	0.99872	0.9919	0	0
330199	Metropolitan Hospital Center	35614	35614	35614	35614	36061	2	lurban	lurban	N	1.2866				N		1	0.9302	1.5	181	95	0.41199	0.52699	0.9627	0.17159	0.21525	0.17159	0.001742	24167.55	0.000841	9649.74	0.421	0.018	0		431	425.13	1.5176	1.5121	593.09	1.4038	425.21	1.5370	1.5312	593.58	1.4152	1.1884	1	0.10387	0.04426	0.09958	1	1.00906	0.9980	0	0
330201	Kingsbrook Jewish Medical Center	35614	35614	35614	35614	36047	2	lurban	lurban	N	1.2866				N		1	0.4189	0.5888	161	118	0.20552	0.18076	0.4349	0.06274	0.09206	0.06274	0.000232	1017.24	0.000317	1317.69	0.256	0.008	0		1736	1712.10	1.8268	1.8163	1488.12	1.4870	1713.19	1.8310	1.8206	1488.93	1.4923	1.1884	1	0.07663	0.00621	0.37086	1	0.99849	0.9857	0	0
330202	Kings County Hospital Center	35614	35614	35004	35614	36047	2	lurban	lurban	W	1.3525				N		1	0.9476	1.1348	406	304	0.4184	0.37746	0.7557	0.1289	0.16536	0.1289	0.005775	27336.42	0.002277	10459.61	0.41	0.033	0		1721	1698.62	1.5183	1.5131	1619.07	1.4087	1699.78	1.5310	1.5260	1619.77	1.4208	1.2297	1	0.08586	0.14631	0.12253	1	1.00043	0.9959	0	0
330203	Crouse Hospital	45060	45060	45060	45060	36067	2	ourban	ourban	N	1.011				N		1	0.0896	0.133	487	300	0.04774	0.03825	0.4569	0.06727	0.09694	0.06727	0.000214	361.68	0.000524	856.63	0.482	0.034	0		4863	4796.80	1.6477	1.6441	2263.55	1.7273	4801.44	1.6525	1.6491	2266.61	1.7288	1.0075	1	0.05271	0.04163	0.22268	1	0.99235	0.9840	0	0
330204	Bellevue Hospital Center	35614	35614	35614	35614	36061	2	lurban	lurban	N	1.2866				N		1	0.8412	1.1293	527	323	0.37862	0.37532	0.919	0.16258	0.20454	0.16258	0.005619	26361.82	0.002158	9641.78	0.384	0.02	0		1702	1686.43	1.6556	1.6512	1406.85	1.9215	1687.14	1.6640	1.6598	1407.10	1.9317	1.1884	1	0.04287	0.03661	0.10235	1	0.99977	0.9996	0	0
330205	St Anthony Community Hospital	35614	35614	35614	35614	36071	2	lurban	lurban	N	1.2866				N		1	0	0	60	24	0	0	0.121209033	0	0	0		0		0	0.163	0.014	0		907	887.41	1.4799	1.4737			888.29	1.4762	1.4696			1.1884	1	0.01535	0.01658	0.50243	1	1.01058	0.9845	0	0
330208	St John's Riverside Hospital	35614	35614	35004	33	36119	2	ourban	rural	S	1.3525		YES	YES	N		1	0.1172	0	378	249	0.06197	0	0.6527	0.10766	0	0.10766	0.000196	431.07	0.000582	1196.56	0.258	0.011	7		3564	3510.72	1.4979	1.4918	1113.60	1.3877	3513.16	1.5075	1.5015	1114.07	1.3996	1.2297	1	0.00945	0.00196	0.2679	1	0.99771	0.9818	0	0
330211	Claxton-Hepburn Medical Center	33	33	33	33	36089	2	rural	rural	N	0.8618				N		1	0	0	87	23	0	0	0.2505	0.0247	0	0.0247		0		0	0.696	0.045	16	6575.86	831	816.60	1.3535	1.3449			817.36	1.3519	1.3437			0.9032	1	0.05218	0.03765	0.50185	1.12902	1.00453	1.0000	0	0
330214	Nyu Langone Hospitals	35614	35614	35004	35614	36061	2	lurban	lurban	W	1.3525				N		1	1.0329	1.3459	877	702	0.44937	0.46201	0.4322	0.06218	0.09146	0.06218	0.002645	1501.44	0.00202	1343.78	0.2	0.019	0		14660	14306.57	2.1358	2.1294	5273.97	1.9949	14338.57	2.1414	2.1347	5285.99	1.9983	1.2297	1	0.11719	0.16917	0.26823	1	1.0019	0.9984	0	0
330215	"Rome Memorial Hospital, Inc"	46540	46540	45060	46540	36065	2	ourban	ourban	W	0.9691				N		1	0	0	79	36	0	0	0.4085	0.03	0	0.03	0.000058	423.86	0.000085	596.34	0.336	0.015	0		1067	1043.36	1.3606	1.3509			1044.42	1.3533	1.3441			0.9787	1	0.01856	0.00413	0.41306	1.04682	1.00271	0.9760	0	0
330218	Oswego Hospital	45060	45060	45060	45060	36075	2	ourban	ourban	N	1.011				N		1	0	0	132	42	0	0	0.2918	0.03322	0.06087	0.03322		0		0	0.52	0.025	16	6961.05	1179	1136.46	1.4258	1.4183			1138.39	1.4235	1.4161			1.0075	1	0.02302	0.00701	0.40384	1.03386	1.00498	0.9835	0	0
330219	Erie County Medical Center	15380	15380	15380	15380	36029	2	lurban	lurban	N	1.0403				N		1	0.4791	0.6482	315	242	0.23191	0.20072	0.5086	0.07794	0.10848	0.07794	0.000412	1131.85	0.000665	1883.3	0.507	0.028	0		3018	2986.78	1.9763	1.9673	2294.09	1.8861	2990.01	1.9895	1.9802	2296.84	1.8981	1.0274	1	0.04124	0.01877	0.23121	1	0.99787	0.9992	0	0
330221	Wyckoff Heights Medical Center	35614	35614	35614	35614	36047	2	lurban	lurban	N	1.2866				N		1	0.5882	0.8798	261	148	0.27817	0.28182	0.7784	0.13358	0.17073	0.13358	0.000299	1340.81	0.0005	2059.65	0.321	0.018	0		1771	1738.91	1.5673	1.5638	2017.00	1.3629	1740.02	1.5729	1.5696	2017.97	1.3668	1.1884	1	0.01773	0.00582	0.18043	1	1.00057	0.9916	0	0
330222	Saratoga Hospital	10580	10580	47	33	36091	2	ourban	rural	S	0.8817		YES	YES	N		1	0	0	171	129	0	0	0.195	0.01356	0	0.01356	0.000188	505.6	0.000195	549.19	0.28	0.016	7		3266	3236.18	1.5279	1.5254			3237.91	1.5280	1.5257			0.9174	1	0.05101	0.02689	0.35051	1	1.01043	0.9917	0	0
330223	Massena Memorial Hospital	33	33	48060	33	36089	2	rural	rural	W	0.9205				N		1	0	0	50	24	0	0	0.2971	0.03	0	0.03		0		0	0.71	0.028	16	6986.3	754	736.49	1.3248	1.3217			736.71	1.3253	1.3222			0.9449	1	0.02113	0.00571	0.46774	1.13508	1.01498	0.9807	0	0
330224	Healthalliance Hospital Marys Avenue Campus	28740	28740	20524	28740	36111	2	ourban	ourban	W	1.2406				N		1	0.0173	0.0642	45	26	0.00941	0.01828	0.6741	0.03	0	0.03	0.000043	960.95	0.000067	1364.43	0.333	0.015	7		303	300.62	1.6309	1.6248	88.05	1.8237	300.66	1.6508	1.6449	88.05	1.8229	1.1591	1	0.08068	0.02325	0.21123	1	1	1.0000	0	0
330226	Unity Hospital Of Rochester	40380	40380	40380	40380	36055	2	lurban	lurban	N	0.8618				N		1	0.1534	0.1911	283	215	0.08033	0.05541	0.2959	0.03407	0.06175	0.03407	0.000207	577.35	0.000421	1250.65	0.406	0.05	0		3251	3194.19	1.6375	1.6282	5328.67	1.6180	3200.54	1.6437	1.6352	5350.02	1.6189	0.9032	1	0.03881	0.0817	0.21108	1	1.00439	0.9961	0	0
330229	Brooks Memorial Hospital	33	33	33	33	36013	2	rural	rural	N	0.8618				N		1	0	0	65	21	0	0	0.3021	0.03	0	0.03	0.000119	1300.81	0.000079	1094.08	0.501	0.024	16	6114.27	641	630.81	1.3177	1.3121			631.46	1.3121	1.3068			0.9032	1	0.01438	0.00588	0.3022	1	1.00498	0.9966	0	1
330231	Queens Hospital Center	35614	35614	35004	35614	36081	2	lurban	lurban	W	1.3525				N		1	0.4964	0.6161	190	143	0.23938	0.18989	0.7764	0.13317	0.17025	0.13317	0.003885	28657.39	0.001109	8197.16	0.371	0.026	0		1123	1093.04	1.5544	1.5534	1093.23	1.2566	1094.17	1.5595	1.5584	1094.34	1.2578	1.2297	1	0.04658	0.06977	0.13823	1	1.00437	0.9791	0	0
330232	Samaritan Hospital-St Mary's Campus	10580	10580	10580	10580	36083	2	ourban	ourban	N	0.8618				N		1	0	0	55	24	0	0	0.8131	0.03	0	0.03	0.000111	2569.8	0.000134	1509.26	0.371	0.045	0		50	47.74	1.2374	1.2281			47.61	1.4015	1.3902			0.9032	1	0.03717	0.09662	0.2219	1	1	1.0000	0	0
330233	Brookdale Hospital Medical Center	35614	35614	35614	35614	36047	2	lurban	lurban	N	1.2866				N		1	0.7453	0.865	288	198	0.34157	0.27648	0.6746	0.11217	0.14638	0.11217	0.000509	2511.18	0.000775	3784.77	0.369	0.013	0		1739	1718.59	2.0351	2.0238	1986.45	1.6168	1719.62	2.0481	2.0370	1987.40	1.6243	1.1884	1	0.04167	0.00465	0.15782	1	0.99626	0.9994	0	0
330234	Westchester Medical Center	35614	35614	14860	35614	36119	2	lurban	lurban	W	1.2563				N		1	0.3788	0.5572	708	510	0.18756	0.17028	0.4569	0.06727	0.09694	0.06727	0.000517	748.81	0.00167	2442.53	0.171	0.016	0		5740	5712.21	2.3949	2.3921	1316.56	2.2817	5714.15	2.4234	2.4210	1317.16	2.3048	1.1691	1	0.44823	0.56319	0.26443	1	0.99273	0.9924	0	0
330235	Auburn  Community  Hospital	33	33	45060	33	36011	2	rural	rural	S	0.9691	LUGAR	YES	YES	N		1	0	0	85	51	0	0	0.2449	0.02355	0	0.02355		0		0	0.384	0.019	16	7422.59	1958	1906.68	1.3523	1.3459			1909.11	1.3535	1.3473			0.9787	1	0.00822	0.003	0.50082	1	1.00382	0.9718	0	0
330236	New York-Presbyterian Brooklyn Methodist Hospital	35614	35614	35614	35614	36047	2	lurban	lurban	N	1.2866				N		1	0.4837	0.5259	516	462	0.2339	0.15999	0.4716	0.07031	0.10021	0.07031	0.000416	460.8	0.001009	1075.09	0.267	0.011	0		7461	7363.49	1.8213	1.8094	4490.70	1.7210	7369.23	1.8249	1.8132	4494.22	1.7230	1.1884	1	0.03678	0.00794	0.26787	1	0.99974	0.9884	0	0
330238	Nicholas H Noyes Memorial Hospital	40380	40380	40380	40380	36051	2	lurban	lurban	N	0.8618				N		1	0	0	67	21	0	0	0.2861	0.03	0	0.03	0.000033	413.81	0.000035	465.3	0.461	0.039	0		710	696.53	1.2465	1.2431			698.48	1.2440	1.2404			0.9032	1	0.0058	0.0073	0.3152	1.10902	1	0.9910	1	0
330239	Upmc Chautauqua At Wca	33	33	33	33	36013	2	rural	rural	N	0.8618				N		1	0	0	122	68	0	0	0.3851	0.03	0	0.03	0.000104	477.63	0.000151	711.49	0.54	0.042	0		1801	1774.30	1.3640	1.3584			1775.41	1.3670	1.3615			0.9032	1	0.01765	0.01705	0.36433	1	0.99526	0.9931	0	1
330240	Harlem Hospital Center	35614	35614	35614	35614	36061	2	lurban	lurban	N	1.2866				N		1	0.884	1.408	192	145	0.39478	0.48786	0.8257	0.14334	0.182	0.14334	0.001863	14887.19	0.000881	6765.05	0.482	0.054	0		1000	994.03	1.5455	1.5449	1002.18	1.4409	994.26	1.5539	1.5533	1002.35	1.4504	1.1884	1	0.17579	0.37697	0.12869	1	0.98427	0.9940	0	0
330241	University Hospital S U N Y Health Science Center	45060	45060	45060	45060	36067	2	ourban	ourban	N	1.011				N		1	0.4772	0.6276	543	407	0.23109	0.19376	0.3938	0.05426	0.08301	0.05426	0.000711	806.17	0.001126	1303.27	0.261	0.017	0		7457	7379.32	1.7975	1.7922	3220.88	1.9226	7384.25	1.8069	1.8016	3223.18	1.9365	1.0075	1	0.16515	0.1089	0.29147	1	0.99479	0.9959	0	0
330245	St Elizabeth Medical Center	46540	46540	45060	33	36065	2	ourban	rural	S	0.9691		YES	YES	N		1	0.1225	0.1621	177	127	0.06468	0.04681	0.2153	0.01744	0	0.01744	0.000115	265.21	0.00016	363.7	0.308	0.016	7		3543	3515.17	1.7209	1.7151	1560.51	1.7132	3517.32	1.7127	1.7074	1561.39	1.6958	0.9787	1	0.0209	0.00708	0.46303	1	0.99564	0.9994	0	0
330246	St Charles Hospital	35004	35004	35004	35004	36103	2	lurban	lurban	N	1.3525				N		1	0.018	0.0227	167	135	0.00979	0.00643	0.3108	0.03714	0.06496	0.03714	0.000076	271.11	0.000187	681.49	0.184	0.014	0		2374	2338.98	1.5066	1.5026	423.05	1.4315	2344.82	1.5164	1.5135	424.01	1.4355	1.2297	1	0.02883	0.02505	0.31589	1	0.99844	0.9772	0	0
330250	Champlain Valley Physicians Hospital Medical Ctr	33	33	15540	33	36019	2	rural	rural	W	0.9705				N		1	0	0	300	137	0	0	0.2732	0.02939	0	0.02939		0		0	0.335	0.026	17	8905.19	3854	3814.22	1.5067	1.5030			3815.58	1.5067	1.5030			0.9797	1	0.14228	0.13657	0.49849	1	0.99998	0.9875	0	0
330259	Mercy Medical Center	35004	35004	35004	35004	36059	2	lurban	lurban	N	1.3525				N		1	0.0042	0.0131	299	125	0.00229	0.0037	0.3073	0.03642	0.06421	0.03642	0.000152	433.73	0.000238	678.06	0.194	0.015	0		2993	2960.10	1.3951	1.3905	795.72	1.4039	2961.33	1.4053	1.4010	795.86	1.4118	1.2297	1	0.01825	0.01602	0.38583	1	0.99782	0.9862	0	0
330261	Phelps Memorial Hospital Assn	35614	35614	35614	35614	36119	2	lurban	lurban	N	1.2866				N		1	0.1569	0.1532	168	99	0.08208	0.04418	0.4084	0.05727	0.08622	0.05727	0.00014	454.75	0.000208	674.24	0.23	0.018	0		2655	2603.09	1.5616	1.5524	589.73	1.5441	2606.67	1.5721	1.5631	590.32	1.5622	1.1884	1	0.02485	0.02393	0.36629	1	1.00446	0.9968	0	0
330264	St Luke's Cornwall Hospital	35614	35614	35614	35614	36071	2	lurban	lurban	N	1.2866				N		1	0	0	193	127	0	0	0.3171	0.03844	0.06632	0.03844	0.000226	495.13	0.000238	515.8	0.245	0.019	0		3746	3710.97	1.5623	1.5552			3712.34	1.5647	1.5578			1.1884	1	0.03104	0.02822	0.44235	1	0.99721	0.9827	0	0
330265	Clifton Springs Hospital And Clinic	40380	40380	40380	40380	36069	2	lurban	lurban	N	0.8618				N		1	0	0	104	35	0	0	0.5533	0.08716	0.11856	0.08716	0.000034	472.82	0.000078	1058.32	0.437	0.03	0		592	575.32	1.2290	1.2156			576.14	1.2436	1.2311			0.9032	1	0	0	0.2633	1	1.00636	0.9964	0	0
330267	New York-Presbyterian/Hudson Valley Hospital	35614	35614	35614	35614	36119	2	lurban	lurban	N	1.2866				N		1	0	0	128	91	0	0	0.1805	0.01121	0.03723	0.01121	0.000094	220.06	0.000107	252.56	0.248	0.014	0		3376	3329.91	1.4727	1.4691			3332.93	1.4761	1.4728			1.1884	1	0.06266	0.03005	0.52278	1	0.99827	0.9784	0	0
330270	Hospital For Special Surgery	35614	35614	35004	33	36061	2	ourban	rural	S	1.3525		YES	YES	N		1	0.3493	0.4682	209	144	0.17415	0.14125	0.0437	0	0	0		0		0	0.312	0.035	7		5960	5882.63	2.4940	2.4902	520.85	2.3024	5900.58	2.4773	2.4728	521.55	2.2896	1.2297	1	0.03195	0.06851	0.4033	1	1.0037	1.0000	0	0
330273	Putnam Hospital Center	20524	20524	14860	20524	36079	2	ourban	ourban	W	1.2563				N		1	0	0	144	62	0	0	0.134	0	0.02751	0		0		0	0.38	0.023	0		2744	2663.04	1.5731	1.5608			2669.56	1.5668	1.5553			1.1691	1	0.00584	0.00212	0.50376	1	1.00235	0.9809	0	0
330276	Nathan Littauer Hospital	33	33	33	33	36035	2	rural	rural	N	0.8618				N		1	0	0	63	21	0	0	0.3119	0.03737	0	0.03737	0.000087	1010.57	0.000086	922.44	0.346	0.018	14	7125.15	742	721.60	1.4151	1.3945			722.33	1.4171	1.3956			0.9032	1	0.01092	0.00252	0.30928	1	1.00731	0.9978	0	0
330277	Corning Hospital	33	33	33	33	36101	2	rural	rural	N	0.8618				N		1	0	0	74	37	0	0	0.2113	0.01662	0	0.01662	0.000102	547.56	0.000095	502.83	0.337	0.048	0		1633	1585.81	1.3870	1.3799			1587.79	1.3854	1.3784			0.9032	1	0.00246	0.00988	0.41816	1	1.00157	0.9933	0	1
330279	Mercy Hospital Of Buffalo	15380	15380	15380	15380	36029	2	lurban	lurban	N	1.0403				N		1	0.0651	0.0898	361	250	0.03493	0.02567	0.2246	0.01936	0.04653	0.01936	0.000218	479.33	0.000312	708.79	0.36	0.023	0		3712	3658.50	2.0225	2.0168	4903.11	1.9677	3661.09	2.0187	2.0127	4907.45	1.9645	1.0274	1	0.05955	0.03661	0.21032	1	0.99692	0.9989	0	0
330285	Strong Memorial Hospital	40380	40380	15380	33	36055	2	ourban	rural	S	0.9751		YES	YES	N		1	0.8711	0.7335	710	695	0.38994	0.22997	0.3858	0.05261	0	0.05261	0.001803	2058.36	0.001847	2221.8	0.367	0.028	7		7180	7103.17	2.0371	2.0260	5846.52	1.9035	7107.87	2.0520	2.0406	5851.20	1.9101	0.9829	1	0.11083	0.12207	0.21128	1	0.99872	0.9941	0	0
330286	Good Samaritan Hospital Medical Center	35004	35004	35004	35004	36103	2	lurban	lurban	N	1.3525				N		1	0.095	0.1168	437	377	0.05054	0.03351	0.2558	0.0258	0.05316	0.0258	0.000684	773.3	0.000535	616.34	0.179	0.011	0		7336	7261.30	1.7649	1.7543	1871.26	1.7771	7265.98	1.7705	1.7602	1872.35	1.7840	1.2297	1	0.0514	0.02975	0.37529	1	0.99472	0.9777	0	0
330304	White Plains Hospital Center	35614	35614	35004	33	36119	2	ourban	rural	S	1.3525		YES	YES	N		1	0	0	292	190	0	0	0.1699	0.00948	0	0.00948	0.000242	334.32	0.000242	369.71	0.267	0.02	7		6648	6542.38	1.5559	1.5488			6548.20	1.5592	1.5521			1.2297	1	0.03806	0.03393	0.38567	1	0.99977	0.9894	0	0
330307	Cayuga Medical Center At Ithaca	27060	27060	45060	33	36109	2	ourban	rural	S	0.9691		YES	YES	N		1	0	0	144	51	0	0	0.2425	0.02305	0	0.02305		0		0	0.624	0.057	16	6942.25	2245	2202.30	1.4961	1.4882			2204.81	1.4924	1.4846			0.9787	1	0.02402	0.03234	0.3745	1	1.00147	0.9975	0	0
330331	Plainview Hospital	35004	35004	35004	35004	36059	2	lurban	lurban	N	1.3525				N		1	0.2759	0.3492	158	117	0.14001	0.10356	0.0664	0	0.01354	0		0		0	0.286	0.014	0		3716	3672.08	1.4567	1.4511	1223.02	1.4760	3674.27	1.4570	1.4515	1223.76	1.4761	1.2297	1	0.0611	0.02177	0.53532	1	1.00069	0.9929	0	0
330332	St Joseph Hospital	35004	35004	35004	35004	36059	2	lurban	lurban	N	1.3525				N		1	0.0049	0.0108	203	91	0.00268	0.00305	0.125	0	0.02564	0		0		0	0.204	0.01	0		2924	2881.52	1.3724	1.3652	906.93	1.4603	2883.19	1.3746	1.3672	907.59	1.4625	1.2297	1	0.01051	0.00244	0.51613	1	0.99728	0.9847	0	0
330350	University Hospital Of Brooklyn ( Downstate )	35614	35614	35614	35614	36047	2	lurban	lurban	N	1.2866				N		1	0.9597	1.5	305	214	0.42284	0.52699	0.6316	0.10331	0.13644	0.10331	0.000249	1032.99	0.000723	2810.65	0.391	0.029	0		1969	1947.18	1.6772	1.6733	1874.46	1.5563	1948.51	1.6799	1.6762	1875.28	1.5600	1.1884	1	0.1729	0.14317	0.19867	1	0.99308	0.9910	0	0
330385	North Central Bronx Hospital	35614	35614	35004	35614	36005	2	lurban	lurban	W	1.3525				N		1	0.3347	0.6873	130	64	0.16745	0.21404	0.9745	0.17403	0.21815	0.17403	0.001292	21978.36	0.000373	6168.4	0.432	0.011	0		488	480.67	1.1711	1.1602	611.92	0.9845	480.97	1.1758	1.1650	612.24	0.9897	1.2297	1	0.11253	0.03002	0.1051	1	1.00721	0.9987	0	0
330386	Catskill Regional Medical Center	33	33	35614	33	36105	2	rural	rural	W	1.272				N		1	0	0	84	38	0	0	0.3591	0.0471	0	0.0471	0.000244	1329.37	0.000206	1158.51	0.295	0.024	17	7569.42	1586	1561.85	1.3715	1.3655			1562.51	1.3694	1.3635			1.1791	1	0.00861	0.01041	0.48752	1.0275	0.99986	0.9893	0	0
330393	University Hospital At Stony Brook	35004	35004	35004	35004	36103	2	lurban	lurban	N	1.3525				N		1	0.7415	0.8159	563	478	0.34008	0.25891	0.2883	0.0325	0.06012	0.0325	0.001129	715.76	0.001988	1575.91	0.25	0.012	0		13366	13149.35	1.8789	1.8762	1793.43	1.9104	13162.23	1.8832	1.8806	1794.21	1.9182	1.2297	1	0.10892	0.04513	0.34601	1	0.99858	0.9928	0	0
330394	"United Health Services Hospitals, Inc"	13780	13780	13780	13780	36007	2	ourban	ourban	N	0.8643				N		1	0.1939	0.3038	372	206	0.10046	0.08951	0.3565	0.04657	0.07486	0.04657	0.000386	670.55	0.000618	1045.54	0.409	0.018	0		4676	4629.55	1.8045	1.7934	2077.17	1.7825	4633.79	1.8088	1.7979	2078.37	1.7893	0.905	1	0.03641	0.00894	0.33997	1	0.99754	0.9961	0	0
330395	St John's Episcopal Hospital At South Shore	35614	35614	35004	33	36081	2	ourban	rural	S	1.3525		YES	YES	N		1	0.9167	1.1904	170	122	0.40699	0.39924	0.6078	0.0984	0	0.0984	0.000108	411.94	0.00051	1875.74	0.22	0.008	7		2116	2098.17	1.7479	1.7458	940.01	1.3756	2099.16	1.7566	1.7546	940.48	1.3777	1.2297	1	0.024	0.00442	0.36172	1	1	0.9792	0	0
330396	Woodhull Medical & Mental Health Center	35614	35614	35614	35614	36047	2	lurban	lurban	N	1.2866				N		1	0.5286	0.9683	238	134	0.25314	0.31423	0.96	0.17104	0.21458	0.17104	0.00409	43562.19	0.001136	11662.42	0.477	0.019	0		738	725.54	1.4979	1.4938	1007.83	1.3910	726.09	1.5051	1.5012	1008.73	1.3924	1.1884	1	0.04015	0.02364	0.11048	1	0.99579	0.9939	0	0
330397	Interfaith Medical Center	35614	35614	35614	35614	36047	2	lurban	lurban	N	1.2866				N		1	0.7215	0.998	153	115	0.33219	0.3253	0.8082	0.13973	0.17781	0.13973	0.00019	1827.44	0.000385	3693.4	0.288	0.027	0		821	814.36	1.6069	1.6010	909.49	1.4691	814.63	1.6177	1.6119	909.69	1.4755	1.1884	1	0.03799	0.05422	0.15509	1	1.00019	0.9992	0	0
330399	St Barnabas Hospital	35614	35614	35004	33	36005	2	ourban	rural	S	1.3525		YES	YES	N		1	0.9596	1.4846	283	166	0.42281	0.52037	0.968	0.17269	0	0.17269	0.000579	3810.74	0.001201	7930.49	0.299	0.029	7		1336	1320.44	1.6758	1.6574	2055.50	1.3043	1320.88	1.6864	1.6682	2056.55	1.3103	1.2297	1	0.04216	0.06681	0.12697	1	0.99417	1.0000	0	0
330401	St Catherine Of Siena Hospital	35004	35004	35004	35004	36103	2	lurban	lurban	N	1.3525				N		1	0	0	254	128	0	0	0.1192	0	0.02443	0		0		0	0.19	0.012	0		4676	4617.83	1.4657	1.4577			4620.91	1.4700	1.4624			1.2297	1	0.01853	0.01171	0.4947	1	0.99851	0.9992	0	0
330406	Sunnyview Hospital And Rehabilitation Center	10580	10580	10580	10580	36093	2	ourban	ourban	N	0.8618				N		1	0	0	17	13	0	0	0.0633	0	0	0		0		0	0.401	0.02	0		308	298.33	1.2445	1.2410			303.55	1.3285	1.3266			0.9032	1	0.00133	0	0.61096	1	1	1.0000	0	0
330409	The Burdett Care Center	10580	10580	10580	10580	36083	2	ourban	ourban	N	0.8618				N		1	0	0	15	0	0	0	0.4194	0.03	0	0.03		0	0	0	0.28	0.023	0		5	5.00	0.7029	0.7029			5.00	0.7145	0.7145			0.9032	1	0	0		1	1	1.0000	1	0
340001	Carolinas Healthcare System Northeast	16740	16740	16740	16740	37025	3	lurban	lurban	N	0.9401				N		1	0.0496	0.0863	447	250	0.02673	0.02465	0.2696	0.02864	0.05611	0.02864	0.001065	1258.53	0.000931	1072.22	0.215	0.025	0		7228	7110.93	1.7568	1.7435	2695.68	1.8183	7118.48	1.7585	1.7453	2698.06	1.8219	0.9586	1	0.02405	0.0552	0.31352	1	0.99813	0.9921	0	0
340002	Memorial Mission Hospital And Asheville Surgery Ce	11700	11700	24860	34	37021	3	ourban	rural	S	0.8882		YES	YES	N		1	0.0656	0.0935	665	522	0.03519	0.02674	0.2863	0.03209	0	0.03209	0.001625	910.57	0.001681	930.18	0.248	0.025	7		14474	14203.34	2.0670	2.0435	4228.86	2.0924	14222.40	2.0716	2.0475	4235.35	2.1018	0.922	1	0.02566	0.04749	0.36917	1	1.00185	1.0000	0	0
340003	Northern Hospital Of Surry County	34	34	34	34	37171	3	rural	rural	N	0.8122				N		1	0	0	100	32	0	0	0.2656	0.02782	0	0.02782	0.000228	1219.86	0.000172	955.53	0.348	0.021	0		1602	1571.03	1.2643	1.2475			1572.95	1.2624	1.2458			0.8672	1	0	0	0.41506	1	1.00972	0.9905	0	0
340004	High Point Regional Hospital	24660	24660	20500	34	37081	3	ourban	rural	S	0.9456		YES	YES	N		1	0	0	310	178	0	0	0.2581	0.02627	0	0.02627	0.000456	1001.14	0.00041	866.3	0.271	0.019	7		3548	3484.17	1.6076	1.5996			3487.85	1.6091	1.6009			0.9624	1	0.00584	0.00435	0.26784	1	0.99967	0.9953	0	0
340008	Scotland Memorial Hospital	34	34	22180	34	37165	3	rural	rural	W	0.8749				N		1	0	0	97	50	0	0	0.4239	0.03	0	0.03	0.000237	925.53	0.00022	854.65	0.231	0.016	0		2051	1985.68	1.5187	1.5028			1988.64	1.5148	1.4991			0.9125	1	0.0021	0.00144	0.41867	1	1.00332	0.9989	0	0
340010	Wayne Memorial Hospital	24140	24140	39580	34	37191	3	ourban	rural	S	0.9096		YES	YES	N		1	0	0	261	131	0	0	0.2802	0.03083	0	0.03083		0		0	0.458	0.028	17	6966.79	4416	4341.94	1.6108	1.6066			4346.24	1.6108	1.6065			0.9372	1	0.03525	0.01983	0.46077	1	0.99993	0.9836	0	0
340013	Rutherford Regional Medical Center	34	34	16740	34	37161	3	rural	rural	W	0.9187				N		1	0	0	129	38	0	0	0.31	0.03698	0	0.03698	0.000126	633.46	0.00012	553.78	0.201	0.025	17	1799.31	1609	1567.67	1.5359	1.5183			1569.31	1.5365	1.5192			0.9436	1	0.0075	0.01858	0.48813	1.02386	0.99906	0.9985	0	0
340014	Novant Health Forsyth Medical Center	49180	49180	49180	49180	37067	3	ourban	ourban	N	0.9303				N		1	0.029	0.0387	841	597	0.01572	0.01098	0.2807	0.03093	0.05849	0.03093	0.001493	1269.91	0.001479	1260.71	0.299	0.016	0		9986	9873.88	1.8747	1.8673	7591.33	1.9557	9884.02	1.8765	1.8690	7600.14	1.9530	0.9517	1	0.04342	0.01562	0.24512	1	0.99465	0.9987	0	0
340015	Novant Health Rowan Medical Center	16740	16740	16740	16740	37159	3	lurban	lurban	N	0.9401				N		1	0	0	169	114	0	0	0.2503	0.02466	0.05199	0.02466	0.00032	982.41	0.000411	1235.67	0.276	0.021	7		2787	2754.26	1.4772	1.4694			2756.48	1.4749	1.4671			0.9586	1	0.01943	0.01977	0.3445	1	0.99486	0.9868	0	0
340016	Harris Regional Hospital	34	34	34	34	37099	3	rural	rural	N	0.8122				N		1	0	0	82	33	0	0	0.2915	0.03	0	0.03	0.000131	739.13	0.000099	554.03	0.206	0.017	0		1475	1442.12	1.6304	1.6185			1444.54	1.6154	1.6049			0.8672	1	0.00161	0.00202	0.43778	1.03326	1.00432	0.9903	0	0
340017	Margaret R Pardee Memorial Hospital	11700	11700	11700	11700	37089	3	ourban	ourban	N	0.8814				N		1	0.0366	0.0978	162	79	0.0198	0.02798	0.2062	0.01557	0.04264	0.01557	0.000384	955.52	0.000278	682.35	0.283	0.043	0		3328	3237.85	1.6756	1.6604	753.11	1.7936	3242.78	1.6718	1.6571	754.67	1.7904	0.9172	1	0.00471	0.01643	0.45013	1	1.00674	1.0000	0	0
340020	Central Carolina Hospital	34	34	20500	34	37105	3	rural	rural	W	0.9456				N		1	0	0	127	45	0	0	0.3243	0.03	0	0.03	0.000232	997.21	0.000185	752.09	0.183	0.018	0		1736	1693.92	1.3659	1.3586			1695.04	1.3687	1.3615			0.9624	1	0.00267	0.0042	0.38857	1	1.00723	0.9831	0	0
340021	Atrium Health Cleveland	34	34	16740	34	37045	3	rural	rural	W	0.9187				N		1	0	0	241	78	0	0	0.2853	0.03188	0	0.03188	0.000411	1098.1	0.000413	1142.59	0.22	0.017	7		3445	3340.80	1.5294	1.5128			3345.29	1.5291	1.5126			0.9436	1	0.01084	0.01084	0.43028	1	1.00024	0.9993	0	0
340023	Park Ridge Health	11700	11700	24860	11700	37089	3	ourban	ourban	W	0.8882				N		1	0	0	73	33	0	0	0.279	0.03	0	0.03	0.000217	1468.93	0.000174	1110.48	0.293	0.029	7		1242	1208.21	1.6840	1.6657			1209.83	1.6859	1.6678			0.922	1	0.00493	0.00819	0.35609	1	1.01065	1.0000	0	0
340024	Sampson Regional Medical Center	34	34	34	34	37163	3	rural	rural	N	0.8122				N		1	0.216	0	83	29	0.11127	0	0.3683	0.049	0	0.049	0.000147	971.99	0.000148	941.22	0.336	0.027	14	5833.02	1192	1149.75	1.3389	1.3273	377.19	1.3918	1151.66	1.3375	1.3259	377.73	1.3932	0.8672	1	0.00114	0.00207	0.46316	1.05432	1.00043	0.9896	0	0
340027	Unc Lenoir Health Care	34	34	24780	34	37107	3	rural	rural	W	0.9062				N		1	0	0	150	65	0	0	0.3251	0.04009	0	0.04009	0.000368	1062.17	0.000319	912.66	0.41	0.028	17	5737.97	2767	2709.81	1.3717	1.3646			2713.24	1.3698	1.3626			0.9348	1	0.0119	0.00951	0.60309	1	0.99794	0.9847	0	0
340028	Cape Fear Valley Medical Center	22180	22180	39580	34	37051	3	ourban	rural	S	0.9096		YES	YES	N		1	0.1151	0.0464	514	424	0.0609	0.01318	0.4037	0.0563	0	0.0563	0.001635	1298.3	0.001675	1325.84	0.212	0.011	7		10289	10156.92	1.6238	1.6157	2767.01	1.5764	10163.64	1.6243	1.6161	2769.05	1.5763	0.9372	1	0.01894	0.00918	0.35777	1	1.00121	0.9972	0	0
340030	Duke University Hospital	20500	20500	20500	20500	37063	3	ourban	ourban	N	0.9716				N		1	0.5375	0.691	937	785	0.25692	0.21531	0.3388	0.04292	0.07102	0.04292	0.002301	1489.19	0.002125	1409.01	0.248	0.02	0		12705	12587.09	2.3906	2.3880	3620.11	2.5244	12593.61	2.4069	2.4041	3622.86	2.5420	0.9805	1	0.13112	0.13489	0.28557	1	0.99868	0.9959	0	0
340032	Caromont Regional Medical Center	16740	16740	16740	16740	37071	3	lurban	lurban	N	0.9401				N		1	0	0	370	241	0	0	0.2733	0.02941	0.0569	0.02941	0.001076	1234.88	0.000732	854.96	0.24	0.024	0		7467	7338.51	1.7280	1.7128			7344.05	1.7307	1.7149			0.9586	1	0.017	0.02955	0.3544	1	0.99664	0.9997	0	0
340037	Atrium Health Kings Mountain	34	34	34	34	37045	3	rural	rural	N	0.8296				Y	0.0348	1	0	0	47	18	0	0	0.1807	0.01124	0	0.01124	0.000172	2118.85	0.000131	1512.29	0.255	0.019	14	6899.52	603	590.50	1.1667	1.1603			591.08	1.1626	1.1565			0.8799	1	0.00391	0.00433	0.48424	1	1.00693	1.0000	0	0
340039	Iredell Memorial Hospital Inc	16740	16740	16740	16740	37097	3	lurban	lurban	N	0.9401				N		1	0	0	155	91	0	0	0.2361	0.02173	0.04897	0.02173	0.000336	879.31	0.000339	856.94	0.26	0.014	0		2885	2829.61	1.5062	1.4935			2831.93	1.4976	1.4850			0.9586	1	0.0195	0.0067	0.45194	1	0.99733	0.9928	0	0
340040	Vidant Medical Center	24780	24780	24780	24780	37147	3	ourban	ourban	N	0.9435				N		1	0.239	0.3038	782	567	0.12241	0.08951	0.4209	0.05985	0.08897	0.05985	0.000648	354.82	0.001441	775.79	0.301	0.012	0		15173	14953.50	2.0560	2.0334	2016.84	2.0400	14967.84	2.0632	2.0409	2018.86	2.0449	0.961	1	0.0865	0.01725	0.39889	1	1	0.9947	0	0
340041	Caldwell Memorial Hospital	25860	25860	25860	25860	37027	3	ourban	ourban	N	0.8792				N		1	0	0	110	50	0	0	0.2392	0.02237	0.04963	0.02237	0.000214	1218.73	0.000172	949.28	0.313	0.021	0		1455	1426.38	1.7045	1.6972			1427.28	1.7026	1.6954			0.9156	1	0.00937	0.00644	0.42737	1	1.00062	0.9903	0	0
340042	Onslow Memorial Hospital	27340	27340	35100	27340	37133	3	ourban	ourban	W	0.8183				N		1	0	0	162	73	0	0	0.3846	0.05236	0.08099	0.05236		0		0	0.346	0.028	16	6555.97	2565	2517.95	1.4241	1.4139			2519.10	1.4230	1.4126			0.8717	1	0.02205	0.0232	0.4431	1	1.00652	0.9957	0	0
340047	North Carolina Baptist Hospital	49180	49180	49180	49180	37067	3	ourban	ourban	N	0.9303				N		1	0.5584	0.7474	796	622	0.26573	0.23481	0.3227	0.03959	0.06753	0.03959	0.002455	2047.47	0.002425	1947.39	0.24	0.02	0		9423	9312.78	2.2233	2.2132	5143.85	2.2431	9319.46	2.2366	2.2264	5147.15	2.2480	0.9517	1	0.15351	0.16575	0.27224	1	1.00062	0.9992	0	0
340049	North Carolina Specialty Hospital	20500	20500	20500	20500	37063	3	ourban	ourban	N	0.9716				N		1	0	0	18	10	0	0	0.031585599	0	0	0		0		0	0.374	0.045	0		567	564.10	2.2324	2.2229			564.75	2.2186	2.2090			0.9805	1	0.00192	0.00375	0.38536	1	1	1.0000	0	0
340050	Southeastern Regional Medical Center	34	34	22180	34	37155	3	rural	rural	W	0.8749				N		1	0.1075	0.1317	256	186	0.057	0.03787	0.4086	0.05731	0	0.05731		0		0	0.269	0.024	17	7737.51	4802	4750.76	1.4714	1.4629	964.31	1.4909	4753.44	1.4734	1.4650	964.80	1.4906	0.9125	1	0.03013	0.04301	0.41733	1	1.00048	0.9790	0	0
340051	Watauga Medical Center	34	34	25860	34	37189	3	rural	rural	W	0.8618				N		1	0	0	94	34	0	0	0.246	0.02378	0	0.02378		0		0	0.334	0.025	17	7779.65	1756	1718.36	1.5487	1.5418			1722.56	1.5499	1.5436			0.9032	1	0.00464	0.00412	0.45178	1	1.00202	0.9930	0	0
340053	Novant Health Presbyterian Medical Center	16740	16740	16740	16740	37119	3	lurban	lurban	N	0.9401				N		1	0	0	582	352	0	0	0.3304	0.04118	0.06919	0.04118	0.000857	1191.75	0.001174	1543.99	0.248	0.017	0		5815	5716.74	2.1887	2.1831			5728.30	2.1875	2.1810			0.9586	1	0.04663	0.02921	0.22655	1	0.99311	0.9953	0	0
340060	Unc Rockingham	24660	24660	24660	24660	37157	3	ourban	ourban	N	0.8948				N		1	0	0	108	24	0	0	0.2907	0.03299	0.06063	0.03299	0.000187	1691.36	0.000164	1414.95	0.412	0.023	0		817	803.21	1.3125	1.3086			804.16	1.3095	1.3055			0.9267	1	0.06348	0.03224	0.32069	1	0.99147	0.9919	0	0
340061	University Of North Carolina Hospital	20500	20500	20500	20500	37135	3	ourban	ourban	N	0.9716				N		1	0.5577	0.7167	759	638	0.26544	0.22416	0.3829	0.05201	0.08062	0.05201	0.002782	2717.85	0.002357	2352.76	0.336	0.013	0		8292	8148.31	2.3010	2.2936	3120.87	2.2552	8158.74	2.3165	2.3093	3126.29	2.2688	0.9805	1	0.20122	0.06375	0.23566	1	1.00183	0.9977	0	0
340064	Wilkes Regional Medical Center	34	34	34	34	37193	3	rural	rural	N	0.8122				N		1	0	0	94	34	0	0	0.2538	0.02538	0	0.02538	0.000172	1149.41	0.000145	856.63	0.325	0.032	0		1095	1063.80	1.3757	1.3565			1065.36	1.3761	1.3567			0.8672	1	0.00921	0.01965	0.38171	1	0.99932	0.9951	0	0
340068	Columbus Regional Healthcare System	34	34	48900	34	37047	3	rural	rural	W	0.8832				N		1	0	0	154	45	0	0	0.3698	0.04931	0	0.04931	0.000135	619.68	0.000143	595.55	0.333	0.039	7		1677	1631.26	1.4759	1.4657			1633.77	1.4730	1.4633			0.9185	1	0.01915	0.04572	0.51264	1	1.00389	0.9976	0	0
340069	Wakemed	39580	39580	39580	39580	37183	3	lurban	lurban	N	0.9594				Y	0.0111	1	0.0973	0.1162	572	421	0.05173	0.03334	0.3603	0.04735	0.07569	0.04735	0.001207	1231.57	0.001333	1345.69	0.219	0.017	0		8132	8021.04	1.9623	1.9537	2849.89	1.8252	8028.43	1.9646	1.9559	2852.81	1.8231	0.972	1	0.04116	0.03762	0.26812	1	0.99233	0.9996	0	0
340070	Alamance Regional Medical Center	15500	15500	20500	15500	37001	3	ourban	ourban	W	0.9456				N		1	0	0	182	95	0	0	0.3091	0.03679	0.06459	0.03679	0.000474	1530.36	0.000457	1362.92	0.326	0.028	0		2512	2438.19	1.5944	1.5865			2441.20	1.5937	1.5857			0.9624	1	0.00811	0.01061	0.26539	1	0.99688	0.9982	0	0
340071	Betsy Johnson Regional  Hospital	34	34	39580	39580	37085	3	rural	lurban	L	0.9096	LUGAR			N		1	0.3066	0	151	65	0.15443	0	0.3563	0.04652	0.07482	0.04652	0.000359	1244.43	0.000557	1732.59	0.236	0.032	0		2046	1979.30	1.2882	1.2769	413.46	1.3206	1982.04	1.2879	1.2760	414.26	1.3197	0.9372	1	0.00032	0.00104	0.5097	1	1.00681	0.9831	0	0
340073	Duke Health Raleigh Hospital	39580	39580	39580	39580	37183	3	lurban	lurban	N	0.9594				Y	0.0111	1	0	0	171	119	0	0	0.1376	0	0.02826	0		0		0	0.253	0.016	0		4030	3976.94	1.9328	1.9263			3980.93	1.9288	1.9218			0.972	1	0.03248	0.01563	0.43461	1	0.99465	0.9907	0	0
340075	Carolinas Healthcare System-Blue Ridge	25860	25860	25860	25860	37023	3	ourban	ourban	N	0.8792				N		1	0.2087	0.3223	155	89	0.10772	0.09522	0.327	0.04048	0.06846	0.04048	0.000395	1352.54	0.000331	1030.44	0.21	0.009	0		2237	2169.90	1.4562	1.4406	751.54	1.5109	2171.97	1.4588	1.4433	753.60	1.5124	0.9156	1	0.00769	0.00119	0.3305	1	1.00294	0.9996	0	0
340084	Atrium Health Anson	34	34	16740	34	37007	3	rural	rural	W	0.9187				N		1	0	0	15	1	0	0	0.2284	0.02015	0	0.02015	0.000079	6972.29	0.000067	5802.41	0.422	0.067	0		114	107.51	1.1222	1.1044			107.74	1.1192	1.1005			0.9436	1	0	0	0.63141	1.25	1	1.0000	0	0
340085	Novant Health Thomasville Medical Center	49180	49180	49180	49180	37057	3	ourban	ourban	N	0.9303				N		1	0	0	74	31	0	0	0.3337	0.03	0	0.03	0.000312	3574.58	0.000248	2960.77	0.308	0.016	0		764	741.34	1.3615	1.3456			742.09	1.3614	1.3454			0.9517	1	0.00263	0.00172	0.21782	1	0.99813	0.9996	0	0
340087	Mission Hospital Mcdowell	34	34	34	34	37111	3	rural	rural	N	0.8122				N		1	0	0	49	20	0	0	0.2549	0.02561	0	0.02561	0.000185	1912.78	0.000123	1277.61	0.299	0.023	0		791	769.37	1.3011	1.2834			770.19	1.2987	1.2809			0.8672	1	0.00492	0.00569	0.43298	1.12629	1.00958	1.0000	0	0
340090	Johnston Health	39580	39580	39580	39580	37101	3	lurban	lurban	N	0.9483				N		1	0	0	179	84	0	0	0.3123	0.03745	0.06528	0.03745	0.000654	1550.42	0.000449	1045.89	0.234	0.016	0		3487	3377.63	1.4817	1.4632			3382.97	1.4754	1.4570			0.9643	1	0.00661	0.00463	0.40249	1	1.00728	0.9900	0	0
340091	The Moses H Cone Memorial Hospital	24660	24660	20500	34	37081	3	ourban	rural	S	0.9456		YES	YES	N		1	0.0556	0.096	759	511	0.02991	0.02746	0.3392	0.043	0	0.043	0.002868	2208.14	0.002176	1609	0.332	0.028	7		10510	10302.94	1.8414	1.8312	7393.62	1.9739	10314.14	1.8410	1.8310	7408.72	1.9731	0.9624	1	0.02035	0.02769	0.23453	1	1.00453	0.9996	0	0
340096	Lexington Memorial Hospital Inc	49180	49180	49180	49180	37057	3	ourban	ourban	N	0.9303				N		1	0	0	80	24	0	0	0.2616	0.02699	0	0.02699	0.000193	2219.41	0.000169	1869.38	0.289	0.012	0		748	720.89	1.5426	1.5332			721.85	1.5424	1.5333			0.9517	1	0.00009	0	0.2545	1	1.01001	0.9940	0	0
340097	Hugh Chatham Memorial Hospital	34	34	34	34	37171	3	rural	rural	N	0.8122				N		1	0	0	81	42	0	0	0.235	0.02151	0	0.02151	0.000215	1350.76	0.000134	791.11	0.249	0.034	0		1219	1186.44	1.3060	1.2967			1188.46	1.3035	1.2942			0.8672	1	0.00104	0.00574	0.39897	1	1.00771	0.9990	0	0
340098	Atrium Health Pineville	16740	16740	16740	16740	37119	3	lurban	lurban	N	0.9401				N		1	0	0.028	206	180	0	0.00793	0.1716	0.00976	0.03536	0.00976	0.000595	867.9	0.000606	921.98	0.208	0.023	0		5995	5927.54	1.6721	1.6666			5932.25	1.6657	1.6601			0.9586	1	0.01017	0.01997	0.3631	1	0.99806	0.9904	0	0
340099	Vidant Roanoke Chowan Hospital	34	34	34	34	37091	3	rural	rural	N	0.8122				N		1	0	0	70	38	0	0	0.3663	0.03	0	0.03	0.000417	2049.29		0	0.32	0.014	16	5696.13	1578	1531.25	1.4075	1.3931			1532.99	1.4057	1.3916			0.8672	1	0.00303	0.00069	0.5933	1.04197	1.00768	0.9904	0	0
340107	Vidant Edgecombe Hospital	40580	40580	40580	40580	37065	3	ourban	ourban	N	0.843				N		1	0	0	101	37	0	0	0.3552	0.0463	0.07458	0.0463	0.000079	407.96	0.000203	1017.3	0.29	0.017	0		1519	1489.86	1.6283	1.6159			1490.89	1.6244	1.6116			0.8896	1	0.02543	0.01312	0.51575	1.025	1.01221	0.9885	0	0
340109	Sentara Albemarle Medical Center	34	34	47260	34	37139	3	rural	rural	W	0.8814				N		1	0	0	142	59	0	0	0.2438	0.02332	0	0.02332		0		0	0.381	0.021	17	7319.96	2432	2371.58	1.3931	1.3815			2374.12	1.3944	1.3827			0.9172	1	0.04116	0.01992	0.53893	1	1.00773	0.9976	0	0
340113	Carolinas Medical Center/Behav Health	16740	16740	16740	16740	37119	3	lurban	lurban	N	0.9401				N		1	0.1855	0.2391	1040	820	0.09632	0.0698	0.3888	0.05323	0.08191	0.05323	0.003747	2260.69	0.003257	1897.11	0.208	0.018	0		13174	12991.11	2.2708	2.2523	4470.57	2.2908	13008.24	2.2753	2.2570	4477.84	2.2999	0.9586	1	0.05241	0.06453	0.23168	1	0.99346	0.9990	0	0
340114	Rex Hospital	39580	39580	39580	39580	37183	3	lurban	lurban	N	0.9594				Y	0.0111	1	0	0	433	304	0	0	0.1358	0	0.02788	0		0		0	0.3	0.02	0		10428	10235.35	1.9521	1.9401			10252.22	1.9511	1.9392			0.972	1	0.02935	0.01629	0.36414	1	1.00813	0.9991	0	0
340115	Firsthealth Moore Regional Hospital	34	34	24660	34	37125	3	rural	rural	W	0.8929				N		1	0	0	422	276	0	0	0.231	0.02068	0	0.02068	0.000967	734.5	0.000767	584.37	0.252	0.017	7		10160	10026.48	1.8293	1.8229			10036.50	1.8209	1.8144			0.9254	1	0.02802	0.01969	0.49069	1	1.01053	0.9961	0	0
340116	Frye Regional Medical Center	25860	25860	16740	34	37035	3	ourban	rural	S	0.9187		YES	YES	N		1	0	0	242	96	0	0	0.1912	0.01295	0	0.01295	0.00035	861.55	0.000263	631.44	0.159	0.021	7		3252	3179.57	1.7234	1.7099			3183.61	1.7242	1.7106			0.9436	1	0.0181	0.06116	0.41672	1	0.99493	0.9930	0	0
340119	Carolinas Healthcare System Stanly	16740	16740	16740	16740	37167	3	lurban	lurban	N	0.9401				N		1	0	0	97	33	0	0	0.2794	0.03	0	0.03	0.000256	1532.01	0.000191	1121.29	0.244	0.021	0		1344	1294.55	1.3868	1.3707			1296.90	1.3828	1.3671			0.9586	1	0.00317	0.00444	0.44099	1	1.00176	0.9998	0	0
340120	Vidant Duplin  Hospital	34	34	34	34	37061	3	rural	rural	N	0.8183				Y	0.0122	1	0	0	49	22	0	0	0.428	0.03	0	0.03	0.000352	2897.02	0.000232	2022.09	0.404	0.018	0		1042	1002.66	1.4139	1.3985			1004.28	1.4140	1.3989			0.8717	1	0.00579	0.00219	0.421	1.07015	1.01963	0.9916	0	0
340123	Randolph Hospital	24660	24660	16740	34	37151	3	ourban	rural	S	0.9187		YES	YES	N		1	0	0	145	51	0	0	0.2758	0.02992	0	0.02992	0.000405	2748.34	0.000308	1884.83	0.355	0.028	7		1091	1058.64	1.4358	1.4221			1060.26	1.4351	1.4216			0.9436	1	0.00009	0.00035	0.25354	1	1.00588	1.0000	0	1
340126	Wilson Medical Center	34	34	39580	40580	37195	3	rural	ourban	L	0.9096	LUGAR			N		1	0	0	251	75	0	0	0.3167	0.03836	0.06623	0.03836	0.000374	933.82	0.000219	534.09	0.2	0.017	7		3104	3029.40	1.4411	1.4265			3032.62	1.4413	1.4266			0.9372	1	0.00431	0.00507	0.51256	1	1.00377	0.9933	0	0
340127	Granville Health Systems	34	34	20500	20500	37077	3	rural	ourban	L	0.9456	LUGAR			N		1	0	0	42	18	0	0	0.3121	0.03	0	0.03	0.000194	1995.99	0.000139	1418.68	0.355	0.026	0		858	832.63	1.3591	1.3470			834.36	1.3567	1.3450			0.9624	1	0.00014	0.00045	0.39704	1	1.00503	0.9970	0	0
340129	Lake Norman Regional Medical Center	16740	16740	16740	16740	37097	3	lurban	lurban	N	0.9401				N		1	0	0	123	41	0	0	0.1927	0.01319	0.03979	0.01319	0.00013	673.06	0.000122	628.43	0.133	0.015	7		1545	1503.53	1.7656	1.7563			1506.41	1.7607	1.7519			0.9586	1	0.00587	0.01501	0.34077	1	1.00567	0.9925	0	0
340130	Atrium Health Union	16740	16740	16740	16740	37179	3	lurban	lurban	N	0.9401				N		1	0.0225	0.0524	175	91	0.01222	0.0149	0.3227	0.03959	0.06753	0.03959	0.000571	1513.48	0.000444	1155.95	0.222	0.021	0		3066	2997.87	1.5072	1.4961	802.03	1.5665	3001.38	1.5097	1.4987	803.31	1.5680	0.9586	1	0.00312	0.00569	0.37848	1	0.99545	0.9945	0	0
340131	Carolina East Medical Center	35100	35100	24780	34	37049	3	ourban	rural	S	0.9062		YES	YES	N		1	0	0	278	168	0	0	0.2131	0.01699	0	0.01699		0		0	0.301	0.018	17	7186.36	6828	6756.78	1.7309	1.7266			6766.57	1.7302	1.7263			0.9348	1	0.02338	0.01022	0.5374	1	1.00875	1.0000	0	0
340132	Maria Parham Medical Center	34	34	34	34	37181	3	rural	rural	N	0.8122				N		1	0	0	91	57	0	0	0.3605	0.04739	0	0.04739	0.000327	1310.01	0.000255	958	0.214	0.018	14	5141.44	1893	1846.83	1.3877	1.3676			1849.17	1.3853	1.3657			0.8672	1	0.00285	0.00442	0.45974	1	0.99849	0.9880	0	0
340133	Martin General Hospital	34	34	34	34	37117	3	rural	rural	N	0.8122				N		1	0	0	43	10	0	0	0.4104	0.05768	0	0.05768	0.000103	1421.58	0.000093	1155.58	0.191	0.014	14	5212.28	531	516.73	1.1809	1.1728			517.73	1.1746	1.1657			0.8672	1	0.01482	0.01626	0.56455	1.18712	1.00503	0.9876	0	0
340141	New Hanover Regional Medical Center	48900	48900	48900	34	37129	3	ourban	rural	S	0.9076		YES		N		1	0.0885	0.1313	626	465	0.04717	0.03775	0.2768	0.03013	0	0.03013		0		0	0.252	0.021	17	7174.52	15498	15234.56	1.8990	1.8865	2503.01	2.0013	15255.82	1.8986	1.8862	2505.86	2.0041	0.9358	1	0.024	0.02755	0.40994	1	1.00337	0.9989	0	0
340142	Carteret General Hospital	34	34	35100	34	37031	3	rural	rural	W	0.8183				N		1	0	0	99	65	0	0	0.1715	0.00974	0	0.00974		0		0	0.365	0.03	17	7313.77	2869	2816.06	1.5035	1.4961			2818.61	1.5003	1.4927			0.8717	1	0.02079	0.02341	0.53738	1	1.00524	0.9966	0	0
340143	Catawba Valley Medical Center	25860	25860	16740	25860	37035	3	ourban	ourban	W	0.9187				N		1	0	0	200	89	0	0	0.3671	0.04875	0.07717	0.04875	0.000437	1405.38	0.000428	1423.35	0.304	0.024	0		2630	2580.66	1.6968	1.6845			2584.28	1.6967	1.6840			0.9436	1	0.03013	0.03081	0.28207	1	1.00143	1.0000	0	0
340144	Davis Regional Medical Center	16740	16740	16740	16740	37097	3	lurban	lurban	N	0.9401				N		1	0	0	102	37	0	0	0.4061	0.0568	0.08571	0.0568	0.000117	1131.48	0.000125	1101.27	0.142	0.012	7		757	741.20	1.3739	1.3665			742.78	1.3600	1.3540			0.9586	1	0.00716	0.01085	0.34231	1	1.00823	0.9972	0	0
340145	Atrium Health Lincoln	16740	16740	34	34	37109	3	ourban	rural	S	0.8951		YES		N		1	0	0	101	46	0	0	0.2726	0.02926	0	0.02926	0.000353	1735.14	0.000269	1246.63	0.222	0.021	0		1645	1605.60	1.3698	1.3564			1608.38	1.3651	1.3520			0.9269	1	0.00598	0.01125	0.40233	1	0.99749	0.9989	0	0
340147	Nash General Hospital	40580	40580	39580	40580	37127	3	ourban	ourban	W	0.9096				N		1	0	0	322	154	0	0	0.3873	0.05292	0.08159	0.05292	0.000628	1079.72	0.000579	952.31	0.276	0.017	0		4417	4352.68	1.5344	1.5223			4355.99	1.5346	1.5226			0.9372	1	0.01894	0.01073	0.4515	1	0.99233	0.9829	0	0
340148	Novant Health Medical Park Hospital	49180	49180	49180	49180	37067	3	ourban	ourban	N	0.9303				N		1	0	0	22	9	0	0	0.067472104	0	0	0		0		0	0.37	0.053	0		178	174.93	1.7166	1.7055			175.20	1.7304	1.7204			0.9517	1	0.01489	0.03217	0.22529	1	1.01047	1.0000	0	0
340151	Halifax Regional Medical Center Inc	34	34	34	34	37083	3	rural	rural	N	0.8122				N		1	0	0	94	54	0	0	0.3116	0.03	0	0.03		0		0	0.387	0.021	16	6289.76	2284	2239.22	1.4406	1.4330			2240.64	1.4399	1.4321			0.8672	1	0.00686	0.00162	0.55548	1	1.00069	0.9964	0	0
340155	Duke Regional Hospital	20500	20500	20500	20500	37063	3	ourban	ourban	N	0.9716				N		1	0.0885	0.1738	301	167	0.04717	0.05027	0.2622	0.02712	0.05453	0.02712	0.0009	1658.42	0.000673	1226.59	0.244	0.016	0		4455	4359.34	1.7347	1.7219	1741.82	1.6952	4370.52	1.7374	1.7253	1745.02	1.6976	0.9805	1	0.01788	0.01132	0.33289	1	1.00354	0.9952	0	0
340156	Cherokee Indian Hospital Authority	34	99	99	99	37173	3	rural	rural	N	1.4448				N		1	0	0	20	5	0	0	0.2415	0.02285	0	0.02285	0.000007	443.58	0.000006	443.26	0.292	0.021	8		159	158.86	0.9312	0.9311			158.86	0.9305	0.9304			1.2866	1			0.22844	1.24424	1	1.0000	0	1
340158	Novant Health Brunswick Medical Center	34820	34820	34	34	37019	3	ourban	rural	S	0.8122		YES		N		1	0	0	66	41	0	0	0.2645	0.02759	0	0.02759	0.000218	903.13	0.000176	722.02	0.249	0.031	14	0	2009	1965.36	1.3941	1.3830			1968.01	1.3905	1.3793			0.8672	1	0.00937	0.02391	0.49196	1	1.01145	0.9761	0	0
340159	Person Memorial Hospital	20500	20500	20500	20500	37145	3	ourban	ourban	N	0.9716				N		1	0	0	38	9	0	0	0.1719	0.00981	0	0.00981	0.000073	1257.3	0.00005	744.36	0.18	0.019	0		403	388.63	1.2802	1.2610			389.29	1.2768	1.2575			0.9805	1	0.00049	0.00642	0.46818	1.19742	0.99372	0.9968	0	0
340166	Atrium Health University City	16740	16740	16740	16740	37119	3	lurban	lurban	N	0.9401				N		1	0	0	100	62	0	0	0.2954	0.03396	0.06164	0.03396	0.000499	2867.23	0.000448	2635.39	0.223	0.024	0		1515	1486.78	1.4820	1.4729			1488.77	1.4825	1.4738			0.9586	1	0.009	0.01637	0.20652	1	1.00652	0.9923	0	0
340168	Wilmington Treatment Center	48900	48900	48900	48900	37129	3	ourban	ourban	N	0.9076				N		1	0	0	44	27	0	0	0.0974	0	0	0		0	0.000014	550.4	0.286	0.032	0		544	542.82	0.8102	0.8102			542.82	0.8134	0.8134			0.9358	1	0	0	0.08362	1	1	1.0000	1	1
340171	Novant Health Matthews Medical Center	16740	16740	16740	16740	37119	3	lurban	lurban	N	0.9401				N		1	0	0	136	97	0	0	0.1998	0.01434	0.04129	0.01434	0.000464	1271.4	0.000292	800.01	0.262	0.023	0		3222	3137.38	1.4438	1.4321			3141.22	1.4395	1.4282			0.9586	1	0.00531	0.00711	0.32309	1	1.00508	0.9903	0	0
340173	Wakemed	39580	39580	39580	39580	37183	3	lurban	lurban	N	0.9594				Y	0.0111	1	0	0	156	106	0	0	0.124	0	0.02543	0		0		0	0.225	0.021	0		3443	3379.38	1.4906	1.4823			3384.40	1.4888	1.4808			0.972	1	0.02743	0.03845	0.33613	1	0.99647	0.9911	0	0
340183	Novant Health Huntersville Medical Center	16740	16740	16740	16740	37119	3	lurban	lurban	N	0.9401				N		1	0.0661	0	118	56	0.03545	0	0.1786	0.0109	0.03683	0.0109	0.000306	1303.18	0.000205	886.85	0.261	0.027	0		2155	2100.33	1.4370	1.4261	731.52	1.6153	2103.92	1.4351	1.4245	732.47	1.6046	0.9586	1	0.00555	0.01051	0.28389	1	1.00003	0.9970	0	0
340184	Haywood Regional Medical Center	11700	11700	11700	11700	37087	3	ourban	ourban	N	0.8814				N		1	0	0	122	45	0	0	0.1935	0.01332	0.03996	0.01332	0.000203	755.66	0.000108	401.69	0.205	0.021	0		2200	2162.30	1.5661	1.5581			2164.08	1.5619	1.5540			0.9172	1	0.00261	0.00531	0.47906	1	1.01228	0.9968	0	0
340186	Vidant Beaufort Hospital	34	34	34	34	37013	3	rural	rural	N	0.8122				N		1	0	0	66	28	0	0	0.2795	0.03	0	0.03	0.00016	917.23	0.000205	1194.87	0.393	0.021	0		1514	1486.01	1.4355	1.4250			1487.93	1.4316	1.4214			0.8672	1	0.00536	0.00233	0.58125	1.08894	1.01882	0.9990	0	0
340187	Davie Medical Center	49180	49180	49180	49180	37059	3	ourban	ourban	N	0.9303				N		1	0		23	1	0	0.52699	0.042035531	0	0	0		0		0	0.289	0.047	0		448	437.49	1.7466	1.7456			438.81	1.7347	1.7336			0.9517	1	0.01913	0.05638	0.32234	1	1	1.0000	0	0
340188	Cape Fear Valley Hoke Hospital	22180	22180	22180	22180	37093	3	ourban	ourban	N	0.8749				N		1	0	0	41	10	0	0	0.2319	0.02087	0	0.02087	0.000151	2816.54	0.000146	3796.73	0.296	0.119	0		469	458.29	1.3534	1.3537			459.09	1.3462	1.3465			0.9125	1	0	0	0.36013	1	1.01451	0.9977	0	0
350002	Chi St Alexius Health	13900	13900	13900	13900	38015	6	ourban	ourban	N	1				N		1	0.0288	0.0651	182	95	0.01561	0.01854	0.175	0.01031	0.03607	0.01031	0.000199	445.69	0.00018	386.06	0.363	0.038	0		3455	3419.55	2.0420	2.0364	79.00	1.8012	3420.94	2.0453	2.0394	79.00	1.7927	1	1	0.02969	0.04957	0.45232	1	1.0065	1.0000	0	0
350006	Trinity Hospitals	35	35	35	35	38101	6	rural	rural	N	1				N		1	0.024	0.0503	203	88	0.01303	0.0143	0.2509	0.02479	0	0.02479		0		0	0.292	0.012	17	6580.5	2902	2857.87	1.8766	1.8689	26.05	1.5344	2859.84	1.8787	1.8707	26.07	1.5411	1	1	0.01688	0.00331	0.37566	1	0.99877	0.9932	0	0
350011	Sanford	22020	22020	24	35	38017	6	ourban	rural	S	1		YES	YES	N		1	0.0968	0.0893	398	327	0.05148	0.02552	0.2999	0.03489	0	0.03489	0.000652	592.5	0.000761	721.17	0.33	0.026	7		9525	9427.29	2.1427	2.1290	649.81	1.9991	9435.30	2.1452	2.1319	650.54	2.0091	1	1	0.06816	0.0707	0.40523	1	0.99187	1.0000	0	0
350015	Sanford Medical Center Bismarck	13900	13900	35	35	38015	6	ourban	rural	S	1		YES		N		1	0.0408	0.0826	203	121	0.02204	0.02358	0.288	0.03244	0	0.03244	0.000329	690.78	0.000366	826.7	0.404	0.014	7		4352	4310.59	1.9049	1.9015	154.51	1.8748	4312.76	1.8976	1.8940	154.72	1.8728	1	1	0.03665	0.00372	0.41764	1	0.99794	0.9964	0	0
350019	Altru Hospital	24220	24220	24220	24220	38035	6	ourban	ourban	N	1				N		1	0.0804	0.1688	253	133	0.04295	0.04879	0.2446	0.02349	0.05078	0.02349		0		0	0.371	0.028	16	6925.96	4714	4655.60	1.8496	1.8445	180.73	1.8910	4658.62	1.8493	1.8441	180.87	1.8899	1	1	0.06369	0.05262	0.46195	1	0.99598	0.9965	0	0
350063	P H S Indian Hosp At Belcourt-Quentin N Burdick	35	99	99	99	38079	6	rural	rural	N	1.4448				N		1	0	0	27	6	0	0	0.3146	0.03	0	0.03	0.000034	1500.95	0.000033	1726.07	0.292	0.026	8		210	208.53	0.9626	0.9604			208.62	0.9558	0.9535			1.2866	1			0.37287	1.25	1	0.9953	0	0
350070	Essentia Health Fargo	22020	22020	22020	22020	38017	6	ourban	ourban	N	1				N		1	0	0	133	108	0	0	0.2181	0.01802	0.04516	0.01802	0.00023	509.15	0.00025	578.72	0.435	0.034	0		3907	3851.31	1.8083	1.7960			3854.11	1.8094	1.7976			1	1	0.08403	0.07998	0.4328	1	0.99965	0.9973	0	0
360001	Mercy Health-Anderson Hospital	17140	17140	17140	17140	39061	4	lurban	lurban	N	0.9164				N		1	0	0	284	128	0	0	0.2467	0.02392	0.05123	0.02392	0.000176	414.01	0.000237	570.21	0.209	0.023	0		3528	3461.63	1.7489	1.7373			3467.03	1.7395	1.7281			0.942	1	0.01941	0.03747	0.29616	1	0.99927	0.9953	0	0
360002	University Hospitals Samaritan Medical Center	36	36	36	36	39005	4	rural	rural	N	0.8279				N		1	0	0	39	18	0	0	0.2019	0.01468	0	0.01468	0.00009	766.6	0.000074	637.8	0.498	0.065	14	6640.27	984	961.70	1.2917	1.2781			963.36	1.2897	1.2765			0.8787	1	0.00107	0.00836	0.40837	1	1.01079	0.9984	0	0
360003	"University Of Cincinnati Medical Center, Llc"	17140	17140	17140	17140	39061	4	lurban	lurban	N	0.9164				N		1	0.7556	0.9615	473	381	0.34561	0.31171	0.4826	0.07257	0.10266	0.07257	0.000678	949.62	0.001411	1982.32	0.182	0.01	0		5497	5406.69	2.2231	2.1938	2438.97	2.3078	5411.05	2.2376	2.2082	2441.26	2.3234	0.942	1	0.07163	0.03127	0.22891	1	0.99346	0.9985	0	0
360006	Riverside Methodist Hospital	18140	18140	18140	18140	39049	4	lurban	lurban	N	0.9359				N		1	0.1991	0.2609	677	510	0.10302	0.0764	0.2466	0.0239	0.0512	0.0239	0.00102	625.84	0.000981	618.09	0.217	0.02	0		12981	12723.43	2.1985	2.1915	4900.59	2.2212	12750.39	2.2029	2.1959	4911.60	2.2235	0.9556	1	0.03382	0.04685	0.3207	1	0.99782	0.9977	0	0
360008	Southern Ohio Medical Center	36	36	26580	36	39145	4	rural	rural	W	0.8425				N		1	0.0287	0.1729	177	123	0.01556	0.05	0.3478	0.04477	0	0.04477		0		0	0.251	0.023	17	7122.73	4691	4605.73	1.6860	1.6640	735.32	1.6620	4609.87	1.6800	1.6582	735.65	1.6601	0.8893	1	0.026	0.03872	0.46687	1	0.99657	0.9861	0	0
360009	Lima Memorial Health System	30620	30620	30620	30620	39003	4	ourban	ourban	N	0.8668				N		1	0	0	155	66	0	0	0.2342	0.02134	0.04857	0.02134	0.000251	808.48	0.000188	613.33	0.304	0.038	0		2462	2363.43	1.8339	1.8023			2367.16	1.8348	1.8030			0.9067	1	0.04125	0.11259	0.46391	1	1.00003	0.9953	0	0
360010	Union Hospital	36	36	10420	36	39157	4	rural	rural	W	0.833				N		1	0	0	138	53	0	0	0.2276	0.01998	0	0.01998	0.000098	410.39	0.00011	429.16	0.509	0.035	7		1577	1525.32	1.4105	1.3805			1526.97	1.4110	1.3811			0.8824	1	0.01585	0.0128	0.45363	1	0.99754	0.9977	0	0
360011	Marion General Hospital	36	36	18140	36	39101	4	rural	rural	W	0.9149				N		1	0	0	171	58	0	0	0.3043	0.0358	0	0.0358	0.00026	827.7	0.000271	874.85	0.317	0.027	7		2595	2521.40	1.5291	1.5185			2525.57	1.5262	1.5155			0.9409	1	0.02978	0.03746	0.42646	1	1.00164	0.9888	0	0
360012	Mount Carmel St Ann's	18140	18140	18140	18140	39049	4	lurban	lurban	N	0.9359				N		1	0.04	0.0454	265	161	0.02162	0.01289	0.2988	0.03467	0.06238	0.03467	0.000307	704.45	0.000363	880.58	0.232	0.024	0		3740	3655.87	1.8674	1.8497	2632.90	1.8860	3660.74	1.8708	1.8526	2637.07	1.8912	0.9556	1	0.01023	0.01786	0.22641	1	1.00283	0.9970	0	0
360013	Wilson Memorial Hospital	36	36	19380	36	39149	4	rural	rural	W	0.9291				N		1	0	0	61	18	0	0	0.1909	0.0129	0	0.0129	0.000088	914.46	0.000074	782.54	0.442	0.037	0		837	806.95	1.2136	1.2039			808.70	1.2108	1.2016			0.9509	1	0.01046	0.0146	0.35495	1.11788	1.00361	0.9951	0	0
360014	Ohiohealth O'bleness Hospital	36	36	18140	36	39009	4	rural	rural	W	0.9149				N		1	0.0186	0.7197	58	14	0.01011	0.22519	0.4401	0.06381	0	0.06381		0		0	0.822	0.101	17	9427.74	793	741.63	1.4759	1.4607	127.20	1.4953	743.65	1.4737	1.4592	127.71	1.4931	0.9409	1	0.09108	0.20059	0.28207	1.09788	1.01328	0.9964	0	0
360016	"Jewish Hospital, Llc"	17140	17140	17140	17140	39061	4	lurban	lurban	N	0.9164				N		1	0.327	0.4654	170	116	0.1639	0.14035	0.1985	0.01413	0.04102	0.01413	0.000151	339.75	0.000187	446.32	0.196	0.032	0		3815	3722.08	1.7878	1.7736	2295.46	1.6722	3728.77	1.7949	1.7810	2298.86	1.6787	0.942	1	0.03002	0.11187	0.36131	1	1.00595	0.9953	0	0
360017	Grant Medical Center	18140	18140	18140	18140	39049	4	lurban	lurban	N	0.9359				N		1	0.2354	0.338	388	266	0.12067	0.10008	0.4517	0.0662	0.09578	0.0662	0.000845	1484.75	0.000804	1410.01	0.203	0.016	0		4461	4386.68	2.1481	2.1374	2165.44	2.1259	4392.02	2.1527	2.1425	2168.11	2.1333	0.9556	1	0.04047	0.03902	0.24221	1	0.99377	0.9966	0	0
360020	Summa Health System	10420	10420	17460	36	39153	4	ourban	rural	S	0.8625		YES	YES	N		1	0.3704	0.5377	605	351	0.18376	0.16386	0.2504	0.02468	0	0.02468	0.000618	726.64	0.000749	861.51	0.125	0.01	7		6637	6520.66	1.6645	1.6505	5879.97	1.7794	6526.28	1.6668	1.6528	5885.14	1.7795	0.9037	1	0.02073	0.02641	0.2418	1	0.99619	0.9931	0	0
360025	Firelands Regional Medical Center	36	36	45780	36	39043	4	rural	rural	W	0.8792				N		1	0.0287	0.1426	179	104	0.01556	0.04106	0.3003	0.03497	0	0.03497	0.000184	393.96	0.000183	383.34	0.325	0.024	7		3549	3482.18	1.5210	1.5135	719.62	1.5803	3486.23	1.5210	1.5137	720.38	1.5790	0.9156	1	0.01031	0.00895	0.48849	1	1.00211	1.0000	0	0
360026	Greene Memorial Hospital	19380	19380	19380	19380	39057	4	ourban	ourban	N	0.9291				N		1	0	0	49	25	0	0	0.2138	0.01713	0	0.01713	0.00008	871.81	0.000064	676.72	0.219	0.016	0		697	676.69	1.4850	1.4786			677.92	1.4843	1.4781			0.9509	1	0.03285	0.02812	0.37459	1	1.00143	0.9922	0	0
360027	Akron General Medical Center	10420	10420	17460	10420	39153	4	ourban	ourban	W	0.8625				N		1	0.2768	0.4993	361	261	0.14044	0.15131	0.2779	0.03035	0.05789	0.03035	0.000215	275.58	0.00066	839.21	0.201	0.023	0		6194	6099.42	1.6222	1.6096	2571.92	1.8685	6104.48	1.6257	1.6131	2574.11	1.8712	0.9037	1	0.03977	0.07639	0.30006	1	0.99974	0.9974	0	0
360029	Wood County Hospital	45780	45780	45780	45780	39173	4	ourban	ourban	N	0.9018				N		1	0	0	103	21	0	0	0.1867	0.01221	0.03853	0.01221	0.000102	1019.98	0.000085	820.93	0.455	0.06	0		758	747.00	1.2885	1.2858			747.82	1.2863	1.2837			0.9317	1	0.02071	0.04592	0.35484	1.09242	1.00271	0.9966	0	0
360032	Grand Lake Health System	36	36	19380	36	39011	4	rural	rural	W	0.9291				N		1	0	0	40	11	0	0	0.1609	0.00802	0	0.00802	0.000044	632.25	0.000266	3885.77	0.495	0.041	14	6080.28	666	645.18	1.4207	1.4028			645.97	1.4210	1.4029			0.9509	1	0.00825	0.00959	0.37408	1.17894	1.0046	0.9999	0	0
360035	Mount Carmel West	18140	18140	18140	18140	39049	4	lurban	lurban	N	0.9359				N		1	0.1122	0.1664	649	409	0.05941	0.04808	0.285	0.03182	0.05941	0.03182	0.000813	820.06	0.000753	779.81	0.224	0.016	0		8186	8023.03	1.8973	1.8841	6863.26	1.9857	8038.37	1.8998	1.8867	6881.72	1.9861	0.9556	1	0.01093	0.0078	0.24926	1	0.99626	0.9977	0	0
360036	Wooster Community Hospital	36	36	17460	36	39169	4	rural	rural	W	0.8625				N		1	0	0	104	42	0	0	0.2407	0.02268	0	0.02268	0.00009	391.63	0.000098	451.97	0.458	0.035	7		1909	1846.51	1.4601	1.4420			1849.43	1.4614	1.4436			0.9037	1	0.00255	0.00269	0.31798	1	1.01003	0.9958	0	0
360037	St Vincent Charity Medical Center	17460	17460	17460	17460	39035	4	lurban	lurban	N	0.8819				N		1	0.5165	0.832	145	72	0.24799	0.26464	0.5949	0.09574	0.12802	0.09574	0.000061	363.04	0.000221	1197.41	0.266	0.019	0		1233	1212.92	1.8985	1.8879	673.03	1.6622	1213.97	1.8938	1.8830	674.34	1.6604	0.9175	1	0.0146	0.01012	0.23281	1	0.99747	0.9998	0	0
360039	Genesis Hospital	36	36	18140	36	39119	4	rural	rural	W	0.9149				N		1	0	0	285	154	0	0	0.4066	0.0569	0	0.0569		0		0	0.299	0.034	17	7060.14	5066	4958.59	1.6411	1.6252			4964.86	1.6440	1.6279			0.9409	1	0.02178	0.05375	0.39039	1	0.99918	0.9950	0	0
360040	Knox Community Hospital	36	36	36	36	39083	4	rural	rural	N	0.8691				Y	0.059	1	0	0	65	26	0	0	0.2923	0.03	0	0.03		0		0	0.357	0.021	16	6630.1	1500	1458.79	1.5496	1.5321			1460.92	1.5172	1.5032			0.9084	1	0.03146	0.01518	0.42119	1.05099	0.99863	0.9984	0	0
360041	Parma Community General Hospital	17460	17460	17460	17460	39035	4	lurban	lurban	N	0.8819				N		1	0.1349	0	212	105	0.07099	0	0.129	0	0.02647	0		0		0	0.291	0.032	0		3520	3443.20	1.5632	1.5440	1828.30	1.5307	3448.27	1.5570	1.5382	1831.42	1.5248	0.9175	1	0.00988	0.02174	0.43731	1	1.00825	0.9966	0	0
360044	Wayne Hospital	36	36	36	36	39037	4	rural	rural	N	0.8279				N		1	0	0	63	13	0	0	0.2398	0.0225	0	0.0225	0.0001	1187.08	0.000115	1237.81	0.504	0.069	14	6767.57	664	624.96	1.2959	1.2833			626.56	1.2912	1.2786			0.8787	1	0.01247	0.04347	0.43928	1.14303	1.00524	0.9986	0	1
360046	Mccullough-Hyde Memorial Hospital	17140	17140	17140	17140	39017	4	lurban	lurban	N	0.9164				N		1	0	0	45	15	0	0	0.2361	0.02173	0	0.02173	0.0002	2763.3	0.000099	1399	0.341	0.07	0		628	605.21	1.3486	1.3378			606.40	1.3481	1.3380			0.942	1	0.00034	0.00408	0.31973	1	1.00261	0.9837	0	0
360048	University Of Toledo Medical Center	45780	45780	45780	45780	39095	4	ourban	ourban	N	0.9018				N		1	0.3689	1.0769	205	142	0.18308	0.35514	0.3011	0.03514	0.06287	0.03514	0.000193	437.48	0.000237	536.06	0.2	0.013	0		3454	3402.63	1.9010	1.8756	1553.23	1.7600	3406.61	1.9068	1.8814	1554.59	1.7667	0.9317	1	0.05068	0.02899	0.40047	1	0.99074	0.9960	0	0
360051	Miami Valley Hospital	19380	19380	19380	36	39113	4	ourban	rural	S	0.9291		YES		N		1	0.1242	0.2368	768	384	0.06555	0.06911	0.411	0.05781	0	0.05781	0.000528	559.38	0.001459	1628.33	0.22	0.023	7		8306	8043.31	1.9734	1.9486	3897.86	1.9891	8058.25	1.9793	1.9546	3907.09	1.9970	0.9509	1	0.03837	0.07347	0.24544	1	1.00145	0.9979	0	0
360052	Good Samaritan Hospital	19380	19380	19380	19380	39113	4	ourban	ourban	N	0.9291				N		1	0.1823	0.3986	329	152	0.09474	0.11906	0.2869	0.03221	0.05982	0.03221		0	0.000547	1064.58	0.222	0.022	0		2894	2801.03	1.7616	1.7460	1697.47	1.8156	2806.42	1.7612	1.7459	1701.76	1.8118	0.9509	1	0.02996	0.0494	0.33649	1	0.99906	0.9794	0	0
360054	Holzer Medical Center	36	36	36	36	39053	4	rural	rural	N	0.8279				N		1	0.0501	0	157	35	0.02699	0	0.4199	0.05964	0	0.05964	0.000142	671.11	0.000141	728.82	0.325	0.023	7		1919	1853.32	1.4910	1.4830	82.28	1.5540	1856.68	1.4852	1.4778	82.45	1.5556	0.8787	1	0.01281	0.01179	0.45289	1	0.99022	0.9947	0	0
360055	Trumbull Regional Medical Center	49660	49660	17460	49660	39155	4	ourban	ourban	W	0.8625				N		1	0	0	233	114	0	0	0.3172	0.03846	0.06634	0.03846	0.000086	220.21	0.000127	437.05	0.163	0.011	0		2199	2170.89	1.5507	1.5388			2172.04	1.5540	1.5420			0.9037	1	0.03044	0.02069	0.30469	1	0.99825	0.9920	0	0
360056	Mercy Health - Fairfield Hospital	17140	17140	17140	17140	39017	4	lurban	lurban	N	0.9164				N		1	0	0	199	133	0	0	0.2188	0.01817	0.0453	0.01817	0.000195	418.99	0.000283	607.07	0.195	0.02	0		3610	3518.66	1.7276	1.7148			3523.76	1.7272	1.7146			0.942	1	0.01708	0.02854	0.31259	1	1.00671	0.9907	0	0
360058	Mercer County Joint Township Community Hospital	36	36	36	36	39107	4	rural	rural	N	0.8279				N		1	0	0	42	16	0	0	0.1226	0	0	0		0		0	0.471	0.037	0		774	751.55	1.1710	1.1631			752.60	1.1690	1.1612			0.8787	1	0.01326	0.01376	0.44493	1.14856	1.00588	0.9999	0	0
360059	Metrohealth System	17460	17460	17460	17460	39035	4	lurban	lurban	N	0.8819				N		1	0.684	1.2535	492	273	0.31726	0.42438	0.6536	0.10784	0.14151	0.10784	0.000853	1895.08	0.001339	2805.18	0.258	0.015	0		3550	3487.37	1.8485	1.8376	2896.84	1.7516	3490.43	1.8556	1.8446	2898.34	1.7570	0.9175	1	0.01338	0.00491	0.19295	1	0.99398	0.9952	0	0
360064	Mh St Elizabeth Youngstown Hospital	49660	49660	17460	36	39099	4	ourban	rural	S	0.8625		YES	YES	N		1	0.2194	0.2697	335	211	0.11293	0.07908	0.2534	0.0253	0	0.0253	0.000182	310.86	0.000373	630.34	0.211	0.016	7		4541	4447.61	1.9255	1.8843	3379.63	1.8991	4452.71	1.9233	1.8822	3383.54	1.9043	0.9037	1	0.01748	0.01617	0.32145	1	0.99408	0.9917	0	0
360065	Fisher-Titus Hospital	36	36	17460	36	39077	4	rural	rural	W	0.8625				N		1	0	0	78	31	0	0	0.2738	0.02951	0	0.02951	0.000115	583.5	0.000106	550.14	0.457	0.052	7		1535	1463.08	1.3644	1.3449			1469.50	1.3615	1.3432			0.9037	1	0.00947	0.02101	0.42639	1	1.00522	0.9963	0	0
360066	Mercy Health-St Rita's Medical Center	30620	30620	30620	30620	39003	4	ourban	ourban	N	0.8668				N		1	0.0137	0.0155	293	171	0.00746	0.00438	0.2422	0.02299	0.05027	0.02299	0.000224	279.12	0.000373	471.65	0.169	0.015	0		6611	6486.14	1.7990	1.7802	2164.05	1.7190	6490.70	1.7992	1.7800	2165.43	1.7151	0.9067	1	0.02267	0.02817	0.42512	1	1.00541	0.9968	0	0
360068	Toledo Hospital The	45780	45780	11460	36	39095	4	ourban	rural	S	0.953		YES	YES	N		1	0.1782	0.113	654	390	0.0927	0.0324	0.3856	0.05257	0	0.05257	0.000579	525.16	0.000722	819.23	0.172	0.02	7		6934	6809.79	2.1992	2.1733	3394.29	2.0614	6819.21	2.2070	2.1811	3399.33	2.0703	0.9676	1	0.05027	0.10856	0.24981	1	1.00041	1.0000	0	0
360070	Mercy Medical Center	15940	15940	17460	36	39151	4	ourban	rural	S	0.8625		YES	YES	N		1	0.0867	0.164	256	182	0.04623	0.04737	0.2321	0.02091	0	0.02091	0.000229	480.44	0.000324	684.34	0.36	0.016	7		3951	3900.52	1.8148	1.8019	2899.57	1.8823	3903.37	1.8142	1.8016	2901.71	1.8858	0.9037	1	0.01602	0.00433	0.29195	1	0.99763	0.9943	0	0
360071	Van Wert County Hospital	36	36	30620	36	39161	4	rural	rural	W	0.8668				N		1	0	0	61	7	0	0	0.2465	0.02388	0	0.02388	0.000034	735.74	0.000028	539.71	0.573	0.034	14	7758.69	309	291.18	1.5679	1.5607			291.90	1.5619	1.5551			0.9067	1	0.1029	0.06172	0.42032	1.22258	0.99835	0.9923	0	0
360072	Fairfield Medical Center	18140	18140	18140	18140	39045	4	lurban	lurban	N	0.9359				N		1	0.1238	0.2366	211	102	0.06535	0.06905	0.2513	0.02487	0.05221	0.02487	0.000169	359.32	0.000196	446.66	0.378	0.029	0		3953	3852.11	1.6597	1.6447	1519.90	1.7987	3856.42	1.6567	1.6419	1521.82	1.8003	0.9556	1	0.02888	0.02474	0.40112	1	1.00285	0.9987	0	0
360074	Flower Hospital	45780	45780	45780	45780	39095	4	ourban	ourban	N	0.9018				N		1	0.0122	0.1377	162	73	0.00665	0.03962	0.2012	0.01457	0.04158	0.01457		0	0.000186	751.68	0.164	0.014	0		1799	1749.70	1.6002	1.5807	1214.75	1.4238	1752.51	1.6039	1.5856	1215.55	1.4266	0.9317	1	0.01152	0.0115	0.31707	1	1.00017	0.9993	0	0
360075	Uhhs Richmond Heights Hospital	17460	17460	17460	17460	39035	4	lurban	lurban	N	0.8819				N		1	0.7868	1.3608	101	53	0.35775	0.46817	0.2699	0.0287	0.05618	0.0287	0.000155	813.45	0.000213	1032.4	0.235	0.027	0		1441	1392.01	1.4743	1.4596	1198.24	1.4694	1394.28	1.4734	1.4588	1199.45	1.4648	0.9175	1	0.002	0.00469	0.37868	1	0.99991	0.9907	0	0
360076	Atrium Medical Center	17140	17140	17140	17140	39017	4	lurban	lurban	N	0.9164				N		1	0	0	217	77	0	0	0.2667	0.02804	0.05549	0.02804	0.000227	814.3	0.000404	1466.86	0.23	0.029	0		2407	2324.36	1.8400	1.8187			2329.15	1.8427	1.8217			0.942	1	0.04083	0.1152	0.32785	1	1.00133	0.9994	0	0
360077	Fairview Hospital	17460	17460	17460	17460	39035	4	lurban	lurban	N	0.8819				N		1	0.1399	0.2598	426	290	0.07352	0.07607	0.3141	0.03782	0.06567	0.03782	0.000607	776.84	0.000606	803.07	0.242	0.02	0		6181	6071.81	1.6208	1.6019	3090.32	1.7019	6078.26	1.6214	1.6031	3092.63	1.7008	0.9175	1	0.00772	0.00858	0.27587	1	1.0011	0.9905	0	0
360078	University Hospitals Portage Medical Center	10420	10420	10420	10420	39133	4	ourban	ourban	N	0.833				N		1	0.008	0.0183	104	64	0.00436	0.00518	0.224	0.01924	0.0464	0.01924	0.000114	541.95	0.000119	604	0.206	0.023	0		1939	1910.05	1.5328	1.5223	1451.06	1.5165	1911.26	1.5328	1.5231	1452.48	1.5198	0.8824	1	0.01018	0.01972	0.29381	1	0.99806	0.9947	0	0
360079	Kettering Medical Center	19380	19380	19380	36	39113	4	ourban	rural	S	0.9291		YES		N		1	0.1209	0.2599	363	237	0.06387	0.0761	0.2422	0.02299	0	0.02299	0.000232	309.58	0.000293	400.92	0.176	0.01	7		6106	5972.16	1.9692	1.9570	3590.21	1.9957	5981.01	1.9696	1.9571	3597.00	1.9923	0.9509	1	0.01492	0.00688	0.28373	1	0.99659	0.9919	0	0
360080	East Ohio Regional Hospital	48540	48540	48540	48540	39013	4	ourban	ourban	N	0.8279				N		1	0	0	84	23	0	0	0.2093	0.01621	0	0.01621	0.000013	142.64	0.000056	548.97	0.159	0.01	0		726	713.04	1.3954	1.3815			713.82	1.3991	1.3850			0.8787	1	0	0	0.39917	1	1.00261	0.9990	0	0
360081	Mercy Health - St Charles Hospital	45780	45780	45780	45780	39095	4	ourban	ourban	N	0.9018				N		1	0.0852	0.217	120	60	0.04545	0.06315	0.3011	0.03514	0.06287	0.03514	0.00007	304.84	0.000131	563.07	0.174	0.016	0		1876	1825.10	1.4954	1.4846	943.80	1.5080	1829.09	1.4898	1.4793	945.47	1.5028	0.9317	1	0.02992	0.03733	0.39093	1	1.00069	0.9976	0	0
360082	Euclid Hospital	17460	17460	17460	17460	39035	4	lurban	lurban	N	0.8819				N		1	0	0	125	54	0	0	0.278	0.03038	0.05791	0.03038	0.000193	915.08	0.000166	797.33	0.276	0.017	0		1748	1693.44	1.4962	1.4850			1698.81	1.4952	1.4846			0.9175	1	0.00205	0.00089	0.37289	1	1.0052	1.0000	0	0
360084	Aultman Hospital	15940	15940	17460	36	39151	4	ourban	rural	S	0.8625		YES	YES	N		1	0.1684	0.2558	430	225	0.08783	0.07486	0.2703	0.02879	0	0.02879	0.000342	548.56	0.000412	659.28	0.325	0.022	7		5014	4932.29	1.8662	1.8439	4434.31	1.8035	4935.38	1.8674	1.8445	4437.36	1.8069	0.9037	1	0.0184	0.01235	0.27234	1	0.99389	0.9889	0	0
360085	Ohio State University Hospitals	18140	18140	18140	18140	39049	4	lurban	lurban	N	0.9359				N		1	0.3182	0.4718	876	682	0.15982	0.14241	0.4309	0.06191	0.09118	0.06191	0.000831	604.45	0.00156	1218.69	0.21	0.01	0		11867	11731.76	2.0924	2.0808	3713.94	2.0441	11740.97	2.0982	2.0870	3715.65	2.0552	0.9556	1	0.11892	0.04313	0.2797	1	0.9959	0.9989	0	0
360086	Mercy Health - Springfield Regional Medical Center	44220	44220	19380	36	39023	4	ourban	rural	S	0.9291		YES	YES	N		1	0	0	230	145	0	0	0.3091	0.03679	0	0.03679	0.000171	436.89	0.000308	762.25	0.195	0.025	7		3160	3078.24	1.7527	1.7303			3082.80	1.7529	1.7311			0.9509	1	0.00921	0.02666	0.27763	1	0.99868	0.9896	0	0
360087	Lutheran Hospital	17460	17460	17460	17460	39035	4	lurban	lurban	N	0.8819				N		1	0.025	0.0883	119	47	0.01357	0.02523	0.5328	0.08293	0.11393	0.08293	0.000159	1143.29	0.000146	1085.2	0.265	0.015	0		1087	1046.06	1.6510	1.6453	610.93	1.6844	1056.44	1.6409	1.6385	615.87	1.6730	0.9175	1	0	0	0.22983	1	1.00835	0.9989	0	0
360089	Mercy Health - Tiffin Hospital	36	36	36	36	39147	4	rural	rural	N	0.8279				N		1	0	0	45	16	0	0	0.2416	0.02287	0	0.02287	0.000038	338.81	0.000042	398.3	0.275	0.037	14	6521.89	927	902.54	1.3298	1.3163			903.93	1.3248	1.3116			0.8787	1	0.00051	0.00209	0.47112	1.13629	1.01081	0.9981	0	0
360090	St Luke's Hospital	45780	45780	45780	45780	39095	4	ourban	ourban	N	0.9018				N		1	0.0481	0.1608	173	105	0.02593	0.04642	0.1233	0	0.02528	0		0		0	0.334	0.03	0		3378	3330.81	1.7861	1.7736	1569.28	1.6198	3334.28	1.7817	1.7692	1569.65	1.6229	0.9317	1	0.03609	0.04511	0.38516	1	0.99849	0.9931	0	0
360091	Medina Hospital	17460	17460	17460	17460	39103	4	lurban	lurban	N	0.8819				N		1	0	0	148	63	0	0	0.0977	0	0.01998	0		0		0	0.307	0.024	0		2790	2720.47	1.4770	1.4700			2724.53	1.4745	1.4680			0.9175	1	0.00661	0.00625	0.41032	1	0.99529	0.9913	0	0
360092	Memorial Hospital	18140	18140	18140	18140	39159	4	lurban	lurban	N	0.9359				N		1	0	0	60	11	0	0	0.279	0.03	0	0.03	0.000104	1997.41	0.00008	1652.77	0.285	0.034	0		481	452.90	1.3323	1.3115			453.96	1.3291	1.3083			0.9556	1	0	0.00411	0.22408	1.17076	1.00631	0.9972	0	0
360095	Blanchard Valley Hospital	36	36	45780	36	39063	4	rural	rural	W	0.8792				N		1	0	0	141	59	0	0	0.2454	0.02365	0	0.02365	0.000267	790.14	0.000212	633.55	0.46	0.063	7		2786	2716.01	1.5840	1.5679			2720.00	1.5860	1.5698			0.9156	1	0.05065	0.15897	0.4002	1	1.00401	0.9971	0	0
360096	East Liverpool City Hospital	36	36	49660	49660	39029	4	rural	ourban	L	0.8279	LUGAR			N		1	0.2311	0.3737	93	41	0.1186	0.11122	0.3375	0.03	0	0.03	0.000103	466.53	0.000099	490.77	0.235	0.015	0		1864	1804.38	1.4317	1.4152	454.10	1.4639	1806.20	1.4324	1.4160	454.59	1.4662	0.8787	1	0	0	0.40832	1	1.01517	0.9789	0	0
360098	Lake Health	17460	17460	17460	17460	39085	4	lurban	lurban	N	0.8819				N		1	0	0	278	168	0	0	0.1552	0.0071	0.03193	0.0071	0.000319	457.63	0.000298	418.95	0.247	0.027	0		5495	5363.24	1.5798	1.5672			5369.65	1.5797	1.5674			0.9175	1	0.00868	0.01807	0.40251	1	1.00105	0.9852	0	0
360107	Bellevue Hospital	36	36	36	36	39143	4	rural	rural	N	0.8351				Y	0.0144	1	0	0	50	11	0	0	0.3236	0.03	0	0.03	0.000105	1658.23	0.000059	937.62	0.38	0.05	0		526	511.18	1.3333	1.3165			511.98	1.3324	1.3157			0.8839	1	0.04271	0.12474	0.31393	1	1.01024	0.9983	0	0
360109	Coshocton Regional Medical Center	36	36	18140	36	39031	4	rural	rural	W	0.9149				N		1	0	0	56	13	0	0	0.1686	0.00927	0	0.00927		0		0	0.339	0.019	16	7497.7	890	858.12	1.4645	1.4457			859.30	1.4644	1.4459			0.9409	1	0.01435	0.00562	0.5262	1.17189	1.00844	0.9953	0	0
360112	Mercy Health St Vincent Medical Center	45780	45780	45780	45780	39095	4	ourban	ourban	N	0.9018				N		1	0.4904	0.7027	309	198	0.2368	0.21933	0.4666	0.06927	0.09909	0.06927	0.000181	359.49	0.000491	981.14	0.136	0.012	0		4085	4002.81	1.9770	1.9469	2146.11	1.7626	4006.98	1.9889	1.9586	2148.74	1.7668	0.9317	1	0.07179	0.10033	0.26216	1	0.99718	0.9945	0	0
360118	Ohiohealth Mansfield Hospital	31900	31900	18140	36	39139	4	ourban	rural	S	0.9149		YES	YES	N		1	0	0	214	127	0	0	0.3034	0.03561	0	0.03561	0.000196	350.58	0.000257	450.54	0.363	0.032	7		4484	4407.68	1.6755	1.6633			4414.72	1.6756	1.6638			0.9409	1	0.03814	0.05308	0.43999	1	0.99707	0.9970	0	0
360121	Community Hospitals And Wellness Centers	36	36	23060	36	39171	4	rural	rural	W	0.8704				N		1	0	0	75	16	0	0	0.1991	0.01423	0	0.01423	0.000099	954.6	0.000078	762.07	0.583	0.056	15	7160.81	817	797.33	1.4157	1.4046			798.61	1.4074	1.3973			0.9093	1	0.0608	0.09737	0.4475	1.1297	1.00603	0.9993	0	0
360123	Uh St John Medical Center	17460	17460	17460	17460	39035	4	lurban	lurban	N	0.8819				N		1	0.2444	0.3586	167	93	0.125	0.10649	0.1529	0.00672	0.03145	0.00672	0.000142	334.91		0	0.229	0.02	0		3476	3383.09	1.5469	1.5321	1559.61	1.6039	3387.92	1.5468	1.5322	1562.47	1.6012	0.9175	1	0.00864	0.01028	0.40378	1	1.00287	0.9968	0	0
360125	Ashtabula County Medical Center	36	36	17460	36	39007	4	rural	rural	S	0.8625	LUGAR	YES	YES	N		1	0	0	106	47	0	0	0.2872	0.03	0	0.03		0		0	0.32	0.013	16	6715.32	1968	1910.73	1.2749	1.2636			1913.13	1.2735	1.2630			0.9037	1	0.01096	0.00208	0.49375	1	1.00531	0.9781	0	0
360131	Alliance Community Hospital	15940	15940	36	36	39151	4	ourban	rural	S	0.8279		YES		N		1	0.1448	0.3282	76	21	0.076	0.09704	0.1957	0.01368	0	0.01368	0.000102	1069.08	0.000104	1029.03	0.502	0.037	14	6698.84	716	689.56	1.4731	1.4411	330.54	1.5489	690.53	1.4757	1.4437	330.99	1.5421	0.8787	1	0.00081	0.00092	0.37572	1	0.99466	0.9916	0	0
360132	Fort Hamilton Hughes Memorial Hospital	17140	17140	17140	17140	39017	4	lurban	lurban	N	0.9164				N		1	0	0	140	75	0	0	0.3462	0.04444	0.07262	0.04444	0.000123	473.54	0.000165	583.3	0.199	0.016	0		1838	1801.44	1.4908	1.4753			1803.41	1.4918	1.4763			0.942	1	0.00692	0.00689	0.33869	1	1.00034	0.9892	0	0
360133	Grandview Hospital & Medical Center	19380	19380	19380	36	39113	4	ourban	rural	S	0.9291		YES		N		1	0.3786	0.5568	259	135	0.18747	0.17015	0.3768	0.05075	0	0.05075	0.000277	768.74	0.000318	933.56	0.178	0.014	7		2978	2938.04	1.6951	1.6841	2008.58	1.7880	2942.05	1.6986	1.6880	2012.32	1.7875	0.9509	1	0.01935	0.0196	0.25911	1	1.00349	0.9981	0	0
360134	Good Samaritan Hospital	17140	17140	17140	17140	39061	4	lurban	lurban	N	0.9164				N		1	0.1556	0.2337	420	254	0.08143	0.06817	0.3899	0.05345	0.08216	0.05345	0.000462	841.26	0.000666	1209.25	0.27	0.019	0		4169	4061.12	2.0579	2.0415	2296.46	2.1128	4068.38	2.0609	2.0440	2300.33	2.1158	0.942	1	0.04257	0.03025	0.18089	1	1.00176	0.9948	0	0
360137	Uh Cleveland Medical Center	17460	17460	17460	17460	39035	4	lurban	lurban	N	0.8819				N		1	0.6936	0.9615	579	456	0.3211	0.31171	0.3854	0.05253	0.08117	0.05253	0.000687	783.22	0.00133	1467.09	0.211	0.021	0		6851	6754.86	2.4523	2.4347	4139.55	2.3718	6765.37	2.4643	2.4471	4145.34	2.3854	0.9175	1	0.07437	0.12048	0.26628	1	1.00214	0.9966	0	0
360141	"Steward Northside Medical Center, Inc"	49660	49660	49660	49660	39099	4	ourban	ourban	N	0.8279				N		1	0.3747	1.0735	113	50	0.18571	0.35384	0.3532	0.04589	0.07414	0.04589		0	0.000096	684.18	0.243	0.017	7		659	641.32	1.6681	1.6482	502.70	1.7432	642.10	1.6620	1.6417	503.62	1.7399	0.8787	1	0.13582	0.0884	0.27822	1	1.00176	0.9798	0	0
360143	Marymount Hospital	17460	17460	17460	17460	39035	4	lurban	lurban	N	0.8819				N		1	0	0	218	83	0	0	0.1791	0.01098	0.03693	0.01098	0.000257	851.21	0.00021	687.14	0.277	0.026	0		2468	2411.76	1.5029	1.4887			2414.66	1.5022	1.4883			0.9175	1	0.01117	0.0165	0.44005	1	0.9987	0.9939	0	0
360144	South Pointe Hospital	17460	17460	17460	17460	39035	4	lurban	lurban	N	0.8819				N		1	0.2963	0.4601	156	84	0.14961	0.13865	0.2388	0.02229	0.04955	0.02229	0.000214	748.38	0.000189	635.28	0.268	0.015	0		2338	2285.23	1.4815	1.4679	1099.86	1.5355	2288.24	1.4808	1.4676	1101.24	1.5336	0.9175	1	0.00755	0.00227	0.38137	1	1.0019	0.9958	0	0
360145	University Hospitals - Elyria Medical Center	17460	17460	17460	17460	39093	4	lurban	lurban	N	0.8819				N		1	0	0	214	118	0	0	0.2443	0.02342	0.05071	0.02342	0.000295	690.06	0.000308	675.8	0.293	0.042	0		3310	3261.76	1.6183	1.6050			3265.02	1.6164	1.6034			0.9175	1	0.01782	0.05515	0.39319	1	1.00401	0.9854	0	0
360147	Marietta Memorial Hospital	36	36	36	36	39167	4	rural	rural	N	0.8279				N		1	0.0873	0.1639	164	108	0.04655	0.04734	0.2548	0.02559	0	0.02559	0.000215	339.09	0.00036	589.12	0.297	0.03	7		5303	5210.09	1.4828	1.4711	908.61	1.6200	5214.34	1.4836	1.4727	909.26	1.6217	0.8787	1	0.02552	0.0448	0.48005	1	0.99375	0.9957	0	0
360148	Pomerene Hospital	36	36	36	36	39075	4	rural	rural	N	0.8279				N		1	0	0	41	10	0	0	0.131923365	0	0	0		0		0	0.558	0.037	0		385	376.91	1.2514	1.2423			377.56	1.2480	1.2390			0.8787	1	0	0	0.27222	1.18091	1.01456	1.0000	0	0
360150	Summa Western Reserve Hospital	10420	10420	17460	36	39153	4	ourban	rural	S	0.8625		YES	YES	N		1	0.3576	0.8619	83	40	0.17794	0.27536	0.1837	0.01173	0	0.01173	0.0001	775.99	0.000087	661.86	0.128	0.009	0		996	970.27	1.5544	1.5383	957.44	1.5316	971.11	1.5516	1.5345	958.48	1.5306	0.9037	1	0.02055	0.01624	0.28661	1	1.00399	0.9950	0	0
360151	Affinity Medical Center	15940	15940	15940	15940	39151	4	ourban	ourban	N	0.83				Y	0.0041	1	0.1837	0.3039	107	52	0.09543	0.08955	0.167	0.00901	0.0344	0.00901	0.000087	694.08	0.000084	526.67	0.188	0.017	0		494	485.21	1.8553	1.8255	378.78	1.8789	485.66	1.8620	1.8319	379.22	1.8808	0.8802	1	0.02275	0.03203	0.31357	1	1	0.9888	0	0
360152	Doctors Hospital	18140	18140	18140	18140	39049	4	lurban	lurban	N	0.9359				N		1	0.5984	0.6991	174	93	0.2824	0.21809	0.4458	0.06498	0.09447	0.06498	0.000448	1904.48	0.000372	1502.6	0.194	0.019	0		1773	1735.35	1.6881	1.6712	1155.79	1.6681	1737.38	1.6889	1.6718	1157.00	1.6707	0.9556	1	0.01719	0.02983	0.24723	1	0.99996	0.9926	0	0
360153	Belmont Community Hospital	48540	48540	48540	48540	39013	4	ourban	ourban	N	0.8279				N		1	0	0	22	15	0	0	0.6721	0.03	0	0.03	0.000018	1507.73	0.000031	2241.03	0.452	0.018	0		94	94.00	1.1176	1.1176			94.00	1.1370	1.1370			0.8787	1	0.09344	0.03662	0.23412	1	1	1.0000	0	0
360155	Southwest General Health Center	17460	17460	17460	17460	39035	4	lurban	lurban	N	0.8819				N		1	0	0	194	136	0	0	0.1191	0	0.02441	0		0		0	0.24	0.026	0		4597	4506.74	1.6068	1.5875			4511.30	1.6040	1.5843			0.9175	1	0.00853	0.01745	0.41405	1	1.00719	1.0000	0	0
360156	Memorial Hospital	36	36	36	36	39143	4	rural	rural	N	0.8351				Y	0.0144	1	0	0	102	10	0	0	0.3009	0.03	0	0.03	0.000076	1406.02	0.000067	1109.23	0.368	0.056	0		415	400.03	1.3596	1.3417			400.67	1.3520	1.3343			0.8839	1	0.00125	0.00458	0.35499	1	1.01077	1.0000	0	0
360159	Adena Regional Medical Center	36	36	18140	36	39141	4	rural	rural	W	0.9149				N		1	0.2362	0.1599	189	87	0.12106	0.04616	0.3642	0.04815	0	0.04815	0.000429	969.75	0.000267	641.86	0.224	0.019	7		4065	3977.95	1.6023	1.5924	1051.98	1.7270	3981.86	1.6014	1.5919	1053.09	1.7244	0.9409	1	0.02356	0.03257	0.38125	1	1.00323	0.9978	0	0
360161	Mh St Joseph Warren Hospital	49660	49660	49660	49660	39155	4	ourban	ourban	N	0.8312				Y	0.0065	1	0.1102	0.1509	131	92	0.05838	0.0435	0.2837	0.03155	0.05913	0.03155	0.000084	311.78	0.000159	580.76	0.196	0.017	0		2127	2089.08	1.5455	1.5292	1720.34	1.5080	2090.85	1.5433	1.5275	1722.63	1.5060	0.8811	1	0.00594	0.00718	0.30039	1	0.99759	0.9983	0	0
360163	Christ Hospital	17140	17140	17140	17140	39061	4	lurban	lurban	N	0.9164				N		1	0.163	0.2997	431	244	0.08514	0.08825	0.2026	0.01482	0.04188	0.01482	0.000321	371.97	0.000385	457.71	0.24	0.023	0		7063	6954.24	2.1814	2.1667	3352.09	2.1758	6964.17	2.1797	2.1652	3360.47	2.1714	0.942	1	0.06088	0.08763	0.33663	1	1.00413	0.9997	0	0
360170	Berger Hospital	18140	18140	18140	18140	39129	4	lurban	lurban	N	0.9359				N		1	0	0	74	15	0	0	0.3645	0.03	0	0.03	0.000097	1269.73	0.000063	855.15	0.454	0.037	0		682	632.37	1.4826	1.4699			633.97	1.4778	1.4657			0.9556	1	0.01095	0.01475	0.31616	1.15242	1.00603	0.9967	0	0
360172	Mercy Health-Lorain Hospital	17460	17460	17460	17460	39093	4	lurban	lurban	N	0.8819				N		1	0.0851	0.0421	171	100	0.0454	0.01195	0.3	0.03491	0.06263	0.03491	0.000108	269.48	0.000208	480.68	0.224	0.017	0		3005	2917.33	1.6702	1.6470	1648.89	1.5893	2922.83	1.6703	1.6477	1652.53	1.5848	0.9175	1	0.01171	0.01001	0.37708	1	1.00493	0.9944	0	0
360174	Upper Valley Medical Center	19380	19380	19380	19380	39109	4	ourban	ourban	N	0.9291				N		1	0	0	134	48	0	0	0.24	0.02254	0.0498	0.02254	0.000172	745.97	0.000288	1248.94	0.26	0.032	0		1923	1837.16	1.4012	1.3833			1841.02	1.4019	1.3839			0.9509	1	0.00495	0.01649	0.35167	1	0.99827	0.9904	0	0
360175	Clinton Memorial Hospital	36	36	36	36	39027	4	rural	rural	N	0.8279				N		1	0	0	75	28	0	0	0.3152	0.03805	0	0.03805	0.00007	505.42	0.000089	667.25	0.412	0.08	14	7075.95	1166	1129.19	1.3506	1.3391			1130.51	1.3492	1.3380			0.8787	1	0.01021	0.06047	0.39095	1.04424	0.99105	0.9888	0	0
360179	Bethesda North	17140	17140	17140	17140	39061	4	lurban	lurban	N	0.9164				N		1	0.1006	0.1301	355	243	0.05344	0.0374	0.2043	0.01517	0.04224	0.01517	0.000595	750.74	0.000555	713.33	0.255	0.021	0		6504	6342.72	1.8525	1.8303	4166.15	1.7738	6351.81	1.8533	1.8311	4171.42	1.7711	0.942	1	0.02721	0.02911	0.26705	1	0.9988	0.9980	0	0
360180	Cleveland Clinic	17460	17460	17460	17460	39035	4	lurban	lurban	N	0.8819				N		1	0.4864	0.6215	1268	982	0.23507	0.19171	0.2391	0.02235	0.04961	0.02235	0.002495	1347.47	0.002161	1165.27	0.235	0.017	0		14863	14696.13	2.7091	2.6986	6093.07	2.4723	14709.75	2.7248	2.7143	6099.18	2.4858	0.9175	1	0.10852	0.08917	0.30307	1	1.00539	0.9983	0	0
360185	Salem Regional Medical Center	36	36	38300	49660	39029	4	rural	ourban	L	0.8367	LUGAR			N		1	0	0	168	44	0	0	0.1825	0.01153	0.03765	0.01153	0.000097	577.7	0.000085	493.43	0.497	0.05	14	7656.78	1371	1342.51	1.3946	1.3828			1344.58	1.3928	1.3816			0.8851	1	0.02016	0.03454	0.36883	1	0.99579	0.9965	0	0
360189	Madison Health	18140	18140	18140	18140	39097	4	lurban	lurban	N	0.9359				N		1	0	0	45	10	0	0	0.3782	0.03	0	0.03	0.000096	2494.05	0.000065	1757.58	0.483	0.05	0		316	309.38	1.2075	1.2085			309.65	1.2096	1.2105			0.9556	1	0.00441	0.02218	0.3151	1.18402	1.00901	0.9960	0	0
360192	Uh Geauga Medical Center	17460	17460	17460	17460	39055	4	lurban	lurban	N	0.8819				N		1	0.0019	0.0026	121	73	0.00104	0.00073	0.1777	0.01075	0.03664	0.01075	0.000147	517.74	0.000166	583.22	0.221	0.019	0		2329	2280.29	1.6268	1.6097	1198.76	1.7303	2283.61	1.6231	1.6068	1201.48	1.7279	0.9175	1	0.00818	0.00989	0.37487	1	1.0032	0.9948	0	0
360197	Mary Rutan Hospital	36	36	18140	36	39091	4	rural	rural	W	0.9149				N		1	0	0	39	12	0	0	0.2978	0.03	0	0.03		0		0	0.545	0.035	16	7745.41	613	588.16	1.2591	1.2453			589.26	1.2548	1.2406			0.9409	1	0.08131	0.05498	0.40524	1.16538	1.00792	0.9989	0	0
360203	Southeastern Ohio Regional Medical Center	36	36	36	36	39059	4	rural	rural	N	0.8279				N		1	0	0	89	31	0	0	0.2945	0.03	0	0.03		0		0	0.451	0.038	16	7317.25	1478	1423.94	1.4928	1.4700			1426.08	1.4910	1.4688			0.8787	1	0.03013	0.03724	0.48985	1.04318	1.0061	0.9957	0	0
360210	Grady Memorial Hospital	18140	18140	18140	18140	39041	4	lurban	lurban	N	0.9359				N		1	0	0	64	17	0	0	0.2387	0.02227	0	0.02227	0.000105	1302.38	0.000092	1071.74	0.396	0.05	0		607	581.38	1.4569	1.4503			582.28	1.4577	1.4514			0.9556	1	0.02948	0.07544	0.32513	1.13152	1.00133	0.9985	0	0
360211	Trinity Medical Ctr East &trinity Medical Ctr West	48260	48260	38300	36	39081	4	ourban	rural	S	0.8367		YES	YES	N		1	0	0	194	88	0	0	0.2611	0.02689	0	0.02689	0.000232	571.29	0.000219	502.07	0.295	0.012	7		3119	3031.80	1.7039	1.6878			3036.70	1.7016	1.6859			0.8851	1	0.00495	0.00071	0.44149	1	1.00752	0.9932	0	0
360218	Licking Memorial Hospital	18140	18140	18140	18140	39089	4	lurban	lurban	N	0.9359				N		1	0	0	219	68	0	0	0.3333	0.04178	0.06982	0.04178	0.00029	962.46	0.00025	827.65	0.364	0.024	0		2487	2382.98	1.3985	1.3816			2387.27	1.3958	1.3789			0.9556	1	0.00879	0.00657	0.31389	1	1.00467	0.9960	0	0
360230	Hillcrest Hospital	17460	17460	17460	17460	39035	4	lurban	lurban	N	0.8819				N		1	0.0496	0.061	383	291	0.02673	0.01736	0.2183	0.01806	0.0452	0.01806	0.000497	543.82	0.00047	524.06	0.264	0.021	0		7758	7629.03	1.6621	1.6516	3111.00	1.6975	7639.71	1.6647	1.6543	3114.02	1.6992	0.9175	1	0.01322	0.01316	0.3417	1	1.00057	0.9939	0	0
360234	Mercy Health - West Hospital	17140	17140	17140	17140	39061	4	lurban	lurban	N	0.9164				N		1	0.0089	0.0246	186	123	0.00485	0.00697	0.2575	0.02615	0.05353	0.02615	0.000202	435.62	0.000263	572.73	0.188	0.042	0		4010	3905.86	1.6629	1.6512	2376.90	1.6496	3915.83	1.6582	1.6470	2382.73	1.6500	0.942	1	0.02095	0.12825	0.33645	1	1.00453	0.9936	0	0
360236	Mercy Health - Clermont Hospital	17140	17140	17140	17140	39025	4	lurban	lurban	N	0.9164				N		1	0	0	123	57	0	0	0.2853	0.03188	0.05947	0.03188	0.000142	563.82	0.000157	623.81	0.216	0.022	0		2146	2086.72	1.5015	1.4898			2090.22	1.4975	1.4871			0.942	1	0.01485	0.02472	0.4064	1	1.00425	0.9865	0	0
360239	Sycamore Medical Center	19380	19380	19380	19380	39113	4	ourban	ourban	N	0.9291				N		1	0.0683	0.1434	197	100	0.03661	0.0413	0.3702	0.04939	0.07785	0.04939	0.000127	502.59	0.000143	574.25	0.193	0.013	0		2006	1934.91	1.5471	1.5306	1274.28	1.5478	1939.42	1.5468	1.5310	1277.13	1.5471	0.9509	1	0.00467	0.00337	0.23815	1	1.00347	0.9996	0	0
360245	Glenbeigh Health Sources	36	36	17460	17460	39007	4	rural	lurban	L	0.8625	LUGAR			N		1	0	0	114	94	0	0	0.4024	0.05603	0.0849	0.05603	0.000061	1503.26	0.00006	1476.41	0.216	0.005	0		323	319.95	1.3865	1.3860			319.66	1.5723	1.5717			0.9037	1	0	0	0.11099	1	1	1.0000	0	1
360247	"Woods At Parkside,the"	18140	18140	18140	18140	39049	4	lurban	lurban	N	0.9359				N		1	0	0	50	35	0	0	0.1987	0.01416	0	0.01416	0.000004	69.2	0.000004	71.86	0.297	0.039	0		517	511.52	0.7920	0.7912			511.52	0.8012	0.8005			0.9556	1	0	0	0.22954	1	1	1.0000	1	1
360259	Bay Park Community Hospital	45780	45780	45780	45780	39095	4	ourban	ourban	N	0.9018				N		1	0	0	77	31	0	0	0.2658	0.02786	0	0.02786	0.000081	753.97	0.000091	813.72	0.201	0.024	0		875	855.39	1.4763	1.4644			858.38	1.4675	1.4569			0.9317	1	0.02949	0.06275	0.28962	1	0.99929	0.9974	0	0
360261	Three Gables Surgery Center	26580	26580	26580	26580	39087	4	ourban	ourban	N	0.8425				N		1	0	0	8	0	0	0	0.089492754	0	0	0		0		0	0.235	0.023	0		35	35.00	2.3655	2.3655			35.00	2.3755	2.3755			0.8893	1	0	0	0.5942	1	1	1.0000	1	1
360262	Mercy St Anne Hospital	45780	45780	45780	45780	39095	4	ourban	ourban	N	0.9018				N		1	0.0273	0	111	49	0.01481	0	0.2251	0.01946	0.04664	0.01946	0.000071	309.49	0.000097	448.75	0.149	0.011	0		1949	1910.55	1.5773	1.5635	1115.46	1.4889	1912.89	1.5764	1.5628	1117.55	1.4885	0.9317	1	0.04585	0.04292	0.38841	1	1.00659	0.9966	0	0
360263	Institute For Orthopaedic Surgery	30620	30620	30620	30620	39003	4	ourban	ourban	N	0.8668				N		1	0	0	12	5	0	0	0.055911711	0	0	0		0		0	0.154	0.007	0		349	348.63	2.2172	2.2175			348.68	2.2084	2.2087			0.9067	1	0	0	0.39374	1	1	1.0000	0	0
360266	Mount Carmel New Albany Surgical Hospital	18140	18140	18140	18140	39049	4	lurban	lurban	N	0.9359				N		1	0	0	60	20	0	0	0.037864983	0	0	0		0		0	0.239	0.021	0		1545	1512.41	2.4747	2.4680			1521.47	2.4529	2.4439			0.9556	1	0.00189	0.00244	0.43044	1	1	1.0000	0	0
360270	Mercy Health - Defiance Hospital	36	36	36	36	39039	4	rural	rural	N	0.8279				N		1	0	0	23	8	0	0	0.1242	0	0	0		0	0.000016	218.35	0.346	0.034	14	5103.37	639	611.42	1.2932	1.2690			612.29	1.2849	1.2620			0.8787	1	0.0179	0.02982	0.59339	1.20818	1.00522	0.9995	0	0
360274	Medical Center At Elizabeth Place	19380	19380	19380	19380	39113	4	ourban	ourban	N	0.9291				N		1	0	0	26	2	0	0	0.102109091	0	0	0		0		0	0.351	0.028	0		90	84.02	2.6313	2.6177			85.58	2.6203	2.5993			0.9509	1	0.04376	0.04393	0.30364	1	1	0.9793	0	0
360276	Mh St Elizabeth Boardman Hospital	49660	49660	49660	49660	39099	4	ourban	ourban	N	0.8279				N		1	0.0795	0	206	139	0.04248	0	0.2803	0.03085	0.0584	0.03085	0.000108	274.43	0.000125	315.08	0.205	0.025	0		2966	2897.94	1.5105	1.4818	2384.85	1.4858	2902.72	1.5072	1.4793	2388.41	1.4817	0.8787	1	0.00543	0.01495	0.26464	1	1.00204	0.9779	0	0
360348	Dublin Methodist Hospital	18140	18140	18140	18140	39049	4	lurban	lurban	N	0.9359				N		1	0.0538	0	107	46	0.02896	0	0.1733	0.01004	0.03572	0.01004	0.000203	1240.22	0.000142	891.54	0.257	0.034	0		1262	1218.51	2.0159	2.0161	8.63	1.9168	1222.01	2.0005	2.0000	8.67	1.8824	0.9556	1	0.00376	0.01357	0.17768	1	1.0074	0.9996	0	0
360351	Crystal Clinic Orthopaedic Center	10420	10420	17460	10420	39153	4	ourban	ourban	W	0.8625				N		1	0	0	60	27	0	0	0.086092918	0	0	0		0		0	0.268	0.01	0		1053	1046.37	2.4997	2.4948			1047.12	2.4821	2.4768			0.9037	1	0.0088	0.00136	0.27049	1	1	1.0000	0	0
360352	Surgical Hospital At Southwoods	49660	49660	49660	49660	39099	4	ourban	ourban	N	0.8279				N		1	0	0	24	9	0	0	0.048644458	0	0	0		0		0	0.362	0.04	0		340	337.01	2.5051	2.5060			337.76	2.4701	2.4703			0.8787	1	0.00044	0.00181	0.29415	1	1	1.0000	0	0
360354	"West Chester Hospital, Llc"	17140	17140	17140	17140	39017	4	lurban	lurban	N	0.9164				N		1	0	0	153	90	0	0	0.2038	0.01507	0.04213	0.01507	0.00016	424.67	0.000164	431.46	0.23	0.02	0		2923	2849.50	1.5685	1.5649			2854.75	1.5658	1.5623			0.942	1	0.02764	0.03235	0.36721	1	0.99899	0.9877	0	0
360355	"Ohio Valley Medical Center, Llc"	44220	44220	44220	44220	39023	4	ourban	ourban	N	0.9037				Y	0.0143	1	0	0	24	5	0	0	0.1461	0	0	0		0	0.000012	637.21	0.436	0.039	0		163	159.11	2.2542	2.2341			160.24	2.2449	2.2261			0.933	1	0.01262	0.01619	0.25695	1	1	0.9908	0	0
360358	Diley Ridge Medical Center	18140	18140	18140	18140	39045	4	lurban	lurban	N	0.9359				N		1	0	0	10	0	0	0	0.518518519	0.03	0	0.03	0.000038	31855.01		0	0.581	0.128	0		17	15.27	1.2411	1.2325			15.38	1.2300	1.2213			0.9556	1	0	0	0.40741	1	1	1.0000	0	0
360359	University Hospitals Ahuja Medical Center	17460	17460	17460	17460	39035	4	lurban	lurban	N	0.8819				N		1	0.0018	0.0015	145	93	0.00098	0.00042	0.1325	0	0.02719	0		0		0	0.224	0.043	0		3148	3068.46	1.6705	1.6534	1942.23	1.7403	3074.96	1.6647	1.6491	1945.98	1.7421	0.9175	1	0.01113	0.05279	0.38841	1	0.9997	0.9964	0	0
360360	Soin Medical Center	19380	19380	19380	19380	39057	4	ourban	ourban	N	0.9291				N		1	0	0	129	61	0	0	0.2678	0.02827	0.05573	0.02827	0.000112	484.39	0.000119	546.38	0.192	0.029	0		1891	1831.90	1.5303	1.5100			1834.20	1.5303	1.5101			0.9509	1	0.02168	0.05925	0.31023	1	0.99894	0.9858	0	0
360361	Kings Daughters Medical Center Ohio	36	36	36	36	39145	4	rural	rural	N	0.8279				N		1	0	0	10	1	0	0	0.3512	0.03	0	0.03	0.00002	2147.28	0.000076	8817.97	0.522	0.141	0		78	74.52	2.2691	2.2326			75.19	2.2636	2.2284			0.8787	1	0.03422	0.32797	0.40476	1	1	0.9763	0	0
360362	Trihealth Evendale Hospital	17140	17140	17140	17140	39061	4	lurban	lurban	N	0.9164				N		1	0	0	29	3	0	0	0.039499552	0	0	0		0		0	0.426	0.103	0		139	136.31	2.2582	2.2622			137.43	2.2410	2.2433			0.942	1	0.00214	0.01684	0.30404	1	1	0.9740	0	0
360364	Cleveland Clinic Avon Hospital	17460	17460	17460	17460	39093	4	lurban	lurban	N	0.8819				N		1	0		126	55	0	0.52699	0.0706	0	0.0144	0		0		0	0.315	0.064	0		2771	2685.46	1.3677	1.3586			2691.93	1.3666	1.3585			0.9175	1	0.01014	0.04271	0.46833	1	1.00479	0.9898	0	0
360365	Avita Ontario	31900	31900	31900	31900	39139	4	ourban	ourban	N	0.8591				N		1	0		26	6	0	0.52699	0.0821	0	0	0		0		0	0.383	0.049	0		637	618.76	1.5146	1.5059			620.41	1.5117	1.5040			0.9012	1	0.01361	0.02439	0.38359	1	1	1.0000	0	0
370001	Hillcrest Medical Center	46140	46140	36420	37	40143	7	ourban	rural	S	0.8814		YES	YES	N		1	0.1307	0.2303	451	317	0.06886	0.06715	0.3649	0.0483	0	0.0483	0.000916	1027.09	0.00102	1155.81	0.15	0.018	7		7464	7401.79	1.9731	1.9681	2159.52	2.0380	7406.20	1.9780	1.9731	2160.46	2.0341	0.9172	1	0.04809	0.11783	0.33287	1	1.00247	0.9972	0	0
370002	Alliancehealth Woodward	37	37	21420	37	40153	7	rural	rural	W	0.8751				N		1	0	0	40	10	0	0	0.2517	0.02495	0	0.02495	0.000064	1042.51	0.000054	817.99	0.207	0.035	16	5690.68	461	450.89	1.4348	1.4230			451.20	1.4362	1.4237			0.9127	1	0.03163	0.1216	0.40421	1.18424	0.99934	0.9920	0	0
370004	Integris Miami Hospital	37	37	27900	37	40115	7	rural	rural	W	0.8099				N		1	0	0	94	11	0	0	0.3135	0.03	0	0.03	0.00014	1524.93	0.000092	981.67	0.249	0.025	16	5172.26	779	757.64	1.3629	1.3480			758.53	1.3605	1.3456			0.8656	1	0.01047	0.01636	0.51118	1.16803	1.01212	0.9979	0	0
370006	Alliancehealth Ponca City	37	37	46140	37	40071	7	rural	rural	W	0.8457				N		1	0	0	77	23	0	0	0.3244	0.03995	0	0.03995	0.000066	527.69	0.000076	563.91	0.172	0.016	17	5428.17	956	938.65	1.4613	1.4509			939.89	1.4583	1.4480			0.8916	1	0.00193	0.00293	0.42504	1.09727	1.00593	0.9874	0	0
370008	Norman Regional	36420	36420	36420	36420	40027	7	lurban	lurban	N	0.8814				N		1	0.0645	0.0639	322	166	0.03461	0.0182	0.2534	0.0253	0.05265	0.0253	0.000796	1088.21	0.000521	735.48	0.178	0.021	0		6420	6326.67	1.7817	1.7653	926.77	1.7045	6332.50	1.7822	1.7662	927.74	1.7056	0.9172	1	0.0245	0.06113	0.41219	1	0.99334	0.9999	0	0
370011	Mercy Hospital El Reno	36420	36420	36420	36420	40017	7	lurban	lurban	N	0.8814				N		1	0	0	48	3	0	0	0.2081	0.01596	0	0.01596		0	0.000074	3241.3	0.351	0.054	0		113	107.49	1.2888	1.2733			107.62	1.2863	1.2695			0.9172	1	0	0	0.47565	1	1	1.0000	0	0
370013	"Mercy Hospital Oklahoma City, Inc"	36420	36420	36420	36420	40109	7	lurban	lurban	N	0.8814				N		1	0	0	308	211	0	0	0.2463	0.02384	0.05114	0.02384	0.000959	1419.71	0.000767	1158.83	0.242	0.009	0		5754	5601.34	1.9789	1.9518			5609.79	1.9859	1.9587			0.9172	1	0.03998	0.00863	0.33878	1	0.99266	0.9998	0	0
370014	Alliancehealth Durant	37	37	45	37	40013	7	rural	rural	W	0.8275				N		1	0.0713	0.1855	140	50	0.03819	0.05374	0.4145	0.05853	0	0.05853	0.000144	524.42	0.000169	580.46	0.072	0.007	7		2203	2149.61	1.3845	1.3707	135.70	1.4385	2153.03	1.3778	1.3643	135.96	1.4296	0.8784	1	0.0083	0.01448	0.49508	1	1.00268	0.9815	0	0
370015	Hillcrest Hospital Pryor	37	37	37	37	40097	7	rural	rural	N	0.8211				N		1	0	0	22	4	0	0	0.1678	0.00914	0	0.00914	0.000052	1447.45		0	0.301	0.034	14	5295.05	310	282.86	1.3017	1.3100			284.60	1.2877	1.2943			0.8737	1	0	0	0.5599	1.24265	1.00149	0.9945	0	0
370016	Integris Bass Baptist Health Center	21420	21420	21420	21420	40047	7	ourban	ourban	N	0.8751				N		1	0	0.2214	109	32	0	0.06447	0.3294	0.04098	0.06898	0.04098	0.000219	1443.6	0.000282	1729.57	0.193	0.017	0		1102	1081.75	1.5607	1.5486			1082.81	1.5587	1.5468			0.9127	1	0.01667	0.02161	0.40533	1	1.00531	1.0000	0	0
370018	"Jane Phillips Memorial Medical Center, Inc"	37	37	46140	37	40147	7	rural	rural	W	0.8457				N		1	0.0484	0.0917	81	39	0.02609	0.02622	0.1907	0.01286	0	0.01286	0.000222	798.78	0.000182	648.06	0.313	0.016	17	5573.96	2265	2196.16	1.7108	1.6965	173.61	1.4675	2199.13	1.7129	1.6989	173.84	1.4689	0.8916	1	0.01305	0.00365	0.57914	1	0.99963	0.9967	0	0
370019	Great Plains Regional Medical Center	37	37	37	37	40009	7	rural	rural	N	0.8098				N		1	0	0	40	15	0	0	0.243	0.02316	0	0.02316		0		0	0.325	0.065	16	5366.72	642	613.82	1.5615	1.5526			614.91	1.5645	1.5558			0.8655	1	0.00225	0.02188	0.4867	1	1.01593	0.9975	0	0
370020	Mercy Hospital Ada	37	37	36420	37	40123	7	rural	rural	W	0.8814				N		1	0	0	108	26	0	0	0.3262	0.04032	0	0.04032	0.000268	1624.04	0.000186	1207.08	0.335	0.028	17	5548.29	1542	1482.97	1.7616	1.7320			1485.96	1.7646	1.7349			0.9172	1	0.02669	0.03379	0.48297	1.07606	0.99645	0.9967	0	0
370022	Jackson County Memorial Hospital Authority	37	37	45	37	40065	7	rural	rural	W	0.8275				N		1	0	0	49	20	0	0	0.2484	0.02427	0	0.02427		0		0	0.346	0.018	17	6199.91	1084	1070.44	1.5556	1.5515			1071.14	1.5553	1.5511			0.8784	1	0.01009	0.00267	0.53448	1.10962	1.00866	0.9816	0	0
370023	"Duncan Regional Hospital, Inc"	37	37	37	37	40137	7	rural	rural	N	0.8098				N		1	0	0	81	33	0	0	0.2436	0.02328	0	0.02328	0.000226	1024.35		0	0.244	0.022	16	5768.1	1831	1794.66	1.4144	1.4035			1796.18	1.4115	1.4000			0.8655	1	0.00546	0.00856	0.5178	1	1.00275	0.9915	0	0
370025	Saint Francis Hospital Muskogee	37	37	46140	37	40101	7	rural	rural	W	0.8457				N		1	0	0	264	89	0	0	0.2671	0.02813	0	0.02813	0.000332	767.62	0.000283	658.54	0.27	0.014	7		3640	3597.07	1.4775	1.4618			3598.84	1.4764	1.4605			0.8916	1	0.01347	0.00495	0.51404	1	0.99154	0.9860	0	0
370026	St Mary's Regional Medical Center	21420	21420	21420	21420	40047	7	ourban	ourban	N	0.8751				N		1	0	0	122	49	0	0	0.1874	0.01233	0.03868	0.01233	0.000143	506.04	0.000119	429.89	0.167	0.014	0		2327	2275.04	1.5675	1.5501			2277.29	1.5687	1.5514			0.9127	1	0.01062	0.01136	0.56181	1	1.01036	1.0000	0	0
370028	"Integris Baptist Medical Center, Inc"	36420	36420	36420	36420	40109	7	lurban	lurban	N	0.8814				N		1	0.0848	0.1309	492	346	0.04524	0.03763	0.2644	0.02757	0.055	0.02757	0.001216	1016.24	0.001338	1417.55	0.176	0.01	0		8760	8640.80	2.2066	2.1884	1862.93	1.9932	8647.24	2.2191	2.2007	1864.08	2.0013	0.9172	1	0.12177	0.06809	0.36113	1	0.99451	0.9996	0	0
370029	Alliancehealth Clinton	37	37	36420	37	40039	7	rural	rural	W	0.8814				N		1	0	0	45	8	0	0	0.3158	0.03	0	0.03	0.000018	402.29	0.000046	1013.36	0.235	0.02	16	4649.77	337	324.06	1.1661	1.1460			324.69	1.1641	1.1440			0.9172	1	0	0	0.3848	1.20394	1.00977	1.0000	0	0
370030	Blackwell Regional Hospital	37	37	37	37	40071	7	rural	rural	N	0.8098				N		1	0	0	34	2	0	0	0.1204	0	0	0		0	0.00002	684.83	0.458	0.012	14	4857.54	331	320.55	1.1559	1.1419			321.25	1.1513	1.1372			0.8655	1	0.00023	0	0.68482	1.25	1	0.9994	0	0
370032	Alliancehealth Deaconess	36420	36420	36420	36420	40109	7	lurban	lurban	N	0.8814				N		1	0	0	213	58	0	0	0.2955	0.03398	0.06167	0.03398		0	0.000239	1076.74	0.135	0.016	0		1501	1462.50	1.9409	1.9275			1463.73	1.9416	1.9268			0.9172	1	0.03043	0.06834	0.38976	1	0.99941	0.9852	0	0
370034	Mcalester Regional Health Center	37	37	46140	37	40121	7	rural	rural	W	0.8457				N		1	0.0726	0.2956	128	36	0.03887	0.087	0.2974	0.03438	0	0.03438		0		0	0.308	0.017	17	5962.73	1927	1851.24	1.4465	1.4243	63.41	1.2983	1856.05	1.4483	1.4264	63.54	1.2915	0.8916	1	0.00438	0.00223	0.532	1	0.99899	0.9868	0	0
370037	Ssm Health St Anthony Hospital - Oklahoma City	36420	36420	36420	36420	40109	7	lurban	lurban	N	0.8814				N		1	0.0972	0.1434	399	281	0.05168	0.0413	0.3368	0.0425	0.07058	0.0425	0.000758	935.5	0.001082	1401.24	0.199	0.016	0		6912	6826.46	1.8757	1.8650	1757.59	1.7921	6832.77	1.8746	1.8639	1759.36	1.7865	0.9172	1	0.02838	0.02873	0.33015	1	0.99432	0.9984	0	0
370039	Hillcrest Hospital Claremore	46140	46140	46140	46140	40131	7	ourban	ourban	N	0.8457				N		1	0	0	54	21	0	0	0.3272	0.03	0	0.03	0.000064	690.36	0.000096	980.96	0.162	0.028	0		700	681.97	1.3228	1.3092			682.92	1.3194	1.3058			0.8916	1	0	0	0.3587	1.04523	1.00678	0.9987	0	0
370041	Bristow Medical Center	46140	46140	46140	46140	40037	7	ourban	ourban	N	0.8457				N		1	0	0	55	6	0	0	0.166773868	0.00898	0	0.00898	0.000024	280.76		0	0.264	0.002	0		774	734.81	1.9547	1.9331			747.68	1.9418	1.9226			0.8916	1	0.02109	0	0.50367	1.18296	1.01034	0.9960	0	0
370047	"Mercy Hospital Ardmore, Inc"	37	37	36420	37	40019	7	rural	rural	W	0.8814				N		1	0	0	140	61	0	0	0.2354	0.02159	0	0.02159		0		0	0.274	0.021	17	6476.62	2780	2713.85	1.7202	1.7083			2717.74	1.7149	1.7041			0.9172	1	0.01766	0.01655	0.57146	1	1.00247	0.9993	0	0
370049	Stillwater Medical Center	37	37	36420	37	40119	7	rural	rural	W	0.8814				N		1	0	0	87	24	0	0	0.2358	0.02167	0	0.02167	0.000329	1804.83	0.00021	1132.52	0.343	0.029	17	5957.1	1551	1488.32	1.6873	1.6681			1490.89	1.6838	1.6646			0.9172	1	0.00915	0.01392	0.44246	1.03947	1.00944	0.9972	0	0
370054	Grady Memorial Hospital	36420	36420	37	37	40051	7	ourban	rural	S	0.8464		YES		N		1	0	0	49	9	0	0	0.1846	0.01187	0	0.01187		0		0	0.448	0.032	17	6436.35	462	439.89	1.3558	1.3398			440.93	1.3553	1.3389			0.8921	1	0.00158	0.00121	0.53205	1.20758	1.00313	0.9987	0	0
370056	Comanche County Memorial Hospital	30020	30020	30020	30020	40031	7	ourban	ourban	N	0.8098				N		1	0.0409	0.0621	191	111	0.0221	0.01768	0.2866	0.03215	0.05975	0.03215	0.000504	1157.68	0.000417	952.37	0.205	0.02	0		3707	3651.25	1.8538	1.8383	163.71	2.1246	3654.62	1.8601	1.8447	163.82	2.1303	0.8655	1	0.0214	0.0359	0.45802	1	0.99609	0.9930	0	0
370057	Muscogee (Creek) Nation Medical Center	46140	46140	46140	46140	40111	7	ourban	ourban	N	0.8457				N		1	0	0	50	5	0	0	0.2211	0.01864	0	0.01864	0.000016	542.4	0.000012	423.09	0.222	0.042	0		285	271.48	1.0454	1.0285			272.02	1.0385	1.0214			0.8916	1	0	0	0.53828	1.25	1	1.0000	0	0
370072	Latimer County General Hospital	37	37	37	37	40077	7	rural	rural	N	0.8098				N		1	0	0	33	0	0	0	0.1367	0	0	0		0	0.000001	164.68	0.285	0.018	14	4010.98	25	23.66	0.9691	0.9561			23.70	0.9650	0.9515			0.8655	1	0	0	0.56081	1.25	1	1.0000	0	1
370078	Oklahoma State University Medical Center	46140	46140	36420	37	40143	7	ourban	rural	S	0.8814		YES	YES	N		1	0.5467	1.3175	183	78	0.26081	0.45034	0.3285	0.04079	0	0.04079	0.000316	1162.07	0.000293	1011.23	0.259	0.014	7		2035	1996.59	1.9022	1.8860	290.92	1.9399	1998.09	1.9075	1.8913	291.23	1.9384	0.9172	1	0.07626	0.026	0.41244	1	0.99261	0.9945	0	0
370083	Pushmataha County Town Of Antlers Hospital	37	37	37	37	40127	7	rural	rural	N	0.8098				N		1	0	0	42	3	0	0	0.2948	0.03384	0	0.03384	0.000017	514.85	0.000017	512.36	0.403	0.065	14	5228.47	306	301.84	0.9043	0.9016			302.13	0.9030	0.9005			0.8655	1	0	0	0.66432	1.25	1	0.9957	0	0
370089	Northeastern Health System	37	37	37	37	40021	7	rural	rural	N	0.8098				N		1	0.0681	0.3516	70	38	0.03651	0.10431	0.233	0.02109	0	0.02109		0		0	0.333	0.015	16	5938.48	1919	1863.03	1.8008	1.7874	159.29	1.5820	1867.77	1.8013	1.7876	159.81	1.5837	0.8655	1	0.0251	0.0033	0.54254	1	1.00083	0.9972	0	0
370091	"Saint Francis Hospital, Inc"	46140	46140	46140	46140	40143	7	ourban	ourban	N	0.8457				N		1	0.0487	0.0446	827	610	0.02625	0.01267	0.2863	0.03209	0.05969	0.03209	0.001789	1154.98	0.001501	1015.67	0.234	0.015	0		13327	13158.85	1.9230	1.9150	3657.48	1.7809	13168.55	1.9276	1.9197	3660.85	1.7843	0.8916	1	0.03824	0.02325	0.32008	1	0.99614	0.9882	0	0
370093	O U Medicine	36420	36420	36420	36420	40109	7	lurban	lurban	N	0.8814				N		1	0.4202	0.4591	693	562	0.20609	0.13833	0.4989	0.07594	0.10631	0.07594	0.002668	3351.91	0.002519	3289.42	0.137	0.018	0		6686	6608.51	2.0764	2.0577	1043.47	2.0398	6613.42	2.0895	2.0706	1043.99	2.0493	0.9172	1	0.16108	0.40356	0.19125	1	0.99467	0.9954	0	0
370094	Alliancehealth Midwest	36420	36420	36420	36420	40109	7	lurban	lurban	N	0.8814				N		1	0	0	223	100	0	0	0.334	0.04193	0.06997	0.04193	0.000412	1143.79	0.000327	819.1	0.074	0.009	0		2646	2598.44	1.6468	1.6324			2600.94	1.6505	1.6363			0.9172	1	0.01015	0.02882	0.42586	1	0.99744	0.9887	0	0
370097	Southwestern Medical Center	30020	30020	36420	37	40031	7	ourban	rural	S	0.8814		YES	YES	N		1	0	0	126	40	0	0	0.2933	0.03353	0	0.03353	0.000102	612.04	0.000222	1414.05	0.179	0.016	7		1451	1425.31	1.5824	1.5673			1427.00	1.5852	1.5709			0.9172	1	0.00588	0.00811	0.36618	1	1.0055	0.9910	0	0
370099	Hillcrest Hospital Cushing	37	37	36420	37	40119	7	rural	rural	W	0.8814				N		1	0	0	74	11	0	0	0.2626	0.0272	0	0.0272	0.000043	631.41	0.000036	480	0.283	0.036	14	5315.7	534	522.03	0.9916	0.9828			522.74	0.9875	0.9786			0.9172	1	0	0	0.41546	1.17349	0.99664	1.0000	0	0
370100	Choctaw Memorial Hospital	37	37	37	37	40023	7	rural	rural	N	0.8098				N		1	0	0	34	11	0	0	0.317	0.03842	0	0.03842	0.000049	644.1	0.000041	488.21	0.273	0.018	14	5446.97	593	589.80	0.9836	0.9809			590.06	0.9787	0.9759			0.8655	1	0	0	0.64584	1.2153	0.99024	0.9953	0	0
370106	Integris Southwest Medical Center	36420	36420	36420	36420	40109	7	lurban	lurban	N	0.8814				N		1	0.1289	0.1855	195	131	0.06794	0.05374	0.3041	0.03576	0.06352	0.03576	0.000988	2242.78	0.000733	1720.92	0.169	0.013	0		3801	3719.33	1.8241	1.7986	1248.32	1.6952	3723.71	1.8208	1.7957	1249.55	1.7001	0.9172	1	0.02636	0.03026	0.3744	1	0.98981	0.9985	0	0
370112	Sequoyah County-City Of Sallisaw Hospital Authorit	22900	22900	22900	22900	40135	7	ourban	ourban	N	0.8115				N		1	0	0	41	5	0	0	0.1929	0.01322	0	0.01322	0.000067	1987.32	0.000046	1227.33	0.392	0.023	0		259	255.21	1.1204	1.1143			255.37	1.1185	1.1122			0.8667	1	0.00076	0.001	0.59152	1.2475	1	1.0000	0	1
370113	Integris Grove Hospital	37	37	22220	37	40041	7	rural	rural	W	0.8253				N		1	0	0	58	16	0	0	0.2773	0.03	0	0.03	0.000133	1283.48	0.000097	864.44	0.233	0.033	16	4683.04	868	840.86	1.3923	1.3716			841.66	1.3905	1.3700			0.8768	1	0.00881	0.02959	0.49923	1.14258	1	0.9949	1	0
370114	"St John Medical Center, Inc"	46140	46140	36420	37	40143	7	ourban	rural	S	0.8814		YES	YES	N		1	0.094	0.1226	519	405	0.05002	0.0352	0.2298	0.02043	0	0.02043	0.00103	817.69	0.000886	702.33	0.273	0.011	7		10436	10301.74	1.9850	1.9736	2796.02	1.8748	10308.21	1.9879	1.9766	2797.72	1.8786	0.9172	1	0.04227	0.00842	0.35954	1	0.99266	0.9965	0	0
370139	Stillwater Medical - Perry	37	37	37	37	40103	7	rural	rural	N	0.8098				N		1	0	0	26	3	0	0	0.1	0	0	0		0		0	0.578	0.055	16	6494.75	155	151.94	0.9609	0.9525			152.07	0.9560	0.9484			0.8655	1	0	0	0.73909	1.25	1	0.9910	0	0
370149	Ssm Health St Anthony Hospital - Shawnee	37	37	36420	37	40125	7	rural	rural	W	0.8814				N		1	0	0	77	31	0	0	0.3036	0.03566	0	0.03566	0.000183	962.24	0.000162	873.26	0.275	0.029	7		1627	1550.99	1.5981	1.5762			1553.10	1.5990	1.5772			0.9172	1	0	0	0.40914	1	1.01079	0.9879	0	0
370153	Elkview General Hospital	37	37	37	37	40075	7	rural	rural	N	0.8098				N		1	0	0	38	5	0	0	0.2447	0.02351	0	0.02351	0.000036	882.43	0.000025	556.48	0.469	0.024	16	4458.46	316	309.11	1.2702	1.2568			309.41	1.2662	1.2525			0.8655	1	0.00457	0.00086	0.56196	1.23636	1	0.9974	0	0
370156	Pauls Valley Hospital Authority	37	37	37	37	40049	7	rural	rural	N	0.8098				N		1	0	0	64	4	0	0	0.1289	0	0	0		0		0	0.253	0.055	16	4233.84	204	197.21	1.1525	1.1491			197.58	1.1457	1.1420			0.8655	1	0.00212	0.01158	0.66226	1.25	1	1.0000	0	1
370158	Purcell Municipal Hospital	36420	36420	36420	36420	40087	7	lurban	lurban	N	0.8814				N		1	0	0	39	4	0	0	0.096950161	0	0	0		0		0	0.661	0.034	0		333	324.45	1.0546	1.0452			324.98	1.0508	1.0415			0.9172	1	0	0	0.71961	1.24955	1.00029	1.0000	0	0
370166	Wagoner Community Hospital	46140	46140	46140	46140	40145	7	ourban	ourban	N	0.8457				N		1	0	0	100	33	0	0	0.5201	0.08031	0.11107	0.08031	0.000055	685.28	0.000089	1101.12	0.407	0.026	0		707	693.83	1.1967	1.1924			694.92	1.2010	1.1974			0.8916	1	0.00177	0.00064	0.30617	1.11583	1.00427	0.9990	0	0
370170	Lawton Indian Hospital	30020	99	99	99	40031	7	ourban	rural	N	1.4448				N		1	0	0	38	7	0	0	0.2671	0.02813	0	0.02813	0.000012	1773	0.000014	2031.14	0.212	0.018	8		55	54.41	1.0719	1.0658			54.46	1.0751	1.0692			1.2866	1			0.09469	1.25	1	1.0000	0	0
370171	W W Hastings Indian Hospital	37	99	99	99	40021	7	rural	rural	N	1.4448				N		1	0	0	60	17	0	0	0.5082	0.03	0	0.03	0.000074	1395.03	0.000071	1549.89	0.285	0.018	8		512	506.66	1.1288	1.1267			507.01	1.1205	1.1186			1.2866	1			0.22322	1.13015	1.00915	0.9972	0	1
370172	Choctaw Nation Health Services Authority	37	99	99	99	40077	7	rural	rural	N	1.4448				N		1	0	0	43	11	0	0	0.5654	0.03	0	0.03	0.000048	2407.35	0.000047	2218.93	0.285	0.018	8		155	151.74	0.8949	0.8877			151.94	0.8918	0.8844			1.2866	1			0.15897	1.1853	1	1.0000	0	0
370173	Claremore Indian Hospital	46140	99	99	99	40131	7	ourban	rural	N	1.4448				N		1	0	0	46	7	0	0	0.3283	0.03	0	0.03	0.000024	1283.81	0.000023	1322.25	0.212	0.018	8		159	157.04	1.1480	1.1480			157.12	1.1414	1.1413			1.2866	1			0.17882	1.22349	1.00408	0.9981	0	0
370178	Memorial Hospital	37	37	37	37	40001	7	rural	rural	N	0.8098				N		1	0	0	30	13	0	0	0.4246	0.03	0	0.03	0.000014	152.85	0.000033	322.06	0.531	0.024	0		702	693.52	0.9745	0.9708			694.13	0.9700	0.9664			0.8655	1	0	0	0.61081	1.18008	1.02352	0.9994	0	0
370180	Chickasaw Nation Medical Center	37	99	99	99	40123	7	rural	rural	N	1.4448				N		1	0	0	72	24	0	0	0.3909	0.03	0	0.03	0.000073	1070.51	0.000072	1035.07	0.285	0.018	8		582	575.72	1.2629	1.2559			576.20	1.2622	1.2550			1.2866	1			0.30886	1.07811	1.02665	0.9969	0	0
370183	Hillcrest Hospital Henryetta	46140	46140	46140	46140	40111	7	ourban	ourban	N	0.8457				N		1	0	0	27	5	0	0	0.2265	0.01975	0	0.01975	0.000022	918.91	0.000018	731.41	0.381	0.027	0		206	201.07	0.9748	0.9739			201.40	0.9655	0.9647			0.8916	1	0	0	0.3068	1.24455	1	0.9989	0	0
370190	"Southwestern Regional Medical Center, Inc"	46140	46140	46140	46140	40143	7	ourban	ourban	N	0.8457				N		1	0	0	40	12	0	0	0.0386	0	0	0		0		0	0.273	0.032	0		300	296.67	2.5003	2.4771			296.79	2.5261	2.5029			0.8916	1	0.76609	1.34658	0.20483	1	1.002	1.0000	0	0
370192	Northwest Surgical Hospital	36420	36420	36420	36420	40109	7	lurban	lurban	N	0.8814				N		1	0	0	9	1	0	0	0.162701856	0.00831	0	0.00831	0.000005	751.79		0	0.265	0.017	0		35	33.96	2.7386	2.7428			34.33	2.7181	2.7161			0.9172	1	0.00295	0	0.29466	1	1	1.0000	0	1
370199	"Lakeside Women's Hospital, A Member Of Integris He"	36420	36420	36420	36420	40109	7	lurban	lurban	N	0.8814				N		1	0	0	23	9	0	0	0.1982	0.01408	0	0.01408	0.000011	6543.03	0.000014	10851.6	0.11	0.018	0		18	17.37	1.2093	1.1786			17.38	1.2159	1.1870			0.9172	1	0	0	0.0022	1	1	1.0000	0	0
370201	"Surgical Hospital Of Oklahoma, Llc"	36420	36420	36420	36420	40109	7	lurban	lurban	N	0.8814				N		1	0.3367	1.5	12	1	0.16837	0.52699	0.257010188	0.02605	0	0.02605	0.000006	1046.05		0	0.268	0.039	0		59	57.82	2.1952	2.1848			57.85	2.1955	2.1845			0.9172	1	0.00176	0.04599	0.21984	1	1	1.0000	0	0
370202	Hillcrest Hospital South	46140	46140	46140	46140	40143	7	ourban	ourban	N	0.8457				N		1	0	0	180	90	0	0	0.2071	0.01575	0.04283	0.01575	0.000176	516.98	0.00017	550.15	0.172	0.03	0		3125	3093.21	1.7097	1.7056			3095.83	1.7062	1.7023			0.8916	1	0.03567	0.13611	0.35911	1	1.00347	0.9926	0	0
370203	"Community Hospital, Llc"	36420	36420	36420	36420	40027	7	lurban	lurban	N	0.8814				N		1	0	0	45	16	0	0	0.065916491	0	0	0		0		0	0.218	0.02	0		909	881.71	2.4614	2.4672			892.35	2.4394	2.4410			0.9172	1	0.0095	0.01187	0.35587	1	1	1.0000	0	1
370206	Oklahoma Spine Hospital	36420	36420	36420	36420	40109	7	lurban	lurban	N	0.8814				N		1	0	0	23	11	0	0	0.036973786	0	0	0		0		0	0.252	0.011	0		599	598.01	4.3649	4.3665			598.09	4.2700	4.2713			0.9172	1	0.0661	0.01112	0.30146	1	1	1.0000	0	0
370210	"Oklahoma Surgical Hospital, Llc"	46140	46140	46140	46140	40143	7	ourban	ourban	N	0.8457				N		1	0	0	76	23	0	0	0.0576	0	0	0		0		0	0.332	0.028	0		1711	1664.82	2.2554	2.2545			1682.38	2.2432	2.2401			0.8916	1	0.00285	0.00335	0.44023	1	1.01205	1.0000	0	0
370211	Integris Canadian Valley Hospital	36420	36420	36420	36420	40017	7	lurban	lurban	N	0.8814				N		1	0	0	75	23	0	0	0.2832	0.03	0	0.03	0.000133	1185.63	0.000118	1249.41	0.171	0.018	0		1060	1031.53	1.5413	1.5350			1032.94	1.5390	1.5328			0.9172	1	0.01172	0.02746	0.31376	1	1.00337	0.9986	0	0
370212	Oklahoma Center For Orthopaedic & Multi-Sp	36420	36420	36420	36420	40027	7	lurban	lurban	N	0.8814				N		1	0	0	14	5	0	0	0.0399	0	0	0		0		0	0.357	0.069	0		342	339.67	2.0552	2.0494			340.03	2.0412	2.0357			0.9172	1	0.00256	0.01002	0.42721	1	1	0.9700	0	0
370214	Lindsay Municipal Hospital	37	37	37	37	40049	7	rural	rural	N	0.8098				N		1	0	0	26	19	0	0	0.2429	0.02314	0	0.02314	0.000008	2750.71	0.000028	10156.24	0.954	0.036	0		21	20.53	0.9789	0.9741			20.56	0.9709	0.9672			0.8655	1	0	0	0.01111	1.21121	1	1.0000	1	0
370215	"Oklahoma Heart Hospital, Llc"	36420	36420	36420	36420	40109	7	lurban	lurban	N	0.8814				N		1	0	0	99	80	0	0	0.0593	0	0	0		0		0	0.254	0.025	0		3660	3593.57	2.5927	2.5937			3596.29	2.5826	2.5832			0.9172	1	0.01517	0.02816	0.5492	1	1.00915	1.0000	0	0
370216	Tulsa Spine & Specialty Hospital	46140	46140	46140	46140	40143	7	ourban	ourban	N	0.8457				N		1	0	0	38	8	0	0	0.0908	0	0	0		0		0	0.229	0.027	0		495	490.76	3.7982	3.7968			490.75	3.7429	3.7403			0.8916	1	0.02502	0.07203	0.4584	1	1	1.0000	0	0
370218	"Saint Francis Hospital South, Llc"	46140	46140	46140	46140	40143	7	ourban	ourban	N	0.8457				N		1	0	0	87	47	0	0	0.2492	0.02444	0	0.02444	0.000183	909.45	0.000153	840.88	0.248	0.018	0		1716	1678.41	1.3561	1.3446			1679.90	1.3566	1.3454			0.8916	1	0.00279	0.00274	0.38874	1	1.01133	0.9955	0	0
370220	Onecore Health	36420	36420	36420	36420	40109	7	lurban	lurban	N	0.8814				N		1	0	0	8	1	0	0	0.086082353	0	0	0		0		0	0.242	0.038	0		96	95.10	2.6204	2.6123			95.14	2.5911	2.5837			0.9172	1	0.08942	0.36724	0.42157	1	1	0.9732	0	1
370222	Mcbride Orthopedic Hospital	36420	36420	36420	36420	40109	7	lurban	lurban	N	0.8814				N		1	0	0	64	30	0	0	0.0218	0	0	0		0		0	0.305	0.011	0		1726	1716.90	2.3576	2.3543			1717.60	2.3373	2.3340			0.9172	1	0.00067	0	0.51398	1	1	1.0000	0	0
370225	"Summit Medical Center, Llc"	36420	36420	36420	36420	40109	7	lurban	lurban	N	0.8814				N		1	0	0	9	2	0	0	0.0769	0	0	0		0		0	0.207	0.034	0		64	63.02	2.6836	2.6816			63.05	2.6663	2.6638			0.9172	1	0.00897	0.06189	0.28571	1	1	1.0000	1	0
370227	St John Owasso	46140	46140	46140	46140	40143	7	ourban	ourban	N	0.8457				N		1	0	0	32	10	0	0	0.2437	0.0233	0	0.0233	0.000075	1467.49	0.000054	1065.46	0.323	0.021	0		424	406.11	1.2626	1.2575			406.54	1.2591	1.2529			0.8916	1	0	0	0.26552	1	1.01969	1.0000	0	0
370228	"Bailey Medical Center, Llc"	46140	46140	46140	46140	40143	7	ourban	ourban	N	0.8457				N		1	0	0	73	8	0	0	0.209	0.01614	0	0.01614	0.000043	1188.4	0.000032	910.3	0.197	0.027	0		326	319.32	1.5212	1.5083			319.67	1.5158	1.5033			0.8916	1	0.00912	0.0244	0.18275	1	1.01385	0.9991	0	0
370229	Alliancehealth Seminole	37	37	37	37	40133	7	rural	rural	N	0.8098				N		1	0	0	32	5	0	0	0.188	0.01243	0	0.01243	0.000042	1147.91	0.000032	755.57	0.384	0.073	0		240	229.93	1.1798	1.1615			230.16	1.1717	1.1531			0.8655	1	0	0	0.61292	1.24167	1.0111	1.0000	0	0
370233	Pinnacle Specialty Hospital	46140	46140	46140	46140	40143	7	ourban	ourban	N	0.8457				N		1	0		4	0	0	0.52699	0	0	0	0		0		0	0.222	0.018	0		24	23.64	2.5541	2.5368			23.67	2.5587	2.5440			0.8916	1	0.00217	0		1	1	1.0000	1	1
370234	"Oklahoma Heart Hospital South, Llc"	36420	36420	36420	36420	40109	7	lurban	lurban	N	0.8814				N		1	0	0	45	45	0	0	0.0995	0	0	0		0		0	0.268	0.029	0		1989	1956.96	2.6026	2.6054			1958.63	2.5675	2.5685			0.9172	1	0.03812	0.08255	0.51094	1	1.01688	1.0000	0	0
370235	"St John Broken Arrow, Inc"	46140	46140	46140	46140	40143	7	ourban	ourban	N	0.8457				N		1	0	0	44	16	0	0	0.0756	0	0	0		0		0	0.253	0.036	0		948	911.64	1.9099	1.8949			918.06	1.9030	1.8896			0.8916	1	0.00435	0.0171	0.46972	1	1.01717	0.9700	0	0
370236	Integris Health Edmond	36420	36420	36420	36420	40109	7	lurban	lurban	N	0.8814				N		1	0	0	40	23	0	0	0.1721	0.00984	0	0.00984	0.000136	1209.22	0.000084	840.68	0.182	0.021	0		956	938.86	1.5417	1.5234			939.55	1.5416	1.5236			0.9172	1	0.03827	0.07913	0.37282	1	0.99958	0.9766	0	0
370237	"Saint Francis Hospital Vinita, Inc"	37	37	37	37	40035	7	rural	rural	N	0.8098				N		1	0		35	5	0	0.52699	0.1978	0.01402	0	0.01402		0		0	0.32	0.034	0		391	380.03	1.0259	1.0164			380.62	1.0186	1.0091			0.8655	1	0	0	0.68564	1	1	1.0000	0	0
370239	Sayre Community Hospital	37	37	37	37	40009	7	rural	rural	N	0.8098				N		1	0		1	0	0	0.52699	0	0	0	0		0		0	0.285	0.018	0		28	28.00	0.8228	0.8228			28.00	0.8207	0.8207			0.8655	1	0	0		1	1	1.0000	0	0
380001	Mid-Columbia Medical Center	38	38	38900	38	41065	9	rural	rural	W	1.1601				N		1	0	0	43	19	0	0	0.2898	0.03281	0	0.03281		0		0	0.393	0.037	17	7901.56	798	772.91	1.4795	1.4665			775.39	1.4768	1.4648			1.107	1	0.01059	0.01358	0.46144	1.12068	1.01136	0.9995	0	0
380002	Asante Three Rivers Medical Center	24420	24420	24420	24420	41033	9	ourban	ourban	N	1.0624				Y	0.0016	1	0	0	111	65	0	0	0.352	0.04564	0.07388	0.04564	0.000131	437.3	0.000149	495.2	0.267	0.028	0		2413	2360.41	1.5111	1.5005			2363.30	1.5123	1.5018			1.0423	1	0.03004	0.04809	0.35672	1	1.01349	0.9996	0	0
380004	Providence St Vincent Medical Center	38900	38900	38900	38900	41067	9	lurban	lurban	N	1.1708				N		1	0.0759	0.1159	481	311	0.0406	0.03325	0.2992	0.03475	0.06246	0.03475	0.000481	720.77	0.000669	1024.87	0.404	0.024	0		5316	5249.39	2.3065	2.3027	3516.70	2.1892	5252.63	2.3028	2.2988	3519.66	2.1910	1.114	1	0.07755	0.03919	0.21573	1	1.00095	0.9998	0	0
380005	Asante Ashland Community Hospital	32780	32780	32780	32780	41029	9	ourban	ourban	N	1.0748				N		1	0	0	40	12	0	0	0.3376	0.03	0	0.03	0.000031	569.58	0.000033	605.35	0.346	0.053	0		447	437.49	1.6533	1.6447			437.83	1.6550	1.6462			1.0506	1	0.05966	0.22549	0.33859	1	1.01124	0.9725	0	0
380007	Legacy Emanuel Medical Center	38900	38900	38900	38900	41051	9	lurban	lurban	N	1.1708				N		1	0.1141	0.173	397	293	0.06039	0.05003	0.5814	0.09295	0.12494	0.09295	0.000674	2445.74	0.000667	2512.49	0.37	0.032	0		2282	2259.97	2.3040	2.2950	1603.64	2.3215	2261.41	2.3236	2.3145	1604.06	2.3261	1.114	1	0.24551	0.29121	0.12877	1	0.99953	0.9997	0	0
380009	Ohsu Hospital And Clinics	38900	38900	38900	38900	41051	9	lurban	lurban	N	1.1708				N		1	0.5187	0.6217	566	470	0.24893	0.19177	0.4848	0.07303	0.10315	0.07303	0.000595	844.23	0.001078	1572.73	0.382	0.025	0		5857	5803.47	2.5158	2.5119	2352.86	2.6355	5807.05	2.5368	2.5329	2353.88	2.6546	1.114	1	0.17214	0.11626	0.20735	1	1.00019	0.9996	0	0
380014	Good Samaritan Regional Medical Center	18700	18700	38900	38	41003	9	ourban	rural	S	1.1601		YES	YES	N		1	0.5384	0.7285	153	99	0.2573	0.22824	0.2645	0.02759	0	0.02759	0.000225	762.25	0.000183	612.04	0.379	0.018	7		2439	2402.52	1.9360	1.9276	1346.66	1.9908	2405.39	1.9426	1.9341	1347.91	1.9971	1.107	1	0.07595	0.02178	0.30442	1	1.00645	1.0000	0	0
380017	Legacy Good Samaritan Medical Center	38900	38900	38900	38900	41051	9	lurban	lurban	N	1.1708				N		1	0.2335	0.4591	164	106	0.11976	0.13833	0.3186	0.03875	0.06664	0.03875	0.000179	671.17	0.000169	624.05	0.346	0.02	0		2166	2143.40	1.8071	1.7973	1538.35	1.8560	2144.58	1.8037	1.7940	1539.07	1.8580	1.114	1	0.07807	0.03885	0.26363	1	1.01086	0.9970	0	0
380018	Asante Rogue Regional Medical Center	32780	32780	05	38	41029	9	ourban	rural	S	1.3189		YES	YES	N		1	0	0	302	199	0	0	0.4088	0.05735	0	0.05735	0.000267	402.26	0.000345	506.28	0.278	0.034	7		5382	5307.02	2.1329	2.1254			5312.20	2.1361	2.1292			1.2087	1	0.05844	0.1421	0.36369	1	1.00607	0.9998	0	0
380020	Mckenzie-Willamette Medical Center	21660	21660	21660	21660	41039	9	ourban	ourban	N	1.2311				N		1	0	0	113	67	0	0	0.3421	0.0436	0.07173	0.0436	0.000068	295.13	0.000092	413.53	0.223	0.014	0		2015	2000.56	1.8379	1.8376			2001.26	1.8349	1.8345			1.153	1	0.00899	0.00468	0.22535	1	1.01055	0.9939	0	0
380021	Tuality Community Hospital	38900	38900	38900	38900	41067	9	lurban	lurban	N	1.1708				N		1	0	0	194	36	0	0	0.334	0.04193	0.06997	0.04193	0.000209	1777.02	0.000191	1786.56	0.389	0.032	0		1092	1077.98	1.5472	1.5437			1078.55	1.5483	1.5447			1.114	1	0.05703	0.06382	0.23757	1	1.00275	1.0000	0	0
380022	Samaritan Albany General Hospital	10540	10540	18700	10540	41043	9	ourban	ourban	W	1.1197				N		1	0.0042	0	73	22	0.00229	0	0.3854	0.03	0	0.03	0.000149	2043.38	0.00009	1185.98	0.427	0.033	0		627	604.00	1.6758	1.6636	515.50	1.7949	605.60	1.6734	1.6629	518.29	1.7973	1.0805	1	0.03777	0.0407	0.23161	1	1.00531	1.0000	0	0
380025	Legacy Mount Hood Medical Center	38900	38900	38900	38900	41051	9	lurban	lurban	N	1.1708				N		1	0	0	93	59	0	0	0.4242	0.03	0	0.03	0.000194	1306.38	0.000234	1482.67	0.315	0.025	0		1163	1139.47	1.5155	1.5036			1141.02	1.5159	1.5038			1.114	1	0.03601	0.03829	0.2222	1	1.00358	0.9962	0	0
380027	Mercy Medical Center	38	38	21660	38	41019	9	rural	rural	W	1.1997				N		1	0	0	140	77	0	0	0.3123	0.03745	0	0.03745		0		0	0.357	0.02	17	8016.61	2234	2192.72	1.5188	1.5104			2194.50	1.5180	1.5098			1.1328	1	0.02548	0.01211	0.36032	1	1.007	1.0000	0	0
380029	Legacy Silverton Medical Center	41420	41420	41420	41420	41047	9	ourban	ourban	N	1.0964				Y	0.009	1	0	0	48	21	0	0	0.5641	0.03	0	0.03	0.000083	2034.09	0.000096	2420.03	0.381	0.039	0		359	349.71	1.5763	1.5671			350.08	1.5725	1.5636			1.0651	1	0.00343	0.01078	0.0894	1.06932	1.01593	0.9976	0	0
380033	Sacred Heart University District	21660	21660	21660	21660	41039	9	ourban	ourban	N	1.2311				N		1	0	0	36	20	0	0	0.2438	0.02332	0	0.02332	0.00008	1243.85	0.000053	828.24	0.338	0.02	0		581	572.37	1.0689	1.0632			572.72	1.0729	1.0675			1.153	1	0.03501	0.02393	0.37097	1	1.00484	0.9988	0	0
380037	Providence Newberg Medical Center	38900	38900	38900	38900	41071	9	lurban	lurban	N	1.1708				N		1	0	0	40	23	0	0	0.2569	0.02602	0	0.02602	0.000101	1348.76	0.000094	1230.52	0.459	0.039	0		575	555.34	1.5081	1.5038			556.13	1.5049	1.5005			1.114	1	0.00371	0.00466	0.2413	1	1.01641	0.9997	0	0
380038	Providence Willamette Falls Medical Center	38900	38900	38900	38900	41005	9	lurban	lurban	N	1.1708				N		1	0	0	111	47	0	0	0.4197	0.0596	0.08871	0.0596	0.000102	1194.32	0.00011	1289.12	0.455	0.031	0		669	649.08	1.6668	1.6570			650.10	1.6620	1.6521			1.114	1	0.00959	0.00727	0.11617	1	1.0148	1.0000	0	0
380040	St Charles Redmond	13460	13460	38	38	41017	9	ourban	rural	S	1.0608		YES		N		1	0	0	48	20	0	0	0.3271	0.03	0	0.03		0		0	0.447	0.037	16	9666.81	948	918.08	1.4959	1.4856			919.31	1.4977	1.4878			1.0412	1	0.02671	0.02998	0.40549	1.09636	1.01152	1.0000	0	0
380047	St Charles Bend	13460	13460	13460	13460	41017	9	ourban	ourban	N	1.131				N		1	0.0021	0.0037	222	154	0.00115	0.00104	0.3049	0.03592	0.06369	0.03592	0.000173	267.77	0.000287	462.74	0.381	0.025	7		5578	5509.25	2.0198	2.0158	1455.80	1.9869	5512.63	2.0215	2.0174	1457.28	1.9912	1.088	1	0.0846	0.05829	0.35432	1	1.00278	1.0000	0	0
380050	Sky Lakes Medical Center	38	38	32780	38	41035	9	rural	rural	W	1.0619				N		1	0.1745	0.3997	105	51	0.09087	0.1194	0.3298	0.04106	0	0.04106		0		0	0.31	0.024	17	8078.21	2179	2132.52	1.6984	1.6927	467.27	1.6237	2134.92	1.6882	1.6824	467.72	1.6102	1.042	1	0.05961	0.05557	0.4156	1	1.01077	0.9992	0	0
380051	Salem Hospital	41420	41420	38900	41420	41047	9	ourban	ourban	W	1.1601				N		1	0	0	372	282	0	0	0.3281	0.04071	0.0687	0.04071	0.000755	1258.39	0.000742	1292.43	0.388	0.022	0		5339	5274.66	1.8165	1.8109			5277.65	1.8180	1.8121			1.107	1	0.05322	0.02197	0.1946	1	0.99955	0.9968	0	0
380052	"Saint Alphonsus Medical Center - Ontario, Inc"	38	38	38	38	41045	9	rural	rural	N	1.0608				N		1	0	0	44	15	0	0	0.4659	0.03	0	0.03		0		0	0.38	0.047	16	7241.69	721	690.34	1.5594	1.5409			692.02	1.5570	1.5390			1.0412	1	0.00645	0.01712	0.41877	1.13402	1.01143	0.9826	0	0
380056	Santiam Hospital	41420	41420	41420	41420	41047	9	ourban	ourban	N	1.0964				Y	0.009	1	0	0	40	9	0	0	0.2506	0.02472	0	0.02472	0.000028	928.61	0.000029	886.84	0.641	0.086	0		200	196.29	1.1515	1.1477			196.54	1.1497	1.1461			1.0651	1	0.06138	0.16353	0.29155	1.21758	1.01527	0.9962	0	0
380060	Adventist Health Portland	38900	38900	38900	38900	41051	9	lurban	lurban	N	1.1708				N		1	0	0	168	78	0	0	0.389	0.05327	0.08196	0.05327	0.000163	668.04	0.000206	862.3	0.305	0.016	0		2090	2060.56	1.8734	1.8643			2061.67	1.8700	1.8619			1.114	1	0.04068	0.01104	0.2271	1	1.01788	0.9950	0	0
380061	Providence Portland Medical Center	38900	38900	38900	38900	41051	9	lurban	lurban	N	1.1708				N		1	0.085	0.1278	339	246	0.04535	0.03672	0.3729	0.04995	0.07844	0.04995	0.000453	958.36	0.000583	1243.52	0.41	0.03	0		3797	3746.87	1.9239	1.9140	3373.27	1.8706	3749.83	1.9281	1.9185	3375.72	1.8672	1.114	1	0.11798	0.10197	0.21254	1	1.00325	1.0000	0	0
380071	Willamette Valley Medical Center	38900	38900	38900	38900	41071	9	lurban	lurban	N	1.1708				N		1	0	0	78	30	0	0	0.3153	0.03	0	0.03	0.000043	334.79	0.000055	429.83	0.223	0.018	0		1038	1010.42	1.5150	1.4928			1011.55	1.5149	1.4929			1.114	1	0.00195	0.00204	0.345	1	1.01164	0.9947	0	0
380075	Providence Medford Medical Center	32780	32780	05	38	41029	9	ourban	rural	S	1.3189		YES	YES	N		1	0	0	126	71	0	0	0.3046	0.03586	0	0.03586	0.000155	487.95	0.000203	653.21	0.312	0.023	7		2557	2508.64	1.7832	1.7759			2511.34	1.7746	1.7668			1.2087	1	0.02518	0.02246	0.44114	1	1.00842	0.9949	0	0
380082	Providence Milwaukie Hospital	38900	38900	38900	38900	41005	9	lurban	lurban	N	1.1708				N		1	0.3171	0.5692	50	26	0.15931	0.17425	0.249	0.02439	0	0.02439	0.000095	1219.81	0.000095	1232.31	0.453	0.028	0		615	591.24	1.4997	1.4866	730.79	1.4981	592.95	1.4964	1.4846	732.33	1.4926	1.114	1	0.016	0.00869	0.26157	1	1.01314	0.9857	0	0
380089	Legacy Meridian Park Medical Center	38900	38900	38900	38900	41005	9	lurban	lurban	N	1.1708				N		1	0	0	108	94	0	0	0.1776	0.01074	0.03662	0.01074	0.000128	459.23	0.000104	380.69	0.367	0.013	0		2397	2369.15	1.6462	1.6422			2370.73	1.6451	1.6410			1.114	1	0.04387	0.00802	0.22226	1	1.00233	0.9999	0	0
380090	Bay Area Hospital	38	38	21660	38	41011	9	rural	rural	W	1.1997				N		1	0.0162	0.0307	130	67	0.00882	0.0087	0.3842	0.05228	0	0.05228		0		0	0.369	0.022	17	9367.95	2638	2598.72	1.5715	1.5634	259.52	1.5290	2600.00	1.5642	1.5566	259.67	1.5267	1.1328	1	0.02815	0.01592	0.50331	1	1.00894	0.9950	0	0
380091	Kaiser Sunnyside Medical Center	38900	38900	38900	38900	41005	9	lurban	lurban	N	1.1708				N		1	0.0786	0.1461	302	175	0.04201	0.04209	0.0447	0	0.00909	0		0		0	0.379	0.025	0		664	649.51	1.9672	1.9599	5482.35	1.9757	650.26	1.9752	1.9682	5490.11	1.9764	1.114	1	0.01689	0.01207	0.03679	1	1.01533	0.9999	0	0
380102	Sacred Heart Medical Center - Riverbend	21660	21660	21660	21660	41039	9	ourban	ourban	N	1.2311				N		1	0	0	379	319	0	0	0.3226	0.03957	0.06751	0.03957	0.000362	438.44	0.000497	645.32	0.26	0.02	0		7393	7344.09	1.9473	1.9442			7347.75	1.9454	1.9425			1.153	1	0.02574	0.02227	0.2589	1	1.00866	0.9997	0	0
380103	Kaiser Foundation Hospital - Westside	38900	38900	38900	38900	41067	9	lurban	lurban	N	1.1708				N		1	0.0001	0	122	54	0.00005	0	0.0242	0	0.00491	0		0		0	0.379	0.025	0		251	241.15	1.6732	1.6685	1.95	1.9635	242.13	1.6704	1.6662	1.95	1.9788	1.114	1	0.00974	0.00748	0.03575	1	1.0202	1.0000	0	0
390001	Geisinger-Community Medical Center	42540	42540	10900	39	42069	2	ourban	rural	S	0.9474		YES	YES	N		1	0.124	0.1702	249	141	0.06545	0.0492	0.2265	0.01975	0	0.01975	0.000245	442.6	0.000253	448.83	0.152	0.013	7		4570	4448.76	1.7480	1.7281	1809.81	1.6430	4457.65	1.7515	1.7319	1813.07	1.6459	0.9637	1	0.02089	0.02873	0.41613	1	0.99749	0.9960	0	0
390002	Upmc Mckeesport	38300	38300	38300	38300	42003	2	lurban	lurban	N	0.8482				N		1	0.3275	0.5235	169	98	0.16413	0.1592	0.482	0.07245	0.10253	0.07245	0.000137	751.27	0.000194	1071.4	0.164	0.008	0		1455	1423.31	1.3266	1.3057	1754.52	1.4105	1424.33	1.3347	1.3135	1757.20	1.4034	0.8934	1	0.00506	0.00167	0.18938	1	1.00136	0.9989	0	0
390003	Geisinger-Bloomsburg Hospital	14100	14100	14100	14100	42037	2	ourban	ourban	N	0.8912				N		1	0.0921	0	52	12	0.04904	0	0.2583	0.02631	0	0.02631	0.000061	1121.66	0.000056	961.69	0.293	0.018	0		387	365.90	1.2748	1.2546			366.78	1.2705	1.2509			0.9242	1	0.00317	0.002	0.21411	1	1.01375	1.0000	0	0
390004	Holy Spirit Hospital	25420	25420	25420	25420	42041	2	ourban	ourban	N	0.9524				N		1	0.0064	0.0128	278	123	0.00349	0.00362	0.2038	0.01507	0.04213	0.01507	0.000422	1165.8	0.000357	930.43	0.255	0.02	0		2890	2842.97	1.8461	1.8292	1987.98	1.8078	2845.82	1.8500	1.8330	1989.33	1.8103	0.9672	1	0.09436	0.09056	0.32179	1	0.99581	0.9979	0	0
390006	Geisinger Medical Center	14100	14100	14100	14100	42093	2	ourban	ourban	N	0.8912				N		1	0.6649	0.8813	516	394	0.30957	0.28236	0.3501	0.04525	0.07347	0.04525	0.001218	1340.1	0.000999	1068.05	0.131	0.012	7		7531	7403.93	2.0428	2.0208	4487.23	1.9105	7410.41	2.0527	2.0309	4491.20	1.9166	0.9242	1	0.04906	0.07485	0.26767	1	0.99467	0.9978	0	0
390008	Ellwood City Medical Center	39	39	38300	38300	42073	2	rural	lurban	L	0.8367	LUGAR			N		1	0	0	52	7	0	0	0.089	0	0	0		0		0	0.73	0.091	14	5984.53	121	116.25	1.1390	1.1133			116.22	1.1366	1.1121			0.8851	1	0.00915	0.01962	0.76128	1	0.9946	0.9998	0	0
390009	Saint Vincent Hospital	21500	21500	33	39	42049	2	ourban	rural	S	0.8359		YES	YES	N		1	0.1044	0.2253	287	157	0.0554	0.06564	0.3165	0.03832	0	0.03832	0.00014	295.81	0.000274	551.16	0.175	0.015	7		3842	3788.73	1.8329	1.8201	2384.34	1.8578	3791.87	1.8331	1.8199	2387.36	1.8610	0.8845	1	0.0229	0.02773	0.28963	1	0.99282	0.9974	0	0
390012	Lansdale Hospital	33874	33874	33874	33874	42091	2	lurban	lurban	N	1.0272				Y	0.0392	1	0	0	134	48	0	0	0.118	0	0.02418	0		0		0	0.219	0.026	0		2557	2469.72	1.4230	1.4077			2474.14	1.4225	1.4075			1.0185	1	0.00163	0.00704	0.51091	1	1.00923	0.9704	0	0
390013	Evangelical Community Hospital	39	39	25420	39	42119	2	rural	rural	W	0.9524				N		1	0	0	120	50	0	0	0.1677	0.00913	0	0.00913	0.000098	402.38	0.000095	390.63	0.304	0.022	7		1940	1896.49	1.5200	1.5107			1898.20	1.5165	1.5071			0.9672	1	0.00856	0.007	0.36395	1	1.00908	0.9970	0	0
390016	Upmc Jameson	39	39	38300	38300	42073	2	rural	lurban	L	0.8367	LUGAR			N		1	0	0	194	59	0	0	0.2322	0.02093	0.04814	0.02093	0.000145	764	0.000142	722.54	0.365	0.022	7		1608	1566.43	1.4693	1.4469			1568.56	1.4602	1.4414			0.8851	1	0.00709	0.00395	0.31574	1	0.9928	0.9926	0	0
390025	Kensington Hospital	37964	37964	37964	37964	42101	2	lurban	lurban	N	1.0962				N		1	0	0	30	23	0	0	1.1598	0.03	0	0.03	0	0	0.000072	11981.72	0.532	0.029	0		49	48.88	0.7526	0.7524			48.88	0.7676	0.7675			1.0649	1	0	0	0.03269	1	1	1.0000	0	1
390026	Chestnut Hill Hospital	37964	37964	37964	37964	42101	2	lurban	lurban	N	1.0962				N		1	0.2878	0.4591	128	66	0.14562	0.13833	0.1938	0.01337	0.04002	0.01337	0.000061	188.99	0.000074	223.95	0.069	0.008	0		2702	2643.10	1.4875	1.4742	773.22	1.4012	2645.61	1.4893	1.4761	774.03	1.4035	1.0649	1	0.00244	0.00692	0.51604	1	1.00169	0.9921	0	0
390027	Temple University Hospital	37964	37964	37964	37964	42101	2	lurban	lurban	N	1.0962				N		1	0.595	0.8939	586	413	0.28099	0.28693	0.6137	0.09961	0.13233	0.09961	0.000626	1125.65	0.001009	1834.78	0.109	0.005	0		4508	4436.56	2.4030	2.3962	3658.25	1.9511	4440.86	2.4254	2.4181	3662.73	1.9553	1.0649	1	0.17454	0.05462	0.20991	1	0.99887	0.9966	0	0
390028	Upmc Mercy	38300	38300	38300	38300	42003	2	lurban	lurban	N	0.8482				N		1	0.3994	0.6016	400	260	0.19682	0.18503	0.4294	0.0616	0.09085	0.0616	0.00031	791.38	0.00045	1124.2	0.159	0.007	0		3197	3147.02	1.7264	1.7140	3218.93	1.8692	3150.59	1.7286	1.7159	3223.31	1.8661	0.8934	1	0.0161	0.00466	0.1796	1	0.9927	0.9983	0	0
390030	Lehigh Valley Hospital-Schuylkill S. Jackson Stree	39	39	39740	39740	42107	2	rural	ourban	L	0.9754	LUGAR			N		1	0	0	67	55	0	0	0.7372	0.03	0	0.03	0.000322	886.21	0.000251	1701.87	0.457	0.047	7		983	957.44	1.3777	1.3647			958.79	1.3786	1.3658			0.9831	1	0.06465	0.097	0.22164	1	1.01413	0.9890	0	0
390031	Lehigh Valley Hospital-Schuylkill E. Norwegian Str	39	39	39740	39740	42107	2	rural	ourban	L	0.9754	LUGAR			N		1	0	0	86	49	0	0	0.1506	0.00635	0	0.00635		0		0	0.338	0.029	14	6293.57	1784	1734.39	1.4193	1.4099			1736.64	1.4167	1.4074			0.9831	1	0.00331	0.00413	0.57009	1	0.99223	0.9934	0	0
390032	Allegheny Valley Hospital	38300	38300	38300	38300	42003	2	lurban	lurban	N	0.8482				N		1	0	0	160	47	0	0	0.1135	0	0.02325	0		0		0	0.28	0.022	0		1141	1100.93	1.4743	1.4568			1103.78	1.4736	1.4569			0.8934	1	0.00187	0.00182	0.26551	1	0.99619	0.9988	0	0
390035	St Luke's Quakertown Hospital	33874	33874	37964	39	42017	2	ourban	rural	S	1.0962		YES	YES	N		1	0	0	62	39	0	0	0.3169	0.0384	0	0.03	0.000059	434.84	0.000047	355.17	0.085	0.008	14	7483.32	1145	1107.94	1.4866	1.4668			1109.78	1.4825	1.4649			1.0649	1	0.00037	0.00082	0.39275	1	1.00212	1.0000	0	0
390036	Heritage Valley Beaver	38300	38300	38300	38300	42007	2	lurban	lurban	N	0.8482				N		1	0.1034	0.1763	215	123	0.05488	0.05101	0.1834	0.01168	0.03784	0.01168	0.000214	669.81	0.000222	662.23	0.368	0.044	0		2460	2400.28	1.6446	1.6285	3241.97	1.6972	2403.81	1.6410	1.6253	3247.02	1.6949	0.8934	1	0.00676	0.0204	0.22846	1	0.99266	0.9892	0	0
390037	Heritage Valley Sewickley	38300	38300	38300	38300	42003	2	lurban	lurban	N	0.8482				N		1	0	0	149	71	0	0	0.154	0.0069	0.03168	0.0069	0.00012	764.9		0	0.388	0.041	0		1258	1239.67	1.5919	1.5780			1240.90	1.5956	1.5819			0.8934	1	0.00106	0.00257	0.189	1	1.00318	0.9860	0	0
390039	Upmc Somerset	39	39	39	39	42111	2	rural	rural	N	0.8239				N		1	0	0	102	24	0	0	0.2385	0.02223	0	0.02223		0		0	0.34	0.022	16	5954.61	582	561.71	1.5854	1.5548			562.51	1.5835	1.5538			0.8758	1	0.00769	0.00519	0.27284	1.11023	1.00859	0.9962	0	0
390041	Uniontown Hospital	38300	38300	38300	38300	42051	2	lurban	lurban	N	0.8482				N		1	0	0	149	87	0	0	0.3498	0.04518	0.0734	0.04518	0.000156	643.49	0.000195	815.23	0.433	0.043	0		1996	1943.07	1.4716	1.4563			1946.06	1.4705	1.4557			0.8934	1	0.0039	0.00703	0.26288	1	0.99441	0.9952	0	0
390042	"Washington Hospital, The"	38300	38300	38300	38300	42125	2	lurban	lurban	N	0.8482				N		1	0.088	0.1469	214	117	0.04691	0.04233	0.2213	0.01868	0.04583	0.01868	0.000271	947.33	0.000293	998.38	0.4	0.025	0		2186	2124.09	1.5836	1.5708	2319.20	1.5946	2127.26	1.5830	1.5696	2322.92	1.5874	0.8934	1	0.01698	0.01028	0.234	1	1.00209	0.9919	0	0
390044	Reading Hospital	39740	39740	33874	39	42011	2	ourban	rural	S	0.988		YES	YES	N		1	0.1385	0.1851	526	343	0.07282	0.05362	0.3243	0.03992	0	0.03992	0.000798	728.06	0.000736	678.56	0.28	0.032	7		8943	8795.30	1.6856	1.6752	3402.07	1.7776	8805.62	1.6836	1.6738	3405.20	1.7796	0.9918	1	0.04494	0.09339	0.34379	1	0.99756	1.0000	0	0
390045	Williamsport Regional Medical Center	48700	48700	44300	39	42081	2	ourban	rural	S	0.9239		YES	YES	N		1	0.1101	0.1689	196	116	0.05833	0.04882	0.2249	0.01942	0	0.01942	0.000144	283.61	0.000184	351.96	0.265	0.029	7		4037	3965.79	1.9644	1.9549	1112.30	2.0052	3969.26	1.9676	1.9581	1113.19	2.0060	0.9472	1	0.03288	0.06852	0.41626	1	0.99422	0.9947	0	0
390046	York Hospital	49620	49620	23900	39	42133	2	ourban	rural	S	0.973		YES	YES	N		1	0.2309	0.3015	517	389	0.1185	0.08881	0.2637	0.02743	0	0.02743	0.000521	460.53	0.000667	584.41	0.292	0.016	7		9151	9029.61	1.7974	1.7799	3951.94	1.7096	9035.66	1.8001	1.7831	3955.47	1.7073	0.9814	1	0.06659	0.02751	0.33878	1	0.99417	0.9978	0	0
390048	Geisinger-Lewistown Hospital	39	39	44300	39	42087	2	rural	rural	W	0.9239				N		1	0.0065	0	109	41	0.00355	0	0.2311	0.0207	0	0.0207		0		0	0.366	0.025	17	6445.93	1358	1317.52	1.3825	1.3711	340.30	1.4621	1319.32	1.3780	1.3666	340.94	1.4645	0.9472	1	0.02069	0.01577	0.37009	1	1.00605	0.9971	0	0
390049	St Luke's Hospital Bethlehem	10900	10900	35084	10900	42077	2	ourban	ourban	W	1.0817				N		1	0.3239	0.5176	409	312	0.16246	0.15727	0.2678	0.02827	0.05573	0.02827	0.000508	448.8	0.000541	486.88	0.096	0.009	7		9708	9492.99	1.9790	1.9619	3174.59	1.9365	9507.07	1.9854	1.9684	3178.26	1.9421	1.0553	1	0.00818	0.01286	0.37746	1	1.00354	0.9977	0	0
390050	Allegheny General Hospital	38300	38300	38300	38300	42003	2	lurban	lurban	N	0.8482				N		1	0.6291	0.884	492	354	0.29503	0.28334	0.1939	0.01338	0.04005	0.01338	0.000342	543.08	0.000501	784.52	0.207	0.018	0		4926	4828.41	2.6000	2.5883	5712.44	2.3808	4839.05	2.6127	2.6006	5729.26	2.3935	0.8934	1	0.06998	0.07942	0.23886	1	0.99251	0.9930	0	0
390052	Penn Highlands Clearfield	39	39	39	39	42033	2	rural	rural	N	0.8239				N		1	0	0	40	14	0	0	0.134739361	0	0	0		0		0	0.468	0.032	14	5741.16	600	579.88	1.2237	1.2159			580.44	1.2195	1.2113			0.8758	1	0.00375	0.00241	0.5373	1.18091	0.99963	0.9942	0	1
390056	Penn Highlands Huntindon	39	39	39	39	42061	2	rural	rural	N	0.8239				N		1	0	0	54	15	0	0	0.2465	0.02388	0	0.02388		0		0	0.517	0.015	16	5858.97	664	642.41	1.2976	1.2932			643.46	1.2907	1.2870			0.8758	1	0.01992	0.00243	0.40176	1	0.99849	1.0000	0	0
390057	Grand View Hospital	33874	33874	37964	33874	42017	2	lurban	lurban	W	1.0962				N		1	0	0	180	72	0	0	0.1486	0	0.03055	0		0		0	0.274	0.029	0		2726	2638.38	1.5707	1.5466			2646.47	1.5660	1.5453			1.0649	1	0.0162	0.02802	0.41868	1	1.00768	0.9989	0	0
390058	Carlisle Regional Medical Center	25420	25420	25420	25420	42041	2	ourban	ourban	N	0.9524				N		1	0	0	145	35	0	0	0.157	0.00739	0.0323	0.00739	0.000062	345.32	0.000045	256.9	0.209	0.013	0		1602	1567.21	1.4541	1.4398			1569.31	1.4542	1.4404			0.9672	1	0.01435	0.00755	0.39789	1	0.99643	0.9983	0	0
390061	Upmc Pinnacle Lancaster	29540	29540	29540	29540	42071	2	ourban	ourban	N	0.9116				Y	0.01	1	0	0	142	45	0	0	0.2247	0.01938	0.04655	0.01938		0	0.000071	488.84	0.197	0.014	0		930	916.09	2.0265	2.0157			917.50	2.0171	2.0073			0.9386	1	0.08356	0.055	0.3353	1	0.99766	0.9960	0	0
390062	Conemaugh Nason Medical Center	11020	11020	11020	11020	42013	2	ourban	ourban	N	0.9606				N		1	0	0	45	15	0	0	0.241	0.02274	0	0.02274	0.000015	292.03	0.000028	506.5	0.445	0.029	0		397	377.68	1.4627	1.4404			380.67	1.4624	1.4442			0.9728	1	0	0	0.25455	1	1.00015	0.9746	0	0
390063	Upmc Hamot	21500	21500	33	39	42049	2	ourban	rural	S	0.8359		YES	YES	N		1	0.1236	0.1267	386	253	0.06524	0.0364	0.3208	0.0392	0	0.0392	0.000254	324.92	0.000381	488.93	0.108	0.006	7		6153	6028.99	1.9893	1.9650	3378.75	1.9964	6036.74	1.9878	1.9639	3382.40	1.9957	0.8845	1	0.01223	0.00592	0.31453	1	0.99147	0.9954	0	0
390065	Gettysburg Hospital	23900	23900	16540	23900	42001	2	ourban	ourban	W	1.0831				N		1	0	0	76	42	0	0	0.1624	0.00827	0	0.00827	0.00013	564.02	0.000101	433.46	0.341	0.023	0		1941	1900.21	1.3439	1.3343			1902.10	1.3420	1.3324			1.0562	1	0.01838	0.01289	0.44963	1	0.99856	0.9914	0	0
390066	Good Samaritan Hospital	30140	30140	30140	30140	42075	2	ourban	ourban	N	0.9474				Y	0.0117	1	0.1446	0.1298	110	81	0.0759	0.03731	0.2166	0.01771	0.04484	0.01771	0.000007	24.47	0.000223	770.75	0.364	0.018	0		2445	2388.76	1.6782	1.6526	1276.72	1.6533	2391.22	1.6769	1.6518	1277.71	1.6562	0.9637	1	0.05747	0.01762	0.33263	1	0.99233	1.0000	0	0
390067	Pinnacle Health Hospitals	25420	25420	23900	39	42043	2	ourban	rural	S	0.973		YES	YES	N		1	0.2131	0.2564	629	430	0.10986	0.07504	0.248	0.02419	0	0.02419	0.000749	624.46	0.00087	761.29	0.288	0.032	7		10318	10156.14	1.8856	1.8761	5850.28	1.9871	10166.33	1.8852	1.8758	5854.67	1.9870	0.9814	1	0.01337	0.02864	0.27302	1	0.99773	0.9783	0	0
390068	Upmc Pinnacle Lititz	29540	29540	29540	29540	42071	2	ourban	ourban	N	0.9116				Y	0.01	1	0.1868	0.3273	65	25	0.09696	0.09676	0.2571	0.02606	0	0.02606	0.000032	574.99	0.000042	683.63	0.277	0.03	0		469	460.82	1.4035	1.3951	167.81	1.3492	461.46	1.3838	1.3752	167.93	1.3311	0.9386	1	0.03686	0.06196	0.16964	1	0.99123	0.9961	0	0
390070	Lower Bucks Hospital	33874	33874	37964	33874	42017	2	lurban	lurban	W	1.0962				N		1	0.0941	0	130	44	0.05008	0	0.4592	0.06775	0.09745	0.06775	0.000236	1528.69	0.000162	1013.65	0.158	0.015	0		1123	1094.08	1.6512	1.6342	487.42	1.5418	1095.53	1.6412	1.6237	487.82	1.5358	1.0649	1	0.00613	0.00907	0.31036	1	1	0.9941	1	0
390071	Lock Haven Hospital	39	39	44300	48700	42035	2	rural	ourban	L	0.9239	LUGAR			N		1	0	0	47	8	0	0	0.1883	0.01247	0	0.01247	0.000011	236.99	0.000018	340.98	0.171	0.02	14	5628.52	373	362.87	1.2076	1.1981			362.98	1.2021	1.1925			0.9472	1	0	0	0.36962	1.20409	1.00756	1.0000	0	0
390072	Berwick Hospital Center	14100	14100	14100	14100	42037	2	ourban	ourban	N	0.8912				N		1	0	0	87	10	0	0	0.1262	0	0	0		0	0.000022	322.97	0.106	0.011	0		434	426.85	1.2396	1.2367			427.43	1.2357	1.2330			0.9242	1	0.00159	0.0041	0.4367	1	0.99998	0.9829	0	0
390073	Upmc Altoona	11020	11020	11020	11020	42013	2	ourban	ourban	N	0.9606				N		1	0.0644	0.1187	339	241	0.03456	0.03406	0.2917	0.0332	0.06085	0.0332		0	0.00038	556	0.217	0.015	16	6575.36	5957	5818.04	1.6449	1.6245	3804.80	1.7632	5828.18	1.6367	1.6174	3811.79	1.7594	0.9728	1	0.00815	0.00469	0.3208	1	0.99361	0.9936	0	0
390076	Brandywine Hospital	33874	33874	33874	33874	42029	2	lurban	lurban	N	1.0176				Y	0.0296	1	0	0	153	89	0	0	0.3352	0.04217	0.07023	0.04217	0.000057	221.74	0.000091	339.82	0.111	0.009	0		2037	1998.67	1.5378	1.5331			2001.07	1.5327	1.5285			1.012	1	0.02218	0.02482	0.27081	1	1.00339	0.9969	0	0
390079	Robert Packer Hospital	39	39	13780	39	42015	2	rural	rural	W	0.8643				N		1	0.256	0.3435	247	166	0.13056	0.10179	0.2281	0.02008	0	0.02008	0.000245	386.48	0.000285	452.52	0.252	0.02	7		5430	5382.29	1.8081	1.7944	1865.29	1.8121	5385.06	1.8116	1.7982	1865.98	1.8125	0.905	1	0.01341	0.01451	0.41731	1	0.99638	0.9830	0	0
390080	Jeanes Hospital	37964	37964	37964	37964	42101	2	lurban	lurban	N	1.0962				N		1	0.0867	0.1527	146	79	0.04623	0.04403	0.3233	0.03972	0.06766	0.03972	0.00008	334.63	0.000113	456.5	0.112	0.005	0		1910	1873.74	1.6270	1.6105	1219.14	1.5658	1876.68	1.6260	1.6097	1221.43	1.5706	1.0649	1	0.01999	0.00428	0.34638	1	1.00894	0.9923	0	0
390081	Delaware County Memorial Hospital	37964	37964	37964	37964	42045	2	lurban	lurban	N	1.0962				N		1	0.1321	0.2552	145	65	0.06957	0.07467	0.4331	0.06236	0.09166	0.06236	0.00043	2260.91	0.000208	1021.22	0.137	0.019	0		1537	1504.09	1.4868	1.4710	532.24	1.3593	1505.86	1.4890	1.4734	532.98	1.3611	1.0649	1	0.02939	0.08662	0.26474	1	0.99195	0.9942	0	0
390084	Sunbury Community Hospital	39	39	39	39	42097	2	rural	rural	N	0.8783				Y	0.0763	1	0	0	70	17	0	0	0.5292	0.08219	0	0.08219	0.000006	137.88	0.000026	540.65	0.218	0.02	14	6170.86	349	342.61	1.2904	1.2784			343.10	1.2928	1.2814			0.915	1	0.02913	0.03795	0.38264	1	0.99555	1.0000	0	0
390086	Penn Highlands Dubois	39	39	38300	39	42033	2	rural	rural	W	0.8367				N		1	0.0239	0	169	89	0.01298	0	0.419	0.05946	0	0.05946	0.000144	400.45	0.000225	627.81	0.35	0.021	7		3136	3009.01	1.6941	1.6753	1012.38	1.8010	3016.90	1.6919	1.6737	1015.84	1.8041	0.8851	1	0.01174	0.0056	0.30516	1	1.00406	0.9947	0	1
390090	West Penn Hospital	38300	38300	38300	38300	42003	2	lurban	lurban	N	0.8482				N		1	0.296	0.6035	278	130	0.14947	0.18567	0.3379	0.04273	0.07082	0.04273	0.000199	1321.75	0.000286	2101.31	0.204	0.016	0		1339	1300.51	2.3461	2.3072	1515.93	1.9890	1303.44	2.3644	2.3256	1519.50	1.9931	0.8934	1	0.09842	0.09207	0.10102	1	1.00256	0.9969	0	0
390091	Upmc Northwest	39	39	38300	39	42121	2	rural	rural	W	0.8367				N		1	0	0	106	49	0	0	0.2382	0.02217	0	0.02217	0.0001	381.95	0.0001	375.77	0.263	0.015	7		2099	2056.76	1.2895	1.2822			2058.66	1.2885	1.2813			0.8851	1	0.00042	0.00009	0.42756	1	1.00671	0.9930	0	0
390093	Clarion Hospital	39	39	39	39	42031	2	rural	rural	N	0.8239				N		1	0.0942	0.3099	58	15	0.05013	0.09139	0.1926	0.01317	0	0.01317		0		0	0.452	0.022	17	6215	651	624.63	1.3509	1.3322	237.41	1.3291	625.32	1.3479	1.3291	237.56	1.3309	0.8758	1	0.00058	0	0.48202	1.16962	0.99692	0.9962	0	0
390096	St Joseph Medical Center	39740	39740	39	39	42011	2	ourban	rural	S	0.9419		YES		N		1	0.1267	0.2295	147	87	0.06682	0.06691	0.2729	0.02932	0	0.02932	0.000128	418.06	0.000175	555.06	0.225	0.019	7		2417	2385.28	1.8286	1.8142	1120.26	1.6589	2387.19	1.8334	1.8196	1121.18	1.6635	0.9598	1	0.02698	0.03156	0.35616	1	1.00171	0.9981	0	0
390097	Holy Redeemer Hospital And Medical Center	33874	33874	33874	33874	42091	2	lurban	lurban	N	1.0272				Y	0.0392	1	0.0049	0.0082	195	101	0.00268	0.00232	0.3978	0.05508	0.08389	0.05508	0.000074	229.2	0.000159	471.69	0.28	0.018	0		2623	2577.16	1.4839	1.4782	892.44	1.5218	2581.19	1.4822	1.4768	894.20	1.5204	1.0185	1	0.01267	0.00584	0.30795	1	0.99562	0.9888	0	0
390100	Lancaster General Hospital	29540	29540	48864	29540	42071	2	ourban	ourban	W	1.061				N		1	0.0693	0.0966	562	351	0.03714	0.02764	0.2468	0.02394	0.05125	0.02394	0.000975	816.77	0.000785	669.18	0.285	0.027	0		10082	9897.51	1.8465	1.8391	4101.66	1.9230	9914.11	1.8484	1.8411	4109.31	1.9273	1.0414	1	0.02404	0.03601	0.31783	1	1.00098	1.0000	0	0
390101	Memorial Hospital	49620	49620	49620	49620	42133	2	ourban	ourban	N	0.9204				Y	0.0015	1	0.0766	0.4577	100	40	0.04096	0.13788	0.2902	0.03289	0.06053	0.03289	0.000113	778.22	0.000112	731.93	0.327	0.015	0		1195	1168.32	1.3620	1.3446	451.87	1.3470	1169.49	1.3647	1.3476	452.41	1.3476	0.9448	1	0.00587	0	0.33086	1	1.00299	0.9953	0	0
390102	Upmc St Margaret	38300	38300	38300	38300	42003	2	lurban	lurban	N	0.8482				N		1	0.304	0.3066	216	140	0.15322	0.09038	0.1446	0	0.02971	0		0		0	0.156	0.008	0		2634	2573.56	1.5135	1.5022	3430.88	1.6572	2578.18	1.5122	1.5028	3438.45	1.6522	0.8934	1	0.00797	0.00286	0.27135	1	0.99209	0.9970	0	0
390104	Upmc Kane	39	39	39	39	42083	2	rural	rural	N	0.8239				N		1	0	0	31	6	0	0	0.1396	0	0	0		0		0	0.432	0.037	16	6092.77	234	228.03	1.2605	1.2569			228.37	1.2592	1.2551			0.8758	1	0.00277	0.00359	0.61144	1.2447	0.99801	1.0000	0	0
390107	Upmc Passavant	38300	38300	38300	38300	42003	2	lurban	lurban	N	0.8482				N		1	0.0431	0.0331	354	202	0.02327	0.00938	0.0946	0	0.01934	0		0		0	0.161	0.013	0		4216	4129.57	1.6534	1.6407	5072.09	1.7875	4135.97	1.6524	1.6402	5080.04	1.7826	0.8934	1	0.02057	0.02349	0.2648	1	0.99842	0.9995	0	0
390110	Conemaugh Memorial Medical Center	27780	27780	27780	27780	42021	2	ourban	ourban	N	0.8358				Y	0.0151	1	0.2027	0.2288	414	234	0.10478	0.0667	0.3012	0.03516	0.06289	0.03516	0.000214	415.49	0.000312	560.6	0.283	0.026	0		4008	3904.13	1.6687	1.6432	4112.03	1.7243	3911.48	1.6711	1.6465	4118.12	1.7279	0.8844	1	0.0071	0.01181	0.25748	1	0.99633	0.9915	0	0
390111	Hospital Of Univ Of Pennsylvania	37964	37964	37964	37964	42101	2	lurban	lurban	N	1.0962				N		1	0.8619	1.0351	706	615	0.38647	0.33924	0.3149	0.03799	0.06584	0.03799	0.000613	585.62	0.000946	913.22	0.149	0.008	0		8733	8613.97	2.7029	2.6879	2255.35	2.5281	8626.29	2.7306	2.7157	2258.67	2.5638	1.0649	1	0.18957	0.08847	0.28734	1	1.00266	0.9996	0	0
390112	Chan Soon- Shiong Medical Center At Windber	39	39	39	39	42111	2	rural	rural	N	0.8239				N		1	0	0	50	9	0	0	0.1267	0	0	0		0		0	0.345	0.027	14	4779.03	311	293.85	1.3551	1.3401			296.86	1.3566	1.3460			0.8758	1	0	0	0.28623	1	1.01342	0.9991	0	1
390113	Meadville Medical Center	39	39	36	39	42039	2	rural	rural	W	0.8279				N		1	0.0578	0.1487	176	72	0.03107	0.04286	0.3656	0.04844	0	0.04844		0		0	0.254	0.021	17	6230.06	2020	1982.60	1.4488	1.4414	630.28	1.5234	1985.69	1.4512	1.4444	631.71	1.5238	0.8787	1	0.01864	0.02112	0.37029	1	1.00467	0.9951	0	0
390114	Magee Womens Hospital Of Upmc Health System	38300	38300	38300	38300	42003	2	lurban	lurban	N	0.8482				N		1	0.2165	0.3377	315	213	0.11152	0.09999	0.5454	0.08553	0.11677	0.08553	0.000268	1601.94	0.000546	3257.1	0.135	0.008	0		1329	1307.84	1.6417	1.6339	1288.07	1.7221	1312.05	1.6384	1.6323	1290.65	1.7215	0.8934	1	0.0189	0.01127	0.06395	1	0.99617	0.9991	0	0
390115	Aria Health	37964	37964	37964	37964	42101	2	lurban	lurban	N	1.0962				N		1	0.198	0.2551	464	307	0.10248	0.07464	0.3458	0.04436	0.07253	0.04436	0.000823	945.37	0.000636	724.52	0.182	0.016	0		6789	6668.26	1.6923	1.6796	3127.34	1.7319	6675.05	1.6957	1.6830	3130.75	1.7340	1.0649	1	0.0098	0.01236	0.32832	1	0.99778	0.9769	0	0
390116	Suburban Community Hospital	33874	33874	33874	33874	42091	2	lurban	lurban	N	1.0272				Y	0.0392	1	0.3159	0.7468	99	38	0.15876	0.2346	0.1664	0.00892	0	0.00892	0.000049	400.24	0.000078	539.44	0.171	0.009	0		844	814.29	1.8115	1.7765	330.57	1.8997	815.46	1.8125	1.7772	330.91	1.9035	1.0185	1	0.0236	0.00755	0.37227	1	0.99759	0.9993	0	0
390117	Upmc Bedford Memorial	39	39	39	39	42009	2	rural	rural	N	0.8239				N		1	0	0	46	13	0	0	0.2224	0.01891	0	0.01891		0		0	0.314	0.014	16	5469.27	482	455.68	1.2553	1.2360			456.76	1.2515	1.2320			0.8758	1	0.00093	0	0.3088	1.1597	1.00901	0.9983	0	0
390118	Bradford Regional Medical Center	39	39	39	39	42083	2	rural	rural	N	0.8239				N		1	0	0	87	38	0	0	0.5045	0.03	0	0.03		0	0.000084	677.11	0.46	0.038	0		353	347.51	1.2241	1.2209			347.94	1.2328	1.2302			0.8758	1	0	0	0.35555	1	0.98732	0.9995	0	0
390119	Moses Taylor Hospital	42540	42540	20700	39	42069	2	ourban	rural	S	0.9164		YES	YES	N		1	0.067	0.1053	162	95	0.03593	0.03016	0.3748	0.03	0	0.05034	0.000045	162.61	0.000144	493.37	0.115	0.011	0		2003	1963.73	1.6691	1.6594	517.31	1.4850	1966.20	1.6686	1.6589	517.82	1.4813	0.942	1	0.01094	0.02251	0.29799	1	0.99982	0.9755	0	0
390123	Pottstown Hospital	33874	33874	33874	33874	42091	2	lurban	lurban	N	1.0272				Y	0.0392	1	0	0	183	88	0	0	0.1929	0.01322	0.03984	0.01322	0.000077	222.35	0.0001	280.04	0.126	0.011	0		2730	2671.18	1.5085	1.5034			2675.47	1.4887	1.4841			1.0185	1	0.03927	0.04911	0.44153	1	1.00249	0.9823	0	0
390125	Wayne Memorial Hospital	39	39	39	39	42127	2	rural	rural	N	0.845				Y	0.0422	1	0	0	73	28	0	0	0.2639	0.02747	0	0.02747		0		0	0.322	0.016	16	7018.96	1391	1350.22	1.2934	1.2827			1352.96	1.2881	1.2781			0.8911	1	0.03545	0.01104	0.4609	1.04947	1.00055	0.9913	0	0
390127	Phoenixville Hospital	33874	33874	33874	33874	42029	2	lurban	lurban	N	1.0176				Y	0.0296	1	0.0738	0.0511	126	76	0.0395	0.01452	0.1917	0.01303	0.03958	0.01303	0.000065	238.99	0.000086	304.55	0.093	0.01	0		2286	2243.00	1.5778	1.5692	402.88	1.5027	2245.63	1.5826	1.5737	403.81	1.4963	1.012	1	0.01922	0.04303	0.37066	1	0.99925	0.9956	0	0
390130	Conemaugh Miners Medical Center	27780	27780	39	39	42021	2	ourban	rural	S	0.8239		YES		N		1	0	0	30	4	0	0	0.1259	0	0	0		0		0	0.538	0.035	16	5208.03	166	163.22	1.1089	1.1080			163.31	1.1087	1.1077			0.8758	1	0.00152	0.00022	0.52171	1.25	1	0.9933	0	0
390133	Lehigh Valley Hospital	10900	10900	35084	39	42077	2	ourban	rural	S	1.0817		YES	YES	N		1	0.2239	0.2957	790	561	0.11511	0.08703	0.271	0.02893	0	0.02893	0.001167	522.91	0.001173	701.75	0.143	0.008	7		15443	15237.06	1.8494	1.8375	5475.36	1.7866	15258.31	1.8569	1.8452	5483.88	1.7928	1.0553	1	0.05863	0.02915	0.34748	1	1.00176	0.9912	0	0
390137	Wilkes-Barre General Hospital	42540	42540	10900	39	42079	2	ourban	rural	S	0.9474		YES	YES	N		1	0.0709	0.0968	313	161	0.03798	0.02769	0.1956	0.01366	0	0.01366	0.000105	137.76	0.000193	239.38	0.122	0.013	7		5994	5913.89	1.6386	1.6178	1286.64	1.6728	5919.60	1.6423	1.6220	1287.92	1.6747	0.9637	1	0.02727	0.05424	0.5345	1	0.99555	0.9924	0	0
390138	Waynesboro Hospital	16540	16540	39	39	42055	2	ourban	rural	S	1.116		YES		N		1	0	0	56	22	0	0	0.2021	0.01472	0	0.01472	0.000081	643.1	0.000065	499.59	0.438	0.023	15	7791.5	1018	982.31	1.3741	1.3503			983.71	1.3735	1.3499			1.0781	1	0.00259	0.00071	0.43857	1	1.01233	0.9850	0	0
390139	Main Line Hospital Bryn Mawr Campus	33874	33874	37964	39	42091	2	ourban	rural	S	1.0962		YES	YES	N		1	0.1497	0.2362	296	137	0.07847	0.06893	0.0702	0	0	0		0		0	0.18	0.012	7		4901	4791.37	1.7022	1.6865	1215.42	1.6996	4797.89	1.7000	1.6843	1216.86	1.7021	1.0649	1	0.04084	0.029	0.39207	1	1.01091	1.0000	0	0
390142	Albert Einstein Medical Center	37964	37964	37964	37964	42101	2	lurban	lurban	N	1.0962				N		1	0.7424	1.0567	407	269	0.34044	0.34743	0.5774	0.09213	0.12403	0.09213	0.000858	1480.42	0.001025	1741.94	0.2	0.017	0		5045	4958.69	1.7706	1.7572	3608.19	1.7162	4962.48	1.7749	1.7617	3612.85	1.7170	1.0649	1	0.04285	0.04714	0.23649	1	0.99332	0.9962	0	0
390145	Excela Health Westmoreland Hospital	38300	38300	38300	38300	42129	2	lurban	lurban	N	0.8482				N		1	0	0	244	174	0	0	0.2272	0.0199	0.04708	0.0199	0.000142	430.02	0.000215	631.04	0.327	0.039	0		2592	2551.33	1.6335	1.6164			2553.70	1.6309	1.6144			0.8934	1	0.01101	0.02885	0.20349	1	0.99806	0.9918	0	0
390146	Warren General Hospital	39	39	33	39	42123	2	rural	rural	W	0.8359				N		1	0	0	69	23	0	0	0.241	0.02274	0	0.02274	0.000037	332.36	0.000043	391.55	0.473	0.005	0		896	874.44	1.2279	1.2220			875.82	1.2293	1.2236			0.8845	1	0.00603	0	0.42626	1.10932	1.00264	0.9967	0	0
390147	Monongahela Valley Hospital	38300	38300	38300	38300	42125	2	lurban	lurban	N	0.8482				N		1	0	0	151	75	0	0	0.1741	0.01017	0.03588	0.01017	0.0001	540.43	0.000103	514.22	0.314	0.029	0		1522	1476.23	1.4741	1.4575			1478.34	1.4741	1.4577			0.8934	1	0.00916	0.01385	0.25163	1	0.99941	0.9830	0	0
390150	Washington Health System Greene	39	39	38300	38300	42059	2	rural	lurban	L	0.8367	LUGAR			N		1	0	0	23	7	0	0	0.269	0.02852	0	0.02852	0.000047	1181.09	0.000035	821.35	0.405	0.023	14	7006.07	316	300.95	1.0302	1.0196			301.73	1.0264	1.0163			0.8851	1	0	0	0.38735	1.21727	1.00067	0.9974	0	0
390151	Chambersburg Hospital	16540	16540	16540	16540	42055	2	ourban	ourban	N	1.116				N		1	0.004	0.0065	229	109	0.00218	0.00184	0.2198	0.01837	0.04551	0.01837	0.000294	460.93	0.000249	385.71	0.413	0.028	7		5038	4909.58	1.6395	1.6215	952.55	1.8391	4915.25	1.6373	1.6196	953.54	1.8367	1.0781	1	0.01941	0.01287	0.55449	1	1.00911	0.9983	0	0
390153	Paoli Hospital	33874	33874	37964	39	42029	2	ourban	rural	S	1.0962		YES	YES	N		1	0	0	231	139	0	0	0.0441	0	0	0		0		0	0.173	0.01	7		4931	4832.15	1.5907	1.5756			4838.25	1.5902	1.5754			1.0649	1	0.02524	0.01182	0.37133	1	1.00828	1.0000	0	0
390156	Mercy Fitzgerald Hospital	37964	37964	37964	37964	42045	2	lurban	lurban	N	1.0962				N		1	0.3984	0.5876	292	178	0.19637	0.18036	0.5315	0.08266	0.11363	0.08266	0.000272	624.82	0.000393	845.89	0.156	0.006	0		3343	3264.34	1.4654	1.4507	1993.45	1.4322	3268.15	1.4663	1.4514	1997.64	1.4314	1.0649	1	0.02176	0.00347	0.27065	1	0.99984	0.9908	0	0
390157	Ohio Valley General Hospital	38300	38300	38300	38300	42003	2	lurban	lurban	N	0.8482				N		1	0	0	87	36	0	0	0.1666	0.00895	0	0.00895	0.000029	388.51		0	0.339	0.033	0		568	556.76	1.4671	1.4463			556.93	1.4732	1.4508			0.8934	1	0.02396	0.04029	0.22406	1	0.99915	0.9977	0	0
390160	Canonsburg General Hospital	38300	38300	38300	38300	42125	2	lurban	lurban	N	0.8482				N		1	0	0	88	18	0	0	0.0683	0	0	0		0		0	0.363	0.03	0		565	541.25	1.4023	1.3786			542.93	1.3979	1.3756			0.8934	1	0.00741	0.00859	0.32008	1	1.00337	0.9921	0	0
390162	Easton Hospital	10900	10900	10900	10900	42095	2	ourban	ourban	N	1.0408				Y	0.0286	1	0.2009	0.4191	156	65	0.1039	0.12555	0.218	0.018	0.04513	0.018	0.000057	169.16	0.000078	208.3	0.109	0.008	0		2504	2451.10	1.6284	1.6066	554.19	1.6750	2453.68	1.6300	1.6086	554.81	1.6774	1.0278	1	0.02756	0.02083	0.52309	1	1.00403	0.9830	0	0
390163	Acmh Hospital	38300	38300	38300	38300	42005	2	lurban	lurban	N	0.8482				N		1	0	0	133	53	0	0	0.2967	0.03423	0.06192	0.03423	0.000054	470.19	0.000082	697.81	0.363	0.016	7		873	850.38	1.4298	1.4239			851.41	1.4289	1.4230			0.8934	1	0.00463	0.00097	0.23023	1	1.00809	0.9994	0	0
390164	Upmc Presbyterian Shadyside	38300	38300	38300	38300	42003	2	lurban	lurban	N	0.8482				N		1	0.5419	0.6367	1151	919	0.25878	0.19683	0.2666	0.02802	0.05547	0.02802	0.000721	436.41	0.001019	622.67	0.086	0.006	0		13222	13042.61	2.2167	2.2053	11962.75	2.3386	13056.74	2.2233	2.2123	11978.40	2.3487	0.8934	1	0.10642	0.09267	0.25409	1	0.99308	0.9928	0	0
390168	Butler Memorial Hospital	38300	38300	38300	38300	42019	2	lurban	lurban	N	0.8482				N		1	0	0	275	146	0	0	0.234	0.0213	0.04853	0.0213	0.000179	663.53	0.0002	745.01	0.234	0.024	0		2191	2145.47	1.8403	1.8270			2148.01	1.8491	1.8364			0.8934	1	0.02165	0.03988	0.19727	1	0.99524	1.0000	0	0
390173	Indiana Regional Medical Center	39	39	38300	39	42063	2	rural	rural	W	0.8367				N		1	0	0	132	66	0	0	0.1755	0.01039	0	0.01039		0		0	0.378	0.029	16	5917.4	1539	1480.09	1.5368	1.5180			1483.55	1.5294	1.5109			0.8851	1	0.00469	0.00454	0.28089	1	0.99932	0.9942	0	0
390174	Thomas Jefferson University Hospital	37964	37964	37964	37964	42101	2	lurban	lurban	N	1.0962				N		1	0.7322	0.932	845	581	0.33642	0.30084	0.3262	0.04032	0.06829	0.04032	0.000744	558.41	0.001046	770.35	0.198	0.013	0		11081	10937.91	2.2176	2.2045	4085.99	2.0337	10946.95	2.2294	2.2163	4090.36	2.0413	1.0649	1	0.08874	0.06459	0.29891	1	0.99903	0.9886	0	0
390178	Upmc Horizon	49660	49660	49660	49660	42085	2	ourban	ourban	N	0.8224				N		1	0.0473	0.1329	141	60	0.02551	0.03822	0.295	0.03388	0.06156	0.03388	0.000124	621.67	0.000122	557.21	0.215	0.017	0		1355	1311.13	1.3204	1.3121	949.78	1.4340	1313.18	1.3186	1.3101	951.02	1.4294	0.8747	1	0.00253	0.00246	0.30685	1	0.99951	0.9911	0	0
390179	Chester County Hospital	33874	33874	33874	33874	42029	2	lurban	lurban	N	1.0176				Y	0.0296	1	0	0	248	150	0	0	0.2006	0.01447	0.04146	0.01447	0.000103	191.61	0.000338	670.4	0.271	0.022	0		4711	4587.33	1.6935	1.6701			4594.02	1.6931	1.6691			1.012	1	0.0168	0.01643	0.33833	1	1.00832	0.9958	0	0
390180	Crozer Chester Medical Center	37964	37964	37964	37964	42045	2	lurban	lurban	N	1.0962				N		1	0.3237	0.5448	348	177	0.16237	0.16619	0.3882	0.0531	0.08178	0.0531	0.001136	2235.29	0.000416	828.14	0.122	0.009	0		4535	4390.64	1.7703	1.7535	1966.04	1.6681	4396.95	1.7758	1.7601	1968.82	1.6743	1.0649	1	0.08768	0.084	0.2738	1	0.9891	0.9970	0	0
390183	St Luke's Miners Memorial Hospital	39	39	39740	39	42107	2	rural	rural	S	0.9754	LUGAR	YES	YES	N		1	0	0	44	21	0	0	0.1677	0.00913	0	0.00913	0.000055	400.13	0.000044	333.62	0.155	0.015	14	7303.09	1174	1135.39	1.3627	1.3498			1137.06	1.3607	1.3478			0.9831	1	0.00042	0.00083	0.59952	1	1.01685	0.9942	0	0
390184	Highlands Hospital	38300	38300	38300	38300	42051	2	lurban	lurban	N	0.8482				N		1	0	0	64	25	0	0	0.6486	0.03	0	0.03	0.00003	937.44	0.000034	899.07	0.449	0.029	0		215	210.83	1.0747	1.0698			210.93	1.0834	1.0786			0.8934	1	0	0	0.16369	1	1.00465	0.9997	0	1
390185	Lehigh Valley Hospital - Hazleton	42540	42540	10900	42540	42079	2	ourban	ourban	W	0.9474				N		1	0	0	134	65	0	0	0.2657	0.02784	0.05528	0.02784	0.000108	291.61	0.000119	305.91	0.212	0.01	0		2792	2702.75	1.3727	1.3603			2707.05	1.3722	1.3603			0.9637	1	0.007	0.00241	0.54559	1	1.00553	0.9930	0	0
390192	Tyler Memorial Hospital	42540	42540	42540	42540	42131	2	ourban	ourban	N	0.8437				N		1	0	0	44	4	0	0	0.0664	0	0	0		0		0	0.369	0.059	0		200	193.56	1.0098	0.9955			194.02	1.0064	0.9924			0.8901	1	0.08803	0.25133	0.48896	1.25	1	0.9958	0	0
390194	St Luke's Hospital-Gnaden Huetten Campus	10900	10900	10900	10900	42025	2	ourban	ourban	N	0.9842				N		1	0	0	97	36	0	0	0.3823	0.03	0	0.03	0.000093	458.22	0.000089	557.88	0.362	0.027	0		1544	1484.86	1.3506	1.3373			1486.88	1.3522	1.3388			0.9892	1	0.009	0.00817	0.55006	1	0.99116	0.9958	0	0
390195	Main Line Hospital Lankenau	33874	33874	37964	39	42091	2	ourban	rural	S	1.0962		YES	YES	N		1	0.2627	0.4139	367	238	0.13375	0.1239	0.229	0.02027	0	0.02027	0.000197	282.61	0.000249	366.28	0.169	0.016	7		6125	6021.03	2.1824	2.1639	2039.16	1.9648	6027.98	2.1913	2.1731	2043.02	1.9654	1.0649	1	0.04883	0.06804	0.34174	1	1.00069	0.9998	0	0
390197	Sacred Heart Hospital	10900	10900	10900	10900	42077	2	ourban	ourban	N	0.9842				N		1	0.18	0.3091	119	59	0.0936	0.09115	0.6371	0.10444	0.1377	0.10444	0.000087	886.69	0.000158	1304.4	0.139	0.012	0		607	591.51	1.4589	1.4341	387.35	1.3570	592.33	1.4633	1.4388	387.47	1.3618	0.9892	1	0.01966	0.02476	0.1959	1	1.00261	0.9989	0	0
390198	Millcreek Community Hospital	21500	21500	21500	21500	42049	2	ourban	ourban	N	0.8197				N		1	0.2514	0.4744	130	66	0.12836	0.14325	0.5659	0.08975	0.12142	0.08975	0.000033	304.99	0.000128	1081.72	0.403	0.027	0		795	786.21	1.1738	1.1513	479.06	1.2355	786.45	1.1848	1.1624	479.43	1.2503	0.8727	1	0.00564	0.0036	0.23367	1	1.00114	0.9938	0	0
390199	Punxsutawney Area Hospital	39	39	39	39	42065	2	rural	rural	N	0.8239				N		1	0	0	44	11	0	0	0.2406	0.02266	0	0.02266	0.000035	657.54		0	0.504	0.028	16	5161.61	379	353.84	1.5006	1.4688			354.76	1.4986	1.4664			0.8758	1	0	0	0.38298	1.18682	1.01293	1.0000	0	0
390201	Lehigh Valley Hospital - Pocono	20700	20700	20700	20700	42089	2	ourban	ourban	N	1.0544				Y	0.0657	1	0	0	217	111	0	0	0.2795	0.03068	0.05823	0.03068	0.000245	502.98	0.000241	449.3	0.216	0.014	0		3440	3373.29	1.5658	1.5545			3377.25	1.5602	1.5485			1.0369	1	0.02051	0.011	0.42273	1	1.00121	0.9896	0	0
390203	Doylestown Hospital	33874	33874	37964	33874	42017	2	lurban	lurban	W	1.0962				N		1	0	0	237	147	0	0	0.0959	0	0.01961	0		0		0	0.238	0.01	0		4760	4682.70	1.6637	1.6527			4687.34	1.6638	1.6527			1.0649	1	0.00572	0.00045	0.38784	1	1.00477	0.9912	0	0
390204	Nazareth Hospital	37964	37964	37964	37964	42101	2	lurban	lurban	N	1.0962				N		1	0.1511	0	127	80	0.07917	0	0.3805	0.05152	0.0801	0.05152	0.000169	586.2	0.00016	531.1	0.202	0.005	0		2250	2198.93	1.5411	1.5273	1314.51	1.4758	2201.42	1.5435	1.5300	1316.74	1.4770	1.0649	1	0.01219	0.00013	0.38488	1	1.00012	0.9991	0	0
390211	Sharon Regional Health System	49660	49660	17460	39	42085	2	ourban	rural	S	0.8625		YES	YES	N		1	0	0	189	91	0	0	0.2886	0.03	0	0.03	0.000087	322.21	0.000129	433.66	0.193	0.019	0		2120	2091.19	1.5172	1.5111			2093.15	1.5180	1.5118			0.9037	1	0.02062	0.03431	0.34621	1	1.00254	0.9881	0	0
390217	Excela Health Frick Hospital	38300	38300	38300	38300	42129	2	lurban	lurban	N	0.8482				N		1	0	0	33	23	0	0	0.154	0.0069	0	0.0069	0.000045	687.8	0.000045	706.11	0.349	0.025	0		562	544.85	1.3525	1.3411			545.31	1.3517	1.3400			0.8934	1	0.006	0.00524	0.27075	1	1.00617	0.9895	0	0
390219	Excela Health Latrobe Hospital	38300	38300	38300	38300	42129	2	lurban	lurban	N	0.8482				N		1	0.1623	0.2297	113	69	0.08479	0.06697	0.2096	0.01627	0.04336	0.01627	0.000094	581.48	0.000097	594.42	0.363	0.03	0		1362	1313.04	1.4835	1.4662	1740.59	1.5292	1314.38	1.4851	1.4676	1743.10	1.5271	0.8934	1	0.00415	0.00498	0.20575	1	1.01136	0.9942	0	0
390220	Jennersville Hospital	33874	33874	33874	33874	42029	2	lurban	lurban	N	1.0176				Y	0.0296	1	0	0	57	23	0	0	0.1763	0.01052	0	0.01052	0.000028	240.3	0.000039	303.72	0.121	0.02	0		943	910.69	1.3674	1.3512			912.62	1.3675	1.3520			1.012	1	0.01028	0.04665	0.47938	1	1.00285	0.9971	0	0
390222	Riddle Memorial Hospital	37964	37964	37964	37964	42045	2	lurban	lurban	N	1.0962				N		1	0	0	204	116	0	0	0.0929	0	0.01899	0		0		0	0.169	0.009	0		3849	3779.88	1.5535	1.5458			3783.18	1.5506	1.5430			1.0649	1	0.01822	0.00828	0.43504	1	1.00629	0.9994	0	0
390223	Penn Presbyterian Medical Center	37964	37964	37964	37964	42101	2	lurban	lurban	N	1.0962				N		1	0.4777	0.5535	314	249	0.23131	0.16906	0.4158	0.0588	0.08785	0.0588	0.000343	564.78	0.000389	658.86	0.146	0.008	0		5097	5026.59	2.4781	2.4706	2142.05	2.0488	5032.13	2.4900	2.4825	2145.35	2.0488	1.0649	1	0.05906	0.02949	0.32711	1	0.99948	0.9923	0	0
390225	Wellspan Ephrata Community Hospital	29540	29540	29540	29540	42071	2	ourban	ourban	N	0.9116				Y	0.01	1	0	0	115	64	0	0	0.1523	0.00662	0.03132	0.00662	0.000164	709.56	0.000692	2982.76	0.266	0.022	0		1817	1779.23	1.5936	1.5818			1783.02	1.5871	1.5756			0.9386	1	0.0203	0.02233	0.34473	1	1.00133	0.9887	0	0
390226	Pennsylvania Hospital	37964	37964	37964	37964	42101	2	lurban	lurban	N	1.0962				N		1	0.3317	0.5888	398	223	0.16607	0.18076	0.3838	0.0522	0.08082	0.0522	0.000282	649.63	0.000561	1310.19	0.196	0.011	0		3580	3503.28	2.0846	2.0538	1247.37	1.9495	3509.50	2.0913	2.0603	1250.48	1.9559	1.0649	1	0.07619	0.03623	0.20828	1	0.99524	0.9877	0	0
390228	St Clair Hospital	38300	38300	38300	38300	42003	2	lurban	lurban	N	0.8482				N		1	0	0	301	158	0	0	0.1134	0	0.02323	0		0		0	0.273	0.019	0		2857	2788.92	1.6669	1.6504			2794.17	1.6670	1.6508			0.8934	1	0.02903	0.02011	0.22002	1	1.0056	0.9924	0	0
390231	Abington Memorial Hospital	33874	33874	33874	33874	42091	2	lurban	lurban	N	1.0272				Y	0.0392	1	0.2913	0.4633	568	337	0.14727	0.13968	0.2065	0.01563	0.0427	0.01563	0.000358	318.81	0.000399	369.75	0.204	0.015	0		9714	9506.36	1.6657	1.6573	2711.66	1.8117	9517.27	1.6707	1.6624	2716.97	1.8141	1.0185	1	0.02953	0.02242	0.34187	1	1.00344	0.9981	0	0
390233	Hanover Hospital	49620	49620	49620	39	42133	2	ourban	rural	S	0.9204		YES		Y	0.0015	1	0	0	93	55	0	0	0.126	0	0	0		0		0	0.499	0.05	14	7394.66	2299	2267.47	1.4370	1.4265			2268.73	1.4349	1.4239			0.9448	1	0.05378	0.08507	0.44541	1	0.99906	0.9893	0	0
390236	Guthrie Towanda Memorial Hospital	39	39	39	39	42015	2	rural	rural	N	0.8303				Y	0.0129	1	0	0	35	6	0	0	0.1583	0.0076	0	0.0076	0.00003	796.92	0.000021	514.5	0.398	0.027	0		292	282.94	1.1444	1.1388			283.38	1.1377	1.1320			0.8804	1	0.00035	0.00059	0.6361	1	1	0.9838	0	0
390237	Regional Hospital Of Scranton	42540	42540	10900	39	42069	2	ourban	rural	S	0.9474		YES	YES	N		1	0.0629	0.0926	174	112	0.03377	0.02648	0.1354	0	0	0		0		0	0.161	0.017	7		3978	3918.49	1.7567	1.7470	1020.62	1.8013	3922.99	1.7498	1.7404	1022.77	1.7898	0.9637	1	0.01745	0.03341	0.55618	1	0.99813	0.9926	0	0
390256	Milton S Hershey Medical Center	25420	25420	23900	39	42043	2	ourban	rural	S	0.973		YES	YES	N		1	0.6546	0.7289	548	452	0.30541	0.22838	0.3494	0.0451	0	0.0451	0.000659	818.1	0.000821	1033.1	0.229	0.017	7		6718	6632.61	2.1483	2.1285	3213.87	2.1002	6638.15	2.1626	2.1428	3215.27	2.1082	0.9814	1	0.11644	0.10745	0.22346	1	0.99612	0.9954	0	0
390258	St Mary Medical Center	33874	33874	37964	39	42017	2	ourban	rural	S	1.0962		YES	YES	N		1	0.0343	0	306	226	0.01857	0	0.1781	0.01082	0	0.01082	0.000278	326.04	0.000291	339.27	0.22	0.016	7		6773	6625.38	1.6191	1.6035	776.55	1.5059	6639.83	1.6195	1.6046	777.58	1.5058	1.0649	1	0.01373	0.01056	0.3612	1	1.00088	0.9964	0	0
390263	Lehigh Valley Hospital - Muhlenberg	10900	10900	10900	10900	42077	2	ourban	ourban	N	0.9842				N		1	0.2843	0.4561	195	123	0.14398	0.13736	0.1482	0	0.03047	0		0		0	0.128	0.01	0		2878	2840.22	1.4827	1.4699	995.15	1.4374	2842.49	1.4877	1.4750	995.87	1.4381	0.9892	1	0.01235	0.01212	0.4843	1	1.00247	0.9938	0	0
390265	Jefferson Hospital	38300	38300	38300	38300	42003	2	lurban	lurban	N	0.8482				N		1	0	0	286	154	0	0	0.1386	0	0.02846	0		0		0	0.254	0.019	0		2497	2460.07	1.6657	1.6554			2462.54	1.6666	1.6559			0.8934	1	0.01287	0.0102	0.20425	1	0.99439	0.9867	0	0
390266	Grove City Medical Center	49660	49660	39	39	42085	2	ourban	rural	S	0.8239		YES		N		1	0	0	90	14	0	0	0.107550407	0	0	0		0		0	0.351	0.019	14	5206.84	479	460.97	1.2553	1.2361			461.94	1.2552	1.2364			0.8758	1	0.00536	0.00136	0.37488	1.17424	0.99498	1.0000	0	1
390267	Forbes Hospital	38300	38300	38300	38300	42003	2	lurban	lurban	N	0.8482				N		1	0.1707	0.2312	211	155	0.08898	0.06742	0.1378	0	0.0283	0		0		0	0.266	0.023	0		2524	2472.07	1.7465	1.7277	3515.29	1.6797	2476.47	1.7478	1.7294	3522.61	1.6829	0.8934	1	0.01932	0.02411	0.22325	1	0.99569	0.9911	0	0
390268	Mount Nittany Medical Center	44300	44300	44300	39	42027	2	ourban	rural	S	1.0203		YES		N		1	0.0634	0	248	132	0.03403	0	0.155756059	0.00719	0	0.00719		0		0	0.298	0.028	16	7503.95	3660	3584.91	1.7034	1.6922	2541.16	1.7639	3592.92	1.6919	1.6810	2544.62	1.7474	1.0139	1	0.03105	0.04236	0.33725	1	1.00178	0.9918	0	0
390270	Geisinger Wyoming Valley Medical Center	42540	42540	35084	39	42079	2	ourban	rural	S	1.0817		YES	YES	N		1	0.1605	0.2359	258	194	0.08389	0.06884	0.3006	0.03504	0	0.03504	0.000497	807.26	0.000473	754.17	0.137	0.01	7		5014	4885.68	1.8762	1.8610	2269.73	1.6983	4894.89	1.8803	1.8652	2273.96	1.6985	1.0553	1	0.02327	0.02241	0.33172	1	0.99993	0.9935	0	0
390272	Valley Forge Medical Center And Hospital	33874	33874	33874	33874	42091	2	lurban	lurban	N	1.0272				Y	0.0392	1	0	0	50	46	0	0	0.8158	0.03	0	0.03	0.00001	267.11	0.000047	1235.72	0.428	0.014	0		340	337.54	0.9624	0.9599			337.23	1.0142	1.0105			1.0185	1	0	0	0.10275	1	1	1.0000	0	0
390278	Eagleville Hospital	33874	33874	33874	33874	42091	2	lurban	lurban	N	1.0272				Y	0.0392	1	0	0	49	28	0	0	0.6304	0.03	0	0.03	0.000012	173.07	0.000054	744.02	1.035	0.031	0		624	620.11	0.9967	0.9967			620.04	1.0686	1.0687			1.0185	1	0.00062	0	0.35711	1	1	1.0000	0	1
390290	Hahnemann University Hospital	37964	37964	37964	37964	42101	2	lurban	lurban	N	1.0962				N		1	0.9765	1.5	379	252	0.42898	0.52699	0.6346	0.10392	0.13713	0.10392	0.000264	586.84	0.000569	1234.64	0.095	0.003	0		3678	3632.39	1.6768	1.6686	1980.44	1.6566	3634.56	1.6873	1.6793	1981.38	1.6680	1.0649	1	0.08503	0.00912	0.24708	1	0.99455	0.9967	0	0
390302	Barix Clinics Of Pennsylvania	33874	33874	37964	33874	42017	2	lurban	lurban	W	1.0962				N		1	0	0	23	1	0	0	0	0	0	0		0	0	0	0.752	0.017	0		16	16.00	1.5462	1.5462			16.00	1.5418	1.5418			1.0649	1	0.13456	0	0.0429	1	1	1.0000	1	1
390304	Roxborough Memorial Hospital	37964	37964	37964	37964	42101	2	lurban	lurban	N	1.0962				N		1	0.181	0.6403	99	36	0.09409	0.19805	0.3716	0.03	0	0.03	0.000044	300.35	0.000041	258.72	0.167	0.022	0		1087	1057.09	1.5863	1.5767	529.23	1.4273	1058.15	1.5872	1.5773	529.91	1.4276	1.0649	1	0.01075	0.02618	0.36485	1	1.00162	0.9846	0	0
390307	Edgewood Surgical Hospital	49660	49660	49660	49660	42085	2	ourban	ourban	N	0.8224				N		1	0	0	10	1	0	0	0.2132	0.01701	0	0.01701	0.000001	402.7	0.000001	350.37	0.3	0.062	0		22	22.00	2.1351	2.1351			22.00	2.1131	2.1131			0.8747	1	0.00888	0.20806	0.2987	1	1	1.0000	0	0
390312	Cancer Treatment Centers Of America	37964	37964	37964	37964	42101	2	lurban	lurban	N	1.0962				N		1	0	0	74	19	0	0	0.0077	0	0	0		0		0	0.298	0.052	0		208	200.78	2.0195	1.9920			201.28	2.0240	1.9990			1.0649	1	0.68079	1.96107	0.14559	1	1.00655	1.0000	0	0
390314	Coordinated Health Orthopedic Hospital	10900	10900	10900	10900	42077	2	ourban	ourban	N	0.9842				N		1	0	0	20	7	0	0	0.051131193	0	0	0		0		0	0.293	0.027	0		525	522.85	2.1435	2.1403			523.36	2.1372	2.1346			0.9892	1	0.00031	0.00078	0.46752	1	1	0.9740	0	0
390316	Surgical Institute Of Reading	39740	39740	39740	39740	42011	2	ourban	ourban	N	1.0129				Y	0.0058	1	0	0	15	4	0	0	0.038591358	0	0	0		0		0	0.259	0.026	0		297	290.87	2.3561	2.3616			293.54	2.3326	2.3349			1.0088	1	0	0	0.45969	1	1	1.0000	0	0
390321	Surgical Specialty Center At Coordinated Health	10900	10900	10900	10900	42077	2	ourban	ourban	N	0.9842				N		1	0	0	20	7	0	0	0.110123077	0	0	0		0		0	0.228	0.043	0		460	456.15	2.5424	2.5409			456.98	2.5175	2.5154			0.9892	1	0.00041	0.01176	0.4352	1	1	0.9700	0	0
390322	Rothman Orthopaedic Specialty Hospital Llc	33874	33874	37964	33874	42017	2	lurban	lurban	W	1.0962				N		1	0	0	24	7	0	0	0.0118	0	0	0		0		0	0.201	0.024	0		619	614.14	2.2107	2.2113			616.19	2.1896	2.1895			1.0649	1	0.00385	0.00618	0.31335	1	1	1.0000	0	1
390323	Advanced Surgical Hospital	38300	38300	38300	38300	42125	2	lurban	lurban	N	0.8482				N		1	0	0	14	4	0	0	0.0034	0	0	0		0		0	0.274	0.038	0		233	230.55	2.1895	2.1743			230.86	2.1671	2.1535			0.8934	1	0.00426	0.01443	0.31088	1	1	0.9801	0	0
390324	Physician's Care Surgical Hospital	33874	33874	33874	33874	42091	2	lurban	lurban	N	1.0272				Y	0.0392	1	0	0	12	3	0	0	0.001870907	0	0	0		0		0	0.235	0.019	0		459	456.36	2.1975	2.1982			457.57	2.1762	2.1764			1.0185	1	0.00006	0.00004	0.50234	1	1	1.0000	0	0
390325	Oss Orthopaedic Hospital	49620	49620	49620	49620	42133	2	ourban	ourban	N	0.9204				Y	0.0015	1	0	0	30	9	0	0	0.044457614	0	0	0		0		0	0.314	0.029	0		586	579.51	2.3255	2.3151			580.58	2.3074	2.2980			0.9448	1	0.00088	0.00133	0.3784	1	1	1.0000	0	0
390326	St Luke's Hospital - Anderson Campus	10900	10900	10900	10900	42095	2	ourban	ourban	N	1.0128				Y	0.0286	1	0.0203	0	108	82	0.01103	0	0.1193	0	0.02445	0		0		0	0.082	0.018	0		3218	3145.84	1.4252	1.4158	251.18	1.2822	3149.97	1.4226	1.4135	251.37	1.2834	1.0087	1	0.00322	0.02013	0.48702	1	1.01541	0.9996	0	0
390327	Wellspan Surgery And Rehabilitation Hospital	49620	49620	49620	49620	42133	2	ourban	ourban	N	0.9204				Y	0.0015	1	0	0	25	4	0	0	0.192581014	0.01317	0	0.01317	0.000024	1016.93		0	0.328	0.018	0		139	136.84	2.7303	2.7225			137.11	2.7093	2.7002			0.9448	1	0.02606	0.00922	0.25603	1	1	0.9700	0	0
390328	Upmc East	38300	38300	38300	38300	42003	2	lurban	lurban	N	0.8482				N		1	0	0	135	92	0	0	0.1521	0.00659	0.03128	0.00659	0.000114	439.84		0	0.144	0.017	0		2036	1993.12	1.4389	1.4251			1996.68	1.4399	1.4267			0.8934	1	0.00514	0.00997	0.27039	1	1.00219	0.9956	0	0
390329	Einstein Medical Center Montgomery	33874	33874	33874	33874	42091	2	lurban	lurban	N	1.0272				Y	0.0392	1	0.0048	0	170	114	0.00262	0	0.2729	0.02932	0.05682	0.02932	0.000145	387.56	0.000176	505.89	0.155	0.038	0		3254	3210.32	1.5535	1.5415			3212.63	1.5543	1.5423			1.0185	1	0.01091	0.07298	0.29735	1	0.99816	0.9877	0	0
390330	St Luke's Hospital - Monroe Campus	20700	20700	20700	20700	42089	2	ourban	ourban	N	1.0544				Y	0.0657	1	0		72	60	0	0.52699	0.1737	0.0101	0	0.0101		0		0	0.097	0.029	0		2698	2634.11	1.4234	1.4135			2637.49	1.4207	1.4106			1.0369	1	0.00477	0.04306	0.51915	1	0.99799	0.9981	0	0
390331	Wills Eye Hospital	37964	37964	37964	37964	42101	2	lurban	lurban	N	1.0962				N		1	0		4	0	0	0.52699	0	0	0	0		0		0	0.509	0.043	0		33	33.00	1.1065	1.1065			33.00	1.1484	1.1484			1.0649	1	0	0		1	1	1.0000	0	0
400001	Presbyterian Community Hosp	41980	41980	41980	41980	72127	40	lurban	lurban	N	0.6309				N		1	0	0	177	110	0	0	0.0039	0	0.00079	0		0		0	0.603	0.026	0		465	461.35	1.9585	1.9548			461.66	1.9496	1.9465			0.7295	1	0.0965	0.03445	0.09896	1			0	0
400003	Hospital Metropolitano Dr Pila	38660	38660	38660	38660	72113	40	ourban	ourban	N	0.6094				N		1	0	0	131	91	0	0	0.3177	0.03856	0.06645	0.03856	0.000202	3944.11	0.000197	3613.67	0.593	0.056	0		407	406.46	1.4139	1.4125			406.47	1.4102	1.4089			0.7124	1	0.00899	0.01456	0.0944	1			0	0
400004	"Asociacion Hospital Del Maestro, Inc"	41980	41980	41980	41980	72127	40	lurban	lurban	N	0.6309				N		1	0	0	178	83	0	0	0.0001	0	0.00002	0		0		0	0.615	0.035	0		380	379.62	1.2113	1.2114			379.72	1.2108	1.2109			0.7295	1	0.0976	0.06859	0.10477	1			0	0
400005	Hima San Pablo Humacao	41980	41980	41980	41980	72069	40	lurban	lurban	N	0.6309				N		1	0	0	64	39	0	0	0.2708	0.02889	0	0.02889	0.000206	8432.01	0.0002	7779.48	0.622	0.063	0		199	198.80	1.4356	1.4365			198.83	1.4349	1.4356			0.7295	1	0.01124	0.03468	0.1191	1			0	0
400006	Doctors' Center Hospital San Juan	41980	41980	41980	41980	72127	40	lurban	lurban	N	0.6309				N		1	0	0	133	89	0	0	0.3037	0.03568	0.06343	0.03568	0.000259	4638.44	0.000252	4497.24	0.546	0.066	0		471	470.77	1.4108	1.4110			470.79	1.4049	1.4050			0.7295	1	0.01265	0.0391	0.09964	1			0	0
400007	Ryder Memorial Hospital Inc	41980	41980	41980	41980	72069	40	lurban	lurban	N	0.6309				N		1	0	0	165	89	0	0	0.2721	0.02916	0.05665	0.02916	0.000425	13481.15	0.000413	9059.62	0.557	0.029	0		77	76.71	0.9062	0.9034			76.71	0.9003	0.8976			0.7295	1	0	0	0.09596	1			0	0
400011	Hospital Oriente	41980	41980	41980	41980	72069	40	lurban	lurban	N	0.6309				N		1	0	0	71	34	0	0	0.3504	0.03	0	0.03	0.000144	7408.48	0.00014	7459.01	0.49	0.038	0		179	178.71	1.3477	1.3465			178.73	1.3532	1.3519			0.7295	1	0	0	0.08596	1			0	0
400012	Hospital Oncologico Dr Isaac Gonzalez Martinez	41980	41980	41980	41980	72127	40	lurban	lurban	N	0.6309				N		1	0	0	62	17	0	0	0.311	0.03	0	0.03	0.000037	2984.36	0.000036	3218.62	0.713	0.066	0		129	128.78	1.4887	1.4893			128.83	1.4999	1.5003			0.7295	1	0.09454	0.1326	0.05033	1			0	0
400013	Hospital Menonita De Cayey	41980	41980	41980	41980	72035	40	lurban	lurban	N	0.6309				N		1	0	0	225	168	0	0	0.3151	0.03803	0.06589	0.03803	0.000464	5402.24	0.000451	4820.82	0.507	0.074	0		630	629.42	1.9777	1.9776			629.43	1.9788	1.9788			0.7295	1	0.0118	0.03281	0.08708	1			0	0
400014	Bella Vista Hospital	32420	32420	32420	32420	72097	40	ourban	ourban	N	0.6083				N		1	0.1033	0.1499	158	82	0.05483	0.04321	0.1628	0.00833	0.03352	0.00833	0	0		0	0.838	0.046	0		338	337.00	1.4867	1.4814	1517.95	1.5909	337.04	1.4874	1.4820	1518.00	1.5906	0.7115	1	0.02286	0.01419	0.10749	1			0	0
400015	San Juan Municipal Hospital	41980	41980	41980	41980	72127	40	lurban	lurban	N	0.6309				N		1	0.2172	0.7936	172	91	0.11186	0.25101	0.6103	0.09891	0.13155	0.09891	0.00061	22854.3	0.000593	21345.85	0.935	0.01	0		198	197.63	1.4298	1.4305	194.00	1.4127	197.65	1.4373	1.4380	194.00	1.4109	0.7295	1	0.2055	0.00441	0.0411	1			0	0
400016	Auxilio Mutuo Hospital	41980	41980	41980	41980	72127	40	lurban	lurban	N	0.6309				N		1	0.0025	0	435	292	0.00137	0	0.192556609	0.01317	0.03976	0.01317	0.000327	1193.54		0	0.44	0.04	0		2380	2378.28	1.8375	1.8368	1576.80	1.7386	2378.40	1.8391	1.8384	1576.83	1.7415	0.7295	1	0.05875	0.08608	0.17711	1			0	0
400018	Mennonite General Hospital Inc	41980	41980	41980	41980	72009	40	lurban	lurban	N	0.6309				N		1	0	0	150	79	0	0	0.3918	0.05385	0.08257	0.05385	0.00029	3605.4	0.000282	3259.71	0.633	0.04	0		590	587.27	1.4092	1.4061			587.59	1.4084	1.4055			0.7295	1	0.04578	0.0365	0.12468	1			0	0
400019	Hospital Pavia Santurce	41980	41980	41980	41980	72127	40	lurban	lurban	N	0.6309				N		1	0	0	197	168	0	0	0.1048	0	0.02145	0		0		0	0.375	0.045	0		803	802.59	1.7936	1.7932			802.62	1.7990	1.7986			0.7295	1	0.04704	0.0971	0.13329	1			0	0
400021	Hospital De La Concepcion	41900	41900	41900	41900	72125	40	ourban	ourban	N	0.6367				N		1	0.0697	0.0982	167	114	0.03735	0.0281	0.1957	0.01368	0.04042	0.01368	0.000307	3439.31	0.000299	3180.96	0.501	0.036	0		662	660.15	1.8289	1.8273	1543.68	1.8359	660.48	1.8346	1.8330	1544.45	1.8345	0.7341	1	0.00923	0.01015	0.13225	1			0	0
400022	Hospital Damas Inc	38660	38660	38660	38660	72113	40	ourban	ourban	N	0.6094				N		1	0.1002	0.1455	186	126	0.05323	0.04191	0.2548	0.02559	0.05295	0.02559	0.000334	4178.71	0.000325	3723.93	0.642	0.029	0		641	640.83	1.7735	1.7735	1974.06	1.5387	640.83	1.7654	1.7654	1974.09	1.5426	0.7124	1	0.02029	0.00738	0.10048	1			0	0
400032	Hospital Hermanos Melendez Inc	41980	41980	41980	41980	72021	40	lurban	lurban	N	0.6309				N		1	0	0	253	126	0	0	0.3587	0.04702	0.07534	0.04702	0.000512	10684.04	0.000498	8612.64	0.584	0.059	0		319	318.80	1.4065	1.4061			318.85	1.4124	1.4121			0.7295	1	0.01454	0.03346	0.08314	1			0	0
400044	San Luke's Memorial Hospital Inc	38660	38660	38660	38660	72113	40	ourban	ourban	N	0.6094				N		1	0.1691	0.211	325	241	0.08818	0.06135	0.2869	0.03221	0.05982	0.03221	0.000637	3989.33	0.00062	3605.16	0.502	0.048	0		1184	1182.99	1.7089	1.7076	3688.54	1.6860	1183.00	1.7142	1.7130	3688.86	1.6915	0.7124	1	0.01209	0.0254	0.10614	1			0	0
400048	Hospital Menonita Guayama	25020	25020	25020	25020	72057	40	ourban	ourban	N	0.6138				Y	0.011	1	0	0	115	63	0	0	0.3092	0.03681	0.06461	0.03681	0.000312	6995.59	0.000304	7161.35	0.558	0.046	0		414	413.65	1.4837	1.4841			413.71	1.4810	1.4814			0.7159	1	0.04659	0.05959	0.08549	1			0	0
400061	Hospital Universitario De Adulto	41980	41980	41980	41980	72127	40	lurban	lurban	N	0.6309				N		1	0.2543	0.4979	209	166	0.12974	0.15086	0.4248	0.06065	0.08983	0.06065	0.000595	7567.86	0.000578	7301.37	0.651	0.017	0		617	615.78	2.1974	2.1966	1591.95	2.2051	615.90	2.2186	2.2180	1591.95	2.2188	0.7295	1	0.08976	0.01699	0.10219	1			0	0
400079	Hosp Comunitario Buen Samaritano	10380	10380	10380	10380	72005	40	ourban	ourban	N	0.6083				N		1	0	0	132	81	0	0	0.2511	0.02483	0.05216	0.02483	0.000339	5648.13	0.000329	4867.69	0.606	0.048	0		391	390.74	1.3574	1.3567			390.77	1.3573	1.3565			0.7115	1	0.00173	0.00467	0.12249	1			0	0
400087	Hospital Dr Cayetano Coll Y Toste	11640	11640	11640	11640	72013	40	ourban	ourban	N	0.6168				Y	0.0171	1	0	0	186	130	0	0	0.2958	0.03405	0.06173	0.03405	0.000408	4529.23	0.000397	4153.21	0.708	0.041	0		707	704.23	1.5143	1.5133			704.33	1.5116	1.5106			0.7183	1	0.04141	0.03041	0.12186	1			0	0
400098	Hospital San Francisco	41980	41980	41980	41980	72127	40	lurban	lurban	N	0.6309				N		1	0	0	134	105	0	0	0.316	0.03821	0.06608	0.03821	0.000313	6960.49	0.000305	6447.92	0.454	0.041	0		340	339.91	1.3477	1.3477			339.93	1.3541	1.3541			0.7295	1	0.03909	0.05788	0.08161	1			0	0
400102	Doctors Center Hospital Bayamon	41980	41980	41980	41980	72021	40	lurban	lurban	N	0.6309				N		1	0	0	146	135	0	0	0.4012	0.05579	0.08463	0.05579	0.00056	7868.01	0.000544	8542.99	0.456	0.073	0		669	668.47	1.2627	1.2623			668.54	1.2614	1.2610			0.7295	1	0.00369	0.01265	0.10496	1			0	0
400103	Mayaguez Medical Center Dr Ramon Emeterio Betances	32420	32420	32420	32420	72097	40	ourban	ourban	N	0.6083				N		1	0.1089	0.1245	189	146	0.05772	0.03576	0.2409	0.02272	0.04999	0.02272	0.000234	2138.22	0.000227	2110.7	0.476	0.028	0		920	918.74	1.8342	1.8328	2521.35	1.7822	918.79	1.8323	1.8308	2521.45	1.7892	0.7115	1	0.03468	0.02326	0.13209	1			0	0
400104	Hospital Menonita Caguas Inc	41980	41980	41980	41980	72025	40	lurban	lurban	N	0.6309				N		1	0	0	198	112	0	0	0.3401	0.04318	0.0713	0.04318	0.000259	3949.14	0.000252	4255.49	0.485	0.065	0		582	581.27	1.6099	1.6097			581.30	1.6149	1.6149			0.7295	1	0.0264	0.08138	0.09398	1			0	0
400105	Hospital Universitario Dr Ruiz Arnau	41980	41980	41980	41980	72021	40	lurban	lurban	N	0.6309				N		1	0.3268	0.8036	102	44	0.16381	0.25455	0.5555	0.08761	0.11906	0.08761	0.000165	5041.16	0.00016	4910.19	0.539	0.124	0		231	229.83	1.5147	1.5147			229.85	1.5184	1.5184			0.7295	1	0	0	0.11999	1			0	0
400106	Metropolitan Hospital	41980	41980	41980	41980	72127	40	lurban	lurban	N	0.6309				N		1	0	0	132	84	0	0	0.1518	0.00654	0.03122	0.00654	0.000195	5034.25	0.00019	4388.99	0.656	0.048	0		301	300.61	1.2313	1.2288			300.64	1.2377	1.2354			0.7295	1	0.05236	0.05724	0.09672	1			0	0
400109	Hima San Pablo Bayamon	41980	41980	41980	41980	72021	40	lurban	lurban	N	0.6309				N		1	0	0	421	282	0	0	0.0063	0	0.00128	0		0		0	0.607	0.057	0		1043	1041.76	1.5464	1.5447			1041.87	1.5522	1.5508			0.7295	1	0.04084	0.06515	0.10752	1			0	0
400110	Hospital Metropolitano Dr Tito Mattei	38660	38660	38660	38660	72153	40	ourban	ourban	N	0.6094				N		1	0	0	85	45	0	0	0.3586	0.03	0	0.03	0.000119	3539.17	0.000116	3269.71	0.641	0.02	0		277	276.29	1.2332	1.2321			276.32	1.2296	1.2286			0.7124	1	0.0052	0	0.10062	1			0	0
400111	Hospital San Carlos Borromeo	10380	10380	10380	10380	72099	40	ourban	ourban	N	0.6083				N		1	0	0	106	51	0	0	0.2517	0.02495	0.05229	0.02495	0.000122	3095.94	0.000119	2726.26	0.608	0.055	0		317	316.59	1.4491	1.4492			316.61	1.4442	1.4443			0.7115	1	0.02265	0.03203	0.1099	1			0	0
400112	"Hospital Upr, Dr  Federico Trilla"	41980	41980	41980	41980	72031	40	lurban	lurban	N	0.6309				N		1	0.2535	0.3747	214	148	0.12936	0.11153	0.4015	0.05585	0.0847	0.05585	0.00037	4641.18	0.00036	4404.79	0.36	0.013	0		608	608.00	1.3164	1.3164	1372.00	1.0225	608.00	1.3202	1.3202	1372.00	1.0229	0.7295	1	0.08103	0.03601	0.08163	1			0	0
400113	Hospital San Cristobal	38660	38660	38660	38660	72113	40	ourban	ourban	N	0.6094				N		1	0	0	145	98	0	0	0.2486	0.02431	0.05163	0.02431	0.000233	4390.38	0.000226	3919.65	0.494	0.014	0		401	400.71	1.5343	1.5317			400.71	1.5364	1.5338			0.7124	1	0.01573	0.00139	0.08275	1			0	0
400114	Manati Medical Center Dr Otero Lopez	41980	41980	41980	41980	72091	40	lurban	lurban	N	0.6309				N		1	0.0367	0.0525	244	191	0.01985	0.01493	0.3276	0.04061	0.06859	0.04061	0.00065	4865.74	0.000632	4448.09	0.371	0.054	0		1027	1023.94	1.6167	1.6143	3320.04	1.5057	1024.15	1.6139	1.6116	3319.83	1.5046	0.7295	1	0.02791	0.10791	0.1067	1			0	0
400115	Centro Medico Wilma N Vazquez	41980	41980	41980	41980	72145	40	lurban	lurban	N	0.6309				N		1	0	0	130	32	0	0	0.2941	0.0337	0.06136	0.0337	0.000214	14215.35	0.000209	14027.87	0.303	0.024	0		139	138.59	1.3428	1.3438			138.61	1.3313	1.3321			0.7295	1	0.00105	0.01644	0.10471	1			0	0
400117	Hospital Dr Susoni Inc	11640	11640	11640	11640	72013	40	ourban	ourban	N	0.6168				Y	0.0171	1	0	0	134	99	0	0	0.2535	0.02532	0.05267	0.02532	0.000182	2883.46	0.000177	2528.22	0.562	0.042	0		476	475.83	1.1357	1.1346			475.82	1.1338	1.1325			0.7183	1	0.01159	0.01446	0.10305	1			0	0
400118	"Doctors' Center Hospital, Inc"	41980	41980	41980	41980	72091	40	lurban	lurban	N	0.6309				N		1	0	0	258	228	0	0	0.3442	0.04403	0.07219	0.04403	0.000537	4279.22	0.000522	4186.15	0.458	0.03	0		1060	1058.70	1.3895	1.3897			1058.86	1.3879	1.3881			0.7295	1	0.01357	0.01364	0.08829	1			0	0
400120	Hima San Pablo-Caguas	41980	41980	41980	41980	72025	40	lurban	lurban	N	0.6309				N		1	0	0	440	284	0	0	0.3006	0.03504	0.06276	0.03504	0.001089	8190.29	0.001059	7131.69	0.61	0.121	0		983	982.19	1.8761	1.8734			982.28	1.8886	1.8860			0.7295	1	0.00906	0.12264	0.09334	1			0	0
400122	Professional Hospital Guaynabo Inc	41980	41980	41980	41980	72091	40	lurban	lurban	N	0.6309				N		1	0	0	54	15	0	0	0.0006	0	0	0		0		0	0.432	0.116	0		125	124.06	2.1734	2.1657			124.22	2.1768	2.1687			0.7295	1	0	0	0.08239	1			0	0
400123	Hospital Perea	32420	32420	41900	32420	72097	40	ourban	ourban	W	0.6367				N		1	0	0	142	111	0	0	0.1804	0.01119	0.03721	0.01119	0.000215	3272.96	0.000209	2913.64	0.677	0.065	0		527	525.51	1.4157	1.4114			525.60	1.4184	1.4142			0.7341	1	0.00674	0.02025	0.09657	1			0	0
400124	Centro Cardiovascular	41980	41980	41980	41980	72085	40	lurban	lurban	N	0.6309				N		1	0.0087	0.0238	158	108	0.00474	0.00674	0.2543	0.02549	0.05284	0.02549	0.000288	5942.72	0.00028	5129.44	0.677	0.012	0		311	311.00	2.3479	2.3479	868.00	2.5220	311.00	2.3497	2.3497	868.00	2.5393	0.7295	1	0.09616	0.00595	0.11749	1			0	0
400125	Hima-San Pablo Fajardo	41980	41980	41980	41980	72053	40	lurban	lurban	N	0.6309				N		1	0	0	180	53	0	0	0.2203	0.01847	0.04562	0.01847	0.000264	11342.61	0.000256	8652.02	0.604	0.078	0		149	149.00	1.3085	1.3085			149.00	1.3053	1.3053			0.7295	1	0.05267	0.19289	0.09937	1			0	0
400126	Hospital Metropolitano San German	41900	41900	41900	41900	72125	40	ourban	ourban	N	0.6367				N		1	0	0	82	41	0	0	0.3198	0.03	0	0.03	0.000088	2905.96	0.000085	2528.45	0.569	0.05	0		233	232.23	1.3047	1.3044			232.35	1.3021	1.3021			0.7341	1	0.02454	0.03845	0.10148	1			0	0
400127	Admin De Servicios Medicos  Puerto Ric	41980	41980	41980	41980	72127	40	lurban	lurban	N	0.6309				N		1	0	0	78	68	0	0	0.4766	0.03	0	0.03	0.000309	85976.83	0.0003	57783.37	0.539	0.042	0		19	19.00	1.6157	1.6157			19.00	1.6283	1.6283			0.7295	1	0	0	0.02565	1			0	0
400128	"Hospital Pavia Hato Rey, Inc"	41980	41980	41980	41980	72127	40	lurban	lurban	N	0.6309				N		1	0	0	111	68	0	0	0.2207	0.01856	0.04571	0.01856	0.000209	11107.94	0.000203	9599.84	0.427	0.038	0		120	120.00	1.4124	1.4124			120.00	1.3943	1.3943			0.7295	1	0.07183	0.14058	0.06597	1			0	0
400130	Hospital Metropolitano De La Montana	10380	10380	10380	10380	72141	40	ourban	ourban	N	0.6157				Y	0.0149	1	0	0	20	5	0	0	0.269	0.02852	0	0.02852	0	0	0	0	0.539	0.048	0		24	24.00	0.7633	0.7633			24.00	0.7599	0.7599			0.7174	1	0	0	0.02365	1			0	0
400131	Caribbean Medical Center	41980	41980	41980	41980	72053	40	lurban	lurban	N	0.6309				N		1	0	0	44	35	0	0	0.3358	0.03	0	0.03	0	0	0	0	0.305	0.021	0		205	204.91	1.2581	1.2583			204.94	1.2579	1.2580			0.7295	1	0.00073	0.00092	0.07281	1			0	0
400132	Doctor Center Hospital San Fernando De La Carolina	41980	41980	41980	41980	72031	40	lurban	lurban	N	0.6309				N		1	0		109	61	0	0.52699	0.2898	0.03281	0.06044	0.03281		0	0	0	0.474	0.084	0		303	302.79	1.5332	1.5330			302.79	1.5365	1.5363			0.7295	1	0.00678	0.0229	0.04782	1			0	0
400133	Hima San Pablo Cupey	41980	41980	41980	41980	72127	40	lurban	lurban	N	0.6309				N		1	0		60	0	0	0.52699	0	0	0	0		0		0	0.539	0.048	0		72	72.00	1.3315	1.3315			72.00	1.3368	1.3368			0.7295	1	0	0		1			0	0
400134	San Jorge Childrens Hospital Inc	41980	41980	41980	41980	72127	40	lurban	lurban	N	0.6309				N		1	0		125	0	0	0.52699	0	0	0	0		0		0	0.539	0.048	0		6	6.00	1.0491	1.0491			6.00	1.0865	1.0865			0.7295	1	0	0		1			0	0
410001	Memorial Hospital Of Rhode Island	39300	39300	39300	39300	44007	1	lurban	lurban	N	1.0371				N		1	0.6052	1.5	107	36	0.28521	0.52699	0.3686	0.04906	0.0775	0.04906		0		0	0.548	0.031	0		96	92.22	1.3618	1.3221	57.06	1.5468	92.35	1.3590	1.3187	57.19	1.5639	1.0253	1	0.04418	0.00576	0.34972	1	1	0.9982	0	0
410004	Roger Williams Medical Center	39300	39300	39300	39300	44007	1	lurban	lurban	N	1.0371				N		1	0.4111	0.8095	148	73	0.20205	0.25664	0.4438	0.06457	0.09403	0.06457	0.000124	553.12	0.000145	569.22	0.322	0.025	0		1565	1516.41	1.6515	1.6283	1089.15	1.7148	1519.14	1.6547	1.6317	1092.41	1.7137	1.0253	1	0.03243	0.02878	0.33156	1	0.99451	0.9975	0	0
410005	Our Lady Of Fatima Hospital	39300	39300	39300	39300	44007	1	lurban	lurban	N	1.0371				N		1	0	0	132	40	0	0	0.2195	0.01831	0.04545	0.01831	0.000128	829.73	0.000121	707.97	0.429	0.026	0		1177	1143.82	1.7327	1.7189			1145.31	1.7301	1.7160			1.0253	1	0.04853	0.03011	0.39442	1	1.0014	0.9961	0	0
410006	Newport Hospital	39300	39300	39300	39300	44005	1	lurban	lurban	N	1.0371				N		1	0	0	102	38	0	0	0.2331	0.02111	0.04833	0.02111	0.000128	687.71	0.000127	661.95	0.406	0.031	0		1489	1455.91	1.4123	1.4037			1457.43	1.4106	1.4037			1.0253	1	0.02453	0.02237	0.43919	1	1.00695	0.9979	0	0
410007	Rhode Island Hospital	39300	39300	39300	39300	44007	1	lurban	lurban	N	1.0371				N		1	0.5898	0.82	622	467	0.27884	0.26037	0.3725	0.04987	0.07835	0.04987	0.001225	1067.35	0.001412	1193.26	0.269	0.013	0		8955	8795.72	1.8866	1.8794	4872.30	1.8519	8807.29	1.8944	1.8874	4880.24	1.8556	1.0253	1	0.05708	0.02234	0.33477	1	0.99323	0.9947	0	0
410008	South County Hospital Inc	39300	39300	39300	39300	44009	1	lurban	lurban	N	1.0371				N		1	0	0	86	46	0	0	0.1328	0	0	0		0		0	0.398	0.031	0		2280	2222.35	1.5295	1.5239			2228.32	1.5202	1.5153			1.0253	1	0.02113	0.02002	0.38977	1	1.01434	1.0000	0	0
410009	Kent County Memorial Hospital	39300	39300	49340	39300	44003	1	lurban	lurban	W	1.1567				N		1	0.2598	0.2039	323	180	0.13237	0.05923	0.3005	0.03502	0.06274	0.03502	0.000127	252.32	0.000297	562.51	0.305	0.017	0		3975	3848.89	1.5268	1.5180	2532.89	1.5205	3854.42	1.5224	1.5136	2536.30	1.5172	1.1048	1	0.01895	0.00787	0.34797	1	0.99356	0.9932	0	0
410010	Women & Infants Hospital Of Rhode Island	39300	39300	14454	39300	44007	1	lurban	lurban	W	1.2006				N		1	0.0946	0.2476	247	146	0.05034	0.07237	0.7547	0.12869	0.16512	0.12869	0.000135	4882.69	0.000452	13645.56	0.372	0.026	0		166	161.94	1.4609	1.4406	121.01	1.3378	162.22	1.4632	1.4419	121.14	1.3459	1.1334	1	0.02153	0.0214	0.01243	1	0.99251	1.0000	0	0
410011	Landmark Medical Center	39300	39300	39300	39300	44007	1	lurban	lurban	N	1.0371				N		1	0	0	123	58	0	0	0.2663	0.02796	0.05541	0.02796	0.000067	295.8	0.000109	422.92	0.183	0.015	0		1659	1607.25	1.6386	1.6263			1608.93	1.6390	1.6266			1.0253	1	0.01753	0.01657	0.37784	1	0.99811	0.9882	0	0
410012	The Miriam Hospital	39300	39300	39300	39300	44007	1	lurban	lurban	N	1.0371				N		1	0.2762	0.3382	245	182	0.14015	0.10014	0.2047	0.01526	0.04232	0.01526	0.000337	424.56	0.000321	396.16	0.309	0.015	0		6336	6161.15	1.5042	1.4952	3906.50	1.5271	6171.76	1.5020	1.4931	3914.61	1.5207	1.0253	1	0.02403	0.00664	0.42052	1	1.00489	0.9950	0	0
410013	Westerly Hospital	39300	39300	39300	39300	44009	1	lurban	lurban	N	1.0371				N		1	0	0	75	28	0	0	0.10073792	0	0	0		0		0	0.408	0.026	0		1189	1156.18	1.4697	1.4609			1157.82	1.4658	1.4574			1.0253	1	0.03164	0.01925	0.55499	1.10712	1.00029	0.9960	0	0
420002	Piedmont Medical Center	16740	16740	16740	16740	45091	3	lurban	lurban	N	0.9401				N		1	0	0	268	170	0	0	0.2777	0.03031	0.05785	0.03031	0.00085	1482.13	0.000666	1135.34	0.189	0.015	0		4761	4678.64	1.5425	1.5352			4682.87	1.5426	1.5351			0.9586	1	0.03953	0.03867	0.34754	1	0.99548	0.9936	0	0
420004	Musc Medical Center	16700	16700	16700	16700	45019	3	ourban	ourban	N	0.874				N		1	0.5282	0.6686	672	571	0.25297	0.20765	0.4926	0.07464	0.1049	0.07464	0.002293	2076.86	0.002373	2285.56	0.302	0.024	0		9469	9337.88	2.3112	2.2969	2187.77	2.2645	9346.90	2.3253	2.3109	2189.81	2.2755	0.9119	1	0.18641	0.20083	0.26053	1	0.99574	0.9981	0	0
420005	Mcleod Medical Center - Dillon	42	42	42	42	45033	3	rural	rural	N	0.8341				N		1	0	0	50	21	0	0	0.4578	0.03	0	0.03	0.000191	2262.63	0.000144	1565.21	0.195	0.014	0		623	609.52	1.2477	1.2399			610.48	1.2466	1.2386			0.8832	1	0.00203	0.00197	0.34063	1.09523	1.01726	0.9994	0	0
420007	Spartanburg Medical Center	43900	43900	16740	42	45083	3	ourban	rural	S	0.9187		YES	YES	N		1	0.1086	0.138	477	398	0.05756	0.03971	0.291	0.03306	0	0.03306	0.002405	1966.74	0.001296	1230.27	0.251	0.019	17	2316.03	8193	8084.43	1.8074	1.7989	3611.27	1.8313	8092.26	1.8071	1.7985	3613.70	1.8248	0.9436	1	0.05206	0.05229	0.33174	1	0.99609	0.9943	0	0
420009	Ghs Oconee Memorial  Hospital	42	42	42	42	45073	3	rural	rural	N	0.8461				Y	0.0236	1	0.0331	0.0855	117	63	0.01792	0.02442	0.156	0.00723	0	0.00723		0		0	0.359	0.023	16	7029.01	2248	2184.52	1.4169	1.4085	591.88	1.5471	2189.94	1.4128	1.4052	593.87	1.5378	0.8919	1	0.01197	0.00675	0.45317	1	1.00311	0.9915	0	0
420010	Carolina Pines Regional Medical Center	22500	22500	16740	42	45031	3	ourban	rural	S	0.9187		YES	YES	N		1	0	0	116	39	0	0	0.3744	0.05026	0	0.05026	0.000209	1201.13	0.000182	974.07	0.15	0.028	7		1374	1327.22	1.5219	1.5095			1329.85	1.5184	1.5063			0.9436	1	0.04377	0.23253	0.39088	1	1.00119	0.9919	0	0
420011	Cannon Memorial Hospital	24860	24860	24860	24860	45077	3	ourban	ourban	N	0.8882				N		1	0	0	42	8	0	0	0.1276	0	0	0		0		0	0.412	0.046	0		230	223.28	1.1771	1.1565			223.53	1.1725	1.1522			0.922	1	0	0	0.36783	1	1	0.9989	0	0
420015	Ghs Baptist Easley Hospital	24860	24860	24860	24860	45077	3	ourban	ourban	N	0.8882				N		1	0	0	89	29	0	0	0.2939	0.03	0	0.03	0.000199	1652.1	0.000167	1310.14	0.215	0.014	0		968	940.59	1.3206	1.3162			941.93	1.3206	1.3161			0.922	1	0.00705	0.00506	0.33344	1	0.9959	0.9752	0	0
420018	Palmetto Health Richland	17900	17900	12260	42	45079	3	ourban	rural	S	0.8724		YES	YES	N		1	0.2205	0.3166	643	450	0.11346	0.09346	0.4386	0.0635	0	0.0635	0.001555	1964.25	0.001781	2169.67	0.24	0.011	7		6394	6314.33	2.2253	2.2095	1750.45	2.1565	6318.79	2.2374	2.2218	1751.62	2.1551	0.9108	1	0.20956	0.081	0.26408	1	0.99896	0.9976	0	0
420019	Musc Health Chester Medical Center	16740	16740	16740	16740	45023	3	lurban	lurban	N	0.9401				N		1	0	0	36	8	0	0	0.2618	0.02703	0	0.02703	0.000078	1733.89	0.000067	1277.26	0.274	0.037	0		305	298.59	1.3731	1.3241			298.98	1.3678	1.3173			0.9586	1	0.06831	0.21271	0.44709	1.19955	0.99782	1.0000	0	0
420020	Tidelands Health	42	42	16700	42	45043	3	rural	rural	W	0.874				N		1	0	0	131	45	0	0	0.2736	0.02947	0	0.02947	0.000348	1866.83	0.000256	1332.14	0.259	0.025	7		1509	1465.68	1.5755	1.5709			1467.94	1.5741	1.5694			0.9119	1	0.00657	0.01623	0.42534	1	0.99735	0.9967	0	1
420023	St Francis-Downtown	24860	24860	24860	24860	45045	3	ourban	ourban	N	0.8882				N		1	0	0	319	222	0	0	0.162	0.0082	0.03335	0.0082	0.000407	484.79	0.00043	516.29	0.147	0.01	0		6797	6657.01	1.8848	1.8757			6673.16	1.8799	1.8706			0.922	1	0.02419	0.01678	0.35225	1	1.00121	1.0000	0	0
420026	Providence Health	17900	17900	12260	42	45079	3	ourban	rural	S	0.8724		YES	YES	N		1	0	0	332	117	0	0	0.1119	0	0	0		0		0	0.276	0.035	7		4221	4159.10	1.8446	1.8356			4167.20	1.8357	1.8275			0.9108	1	0.0652	0.1638	0.48836	1	0.996	0.9916	0	0
420027	Anmed Health	24860	24860	24860	24860	45007	3	ourban	ourban	N	0.8882				N		1	0.0755	0.1181	359	209	0.04039	0.03389	0.2249	0.01942	0.0466	0.01942	0.001213	1527.62	0.000915	1131.05	0.169	0.015	0		6462	6373.87	1.6500	1.6428	3007.59	1.6673	6378.50	1.6509	1.6436	3009.42	1.6649	0.922	1	0.02479	0.03267	0.40278	1	0.99666	0.9937	0	0
420030	Colleton Medical Center	42	42	16700	42	45029	3	rural	rural	S	0.874	LUGAR	YES	YES	N		1	0	0	102	44	0	0	0.4022	0.03	0	0.03		0		0	0.17	0.019	16	6561.55	1359	1313.09	1.4336	1.4242			1315.57	1.4280	1.4186			0.9119	1	0.01682	0.03154	0.41962	1	1.00081	0.9996	0	0
420033	Ghs Greer Memorial Hospital	24860	24860	24860	24860	45045	3	ourban	ourban	N	0.8882				N		1	0.0252	0.067	70	29	0.01368	0.01909	0.2432	0.0232	0	0.0232	0.000342	2967.94	0.000245	1885.54	0.317	0.039	0		792	763.28	1.3246	1.3159	184.22	1.3859	765.04	1.3225	1.3138	184.51	1.3893	0.922	1	0.00087	0.00393	0.28673	1	1.01527	1.0000	0	0
420036	Musc Health Lancaster Medical Center	16740	16740	16740	16740	45057	3	lurban	lurban	N	0.9401				N		1	0	0	166	55	0	0	0.3182	0.03867	0.06656	0.03867	0.0002	915.44	0.00021	881.39	0.082	0.007	17	5715.18	1630	1599.00	1.4117	1.4049			1600.99	1.4085	1.4016			0.9586	1	0.00467	0.00628	0.41114	1	0.99773	0.9909	0	0
420037	Ghs Hillcrest Memorial Hospital	24860	24860	24860	24860	45045	3	ourban	ourban	N	0.8882				N		1	0.0247	0.0611	43	16	0.01341	0.01739	0.041226285	0	0	0		0		0	0.299	0.031	0		403	381.82	1.3868	1.3829	159.77	1.4739	382.62	1.3856	1.3811	160.17	1.4711	0.922	1	0.00023	0.00248	0.36147	1	1.00598	0.9946	0	0
420038	Ghs  Laurens County Memorial Hospital	24860	24860	42	42	45059	3	ourban	rural	S	0.8341		YES		N		1	0	0	49	27	0	0	0.2859	0.03	0	0.03	0.000457	4217.66		0	0.403	0.046	16	6955.92	778	743.05	1.5421	1.5354			744.05	1.5445	1.5378			0.8832	1	0.01931	0.0569	0.39927	1.06288	1.00721	0.9999	0	0
420043	Cherokee Medical Center	42	42	42	42	45021	3	rural	rural	N	0.8341				N		1	0	0	125	26	0	0	0.2143	0.01724	0	0.01724	0.000184	2469.87	0.000091	1096.43	0.197	0.021	0		545	531.18	1.5017	1.4875			531.99	1.5055	1.4917			0.8832	1	0.01268	0.02135	0.34304	1.1172	0.99692	0.9999	0	0
420048	Kershawhealth	17900	17900	17900	17900	45055	3	ourban	ourban	N	0.8587				N		1	0	0	123	47	0	0	0.2011	0.01455	0.04156	0.01455	0.00017	841.81	0.000437	2091.62	0.223	0.038	0		1697	1662.67	1.3808	1.3724			1664.10	1.3799	1.3718			0.9009	1	0.01393	0.05612	0.45724	1	0.99854	0.9968	0	0
420049	Conway Medical Center	34820	34820	34820	34820	45051	3	ourban	ourban	N	0.8431				N		1	0	0	166	92	0	0	0.3192	0.03887	0.06677	0.03887	0.000389	938.87	0.000356	874.3	0.266	0.015	0		3421	3368.24	1.5323	1.5191			3370.64	1.5313	1.5176			0.8897	1	0.02552	0.01157	0.38344	1	1.00683	1.0000	0	0
420051	Mcleod Regional Medical Center-Pee Dee	22500	22500	34820	42	45041	3	ourban	rural	S	0.8341		YES	YES	N		1	0.038	0.0527	491	381	0.02055	0.01498	0.3337	0.04186	0	0.04186	0.001374	1086.61	0.001211	933.12	0.175	0.018	7		10118	9951.42	1.9158	1.8948	1836.01	1.9189	9964.77	1.9195	1.8983	1838.69	1.9193	0.8832	1	0.02183	0.04182	0.4192	1	1.00297	0.9980	0	0
420053	Newberry County Memorial Hospital	42	42	17900	42	45071	3	rural	rural	S	0.8423	LUGAR	YES	YES	N		1	0	0	48	17	0	0	0.2521	0.02503	0	0.02503		0		0	0.367	0.032	16	6421.23	678	661.21	1.5322	1.5175			663.50	1.5284	1.5150			0.8891	1	0.01063	0.01404	0.39217	1.14561	1.01072	0.9945	0	1
420055	Musc Health Marion Medical Center	42	42	22500	22500	45067	3	rural	ourban	L	0.8341	LUGAR			N		1	0	0	94	23	0	0	0.3312	0.03	0	0.03	0.000122	1215.23	0.000103	898.04	0.154	0.016	0		683	652.81	1.4206	1.4093			653.70	1.4070	1.3949			0.8832	1	0.00321	0.00698	0.48541	1.12333	1.00731	0.9941	0	0
420057	Mcleod Medical Center - Darlington	22500	22500	22500	22500	45031	3	ourban	ourban	N	0.8341				N		1	0	0	36	1	0	0	0.304072102	0.03	0	0.03	0.000064	12952.02	0.00004	5107.41	0.814	0.029	0		11	11.00	0.8873	0.8873			11.00	0.8868	0.8868			0.8832	1	0.17621	0.14526	0.75049	1	1	1.0000	0	0
420065	Bon Secours-St Francis Xavier Hospital	16700	16700	16700	16700	45019	3	ourban	ourban	N	0.874				N		1	0	0	189	103	0	0	0.2948	0.03384	0.06151	0.03384	0.000738	2430.53	0.000593	1969.24	0.279	0.025	0		2467	2412.59	1.6774	1.6721			2415.29	1.6768	1.6707			0.9119	1	0.01154	0.01814	0.27574	1	0.99835	0.9991	0	0
420066	Lake City Community Hospital	22500	22500	22500	22500	45041	3	ourban	ourban	N	0.8341				N		1	0	0	26	6	0	0	0.1848	0.01191	0	0.01191	0.000087	2637.84	0.000058	1507.16	0.448	0.029	0		209	199.88	1.0170	1.0020			200.33	1.0138	0.9986			0.8832	1	0	0	0.46773	1.24106	1	0.9975	0	1
420067	Beaufort County Memorial Hospital	25940	25940	42	42	45013	3	ourban	rural	S	0.8341		YES		N		1	0	0	167	100	0	0	0.2639	0.02747	0	0.02747		0		0	0.263	0.029	17	6881.43	3056	2992.29	1.4745	1.4639			2997.38	1.4746	1.4643			0.8832	1	0.01695	0.03168	0.40205	1	1.006	0.9994	0	1
420068	Trmc Of Orangeburg & Calhoun	42	42	16700	42	45075	3	rural	rural	W	0.874				N		1	0	0	251	113	0	0	0.3133	0.03766	0	0.03766		0		0	0.253	0.022	17	6903.07	2746	2704.02	1.6042	1.5894			2706.97	1.5998	1.5860			0.9119	1	0.04111	0.05123	0.37993	1	0.9946	0.9926	0	0
420070	Palmetto Health Tuomey Hospital	44940	44940	17900	44940	45085	3	ourban	ourban	W	0.8423				N		1	0	0	210	115	0	0	0.3341	0.04195	0.07	0.04195	0.000331	770.05	0.000374	835.6	0.289	0.028	7		3443	3378.64	1.4379	1.4291			3381.60	1.4356	1.4266			0.8891	1	0.03219	0.04862	0.41074	1	0.99645	0.9921	0	0
420071	Self Regional Healthcare	42	42	24860	42	45047	3	rural	rural	W	0.8882				N		1	0.0731	0.1376	290	134	0.03913	0.03959	0.2812	0.03104	0	0.03104		0		0	0.264	0.025	17	8482.36	3864	3776.46	1.6848	1.6811	1203.53	1.6521	3781.22	1.6844	1.6806	1204.17	1.6502	0.922	1	0.06652	0.09427	0.39012	1	0.9997	0.9965	0	0
420072	Hampton Regional Medical Center	42	42	42	42	45049	3	rural	rural	N	0.8341				N		1	0	0	32	8	0	0	0.2227	0.01897	0	0.01897	0.000069	2130.61	0.000048	1495.08	0.47	0.134	16	5381.68	270	261.38	1.2849	1.2698			261.73	1.2821	1.2667			0.8832	1	0.00596	0.06903	0.50253	1.24099	1	0.9988	0	0
420073	Lexington Medical Center	17900	17900	17900	17900	45063	3	ourban	ourban	N	0.8587				N		1	0	0	428	318	0	0	0.2097	0.01629	0.04338	0.01629	0.001522	1496.23	0.001138	1167.48	0.202	0.015	0		8667	8570.29	1.9061	1.9017			8579.73	1.9050	1.9009			0.9009	1	0.04464	0.03842	0.38999	1	1.00145	0.9989	0	0
420078	Ghs Greenville Memorial Hospital	24860	24860	24860	24860	45045	3	ourban	ourban	N	0.8882				N		1	0.167	0.2316	697	525	0.08713	0.06754	0.3975	0.05502	0.08382	0.05502	0.002253	2204.71	0.002773	2660.48	0.309	0.032	0		8166	8014.33	2.2391	2.2308	2770.20	2.0936	8023.07	2.2418	2.2336	2772.62	2.1041	0.922	1	0.07929	0.15158	0.23731	1	0.99266	0.9991	0	0
420079	Trident Medical Center	16700	16700	16700	16700	45019	3	ourban	ourban	N	0.874				N		1	0.0494	0.0796	404	270	0.02662	0.02272	0.2715	0.02903	0.05652	0.02903	0.001127	1153.46	0.000865	893.2	0.093	0.007	0		8075	7907.44	1.8112	1.8028	2596.58	1.7594	7920.82	1.8086	1.8002	2599.20	1.7567	0.9119	1	0.01415	0.01414	0.37217	1	0.98988	0.9831	0	0
420080	Hilton Head Regional Medical Center	25940	25940	42340	25940	45013	3	ourban	ourban	W	0.8341				N		1	0	0	93	57	0	0	0.0989	0	0	0		0		0	0.179	0.013	16	8422.66	3029	2967.95	1.5056	1.4952			2975.05	1.5027	1.4931			0.8832	1	0.03801	0.03413	0.55442	1	0.99977	0.9700	0	0
420082	Aiken Regional Medical Center	12260	12260	12260	12260	45003	3	ourban	ourban	N	0.8724				N		1	0.0206	0.0328	189	122	0.01119	0.0093	0.3219	0.03943	0.06736	0.03943	0.000343	835.07	0.000366	897.84	0.158	0.011	0		3320	3269.56	1.6074	1.5884	1237.39	1.6157	3272.28	1.6001	1.5807	1239.82	1.6103	0.9108	1	0.02157	0.01794	0.39118	1	0.99605	0.9831	0	0
420083	Mary Black Health System Spartanburg	43900	43900	16740	42	45083	3	ourban	rural	S	0.9187		YES	YES	N		1	0	0	148	59	0	0	0.3031	0.03555	0	0.03555		0	0.000216	1041.61	0.105	0.009	7		1334	1311.31	1.6098	1.6020			1313.40	1.6003	1.5927			0.9436	1	0.0205	0.02709	0.30505	1	0.99429	0.9991	0	0
420085	Grand Strand Regional Medical Center	34820	34820	34820	34820	45051	3	ourban	ourban	N	0.8431				N		1	0.296	0.0875	295	235	0.14947	0.025	0.189	0.01259	0.03901	0.01259	0.001023	972.51	0.000704	692.79	0.09	0.009	7		9120	8944.51	1.8099	1.7866	1886.64	1.8472	8959.30	1.8138	1.7901	1889.46	1.8470	0.8897	1	0.01317	0.02696	0.44229	1	1.00228	0.9721	0	0
420086	Palmetto Health Baptist	17900	17900	17900	17900	45079	3	ourban	ourban	N	0.8587				N		1	0	0	332	190	0	0	0.3954	0.05459	0.08336	0.05459	0.000574	1441.48	0.000641	1500.1	0.248	0.015	0		2835	2790.04	1.8413	1.8298			2800.84	1.8387	1.8279			0.9009	1	0.22615	0.14469	0.30585	1	0.99014	0.9808	0	0
420087	Roper Hospital	16700	16700	16700	16700	45019	3	ourban	ourban	N	0.874				N		1	0	0	316	159	0	0	0.112	0	0.02294	0		0		0	0.315	0.033	0		5480	5368.83	2.0687	2.0535			5380.14	2.0691	2.0541			0.9119	1	0.0484	0.08107	0.51359	1	0.99941	0.9961	0	0
420089	East Cooper Medical Center	16700	16700	16700	16700	45019	3	ourban	ourban	N	0.874				N		1	0	0	130	40	0	0	0.1073	0	0.02197	0		0		0	0.155	0.015	0		1549	1517.15	2.1732	2.1676			1522.38	2.1581	2.1509			0.9119	1	0.12127	0.16484	0.30203	1	0.99996	0.9903	0	0
420091	Musc Health Florence Medical Center	22500	22500	34820	42	45041	3	ourban	rural	S	0.8341		YES	YES	N		1	0	0	354	138	0	0	0.328	0.04069	0	0.04069	0.000316	628.1	0.000357	635.76	0.093	0.009	7		3610	3555.95	1.6533	1.6345			3558.99	1.6517	1.6344			0.8832	1	0.02232	0.04136	0.43626	1	1.01114	0.9881	0	0
420098	Tidelands Waccamaw Community Hospital	42	42	42	42	45043	3	rural	rural	N	0.8366				Y	0.005	1	0.1417	0	120	68	0.07443	0	0.141	0	0	0		0		0	0.289	0.02	0		3395	3299.33	1.5739	1.5627	715.59	1.6483	3304.74	1.5714	1.5603	717.37	1.6437	0.885	1	0.02712	0.02166	0.52336	1	1.00446	1.0000	0	0
420101	Coastal Carolina Hospital	25940	25940	25940	25940	45053	3	ourban	ourban	N	0.8347				Y	0.0011	1	0	0	41	26	0	0	0.2418	0.02291	0	0.02291	0.00017	1280.28	0.000094	709.92	0.176	0.018	0		1081	1054.85	1.2632	1.2427			1055.80	1.2668	1.2463			0.8836	1	0.01249	0.02243	0.36165	1.06129	1.00489	0.9943	0	0
420102	Ghs Patewood Memorial Hospital	24860	24860	24860	24860	45045	3	ourban	ourban	N	0.8882				N		1	0.1182	0.8633	34	6	0.06249	0.27586	0.024	0	0	0		0		0	0.292	0.032	0		691	650.68	2.0929	2.0917	131.54	2.1215	667.97	2.0810	2.0782	135.48	2.1082	0.922	1	0.00011	0.00069	0.44075	1	1.0367	1.0000	0	0
420103	Pelham Medical Center	43900	43900	24860	43900	45083	3	ourban	ourban	W	0.8882				N		1	0	0	48	29	0	0	0.1263	0	0	0		0		0	0.354	0.029	0		998	958.11	1.5944	1.5892			961.95	1.5879	1.5839			0.922	1	0.07752	0.08438	0.40352	1	1.0093	0.9993	0	0
420104	Mount Pleasant Hospital	16700	16700	16700	16700	45019	3	ourban	ourban	N	0.874				N		1	0	0	85	19	0	0	0.1344	0	0	0		0	0.000109	1486.91	0.366	0.064	0		1009	975.00	1.6206	1.6049			984.82	1.6160	1.6037			0.9119	1	0.02595	0.11353	0.31343	1	1.01029	0.9995	0	0
420105	Mcleod Loris  Hospital	34820	34820	34820	34820	45051	3	ourban	ourban	N	0.8431				N		1	0	0	155	48	0	0	0.232	0.02089	0.0481	0.02089	0.000316	978.76	0.000211	692.77	0.191	0.024	0		2825	2766.03	1.6662	1.6528			2770.46	1.6675	1.6549			0.8897	1	0.01372	0.03402	0.52947	1	1.00915	0.9950	0	0
420106	Palmetto Health Baptist Parkridge	17900	17900	17900	17900	45063	3	ourban	ourban	N	0.8587				N		1	0	0	83	45	0	0	0.051157892	0	0	0		0		0	0.22	0.036	0		1380	1343.62	1.6872	1.6755			1345.56	1.6834	1.6720			0.9009	1	0.06501	0.20571	0.40841	1	1.00593	0.9968	0	0
420107	Mcleod Health Cheraw	42	42	42	42	45025	3	rural	rural	N	0.8341				N		1	0	0	59	16	0	0	0.3076	0.03	0	0.03	0	0	0	0	0.202	0.024	0		825	798.04	1.3712	1.3560			798.85	1.3710	1.3558			0.8832	1	0.0095	0.02177	0.45916	1.15273	1.00228	0.9991	0	0
420108	Union Medical Center	43900	43900	43900	43900	45087	3	ourban	ourban	N	0.8473				N		1	0		50	12	0	0.52699	0.1969	0.01387	0	0.01387		0		0	0.486	0.062	0		177	171.68	0.9837	0.9785			171.93	0.9798	0.9749			0.8927	1	0.0194	0.03484	0.39744	1.21742	1	0.9980	0	0
420109	Mcleod Health Clarendon	42	42	44940	44940	45027	3	rural	ourban	L	0.8341	LUGAR			N		1	0		54	25	0	0.52699	0.4082	0.03	0	0.03		0		0	0.386	0.022	0		584	557.24	1.3986	1.3839			558.36	1.3988	1.3837			0.8832	1	0.03484	0.00571	0.19987	1.25	1.01224	1.0000	0	0
430005	Prairie Lakes Hospital	43	43	43	43	46029	6	rural	rural	N	1				N		1	0	0	81	26	0	0	0.2441	0.02338	0	0.02338	0.000075	452.19	0.0001	590.6	0.375	0.015	16	5731.31	1284	1253.63	1.5280	1.5157			1254.94	1.5215	1.5092			1	1	0.00145	0.00032	0.50106	1.06333	1.00365	0.9917	0	1
430008	Brookings Health System	43	43	43	43	46011	6	rural	rural	N	1				N		1	0	0	49	9	0	0	0.1106	0	0	0		0		0	0.376	0.068	16	5370.48	484	470.04	1.1976	1.1951			470.41	1.2019	1.1993			1	1	0	0	0.51418	1	1.00901	1.0000	0	0
430012	Avera Sacred Heart Hospital	43	43	43	43	46135	6	rural	rural	N	1				N		1	0	0	75	28	0	0	0.2244	0.01932	0	0.01932		0		0	0.283	0.02	17	6811.1	1434	1402.20	1.6161	1.6092			1403.59	1.6130	1.6060			1	1	0.00673	0.00506	0.43253	1.02515	1.00861	1.0000	0	0
430013	Avera Queen Of Peace	43	43	43	43	46035	6	rural	rural	N	1				N		1	0	0	50	19	0	0	0.2212	0.01866	0	0.01866		0		0	0.298	0.018	21	6608.64	837	823.62	1.4514	1.4481			824.09	1.4491	1.4457			1	1	0.00973	0.00411	0.50625	1	1.0029	1.0000	0	0
430014	Avera St Lukes	43	43	43	43	46013	6	rural	rural	N	1				N		1	0	0	50	32	0	0	0.1265	0	0	0		0		0	0.31	0.022	7		1824	1775.34	1.8157	1.8081			1777.42	1.8068	1.8000			1	1	0.0173	0.01224	0.55718	1	1.00261	1.0000	0	0
430015	Avera St Mary's Hospital	43	43	43	43	46065	6	rural	rural	N	1				N		1	0	0	50	11	0	0	0.2847	0.03	0	0.03	0.000066	878.59	0.00006	828.48	0.263	0.016	16	6111	629	603.72	1.5017	1.4948			604.59	1.4985	1.4914			1	1	0.00731	0.00429	0.40877	1.16864	1.02394	0.9992	0	0
430016	Avera Mckennan Hospital & University Health Center	43620	43620	43620	43620	46099	6	ourban	ourban	N	1				N		1	0.0498	0.0716	483	306	0.02684	0.02041	0.3282	0.04073	0.06872	0.04073	0.000195	219.29	0.000387	450.14	0.237	0.012	0		7601	7461.89	1.7827	1.7745	379.99	1.6661	7471.05	1.7849	1.7772	380.20	1.6609	1	1	0.03842	0.015	0.34985	1	1.00147	1.0000	0	0
430027	Sanford Usd Medical Center	43620	43620	43	43	46099	6	ourban	rural	S	1		YES		N		1	0.0957	0.1522	452	282	0.05091	0.04389	0.2903	0.03291	0	0.03291	0.000836	825.91	0.000913	935.94	0.201	0.014	7		8752	8655.54	2.0708	2.0634	590.11	2.0870	8664.37	2.0596	2.0528	590.63	2.0765	1	1	0.03331	0.02425	0.3372	1	0.99607	1.0000	0	0
430048	Regional Health Spearfish Hospital	43	43	43	43	46081	6	rural	rural	N	1				N		1	0	0	27	9	0	0	0.3373	0.03	0	0.03	0.000093	1394.2		0	0.409	0.021	16	4479.38	503	480.69	1.6669	1.6537			481.62	1.6661	1.6526			1	1	0.00249	0.00109	0.33082	1.16917	0.99901	0.9949	0	0
430077	Regional Health Rapid City Hospital	39660	39660	43	43	46103	6	ourban	rural	S	1		YES		N		1	0.0334	0.0582	354	227	0.01808	0.01656	0.332	0.04151	0	0.04151		0		0	0.301	0.016	17	8147.98	6241	6182.78	1.8257	1.8178	354.59	1.9348	6185.54	1.8210	1.8131	354.69	1.9423	1	1	0.06473	0.02359	0.41558	1	1	0.9996	0	0
430081	Phs Indian Hospital At Pine Ridge	43	99	99	99	46102	6	rural	rural	N	1.4448				N		1	0	0	45	12	0	0	0.6037	0.03	0	0.03	0	0	0.000053	2259.13	0.331	0.017	8		7	7.00	0.9350	0.9350			7.00	0.9287	0.9287			1.2866	1			0.1799	1	1	1.0000	1	0
430083	Phs Indian Hospital At Eagle Butte	43	99	99	99	46041	6	rural	rural	N	1.4448				N		1	0	0	8	3	0	0	0.3863	0.03	0	0.03	0.000003	517.85	0.000003	472.6	0.331	0.017	8		45	44.77	0.8187	0.8190			44.77	0.8111	0.8114			1.2866	1			0.26714	1.25	1	1.0000	0	0
430084	Phs Indian Hospital At Rosebud	43	99	99	99	46121	6	rural	rural	N	1.4448				N		1	0	0	35	3	0	0	0.3855	0.03	0	0.03	0.000023	1835.79	0.000024	2012.07	0.331	0.017	8		122	121.74	0.8231	0.8232			121.74	0.8198	0.8199			1.2866	1			0.3867	1.25	1	1.0000	1	0
430089	Dunes Surgical Hospital	43580	43580	43580	43580	46127	6	ourban	ourban	N	1				N		1	0	0	40	8	0	0	0.097244837	0	0	0		0		0	0.259	0.023	0		675	672.70	2.7083	2.7038			672.98	2.6757	2.6710			1	1	0.00881	0.01078	0.43458	1	1	1.0000	0	1
430090	Sioux Falls Specialty Hospital Llp	43620	43620	43620	43620	46099	6	ourban	ourban	N	1				N		1	0	0	27	9	0	0	0.037403263	0	0	0		0		0	0.234	0.018	0		923	918.70	2.2573	2.2565			919.42	2.2402	2.2393			1	1	0.0012	0.00073	0.52331	1	1	1.0000	0	0
430091	Black Hills Surgical Hospital Llp	39660	39660	39660	39660	46103	6	ourban	ourban	N	1				N		1	0	0	26	10	0	0	0.054615589	0	0	0		0		0	0.287	0.022	0		847	843.63	2.2638	2.2619			843.94	2.2461	2.2441			1	1	0.00045	0.00029	0.46448	1	1	1.0000	0	0
430093	Same Day Surgery Center Llc	39660	39660	39660	39660	46103	6	ourban	ourban	N	1				N		1	0	0	6	0	0	0	0.0339	0	0	0		0		0	0.321	0.082	0		17	17.00	1.5416	1.5416			17.00	1.5381	1.5381			1	1	0	0	0.18539	1	1	1.0000	0	0
430095	Avera Heart Hospital Of South Dakota	43620	43620	43620	43620	46083	6	ourban	ourban	N	1				N		1	0	0	53	22	0	0	0.057571336	0	0	0		0		0	0.226	0.014	0		1288	1273.90	2.9627	2.9620			1274.29	2.9626	2.9624			1	1	0.01477	0.00753	0.61511	1	1.00726	1.0000	0	0
430097	Sanford Aberdeen Medical Center	43	43	43	43	46013	6	rural	rural	N	1				N		1	0	0	48	12	0	0	0.2217	0.01876	0	0.01876	0.000121	1502.05	0.000099	1184.34	0.442	0.064	0		577	559.93	1.3215	1.3070			560.40	1.3176	1.3034			1	1	0.00854	0.03294	0.49289	1	0.99984	0.9968	0	0
440001	Unicoi County  Hospital	27740	27740	27740	27740	47171	5	ourban	ourban	N	0.7761				N		1	0	0	22	4	0	0	0.157227599	0.00742	0	0.00742	0.00001	454.28		0	0.314	0.046	0		149	141.44	1.1522	1.1339			141.66	1.1553	1.1366			0.8407	1	0.00233	0.01177	0.48315	1.25	1	0.9860	0	0
440002	Jackson-Madison County General Hospital	27180	27180	32820	44	47113	5	ourban	rural	S	0.8446		YES	YES	N		1	0.0272	0.0449	605	437	0.01475	0.01275	0.2729	0.02932	0	0.02932	0.001122	657.2	0.000938	621.87	0.313	0.027	7		12355	12172.80	1.8613	1.8540	2631.90	1.9517	12184.56	1.8613	1.8546	2633.28	1.9528	0.8908	1	0.02683	0.03623	0.45881	1	0.99408	0.9914	0	0
440003	Sumner Regional Medical Center	34980	34980	34980	34980	47165	5	lurban	lurban	N	0.8787				N		1	0	0	126	72	0	0	0.2436	0.02328	0.05057	0.02328	0.000257	784.44	0.000208	644.69	0.144	0.012	0		2712	2660.19	1.3344	1.3300			2662.96	1.3348	1.3303			0.9153	1	0.00364	0.0052	0.36398	1	1.00368	0.9729	0	0
440006	Tristar Skyline Medical Center	34980	34980	34980	34980	47037	5	lurban	lurban	N	0.8787				N		1	0	0	306	229	0	0	0.3493	0.04508	0.07329	0.04508	0.0007	1311.77	0.000514	955.35	0.11	0.008	0		4268	4188.01	1.7362	1.7208			4193.70	1.7453	1.7298			0.9153	1	0.01139	0.01094	0.29879	1	0.98889	0.9870	0	0
440007	Unity Medical Center	44	44	44	44	47031	5	rural	rural	N	0.7851				Y	0.0181	1	0	0	49	13	0	0	0.4355	0.06286	0	0.06286	0.00003	438.53	0.000024	363.96	0.347	0.079	14	4869.34	439	426.50	1.3028	1.2760			427.38	1.2832	1.2583			0.8473	1	0	0	0.4851	1.1772	1.00086	0.9992	0	0
440008	Henderson County Community Hospital	44	44	27180	44	47077	5	rural	rural	W	0.8033				N		1	0	0	36	3	0	0	0.1649	0.00867	0	0.00867	0.000048	2033.22	0.000033	1337.58	0.21	0.021	14	4933.99	166	157.56	1.0632	1.0425			158.03	1.0648	1.0444			0.8607	1	0	0	0.61228	1.25	1	1.0000	0	0
440009	Cumberland Medical Center	44	44	44	44	47035	5	rural	rural	N	0.7761				N		1	0	0	73	47	0	0	0.2441	0.02338	0	0.02338		0		0	0.262	0.031	16	6089.82	2224	2177.97	1.3976	1.3886			2179.90	1.3962	1.3875			0.8407	1	0.00148	0.00411	0.51882	1	0.99678	0.9898	0	0
440010	Wayne Medical Center	44	44	44	44	47181	5	rural	rural	N	0.7761				N		1	0	0	32	4	0	0	0.1448	0	0	0		0	0.000014	430.13	0.553	0.024	16	4519.94	197	193.78	1.0290	1.0275			194.01	1.0274	1.0257			0.8407	1	0	0	0.60759	1	1	1.0000	0	1
440011	Blount Memorial Hospital	28940	28940	34	44	47009	5	ourban	rural	S	0.8122		YES	YES	N		1	0	0	183	126	0	0	0.1857	0.01205	0	0.01205	0.000344	836.24	0.000288	685.42	0.172	0.015	7		3447	3386.30	1.6033	1.5958			3389.63	1.6071	1.5998			0.8672	1	0.00561	0.00783	0.36947	1	0.99856	0.9909	0	0
440012	Bristol Regional Medical Center	28700	28700	49	44	47163	5	ourban	rural	S	0.786		YES	YES	N		1	0.1251	0.2098	242	176	0.06601	0.06099	0.1839	0.01176	0	0.01176	0.000463	745.91	0.000452	761.5	0.238	0.011	7		5273	5185.33	1.6527	1.6411	2654.87	1.7019	5191.53	1.6495	1.6377	2657.79	1.6984	0.848	1	0.00897	0.00325	0.37164	1	0.99633	0.9913	0	0
440015	University Of Tn Medical Center (The)	28940	28940	28940	44	47093	5	ourban	rural	S	0.7801		YES		N		1	0.2961	0.4407	597	448	0.14952	0.13243	0.3284	0.04077	0	0.04077	0.001315	1262.21	0.001103	1107.04	0.192	0.008	7		8886	8750.39	1.9731	1.9606	4031.43	2.0962	8756.74	1.9760	1.9634	4034.64	2.0984	0.8436	1	0.01104	0.0025	0.25258	1	0.99846	0.9922	0	0
440016	Baptist Memorial Hospital - Carroll County	44	44	27180	44	47017	5	rural	rural	W	0.8033				N		1	0	0	42	6	0	0	0.188	0.01243	0	0.01243	0.00003	750.58	0.000023	556.92	0.372	0.024	14	5019.34	319	304.69	1.3529	1.3405			305.21	1.3503	1.3379			0.8607	1	0.00028	0	0.59537	1	1	0.9945	0	0
440017	Holston Valley Medical Center	28700	28700	49	44	47163	5	ourban	rural	S	0.786		YES	YES	N		1	0.1459	0.1924	280	209	0.07655	0.0558	0.2401	0.02256	0	0.02256	0.000478	746.66	0.000592	964.63	0.245	0.012	7		5537	5441.55	1.8547	1.8362	4094.83	1.8271	5446.29	1.8534	1.8365	4098.17	1.8280	0.848	1	0.01402	0.00521	0.29493	1	0.99804	0.9930	0	0
440018	Sycamore Shoals Hospital	27740	27740	27740	27740	47019	5	ourban	ourban	N	0.7761				N		1	0	0	109	30	0	0	0.2014	0.0146	0.04163	0.0146	0.000056	494.23	0.000055	446.99	0.161	0.012	0		889	862.28	1.3526	1.3441			863.96	1.3410	1.3327			0.8407	1	0.00305	0.0033	0.24684	1	0.99458	0.9823	0	0
440020	Southern Tennessee Regional Health System Pulaski	44	44	34980	44	47055	5	rural	rural	W	0.8582				N		1	0	0	81	12	0	0	0.2864	0.03211	0	0.03211	0.000064	765.72	0.000057	688.04	0.181	0.013	14	6441.93	673	641.51	1.2753	1.2608			642.66	1.2739	1.2591			0.9006	1	0.00281	0.00285	0.47421	1.18364	0.99214	0.9978	0	0
440025	"Laughlin Memorial Hospital, Inc"	44	44	34	44	47059	5	rural	rural	W	0.8122				N		1	0	0	140	35	0	0	0.2325	0.02099	0	0.02099		0	0.000076	540.06	0.422	0.034	7		955	936.00	1.4352	1.4322			937.07	1.4323	1.4292			0.8672	1	0.00699	0.00826	0.36644	1	1.00553	0.9770	0	0
440029	Williamson Medical Center	34980	34980	34980	34980	47187	5	lurban	lurban	N	0.8787				N		1	0	0	185	89	0	0	0.1094	0	0.0224	0		0		0	0.326	0.025	0		2758	2703.52	1.8500	1.8476			2706.69	1.8430	1.8407			0.9153	1	0.00634	0.00549	0.2758	1	1.00344	0.9977	0	0
440030	Morristown Hamblen Hospital Association	34100	34100	34100	34100	47063	5	ourban	ourban	N	0.7761				N		1	0	0	116	57	0	0	0.2795	0.03068	0.05823	0.03068	0.000167	832.1	0.00017	837.65	0.23	0.019	0		1696	1657.77	1.4988	1.4875			1660.02	1.4960	1.4848			0.8407	1	0.00111	0.00159	0.30463	1	1.00411	0.9854	0	0
440031	Roane Medical Center	28940	28940	28940	28940	47145	5	ourban	ourban	N	0.7801				N		1	0	0	52	22	0	0	0.222	0.01883	0	0.01883	0.000113	1057.42	0.000093	842.88	0.256	0.037	0		885	856.39	1.4261	1.4097			857.92	1.4205	1.4050			0.8436	1	0.00551	0.01661	0.40422	1.10712	1.01129	0.9938	0	0
440032	Hawkins County Memorial Hospital	28700	28700	28700	28700	47073	5	ourban	ourban	N	0.7761				N		1	0	0	49	8	0	0	0.2329	0.02107	0	0.02107	0.000088	2731.03	0.000057	1597.3	0.304	0.021	0		246	235.57	1.1966	1.1809			235.79	1.1967	1.1802			0.8407	1	0	0	0.32121	1.21356	1.00731	1.0000	0	0
440033	Tennova Healthcare-Lafollett Medical Center	28940	28940	18	44	47013	5	ourban	rural	S	0.8248		YES	YES	N		1	0	0	56	29	0	0	0.2401	0.02256	0	0.02256	0.000084	994.83	0.000081	884.53	0.139	0.012	16	4203.82	570	560.18	1.4439	1.4359			560.61	1.4405	1.4325			0.8764	1	0.00074	0.00174	0.40161	1.1222	0.99849	0.9838	0	0
440034	Methodist Medical Center Of Oak Ridge	28940	28940	28940	28940	47001	5	ourban	ourban	N	0.7801				N		1	0	0	204	128	0	0	0.1918	0.01304	0.0396	0.01304	0.000296	682.9	0.000284	621.09	0.28	0.016	0		3384	3338.48	1.7829	1.7724			3341.03	1.7776	1.7670			0.8436	1	0.01734	0.00728	0.36365	1	1.00356	0.9955	0	0
440035	Tennova Healthcare-Clarksville	17300	17300	34980	44	47125	5	ourban	rural	S	0.8582		YES	YES	N		1	0	0	261	88	0	0	0.3304	0.04118	0	0.04118	0.000277	752.11	0.000262	708.8	0.129	0.012	17	1833.08	3128	3055.28	1.5791	1.5611			3059.27	1.5755	1.5585			0.9006	1	0.00246	0.00505	0.33372	1	0.99294	0.9843	0	0
440039	Vanderbilt University Medical Center	34980	34980	34980	34980	47037	5	lurban	lurban	N	0.8787				N		1	0.5425	0.624	900	778	0.25903	0.19255	0.3752	0.05042	0.07894	0.05042	0.00324	2342.29	0.002398	1774.05	0.188	0.011	0		11329	11164.31	2.3842	2.3610	3818.64	2.2916	11173.99	2.4008	2.3776	3820.81	2.3076	0.9153	1	0.05497	0.03325	0.21295	1	1.00055	0.9999	0	0
440040	Perry Community Hospital	44	44	44	44	47135	5	rural	rural	N	0.7761				N		1	0	0	21	5	0	0	0.1063	0	0	0		0		0	0.484	0.015	0		256	253.78	0.8918	0.8878			253.87	0.8884	0.8844			0.8407	1	0	0	0.77981	1	1	0.9752	1	0
440046	Tristar Horizon Medical Center	34980	34980	34980	34980	47043	5	lurban	lurban	N	0.8787				N		1	0	0	85	50	0	0	0.2452	0.02361	0	0.02361	0.00026	1040.16	0.000187	762.31	0.15	0.013	0		2058	2007.65	1.4102	1.4005			2012.11	1.4112	1.4012			0.9153	1	0.00112	0.00217	0.4274	1	1.00425	0.9937	0	0
440048	Baptist Memorial Hospital	32820	32820	32820	32820	47157	5	lurban	lurban	N	0.867				N		1	0.0727	0.0942	793	492	0.03892	0.02694	0.2871	0.03225	0.05986	0.03225	0.000702	448.53	0.000838	535.23	0.183	0.013	0		13309	13187.26	2.0311	2.0230	3779.02	1.8829	13193.49	2.0347	2.0267	3780.98	1.8906	0.9069	1	0.03464	0.02914	0.3939	1	0.9969	0.9849	0	0
440049	Methodist Healthcare Memphis Hospitals	32820	32820	32820	32820	47157	5	lurban	lurban	N	0.867				N		1	0.1693	0.2348	1334	928	0.08828	0.06851	0.3986	0.05525	0.08406	0.05525	0.003226	1443.01	0.003386	1496.43	0.22	0.014	0		18329	18059.44	1.9319	1.9199	4702.32	1.8518	18073.81	1.9360	1.9239	4705.42	1.8548	0.9069	1	0.03237	0.01904	0.28929	1	0.99906	0.9981	0	0
440050	Greeneville Community Hospital	44	44	44	44	47059	5	rural	rural	N	0.7761				N		1	0	0	73	18	0	0	0.3707	0.04949	0	0.04949	0.000167	843.39	0.000082	1117.75	0.264	0.009	14	4980.55	534	512.55	1.4199	1.4015			513.34	1.4238	1.4054			0.8407	1	0.00089	0	0.27786	1	1.00534	0.9948	0	0
440053	Saint Thomas Rutherford Hospital	34980	34980	34980	34980	47149	5	lurban	lurban	N	0.8787				N		1	0.1114	0.0984	305	212	0.059	0.02816	0.2211	0.01864	0.04579	0.01864	0.00069	1017.79	0.000588	910.86	0.181	0.018	0		5385	5304.03	1.5474	1.5418	1631.51	1.6509	5307.62	1.5467	1.5413	1632.47	1.6537	0.9153	1	0.00511	0.00927	0.29669	1	0.9979	0.9928	0	0
440056	Tennova Healthcare-Jefferson Memorial Hospital	34100	34100	28940	34100	47089	5	ourban	ourban	W	0.7801				N		1	0	0	58	16	0	0	0.130073684	0	0	0		0		0	0.175	0.025	0		605	581.67	1.5961	1.5878			582.54	1.5945	1.5852			0.8436	1	0.0009	0.00305	0.43386	1	1.00048	0.9882	0	0
440057	Claiborne Medical Center	44	44	44	44	47025	5	rural	rural	N	0.7761				N		1	0	0	34	12	0	0	0.2351	0.02153	0	0.02153	0.000052	937.75	0.000049	795.35	0.391	0.019	0		383	360.62	1.3835	1.3617			361.56	1.3831	1.3609			0.8407	1	0	0	0.39005	1.19114	0.99839	0.9941	0	0
440058	Southern Tennessee Regional Hlth System Winchester	44	44	16860	44	47051	5	rural	rural	W	0.8383				N		1	0	0	128	31	0	0	0.301	0.03	0	0.03	0.000122	788.72	0.000106	595.53	0.153	0.011	0		1176	1140.54	1.3985	1.3808			1142.30	1.3909	1.3741			0.8862	1	0.00268	0.0027	0.41697	1.02879	0.99524	0.9952	0	0
440059	Cookeville Regional Medical Center	44	44	34980	44	47141	5	rural	rural	W	0.8582				N		1	0	0	223	134	0	0	0.2398	0.0225	0	0.0225	0.000277	371.7	0.000288	375.86	0.356	0.028	7		6117	5993.23	1.8141	1.8076			5999.09	1.8103	1.8034			0.9006	1	0.00737	0.00798	0.4898	1	0.99891	0.9962	0	0
440060	Milan General Hospital	44	44	44	44	47053	5	rural	rural	N	0.7848				Y	0.0174	1	0	0	47	4	0	0	0.130615808	0	0	0		0	0.000017	437.73	0.351	0.038	14	4961.93	256	248.28	1.5280	1.4997			248.35	1.5329	1.5042			0.8471	1	0	0	0.64399	1.25	1	0.9975	0	0
440061	West Tennessee Healthcare Volunteer Hospital	44	44	18	44	47183	5	rural	rural	W	0.8248				N		1	0	0	41	11	0	0	0.2483	0.02425	0	0.02425	0.000031	498.95	0.000036	497.57	0.157	0.02	14	5949.1	452	440.82	1.2701	1.2580			441.84	1.2692	1.2576			0.8764	1	0	0	0.44958	1	1.00792	1.0000	0	0
440063	Johnson City Medical Center	27740	27740	11700	44	47179	5	ourban	rural	S	0.8423		YES	YES	N		1	0.1433	0.1775	513	396	0.07524	0.05137	0.3539	0.04603	0	0.04603	0.000465	559.44	0.000652	744.17	0.124	0.01	7		6416	6345.09	1.8150	1.7983	5146.06	1.8283	6349.78	1.8152	1.7985	5148.53	1.8306	0.8891	1	0.01178	0.01582	0.23729	1	0.99325	0.9858	0	0
440065	Northcrest Medical Center	34980	34980	34980	34980	47147	5	lurban	lurban	N	0.8787				N		1	0	0	109	31	0	0	0.2916	0.03318	0.06083	0.03318	0.000152	1395.25	0.000118	1007.22	0.293	0.024	0		782	765.19	1.6117	1.6055			766.20	1.6038	1.5968			0.9153	1	0.01427	0.01666	0.33357	1.09841	1.00055	0.9881	0	1
440067	Lakeway Regional Hospital	34100	34100	34100	34100	47063	5	ourban	ourban	N	0.7761				N		1	0	0	107	15	0	0	0.1831	0.01163	0.03777	0.01163		0	0.000057	795.57	0.127	0.015	7		366	359.95	1.4367	1.4336			360.54	1.4241	1.4213			0.8407	1	0.00043	0.00464	0.44434	1	0.9964	0.9961	0	0
440068	Starr Regional Medical Center Athens	44	44	16860	44	47107	5	rural	rural	W	0.8383				N		1	0	0	162	21	0	0	0.3318	0.03	0	0.03	0.000182	1786.38	0.000114	1063.73	0.144	0.017	0		801	773.02	1.2750	1.2579			774.20	1.2697	1.2522			0.8862	1	0	0	0.36565	1.11394	1.00655	1.0000	0	0
440070	Decatur County General Hospital	44	44	44	44	47039	5	rural	rural	N	0.7761				N		1	0	0	40	3	0	0	0.1204	0	0	0		0		0	0.63	0.013	14	4196.66	115	106.91	1.0765	1.0473			107.24	1.0743	1.0449			0.8407	1	0	0	0.7567	1.25	1	0.9842	1	1
440072	West Tennessee Healthcare Dyersburg Hospital	44	44	44	44	47045	5	rural	rural	N	0.7761				N		1	0	0	95	32	0	0	0.2733	0.02941	0	0.02941	0.000041	168.95	0.000092	380.51	0.084	0.008	16	4740.08	2041	1977.56	1.4749	1.4659			1980.61	1.4720	1.4626			0.8407	1	0.00531	0.00885	0.48799	1	0.99846	0.9820	0	0
440073	Maury Regional Hospital	34980	34980	34980	34980	47119	5	lurban	lurban	N	0.8787				N		1	0	0	255	125	0	0	0.2894	0.03273	0.06035	0.03273	0.00029	517.62	0.000306	537.77	0.305	0.032	7		4558	4422.56	1.7125	1.7070			4429.35	1.7104	1.7052			0.9153	1	0.01056	0.01988	0.3844	1	0.99806	0.9915	0	1
440081	Leconte Medical Center	44	44	44	44	47155	5	rural	rural	N	0.7761				N		1	0	0	60	50	0	0	0.2938	0.03	0	0.03	0.000247	1561.86	0.000199	1246.24	0.288	0.024	0		1186	1158.09	1.4339	1.4216			1160.23	1.4297	1.4192			0.8407	1	0.00146	0.00224	0.29173	1	1.00261	0.9955	0	0
440082	Saint Thomas West Hospital	34980	34980	34980	34980	47037	5	lurban	lurban	N	0.8787				N		1	0.0392	0.0399	339	259	0.02119	0.01132	0.1041	0	0.0213	0		0		0	0.179	0.013	0		7821	7733.01	2.2666	2.2564	2483.22	2.2337	7738.49	2.2743	2.2643	2485.03	2.2455	0.9153	1	0.04103	0.03476	0.43144	1	0.99778	0.9998	0	0
440083	Jamestown Regional Medical Center	44	44	44	44	47049	5	rural	rural	N	0.7761				N		1	0	0	75	9	0	0	0.2745	0.02965	0	0.02965	0.000039	501.63	0.000038	431.61	0.169	0.019	16	4407.95	633	613.17	1.0358	1.0275			614.35	1.0305	1.0224			0.8407	1	0.00137	0.00376	0.65123	1	0.99915	1.0000	0	0
440084	Sweetwater Hospital Association	44	44	44	44	47123	5	rural	rural	N	0.7761				N		1	0	0	59	25	0	0	0.2778	0.03033	0	0.03033	0.00015	1906.68	0.000118	1434.9	0.284	0.02	14	5688.02	637	630.80	1.2605	1.2597			631.16	1.2487	1.2478			0.8407	1	0.00773	0.00789	0.37724	1	1.00427	0.9877	0	0
440091	"Memorial Healthcare System, Inc"	16860	16860	16860	16860	47065	5	ourban	ourban	N	0.8478				N		1	0	0	444	315	0	0	0.0698	0	0.01423	0		0		0	0.202	0.008	0		9683	9537.51	2.0294	2.0227			9544.61	2.0297	2.0229			0.8931	1	0.02169	0.00436	0.44514	1	1.00588	1.0000	0	0
440102	Lincoln Medical Center	44	44	44	44	47103	5	rural	rural	N	0.7761				N		1	0	0	49	10	0	0	0.2792	0.03	0	0.03	0.00007	1156.11	0.000054	760.05	0.404	0.036	0		465	446.32	1.2556	1.2427			447.52	1.2517	1.2390			0.8407	1	0	0	0.36263	1.18599	1.00143	1.0000	0	0
440104	Erlanger Medical Center	16860	16860	16860	16860	47065	5	ourban	ourban	N	0.8478				N		1	0.2193	0.3425	624	488	0.11288	0.10148	0.3665	0.04863	0.07704	0.04863	0.002262	2134.06	0.001488	1450.26	0.224	0.013	0		8767	8630.17	2.0346	2.0172	3586.84	2.0809	8639.26	2.0449	2.0276	3589.05	2.0850	0.8931	1	0.02036	0.01037	0.23918	1	0.99275	0.9974	0	0
440109	Hardin Medical Center	44	44	44	44	47071	5	rural	rural	N	0.7761				N		1	0	0	49	13	0	0	0.4231	0.0603	0	0.0603	0.000053	809.7	0.000057	832.97	0.27	0.014	14	4139.64	543	529.32	1.2492	1.2383			529.89	1.2483	1.2369			0.8407	1	0.00755	0.00417	0.42358	1.18485	1.00091	0.9859	0	0
440110	Fort Loudon Medical Center	28940	28940	44	44	47105	5	ourban	rural	S	0.7761		YES		N		1	0	0	30	24	0	0	0.1292	0	0	0		0	0.000058	636.5	0.274	0.025	14	1788.25	761	742.28	1.5084	1.4889			743.01	1.5093	1.4903			0.8407	1	0.00097	0.00137	0.37261	1	1.0078	0.9992	0	0
440111	Metro Nashville General Hospital	34980	34980	34980	34980	47037	5	lurban	lurban	N	0.8787				N		1	0.3923	1.0549	114	42	0.19364	0.34675	0.5007	0.07631	0.10671	0.07631	0.000755	26280.2	0.000651	19518.26	0.438	0.04	0		189	187.59	1.6176	1.6150	115.12	1.5227	187.68	1.6196	1.6168	115.18	1.5213	0.9153	1	0.03915	0.08765	0.07278	1	0.99624	1.0000	0	0
440120	Tennova Healthcare-North Knoxville Medical Center	28940	28940	28940	28940	47093	5	ourban	ourban	N	0.7801				N		1	0	0	372	265	0	0	0.2379	0.0221	0.04935	0.0221	0.000605	892.04	0.000569	784.93	0.151	0.013	0		4974	4917.44	1.9153	1.9009			4920.94	1.9086	1.8942			0.8436	1	0.01218	0.01882	0.28288	1	0.99251	0.9941	0	0
440125	Fort Sanders Regional Medical Center	28940	28940	28940	44	47093	5	ourban	rural	S	0.7801		YES		N		1	0	0	280	209	0	0	0.2724	0.02922	0	0.02922	0.000441	862.28	0.000552	1050.32	0.241	0.011	7		3998	3955.91	1.8389	1.8286			3958.70	1.8414	1.8310			0.8436	1	0.01777	0.0055	0.26786	1	1.00086	0.9949	0	0
440130	Baptist Memorial Hospital Union City	44	44	18	44	47131	5	rural	rural	W	0.8248				N		1	0	0	63	19	0	0	0.2771	0.03	0	0.03	0.000071	591.32	0.000063	518.13	0.235	0.014	0		936	900.51	1.3376	1.3250			901.95	1.3355	1.3230			0.8764	1	0.00118	0.00072	0.4794	1	1.00607	0.9906	0	0
440131	Baptist Memorial Hospital Tipton	32820	32820	32820	32820	47167	5	lurban	lurban	N	0.867				N		1	0	0	47	6	0	0	0.5155	0.03	0	0.03	0.000109	2871.96	0.000093	2326.7	0.239	0.031	0		295	284.70	1.1415	1.1369			285.01	1.1385	1.1335			0.9069	1	0	0	0.25602	1.19303	0.99612	1.0000	0	0
440132	Henry County Medical Center	44	44	44	44	47079	5	rural	rural	N	0.7761				N		1	0	0	92	31	0	0	0.1856	0.01204	0	0.01204	0.000064	357.44	0.000071	387.08	0.274	0.028	14	5355.88	1428	1391.62	1.5246	1.5174			1393.45	1.5284	1.5212			0.8407	1	0.0021	0.00479	0.47829	1	1.00735	0.9700	0	0
440133	Saint Thomas Midtown Hospital	34980	34980	34980	34980	47037	5	lurban	lurban	N	0.8787				N		1	0.0518	0.072	369	262	0.0279	0.02053	0.2687	0.02846	0.05592	0.02846	0.000715	1289.58	0.000768	1375.38	0.199	0.014	0		4309	4263.91	2.0127	1.9982	1896.14	1.9729	4267.84	2.0014	1.9879	1897.85	1.9675	0.9153	1	0.08638	0.06431	0.19372	1	0.99489	0.9998	0	0
440137	Tennova Healthcare-Shelbyville	44	44	34980	44	47003	5	rural	rural	W	0.8582				N		1	0	0	49	13	0	0	0.1879	0.01241	0	0.01241	0.00007	1135.34	0.000058	818.44	0.168	0.028	14	5730.39	491	465.20	1.4477	1.4214			466.69	1.4478	1.4217			0.9006	1	0.00705	0.03766	0.39932	1.18038	1.00484	0.9919	0	0
440144	Tennova Healthcare-Harton	44	44	34980	44	47031	5	rural	rural	W	0.8582				N		1	0	0	96	50	0	0	0.2207	0.01856	0	0.01856	0.00013	610.39	0.000128	544.86	0.125	0.015	15	5828.82	1591	1567.41	1.5040	1.4902			1568.25	1.5059	1.4914			0.9006	1	0.02155	0.05083	0.46852	1	1.00012	0.9971	0	0
440148	Saint Thomas Dekalb Hospital	44	44	44	44	47041	5	rural	rural	N	0.7761				N		1	0	0	52	5	0	0	0.1521	0.00659	0	0.00659	0.000033	1265.19	0.000027	810.12	0.374	0.032	0		183	174.26	1.2581	1.2572			174.71	1.2561	1.2550			0.8407	1	0.00024	0.00225	0.33071	1.2478	1.00882	0.9966	0	0
440150	Tristar Summit Medical Center	34980	34980	34980	34980	47037	5	lurban	lurban	N	0.8787				N		1	0	0	173	115	0	0	0.1887	0.01254	0.03895	0.01254	0.000355	814.55	0.000284	668.6	0.119	0.013	0		3600	3513.94	1.5529	1.5461			3519.83	1.5524	1.5452			0.9153	1	0.00608	0.01592	0.32702	1	0.99408	0.9828	0	0
440151	Saint Thomas River Park Hospital	44	44	34980	44	47177	5	rural	rural	W	0.8582				N		1	0	0	100	23	0	0	0.3927	0.05403	0	0.05403	0.000061	595.95	0.000075	633.65	0.251	0.026	14	5895.03	713	673.82	1.4117	1.3985			675.56	1.4115	1.3980			0.9006	1	0.00287	0.00675	0.40837	1.09909	0.99934	0.9973	0	0
440152	Regional One Health	32820	32820	32820	32820	47157	5	lurban	lurban	N	0.867				N		1	0.4622	0.5825	282	224	0.22457	0.17866	0.642	0.10545	0.13883	0.10545	0.001776	11863	0.001519	10483.96	0.22	0.015	0		1285	1269.63	2.6080	2.5296	510.23	2.0532	1270.70	2.6366	2.5573	510.28	2.0593	0.9069	1	0.144	0.12421	0.0942	1	1	0.9918	0	1
440153	Tennova Healthcare-Newport Medical Center	44	44	44	44	47029	5	rural	rural	N	0.7761				N		1	0	0	32	18	0	0	0.3321	0.04153	0	0.04153	0.000107	1856.18	0.000108	1714.99	0.156	0.014	14	4633.94	460	445.11	1.2648	1.2584			445.97	1.2613	1.2549			0.8407	1	0	0	0.28145	1.13447	1.0055	0.9939	0	0
440156	Parkridge Medical Center	16860	16860	16860	16860	47065	5	ourban	ourban	N	0.8478				N		1	0	0	400	254	0	0	0.514	0.07905	0.10969	0.07905	0.000732	1330.08	0.00076	1369.6	0.126	0.012	0		4409	4342.11	1.8597	1.8564			4345.97	1.8630	1.8591			0.8931	1	0.01728	0.02872	0.24157	1	0.99131	0.9969	0	0
440159	Delta Medical Center	32820	32820	32820	32820	47157	5	lurban	lurban	N	0.867				N		1	0	0	123	7	0	0	0.2329	0.02107	0.04829	0.02107	0.000102	8555.27	0.000078	3021.23	0.56	0.016	0		22	20.98	0.9048	0.9011			21.14	0.9001	0.8955			0.9069	1	0	0	0.21757	1	1	1.0000	0	0
440161	Tristar Centennial Medical Center	34980	34980	34980	34980	47037	5	lurban	lurban	N	0.8787				N		1	0	0	525	387	0	0	0.3242	0.0399	0.06785	0.0399	0.000755	806.23	0.000774	844.74	0.132	0.012	0		7948	7843.11	2.2610	2.2485			7850.06	2.2597	2.2470			0.9153	1	0.03671	0.0538	0.24695	1	1.00176	0.9916	0	0
440173	Parkwest Medical Center	28940	28940	28940	28940	47093	5	ourban	ourban	N	0.7801				N		1	0	0	398	286	0	0	0.219	0.01821	0.04535	0.01821	0.000364	466.82	0.000399	512.73	0.25	0.014	0		6348	6285.59	1.9157	1.9104			6290.88	1.9091	1.9039			0.8436	1	0.02355	0.0047	0.29015	1	0.9968	0.9960	0	0
440175	Southern Tennessee Regional Health System Lawrence	44	44	44	44	47099	5	rural	rural	N	0.8293				Y	0.1064	1	0	0	89	14	0	0	0.3476	0.04473	0	0.04473	0.000073	770.63	0.000063	652.56	0.146	0.016	14	3581.52	775	741.26	1.3230	1.3017			742.38	1.3236	1.3024			0.8797	1	0	0	0.436	1.15742	1.00247	0.9963	0	0
440176	Indian Path Community Hospital	28700	28700	28700	28700	47163	5	ourban	ourban	N	0.7768				Y	0.0015	1	0.0108	0.0234	148	58	0.00589	0.00663	0.2998	0.03487	0.06259	0.03487	0.000085	576.42	0.000107	641.04	0.147	0.013	0		1033	1008.53	1.6906	1.6829	1174.56	1.7474	1009.52	1.6885	1.6815	1175.71	1.7458	0.8412	1	0.02427	0.03789	0.25402	1	1.00197	0.9869	0	0
440180	Jellico Community Hospital	28940	28940	28940	28940	47013	5	ourban	ourban	N	0.7801				N		1	0	0	37	7	0	0	0.4657	0.03	0	0.03	0.000018	371.56	0.000037	651.42	0.364	0.028	0		324	311.90	1.2760	1.2665			312.54	1.2704	1.2610			0.8436	1	0	0	0.4522	1.18583	1	0.9931	1	0
440181	Bolivar General Hospital	44	44	44	44	47069	5	rural	rural	N	0.8071				Y	0.062	1	0	0	33	2	0	0	0.3191	0.03885	0	0.03885	0.000024	1733.49	0.000016	867.32	0.496	0.059	14	4457.02	67	61.73	1.1174	1.1139			62.04	1.1136	1.1097			0.8635	1	0	0	0.53883	1.25	1	0.9922	0	0
440182	Mckenzie Regional Hospital	44	44	44	44	47017	5	rural	rural	N	0.7797				Y	0.0073	1	0	0	30	7	0	0	0.4982	0.03	0	0.03	0.000027	834.37	0.000033	929.1	0.126	0.015	0		269	264.01	1.2437	1.2290			264.35	1.2400	1.2261			0.8433	1	0	0	0.32364	1	0.99579	0.9997	0	0
440183	St Francis Hospital	32820	32820	32820	32820	47157	5	lurban	lurban	N	0.867				N		1	0.0472	0.078	367	187	0.02545	0.02226	0.3763	0.05065	0.07918	0.05065	0.000557	1128.37	0.000557	1066.45	0.134	0.009	0		3886	3841.50	1.8913	1.8745	1880.27	1.8779	3843.81	1.8959	1.8790	1880.70	1.8861	0.9069	1	0.03021	0.02264	0.32287	1	0.99699	0.9774	0	0
440184	Franklin Woods Community Hospital	27740	27740	27740	27740	47179	5	ourban	ourban	N	0.7761				N		1	0	0	80	47	0	0	0.2875	0.03	0	0.03	0.000073	533.08	0.000088	641.35	0.14	0.025	0		1114	1086.79	1.3476	1.3326			1088.05	1.3446	1.3303			0.8407	1	0.00188	0.0196	0.2463	1	0.99778	0.9988	0	0
440185	Tennova Healthcare-Cleveland	17420	17420	16860	17420	47011	5	ourban	ourban	W	0.8383				N		1	0	0	179	97	0	0	0.2901	0.03287	0.06051	0.03287	0.000284	843.21	0.000256	738.61	0.109	0.009	0		2772	2726.09	1.5367	1.5240			2727.51	1.5408	1.5278			0.8862	1	0.01677	0.02129	0.36955	1	0.99377	0.9944	0	0
440187	Livingston Regional Hospital	44	44	34980	44	47133	5	rural	rural	W	0.8582				N		1	0	0	90	16	0	0	0.3502	0.04527	0	0.04527	0.000054	489.26	0.000059	495.48	0.154	0.011	14	4816.97	893	862.94	1.2510	1.2378			864.22	1.2505	1.2372			0.9006	1	0	0	0.45606	1.145	0.9918	0.9970	0	0
440189	Tennova Healthcare-Regional Jackson	27180	27180	27180	27180	47113	5	ourban	ourban	N	0.8033				N		1	0	0	115	49	0	0	0.2715	0.02903	0.05652	0.02903		0	0.00011	422.32	0.101	0.008	7		1066	1051.25	1.7782	1.7627			1052.37	1.7472	1.7334			0.8607	1	0.01368	0.01513	0.53267	1	0.99991	0.9841	0	0
440192	Saint Thomas Highlands Hospital	44	44	34980	44	47185	5	rural	rural	W	0.8582				N		1	0	0	32	5	0	0	0.1791	0.01098	0	0.01098	0.000026	705.71	0.000026	625.93	0.314	0.037	14	4194.81	246	234.86	1.3680	1.3499			235.22	1.3696	1.3501			0.9006	1	0.0175	0.0318	0.52535	1.24485	0.9946	1.0000	0	0
440193	Tennova Healthcare-Lebanon	34980	34980	34980	34980	47189	5	lurban	lurban	N	0.8787				N		1	0	0	170	50	0	0	0.2816	0.03112	0.05868	0.03112	0.000154	935.97	0.000156	873.38	0.12	0.015	0		1182	1159.89	1.5821	1.5800			1161.30	1.5825	1.5805			0.9153	1	0.02657	0.05931	0.37235	1	0.99593	0.9996	0	0
440194	Tristar Hendersonville Medical Center	34980	34980	34980	34980	47165	5	lurban	lurban	N	0.8787				N		1	0	0	102	65	0	0	0.2657	0.02784	0.05528	0.02784	0.000226	1044.7	0.000189	906.63	0.136	0.013	0		1852	1814.83	1.5608	1.5510			1817.03	1.5589	1.5488			0.9153	1	0.00337	0.00683	0.24598	1	0.99918	0.9962	0	0
440197	Tristar Southern Hills Medical Center	34980	34980	34980	34980	47037	5	lurban	lurban	N	0.8787				N		1	0	0	95	54	0	0	0.2248	0.0194	0	0.0194	0.000397	2450.81	0.000269	1636.45	0.158	0.016	0		1289	1266.93	1.8829	1.8715			1267.96	1.8807	1.8690			0.9153	1	0.01041	0.01948	0.3062	1	0.99856	0.9953	0	0
440200	Saint Thomas Stones River Hospital	34980	34980	34980	34980	47015	5	lurban	lurban	N	0.8787				N		1	0	0	30	3	0	0	0.1927	0.01319	0	0.01319	0.000035	1878.96	0.000023	925.18	0.42	0.041	0		108	103.44	1.1560	1.1450			103.74	1.1546	1.1430			0.9153	1	0	0	0.47121	1.25	1	1.0000	0	1
440218	Saint Thomas Hospital For Specialty Surgery	34980	34980	34980	34980	47037	5	lurban	lurban	N	0.8787				N		1	0	0	23	7	0	0	0.0192	0	0	0		0		0	0.229	0.015	0		720	718.88	3.3487	3.3489			718.95	3.3278	3.3279			0.9153	1	0	0	0.37097	1	1	1.0000	0	0
440227	Tristar Stonecrest Medical Center	34980	34980	34980	34980	47149	5	lurban	lurban	N	0.8787				N		1	0	0	109	50	0	0	0.3001	0.03493	0.06265	0.03493	0.00025	1483.17	0.000204	1261.07	0.156	0.017	0		1366	1325.03	1.7984	1.7782			1327.22	1.7931	1.7717			0.9153	1	0.00396	0.00972	0.25061	1	0.99974	0.9883	0	0
440228	Saint Francis Bartlett Medical Center	32820	32820	32820	32820	47157	5	lurban	lurban	N	0.867				N		1	0	0	156	96	0	0	0.2167	0.01773	0.04486	0.01773	0.000287	882.52	0.000229	732.45	0.13	0.011	0		2842	2801.35	1.7052	1.6687			2802.88	1.7074	1.6713			0.9069	1	0.02164	0.02662	0.40646	1	0.99583	0.9961	0	0
440231	Trustpoint Hospital	34980	34980	34980	34980	47149	5	lurban	lurban	N	0.8787				N		1	0	0	10	2	0	0	0.4909	0.03	0	0.03	0.000019	3131.87	0.000013	1171.55	0.194	0.02	0		10	9.68	1.2129	1.2152			9.68	1.2275	1.2295			0.9153	1	0	0	0.58979	1	1	1.0000	0	0
440235	Big South Fork Medical Center	44	44	44	44	47151	5	rural	rural	N	0.7761				N		1	0		25	0	0	0.52699	0.1833	0.01166	0	0.01166		0		0	0.388	0.078	0		192	187.50	1.1445	1.1362			187.72	1.1409	1.1326			0.8407	1	0.01289	0.04205		1	1	1.0000	0	0
450002	The Hospitals Of Providence Memorial Campus	21340	21340	21340	21340	48141	7	ourban	ourban	N	0.8275				N		1	0.0068	0.0149	448	182	0.00371	0.00421	0.6282	0.1026	0.13566	0.1026	0.000313	1179.36	0.000527	1714.54	0.111	0.009	0		1846	1815.19	1.5860	1.5748	1958.47	1.6030	1816.90	1.5926	1.5819	1960.58	1.6074	0.8784	1	0.06996	0.08368	0.14609	1	0.9915	0.9921	0	0
450007	Peterson Regional Medical Center	45	45	41700	45	48265	7	rural	rural	W	0.842				N		1	0	0	84	42	0	0	0.12	0	0	0		0		0	0.255	0.021	15	6241.59	2046	1977.84	1.5995	1.5828			1983.99	1.5794	1.5644			0.8889	1	0.00697	0.00775	0.49733	1	1.00155	0.9995	0	0
450010	United Regional Health Care System	48660	48660	48660	48660	48485	7	ourban	ourban	N	0.9212				N		1	0	0.0989	255	164	0	0.0283	0.2322	0.02093	0.04814	0.02093		0		0	0.244	0.028	16	7180.24	6434	6247.40	1.6806	1.6620			6256.44	1.6835	1.6646			0.9453	1	0.0228	0.04577	0.40947	1	0.99979	0.9964	0	0
450011	St Joseph Regional Health Center	17780	17780	26420	45	48041	7	ourban	rural	S	0.9912		YES	YES	N		1	0.1067	0.1678	209	149	0.05658	0.04849	0.2352	0.02155	0	0.02155	0.000925	1469.75	0.000717	1092.53	0.146	0.008	7		4912	4819.83	1.7902	1.7750	649.66	1.9428	4823.15	1.7937	1.7784	649.96	1.9381	0.994	1	0.00401	0.0016	0.39175	1	0.99548	0.9871	0	0
450015	Parkland Health And Hospital System	19124	19124	19124	19124	48113	7	lurban	lurban	N	0.9655				N		1	0.6692	0.8435	793	603	0.31131	0.26875	0.7135	0.1202	0.15544	0.1202	0.015352	35700.64	0.011153	25860.03	0.188	0.021	0		3448	3427.46	1.7816	1.7782	885.83	1.9284	3428.49	1.7843	1.7813	886.02	1.9443	0.9762	1	0.03672	0.10632	0.09273	1	1.00311	0.9995	0	0
450018	University Of Texas Medical Branch	26420	26420	26420	26420	48167	7	lurban	lurban	N	1.0021				N		1	0.8501	1.2841	567	361	0.382	0.43673	0.4002	0.05558	0.08441	0.05558	0.002506	4272.87	0.00239	4224.65	0.257	0.027	0		5189	5077.68	1.7587	1.7531	1589.61	1.7425	5083.71	1.7601	1.7545	1590.93	1.7513	1.0014	1	0.04601	0.08716	0.14702	1	0.99797	0.9812	0	0
450021	Baylor University Medical Center	19124	19124	19124	19124	48113	7	lurban	lurban	N	0.9655				N		1	0.158	0.2022	854	649	0.08264	0.05872	0.2352	0.02155	0.04878	0.02155	0.002543	1764.17	0.001988	1378.73	0.293	0.014	0		11745	11604.59	2.1686	2.1496	3108.65	1.9886	11615.12	2.1840	2.1655	3110.10	2.0015	0.9762	1	0.09158	0.02966	0.31785	1	0.99574	0.9971	0	0
450023	Citizens Medical Center	47020	47020	18580	45	48469	7	ourban	rural	S	0.8851		YES	YES	N		1	0	0	313	79	0	0	0.1813	0.01134	0	0.01134	0.000399	1212.85	0.00031	878.1	0.28	0.014	7		2427	2380.06	1.6025	1.5808			2382.35	1.6011	1.5794			0.9198	1	0.02093	0.00535	0.41085	1	1.00252	0.9975	0	0
450024	University Medical Center Of El Paso	21340	21340	21340	21340	48141	7	ourban	ourban	N	0.8275				N		1	0.5948	0.7861	261	177	0.28091	0.24837	0.5796	0.09258	0.12453	0.09258	0.00301	15262.44	0.002268	11784.66	0.287	0.018	0		1787	1763.85	1.6725	1.6637	1689.01	1.5024	1765.38	1.6826	1.6740	1690.04	1.5081	0.8784	1	0.0403	0.04516	0.10977	1	0.99029	0.9990	0	0
450028	Valley Baptist Medical Center- Brownsville	15180	15180	15180	15180	48061	7	ourban	ourban	N	0.9018				N		1	0	0	228	109	0	0	0.7085	0.11917	0.15427	0.11917	0.00062	2356.99	0.000583	2076.86	0.095	0.01	0		2055	2012.02	1.6506	1.6344			2014.51	1.6433	1.6273			0.9317	1	0.01479	0.03218	0.26325	1	1.00114	0.9874	0	0
450029	Laredo Medical Center	29700	29700	18580	45	48479	7	ourban	rural	S	0.8851		YES	YES	N		1	0	0	240	192	0	0	0.6338	0.10376	0	0.10376	0.000435	963.3	0.000642	1361.66	0.1	0.012	7		3689	3626.27	1.9257	1.8997			3628.91	1.9300	1.9044			0.9198	1	0.02429	0.07082	0.34324	1	0.99486	0.9973	0	0
450032	Christus Good Shepherd Medical Center Marshall	45	45	30980	30980	48203	7	rural	ourban	L	0.8275	LUGAR			N		1	0.0966	0	111	35	0.05137	0	0.359	0.04708	0.07541	0.04708	0.001765	2389.44	0.001529	1967.79	0.197	0.018	0		6157	6008.48	1.6992	1.6843	961.02	1.6655	6017.97	1.6975	1.6827	962.32	1.6618	0.8784	1	0.01865	0.03222	0.39299	1	1.00342	0.9814	0	0
450033	Vhs Harlingen Hospital Company Llc	15180	15180	15180	15180	48061	7	ourban	ourban	N	0.9018				N		1	0.0441	0.09	365	189	0.0238	0.02572	0.5056	0.07732	0.10781	0.07732	0.000857	1680.31	0.000807	1570.37	0.109	0.014	0		4213	4154.23	1.7595	1.7404	1839.35	1.7574	4159.46	1.7627	1.7438	1843.76	1.7654	0.9317	1	0.03115	0.08571	0.28048	1	0.99908	0.9998	0	0
450034	Christus Southeast Texas- St Elizabeth	13140	13140	26420	45	48245	7	ourban	rural	S	0.9912		YES	YES	N		1	0	0	443	176	0	0	0.2528	0.02518	0	0.02518	0.00158	2779.75	0.001218	2076.03	0.189	0.003	7		4730	4646.44	1.6801	1.6655			4650.73	1.6815	1.6675			0.994	1	0.01898	0.00143	0.31253	1	1	0.9905	0	0
450035	St Joseph Medical Center	26420	26420	26420	26420	48201	7	lurban	lurban	N	1.0021				N		1	0.135	0.2627	248	132	0.07104	0.07695	0.6561	0.10836	0.14209	0.10836	0.00044	2847	0.000537	3211.19	0.144	0.022	0		1217	1183.18	1.8615	1.8356	1331.08	1.9051	1184.68	1.8683	1.8419	1332.17	1.9129	1.0014	1	0.01684	0.06301	0.11527	1	0.99477	0.9994	0	0
450039	Jps Health Network	23104	23104	23104	23104	48439	7	lurban	lurban	N	0.9707				N		1	0.3026	0.4059	405	313	0.15256	0.12136	0.5184	0.07996	0.11068	0.07996	0.003992	12135.26	0.003612	11392.5	0.244	0.012	0		2912	2869.68	1.7690	1.7527	1481.78	1.6930	2872.01	1.7753	1.7588	1482.76	1.6994	0.9798	1	0.02094	0.01276	0.10918	1	0.99939	0.9992	0	0
450040	Covenant Medical Center	31180	31180	31180	31180	48303	7	ourban	ourban	N	0.8433				N		1	0.0164	0.023	424	271	0.00892	0.00651	0.1821	0.01147	0.03756	0.01147	0.001011	1092.05	0.00084	890.21	0.123	0.011	0		7468	7352.78	2.0302	2.0155	2373.56	1.7896	7359.11	2.0334	2.0185	2375.75	1.7932	0.8898	1	0.09705	0.13935	0.40325	1	0.9951	0.9956	0	0
450042	Providence Health Center	47380	47380	28660	45	48309	7	ourban	rural	S	0.97		YES	YES	N		1	0.0253	0.0365	229	172	0.01373	0.01035	0.1915	0.01299	0	0.01299	0.000165	219.44	0.000854	1075.91	0.231	0.015	0		5592	5486.65	1.7310	1.7206	1223.11	1.6907	5491.81	1.7304	1.7203	1224.04	1.6906	0.9794	1	0.00505	0.00238	0.45778	1	0.99455	0.9933	0	0
450044	Ut Southwestern University Hospital	19124	19124	19124	45	48113	7	ourban	rural	S	0.9655		YES		N		1	0.1037	0.1629	460	325	0.05504	0.04704	0.1965	0.01381	0	0.01381	0.000926	1098.79	0.000597	752.91	0.349	0.037	7		6839	6722.52	2.1128	2.1026	1640.13	2.0254	6729.60	2.1158	2.1061	1642.00	2.0306	0.9762	1	0.21105	0.34694	0.33989	1	1.00776	0.9983	0	0
450046	Christus Spohn Hospital Corpus Christi	18580	18580	18580	18580	48355	7	ourban	ourban	N	0.918				N		1	0.0619	0.0983	487	379	0.03324	0.02813	0.3244	0.03995	0.0679	0.03995	0.003558	4676.39	0.00257	3127.03	0.151	0.005	0		5757	5671.68	1.9390	1.9203	4357.69	1.8716	5674.33	1.9347	1.9162	4360.06	1.8679	0.9431	1	0.01517	0.00173	0.23845	1	0.98965	0.9954	0	0
450051	Methodist Dallas Medical Center	19124	19124	19124	19124	48113	7	lurban	lurban	N	0.9655				N		1	0.1165	0.1718	376	221	0.06162	0.04968	0.4238	0.06045	0.08961	0.06045	0.002061	4815.37	0.001612	3743.89	0.235	0.015	0		3484	3421.06	2.0026	1.9954	2013.47	1.9330	3425.22	2.0073	1.9997	2014.48	1.9349	0.9762	1	0.04794	0.03414	0.21103	1	0.99754	0.9999	0	0
450054	Baylor Scott & White  Clinic - Temple	28660	28660	28660	28660	48027	7	ourban	ourban	N	0.986				N		1	0.262	0.4123	582	444	0.13342	0.12339	0.2826	0.03132	0.0589	0.03132	0.002312	1477.67	0.001721	1111.22	0.228	0.012	0		13168	13009.82	1.9048	1.8955	1385.82	1.8924	13020.15	1.9101	1.9010	1386.93	1.9028	0.9904	1	0.02149	0.0072	0.38561	1	1.00579	0.9986	0	0
450055	Rolling Plains Memorial Hospital	45	45	45	45	48353	7	rural	rural	N	0.8291				Y	0.0032	1	0	0	39	10	0	0	0.2666	0.02802	0	0.02802		0		0	1.047	0.074	16	7264.37	336	326.44	1.1732	1.1660			326.76	1.1730	1.1656			0.8796	1	0.05745	0.04948	0.39141	1.21144	1.02338	0.9948	0	0
450056	Seton Medical Center Austin	12420	12420	12420	12420	48453	7	lurban	lurban	N	0.9293				N		1	0.0103	0	447	261	0.00561	0	0.2983	0.03456	0.06227	0.03456	0.000769	1385.08	0.000673	1099.09	0.149	0.01	0		4070	4006.68	2.0908	2.0845			4015.89	2.0946	2.0883			0.951	1	0.14114	0.10977	0.23693	1	0.99811	0.9951	0	0
450058	Baptist Medical Center	41700	41700	41700	41700	48029	7	lurban	lurban	N	0.842				N		1	0.003	0	1402	731	0.00164	0	0.3825	0.05193	0.08053	0.05193	0.002828	1805.12	0.00224	1338.93	0.111	0.009	0		11889	11646.43	1.8457	1.8274	33.60	1.6911	11664.70	1.8468	1.8290	33.62	1.7147	0.8889	1	0.00966	0.01296	0.20549	1	0.9968	0.9997	0	0
450064	Texas Health Arlington Memorial Hospital	23104	23104	23104	23104	48439	7	lurban	lurban	N	0.9707				N		1	0	0	277	164	0	0	0.2557	0.02578	0.05314	0.02578	0.00107	2607.51	0.000561	1276.05	0.224	0.013	0		3076	3006.39	1.6587	1.6483			3010.51	1.6601	1.6498			0.9798	1	0.04398	0.02528	0.29975	1	0.99865	0.9928	0	0
450068	Memorial Hermann Texas Medical Center	26420	26420	26420	26420	48201	7	lurban	lurban	N	1.0021				N		1	0.3918	0.5688	948	664	0.19341	0.17412	0.4612	0.06816	0.09789	0.06816	0.003284	3904.1	0.003008	3827.2	0.2	0.018	0		7218	7093.18	2.7577	2.7391	4554.42	2.6852	7103.41	2.7735	2.7540	4560.17	2.7047	1.0014	1	0.11099	0.16597	0.15771	1	0.99685	0.9985	0	0
450072	Brazosport Regional Health System	26420	26420	26420	26420	48039	7	lurban	lurban	N	1.0021				N		1	0	0	80	41	0	0	0.1783	0.01085	0	0.01085	0.000346	2076.51	0.000251	1414.44	0.305	0.017	0		1210	1165.95	1.3661	1.3433			1167.89	1.3646	1.3423			1.0014	1	0.00103	0.00046	0.38543	1	1.00441	0.9974	0	0
450078	Anson General Hospital	10180	10180	45	45	48253	7	ourban	rural	S	0.8275		YES		N		1	0	0	7	5	0	0	0.2085	0.01604	0	0.01604	0.000004	123.53	0.000005	154.05	0.755	0.041	14	8255.2	232	231.22	0.9336	0.9325			231.25	0.9290	0.9280			0.8784	1	0.09349	0.05564	0.83096	1.25	1	0.9998	0	0
450079	Baylor Medical Center At Irving	19124	19124	19124	19124	48113	7	lurban	lurban	N	0.9655				N		1	0	0	189	136	0	0	0.2861	0.03205	0.05965	0.03205	0.000915	2266.56	0.000692	1678.6	0.247	0.018	0		3182	3139.18	1.6021	1.5878			3141.70	1.5995	1.5854			0.9762	1	0.02286	0.01896	0.32906	1	1.00107	0.9984	0	0
450080	Titus Regional Medical Center	45	45	30980	45	48449	7	rural	rural	W	0.8275				N		1	0	0	96	25	0	0	0.3351	0.04215	0	0.04215	0.000328	2736.51	0.0002	1630.64	0.334	0.03	17	5985.82	948	909.04	1.4898	1.4661			910.89	1.4884	1.4647			0.8784	1	0.00672	0.01215	0.32815	1.07076	0.99792	0.9977	0	0
450082	Christus Spohn Hospital Beeville	45	45	45	45	48025	7	rural	rural	N	0.837				Y	0.019	1	0	0	49	14	0	0	0.3961	0.03	0	0.03	0.000183	3117.85		0	0.189	0.012	16	6843.37	477	456.31	1.2146	1.1983			457.24	1.2101	1.1941			0.8853	1	0.00095	0.00148	0.3208	1.15068	1.00147	1.0000	0	0
450083	Ut Health East Texas Tyler Regional Hospital	46340	46340	46340	46340	48423	7	ourban	ourban	N	0.8348				N		1	0	0	451	278	0	0	0.2136	0.01709	0.0442	0.01709	0.001238	1293.32	0.001348	1359.33	0.138	0.007	0		7676	7553.42	1.9866	1.9704			7560.48	1.9876	1.9708			0.8837	1	0.04553	0.01904	0.39805	1	0.99401	0.9848	0	0
450085	Graham Regional Medical Center	45	45	45	45	48503	7	rural	rural	N	0.8275				N		1	0	0	25	5	0	0	0.0927	0	0	0		0		0	0.456	0.063	16	4308.43	365	354.94	1.2591	1.2536			355.35	1.2523	1.2467			0.8784	1	0.00409	0.00957	0.63697	1.24046	1	0.9998	0	0
450087	Medical City North Hills	23104	23104	23104	23104	48439	7	lurban	lurban	N	0.9707				N		1	0	0	137	81	0	0	0.0818	0	0.0167	0		0		0	0.104	0.008	0		1980	1950.41	1.6837	1.6789			1952.18	1.6832	1.6785			0.9798	1	0.0387	0.03778	0.33036	1	1.00155	0.9913	0	0
450090	North Texas Medical Center	45	45	19124	45	48097	7	rural	rural	W	0.9655				N		1	0	0	48	9	0	0	0.2917	0.03	0	0.03	0.000163	2963.96	0.000118	2417.19	0.273	0.047	16	5785.61	594	583.79	1.3174	1.3088			583.94	1.3175	1.3089			0.9762	1	0.01443	0.06054	0.32512	1.17167	0.98896	0.9980	0	0
450092	Fort Duncan Medical Center	45	45	45	45	48323	7	rural	rural	N	0.8275				N		1	0	0	86	37	0	0	0.6452	0.03	0	0.03	0.000204	1323.27	0.000198	1286.36	0.109	0.017	16	5429.12	1344	1306.16	1.4884	1.4696			1307.80	1.4800	1.4613			0.8784	1	0.00196	0.00951	0.34338	1	0.9979	0.9997	0	0
450097	Hca Houston Healthcare Southeast	26420	26420	26420	26420	48201	7	lurban	lurban	N	1.0021				N		1	0	0	368	253	0	0	0.44	0.06379	0.09319	0.06379	0.001786	4907.01	0.001443	3284.48	0.105	0.01	0		2121	2094.16	1.7906	1.7784			2095.62	1.7989	1.7866			1.0014	1	0.00525	0.01398	0.1881	1	0.99498	0.9941	0	0
450099	Pampa Regional Medical Center	45	45	45	45	48179	7	rural	rural	N	0.8275				N		1	0	0	32	17	0	0	0.1855	0.01202	0	0.01202	0.000181	1742.78	0.000126	1213.93	0.205	0.023	16	5576.3	747	726.07	1.5818	1.5758			727.27	1.5787	1.5724			0.8784	1	0.00663	0.01727	0.43853	1	1.0047	0.9895	0	0
450101	Baylor Scott & White Medical Center Hillcrest	47380	47380	28660	45	48309	7	ourban	rural	S	0.97		YES	YES	N		1	0.0731	0.1232	210	144	0.03913	0.03538	0.369	0.04914	0	0.04914	0.000736	1532.94	0.000529	1161.87	0.203	0.018	7		4193	4112.48	1.6753	1.6577	948.42	1.6289	4117.41	1.6730	1.6555	949.53	1.6308	0.9794	1	0.00352	0.00595	0.29133	1	0.99792	0.9977	0	0
450102	Christus Mother Frances Hospital	46340	46340	46340	46340	48423	7	ourban	ourban	N	0.8348				N		1	0.0057	0.0085	452	275	0.00311	0.0024	0.2405	0.02264	0.04991	0.02264	0.000978	862.71	0.00129	1117.82	0.139	0.007	0		9166	8962.60	1.9356	1.9194	2527.00	1.9447	8975.78	1.9391	1.9229	2530.34	1.9466	0.8837	1	0.01646	0.00539	0.36857	1	1.00169	0.9990	0	0
450104	Guadalupe Regional Medical Center	41700	41700	41700	41700	48187	7	lurban	lurban	N	0.842				N		1	0	0	103	33	0	0	0.2929	0.03345	0.06111	0.03345	0.000364	2015.14	0.000295	1550.9	0.312	0.047	0		1446	1406.45	1.5530	1.5319			1407.92	1.5532	1.5325			0.8889	1	0.03121	0.09064	0.3905	1	1.00266	0.9968	0	0
450107	Las Palmas Medical Center	21340	21340	29740	21340	48141	7	ourban	ourban	W	0.8648				N		1	0	0	494	333	0	0	0.4665	0.06925	0.09907	0.06925	0.001308	2110.01	0.001195	1776.53	0.084	0.008	0		4594	4519.06	1.8675	1.8574			4522.06	1.8720	1.8618			0.9053	1	0.02459	0.04388	0.2234	1	0.99697	0.9895	0	0
450108	Connally Memorial Medical Center	41700	41700	41700	41700	48493	7	lurban	lurban	N	0.842				N		1	0	0	44	10	0	0	0.0607	0	0	0		0		0	0.305	0.049	0		347	336.63	1.2506	1.2246			336.89	1.2476	1.2207			0.8889	1	0	0	0.48829	1.21553	0.99808	0.9975	0	0
450119	South Texas Health System	32580	32580	15180	45	48215	7	ourban	rural	S	0.9018		YES	YES	N		1	0.0238	0.049	706	321	0.01292	0.01392	0.6511	0.10733	0	0.10733	0.001359	2566.71	0.001322	2490.7	0.088	0.008	7		4539	4480.29	1.7136	1.6895	2380.28	1.7749	4482.35	1.7197	1.6955	2380.92	1.7824	0.9317	1	0.0127	0.02503	0.19817	1	1.00541	0.9977	0	0
450124	Dell Seton  Med Center At The University Of Tx	12420	12420	12420	12420	48453	7	lurban	lurban	N	0.9293				N		1	0.326	0.3838	200	170	0.16344	0.11439	0.3009	0.0351	0.06283	0.0351	0.003269	14181.32	0.002295	10017.94	0.153	0.015	0		2016	1985.82	2.0835	2.0587	848.20	1.9667	1988.56	2.1025	2.0784	849.11	1.9906	0.951	1	0.08504	0.16498	0.17597	1	0.99401	0.9979	0	0
450128	Knapp Medical Center	32580	32580	32580	32580	48215	7	ourban	ourban	N	0.8433				N		1	0	0	186	87	0	0	0.6057	0.09796	0.13049	0.09796	0.000865	3018.4	0.000718	2513.52	0.224	0.02	0		2459	2425.53	1.5931	1.5822			2426.70	1.5946	1.5836			0.8898	1	0.00162	0.00314	0.29267	1	1.00403	0.9964	0	0
450130	Nix Health Care System	41700	41700	41700	41700	48029	7	lurban	lurban	N	0.842				N		1	0	0	201	115	0	0	0.5856	0.09382	0.1259	0.09382	0.000344	1823.08	0.000289	1344.06	0.181	0.016	0		1484	1457.41	1.7710	1.7435			1458.62	1.7750	1.7509			0.8889	1	0.02702	0.03711	0.21346	1	0.99671	0.9994	0	0
450132	Medical Center Hospital	36220	36220	36220	36220	48135	7	ourban	ourban	N	0.9157				Y	0.0095	1	0.1085	0.1926	331	184	0.05751	0.05586	0.3282	0.04073	0.06872	0.04073	0.001046	2109.87	0.000901	1804.04	0.222	0.013	0		4010	3945.61	1.6850	1.6684	897.82	1.7223	3947.82	1.6887	1.6720	898.20	1.7310	0.9415	1	0.01417	0.00737	0.343	1	1	0.9997	1	0
450133	Midland Memorial Hospital	33260	33260	36220	45	48329	7	ourban	rural	S	0.9062		YES	YES	N		1	0.0481	0.0996	231	147	0.02593	0.02851	0.227	0.01986	0	0.01986	0.001256	3398.38	0.000777	1938.42	0.268	0.033	7		2756	2713.19	1.7062	1.6886	372.62	1.7384	2715.09	1.7056	1.6882	372.66	1.7424	0.9348	1	0.04618	0.11503	0.33549	1	0.99375	0.9970	0	0
450135	Texas Health Harris Methodist Fort Worth	23104	23104	23104	23104	48439	7	lurban	lurban	N	0.9707				N		1	0.0044	0.0063	644	523	0.0024	0.00178	0.2708	0.02889	0.05637	0.02889	0.002003	1547.46	0.001604	1231.18	0.218	0.015	0		10412	10296.68	1.8492	1.8417	5457.47	1.9064	10303.12	1.8530	1.8459	5460.90	1.9144	0.9798	1	0.0445	0.02979	0.27779	1	0.99401	0.9967	0	0
450137	Baylor Scott And White All Saints Medical Center	23104	23104	23104	23104	48439	7	lurban	lurban	N	0.9707				N		1	0	0	356	228	0	0	0.3755	0.05048	0.079	0.05048	0.000643	1286.33	0.000686	1380.7	0.264	0.011	0		4114	4069.45	1.9421	1.9242			4071.85	1.9500	1.9328			0.9798	1	0.06611	0.01396	0.23657	1	0.99695	0.9982	0	0
450143	Seton Smithville Regional Hospital	12420	12420	12420	12420	48021	7	lurban	lurban	N	0.9293				N		1	0	0	9	1	0	0	0.1307	0	0	0		0		0	0.622	0.052	0		80	76.24	1.0086	0.9919			76.43	1.0032	0.9868			0.951	1	0.04871	0.05234	0.53595	1.25	1	1.0000	0	0
450144	Permian Regional Medical Center Andrews County Ho	45	45	36220	45	48003	7	rural	rural	W	0.9062				N		1	0	0	41	4	0	0	0.4796	0.03	0	0.03	0.000173	9746.67	0.000108	6016.63	0.506	0.091	16	8710.38	116	112.66	1.1866	1.1863			112.97	1.1814	1.1803			0.9348	1	0	0	0.18735	1.23114	1	1.0000	0	0
450147	Detar Healthcare System	47020	47020	47020	47020	48469	7	ourban	ourban	N	0.8598				N		1	0.0374	0	179	97	0.02023	0	0.2952	0.03392	0.0616	0.03392	0.000279	704.4	0.000266	656.65	0.096	0.009	0		3114	3050.13	1.6240	1.6072	366.63	1.6348	3054.53	1.6228	1.6061	366.96	1.6343	0.9017	1	0.00952	0.01616	0.42071	1	1.00453	0.9894	0	0
450148	Texas Health Harris Methodist Hospital Cleburne	23104	23104	23104	23104	48251	7	lurban	lurban	N	0.9707				N		1	0	0	109	37	0	0	0.2082	0.01598	0.04306	0.01598	0.000385	2901.61	0.000266	1881.83	0.235	0.023	0		1017	982.39	1.3696	1.3556			983.89	1.3664	1.3525			0.9798	1	0.00273	0.00492	0.33488	1	0.99771	0.9886	0	0
450152	Metroplex Hospital	28660	28660	28660	28660	48027	7	ourban	ourban	N	0.986				N		1	0	0	208	62	0	0	0.4004	0.05562	0.08446	0.05562	0.000482	2170.91	0.000322	1416.68	0.214	0.02	0		1876	1814.33	1.5573	1.5421			1817.52	1.5570	1.5426			0.9904	1	0.00238	0.00436	0.33273	1	1.00439	0.9979	0	0
450154	Val Verde Regional Medical Center	45	45	45	45	48465	7	rural	rural	N	0.8275				N		1	0	0	47	19	0	0	0.5786	0.03	0	0.03	0.000125	1423.95	0.000122	1393.82	0.32	0.033	16	5891.43	703	681.73	1.3772	1.3608			682.37	1.3776	1.3615			0.8784	1	0.00147	0.0037	0.30605	1.0953	1.00604	0.9992	0	0
450155	Hereford Regional Medical Center	45	45	45	45	48117	7	rural	rural	N	0.8275				N		1	0	0	32	6	0	0	0.4391	0.03	0	0.03	0.000117	8040.5	0.000084	5066.98	0.699	0.018	0		102	99.55	1.1394	1.1318			99.67	1.1360	1.1292			0.8784	1	0	0	0.23972	1.23167	1	1.0000	0	0
450162	Grace Medical Center	31180	31180	31180	31180	48303	7	ourban	ourban	N	0.8433				N		1	0	0	92	8	0	0	0.0361	0	0	0		0		0	0.302	0.037	0		475	471.70	2.4471	2.4362			471.87	2.4137	2.4030			0.8898	1	0.0229	0.05876	0.45641	1	1	1.0000	0	0
450163	Christus Spohn Hospital Kleberg	45	45	18580	45	48273	7	rural	rural	W	0.8851				N		1	0	0	50	37	0	0	0.2932	0.03	0	0.03	0.000303	3075.45	0.000208	1957.41	0.159	0.009	16	5863.73	723	710.43	1.1976	1.1908			711.19	1.1893	1.1826			0.9198	1	0.00046	0.00019	0.31831	1.11356	0.99692	0.9859	0	0
450165	Methodist Hospital South	41700	41700	41700	41700	48013	7	lurban	lurban	N	0.842				N		1	0	0	67	14	0	0	0.3655	0.03	0	0.03	0.000127	2057.21	0.000096	1511.87	0.209	0.045	16	5016.87	473	453.32	1.2678	1.2483			454.10	1.2670	1.2470			0.8889	1	0.01003	0.05974	0.35297	1.16894	1.0029	0.9985	0	0
450176	Mission Regional Medical Center	32580	32580	32580	32580	48215	7	ourban	ourban	N	0.8433				N		1	0	0	229	104	0	0	0.7077	0.119	0.15409	0.119	0.000506	1776.59	0.000506	1750.7	0.208	0.016	0		2506	2474.04	1.7131	1.6981			2475.97	1.7122	1.6973			0.8898	1	0.02922	0.0276	0.29988	1	1.01186	0.9917	0	0
450184	Memorial Hermann Hospital System	26420	26420	26420	26420	48201	7	lurban	lurban	N	1.0021				N		1	0.0313	0.0523	1343	830	0.01696	0.01487	0.3608	0.04745	0.0758	0.04745	0.004895	2786.36	0.003772	2151.74	0.22	0.021	0		14394	14109.93	1.9223	1.8982	10520.45	1.8447	14124.29	1.9264	1.9026	10529.17	1.8486	1.0014	1	0.01383	0.02215	0.22284	1	0.9996	0.9862	0	0
450187	Scott & White Hospital Brenham	45	45	45	45	48477	7	rural	rural	N	0.8275				N		1	0	0	50	11	0	0	0.3519	0.03	0	0.03	0.000111	1724.82	0.000081	1371.91	0.411	0.016	0		619	596.96	1.3310	1.3151			597.53	1.3323	1.3161			0.8784	1	0.00058	0.00001	0.37585	1.18894	0.99479	0.9998	0	0
450192	Hill Regional Hospital	45	45	23104	23104	48217	7	rural	lurban	L	0.9707	LUGAR			N		1	0	0	62	7	0	0	0.3111	0.03	0	0.03	0.000104	2393.68	0.000072	1475.44	0.239	0.077	16	4645.63	355	338.92	1.2512	1.2443			339.77	1.2481	1.2411			0.9798	1	0	0	0.39356	1.2172	0.99043	0.9994	0	0
450193	Chi St Luke's Health Baylor College Of Medicine Me	26420	26420	26420	26420	48201	7	lurban	lurban	N	1.0021				N		1	0.1602	0.2117	654	417	0.08374	0.06156	0.1734	0.01005	0.03574	0.01005	0.001206	1500.01	0.00098	1150.5	0.238	0.013	0		6065	6004.21	2.9636	2.9572	4364.46	2.3310	6008.56	2.9732	2.9670	4366.37	2.3324	1.0014	1	0.24837	0.12766	0.31623	1	1.00069	0.9933	0	0
450194	Ut Health East Texas Jacksonville Hospital	45	45	45	45	48073	7	rural	rural	N	0.8275				N		1	0	0	38	13	0	0	0.4245	0.03	0	0.03	0.000104	2465.52	0.000071	1385.61	0.152	0.024	16	5891.7	261	256.94	1.2747	1.2712			257.17	1.2700	1.2665			0.8784	1	0	0	0.28501	1.17227	0.99512	0.9976	0	0
450196	Paris Regional Medical Center	45	45	19124	45	48277	7	rural	rural	W	0.9655				N		1	0	0	230	70	0	0	0.2446	0.02349	0	0.02349		0		0	0.203	0.02	17	6183.43	3374	3240.08	1.6288	1.6189			3245.82	1.6268	1.6167			0.9762	1	0.00355	0.00721	0.5537	1	0.99683	0.9975	0	0
450200	Wadley Regional Medical Center	45500	45500	45500	45	48037	7	ourban	rural	S	0.8457		YES		N		1	0.0497	0.1347	175	73	0.02678	0.03874	0.3885	0.05317	0	0.05317	0.000124	401.93	0.000183	560.29	0.21	0.012	7		2315	2277.23	1.7471	1.7361	468.68	1.7576	2279.87	1.7477	1.7370	468.89	1.7611	0.8916	1	0.04289	0.02373	0.42704	1	0.9992	0.9936	0	0
450203	Medical City Weatherford	23104	23104	23104	23104	48367	7	lurban	lurban	N	0.9707				N		1	0.216	0	82	56	0.11127	0	0.181	0.01129	0	0.01129	0.000232	980.53	0.000167	703.2	0.177	0.032	0		1989	1960.06	1.4625	1.4503	595.24	1.4968	1961.18	1.4589	1.4471	595.59	1.4907	0.9798	1	0.0177	0.08904	0.41522	1	0.99429	0.9938	0	0
450209	Northwest Texas Hospital	11100	11100	32	45	48375	7	ourban	rural	S	0.8771		YES	YES	N		1	0.1522	0.2772	347	171	0.07973	0.08137	0.4689	0.06975	0	0.06975	0.001156	2662.15	0.001042	2437.75	0.136	0.012	7		3641	3550.98	1.8846	1.8594	869.04	1.8087	3554.70	1.8791	1.8533	869.79	1.8134	0.9141	1	0.01115	0.02069	0.22454	1	0.99541	0.9989	0	0
450210	Ut Health East Texas Carthage Hospital	45	45	45	45	48365	7	rural	rural	N	0.8275				N		1	0	0	42	5	0	0	0.2407	0.02268	0	0.02268	0.000085	2234.61	0.00008	2002.96	0.173	0.014	16	5372.88	335	324.93	0.9798	0.9664			325.23	0.9790	0.9658			0.8784	1	0	0	0.46833	1.23985	1	0.9887	0	0
450211	Chi St Lukes Health Memorial Lufkin	45	45	45	45	48005	7	rural	rural	N	0.8275				N		1	0	0	172	74	0	0	0.1679	0.00916	0	0.00916	0.00056	1697.12	0.0004	1154.22	0.162	0.024	7		2558	2488.53	1.8503	1.8256			2491.08	1.8528	1.8275			0.8784	1	0.01221	0.0514	0.48279	1	0.99619	0.9881	0	0
450213	University Health System	41700	41700	12420	45	48029	7	ourban	rural	S	0.9048		YES	YES	N		1	0.5525	0.833	595	440	0.26325	0.265	0.5034	0.07686	0	0.07686	0.00557	11556.83	0.004275	9217.81	0.276	0.032	7		3901	3835.20	2.0507	2.0189	2102.04	2.0507	3839.11	2.0604	2.0296	2102.88	2.0649	0.9338	1	0.07124	0.20789	0.14022	1	0.99166	0.9995	0	0
450219	Baylor Scott & White Medical Center - Llano	45	45	45	45	48299	7	rural	rural	N	0.8275				N		1	0	0	25	1	0	0	0.062	0	0	0		0		0	0.741	0.054	16	3927.98	117	110.66	1.0143	1.0052			110.88	1.0107	1.0015			0.8784	1	0	0	0.67715	1.25	1	0.9900	0	0
450222	Hca Houston Healthcare Conroe	26420	26420	26420	26420	48339	7	lurban	lurban	N	1.0021				N		1	0.0733	0.0982	276	190	0.03924	0.0281	0.2621	0.0271	0.05451	0.0271	0.001135	2033.7	0.000784	1332.07	0.094	0.011	0		4292	4232.48	1.6294	1.6063	2329.68	1.6719	4235.88	1.6308	1.6076	2331.11	1.6762	1.0014	1	0.00748	0.01998	0.33328	1	0.99517	0.9808	0	0
450229	Hendrick Medical Center	10180	10180	10180	45	48441	7	ourban	rural	S	0.8587		YES		N		1	0	0	318	201	0	0	0.2434	0.02324	0	0.02324	0.000648	873.91	0.00065	861.88	0.141	0.01	7		5959	5861.10	1.8507	1.8395			5866.39	1.8489	1.8373			0.9009	1	0.03418	0.03163	0.42159	1	0.99728	0.9920	0	0
450231	Baptist St Anthony's Hospital	11100	11100	11100	11100	48375	7	ourban	ourban	N	0.8444				N		1	0.0235	0.0365	421	230	0.01276	0.01035	0.1655	0.00877	0.03408	0.00877	0.001098	1224.38	0.000677	747.8	0.189	0.049	0		7152	7025.62	1.6996	1.6885	1526.08	1.5802	7031.49	1.7013	1.6899	1527.29	1.5843	0.8906	1	0.03301	0.22178	0.37405	1	1.00486	0.9988	0	0
450235	Memorial Hospital	45	45	45	45	48177	7	rural	rural	N	0.8275				N		1	0	0	34	6	0	0	0.2604	0.02675	0	0.02675	0.000146	4696.51	0.000088	2759.48	0.707	0.053	16	5175.93	269	263.70	1.4105	1.4048			264.02	1.4071	1.4014			0.8784	1	0.0697	0.08676	0.41897	1.24008	0.99972	0.9998	0	1
450236	Christus Mother Frances Hospital Sulphur Springs	45	45	45	45	48223	7	rural	rural	N	0.8275				N		1	0	0	82	26	0	0	0.3473	0.03	0	0.03	0.000194	1382.27	0.000147	986.32	0.163	0.03	0		1155	1116.69	1.5250	1.5100			1118.12	1.5210	1.5058			0.8784	1	0.00395	0.02836	0.42519	1.01561	1.00195	0.9937	0	0
450237	Christus Santa Rosa Medical Center	41700	41700	12420	45	48029	7	ourban	rural	S	0.9048		YES	YES	N		1	0.0729	0.15	405	202	0.03903	0.04324	0.2344	0.02138	0	0.02138	0.001737	2139.27	0.001277	1653.8	0.179	0.012	7		7101	6916.47	1.7234	1.7107	2544.21	1.6218	6926.10	1.7224	1.7102	2546.83	1.6220	0.9338	1	0.0097	0.00834	0.35842	1	1	0.9993	0	0
450241	Faith Community Hospital	45	45	45	45	48237	7	rural	rural	N	0.8275				N		1	0	0	17	2	0	0	0.2921	0.03	0	0.03	0.000103	10532.99	0.000053	5659.77	1.123	0.018	16	5197.56	89	86.02	1.0521	1.0417			86.17	1.0487	1.0378			0.8784	1	0	0	0.44194	1.25	1	0.9984	0	0
450243	Hamlin Memorial Hospital	10180	10180	45	45	48253	7	ourban	rural	S	0.8275		YES		N		1	0	0	25	1	0	0	0.1265	0	0	0		0	0.00001	1286.08	1.104	0.078	14	8416.51	43	42.77	0.9344	0.9334			42.79	0.9415	0.9407			0.8784	1	0.14153	0.12386	0.59091	1.25	1	1.0000	1	0
450253	Bellville St Joseph Health Center	26420	26420	26420	26420	48015	7	lurban	lurban	N	1.0021				N		1	0	0	32	1	0	0	0.012944984	0	0	0		0		0	0.19	0.018	0		51	50.47	0.9575	0.9474			50.52	0.9476	0.9390			1.0014	1	0	0	0.38511	1.25	1	1.0000	0	0
450271	Wise Regional Health System	23104	23104	23104	23104	48497	7	lurban	lurban	N	0.9707				N		1	0	0	88	47	0	0	0.1658	0.00882	0	0.00882	0.000546	2399.67	0.000427	1941.68	0.267	0.032	0		1960	1917.86	1.5288	1.5147			1919.88	1.5259	1.5119			0.9798	1	0.03363	0.08725	0.42422	1	0.99152	0.9962	0	0
450272	Central Texas Medical Center	12420	12420	12420	12420	48209	7	lurban	lurban	N	0.9293				N		1	0	0	157	38	0	0	0.3085	0.03667	0.06446	0.03667	0.000363	2660.62	0.000247	1612.16	0.222	0.017	0		1004	976.67	1.4536	1.4362			977.70	1.4451	1.4268			0.951	1	0.00263	0.00303	0.31159	1	1.00809	0.9955	0	0
450280	Baylor Scott & White Medical Center Garland	19124	19124	19124	19124	48113	7	lurban	lurban	N	0.9655				N		1	0.1234	0.1315	112	86	0.06514	0.03781	0.1765	0.01056	0.03639	0.01056	0.00067	2313.4	0.000501	1304.21	0.262	0.013	0		990	968.01	1.4316	1.4216	257.65	1.4491	969.03	1.4350	1.4248	258.01	1.4392	0.9762	1	0.01753	0.00885	0.43391	1	1	0.9977	0	0
450289	Harris Health System	26420	26420	26420	26420	48201	7	lurban	lurban	N	1.0021				N		1	0.8748	0.9422	645	447	0.39133	0.30459	0.7245	0.12247	0.15802	0.12247	0.021274	115730.63	0.014618	68130.44	0.438	0.018	0		1307	1295.19	1.7810	1.7676	919.88	1.7328	1295.57	1.7857	1.7727	920.22	1.7377	1.0014	1	0	0	0.05707	1	0.99526	0.9996	0	0
450292	Texas Health Presbyterian Hospital Kaufman	19124	19124	19124	19124	48257	7	lurban	lurban	N	0.9655				N		1	0	0	68	14	0	0	0.1278	0	0	0		0	0.000143	1558.99	0.319	0.016	0		524	504.92	1.1906	1.1807			505.82	1.1905	1.1807			0.9762	1	0.01097	0.0034	0.48674	1.15227	1.00579	0.9919	0	0
450299	College Station Medical Center	17780	17780	17780	17780	48041	7	ourban	ourban	N	0.8753				N		1	0.0049	0.0244	152	40	0.00268	0.00691	0.3965	0.05482	0.0836	0.05482	0.000156	1174.99	0.000175	1146.59	0.122	0.017	0		976	960.89	1.8907	1.8856	250.43	1.7750	961.36	1.8807	1.8744	250.63	1.7786	0.9128	1	0.06321	0.18156	0.31164	1	0.99315	0.9912	0	0
450306	Stamford Memorial Hospital	10180	10180	10180	10180	48253	7	ourban	ourban	N	0.8587				N		1	0	0	22	1	0	0	0.1829	0.0116	0	0.0116	0.000006	1110.97	0.000012	1424.38	0.194	0.02	0		34	33.42	0.8986	0.8966			33.51	0.8965	0.8943			0.9009	1	0	0	0.66163	1.25	1	1.0000	0	0
450324	Texoma Medical Center	43300	43300	19124	43300	48181	7	ourban	ourban	W	0.9655				N		1	0.0564	0.0255	277	174	0.03033	0.00722	0.2042	0.01515	0.04222	0.01515	0.000625	755.48	0.00055	726.84	0.147	0.016	0		7503	7368.04	1.6863	1.6708	1560.38	1.5852	7375.53	1.6868	1.6712	1561.36	1.5850	0.9762	1	0.01176	0.02174	0.45244	1	1.00117	0.9873	0	0
450330	Oakbend Medical Center	26420	26420	26420	26420	48157	7	lurban	lurban	N	1.0021				N		1	0	0.0103	160	62	0	0.00291	0.3225	0.03955	0.06749	0.03955	0.000517	2794.6	0.000395	2116.82	0.337	0.015	0		1483	1444.32	1.5756	1.5474			1445.65	1.5812	1.5530			1.0014	1	0.02471	0.00281	0.32093	1	1.00539	0.9991	0	1
450340	San Angelo Community Medical Center	41660	41660	41660	41660	48451	7	ourban	ourban	N	0.8347				N		1	0	0	131	48	0	0	0.2944	0.03376	0.06143	0.03376	0.000118	659.5	0.000116	628.65	0.124	0.008	0		1321	1290.38	1.8253	1.8025			1291.67	1.8274	1.8048			0.8836	1	0.02748	0.01627	0.37858	1	1.00254	0.9880	0	0
450346	Baptist Beaumont Hospital	13140	13140	26420	45	48245	7	ourban	rural	S	0.9912		YES	YES	N		1	0	0	371	172	0	0	0.3053	0.03601	0	0.03601	0.000906	1744.54	0.000766	1379.03	0.144	0.014	7		4023	3935.43	1.6472	1.6392			3940.46	1.6486	1.6407			0.994	1	0.00477	0.00878	0.27145	1	0.99728	0.9930	0	0
450347	Huntsville Memorial Hospital	45	45	26420	45	48471	7	rural	rural	W	0.9912				N		1	0	0	87	51	0	0	0.1478	0	0	0		0	0.000158	968.34	0.242	0.017	0		1349	1322.20	1.4015	1.3860			1323.37	1.4005	1.3852			0.994	1	0.00049	0.00026	0.29184	1	0.99417	0.9910	0	0
450348	Falls Community Hospital And Clinic	47380	47380	45	45	48145	7	ourban	rural	S	0.8275		YES		N		1	0	0	36	4	0	0	0.2625	0.02718	0	0.02718	0.000074	3008.58		0	0.342	0.017	16	6644.78	196	192.47	0.9425	0.9366			192.58	0.9376	0.9317			0.8784	1	0	0	0.56336	1.25	1	0.9997	1	0
450351	Texas Health Harris Methodist Hospital Stephenvill	45	45	23104	45	48143	7	rural	rural	W	0.9707				N		1	0	0	54	18	0	0	0.1987	0.01416	0	0.01416	0.000148	1573.4	0.000114	1125.28	0.332	0.027	16	6072.32	652	637.38	1.2829	1.2776			637.78	1.2821	1.2767			0.9798	1	0.00624	0.00791	0.47581	1.12811	1.00375	0.9977	0	0
450352	Hunt Regional Medical Center	19124	19124	19124	19124	48231	7	lurban	lurban	N	0.9655				N		1	0.0528	0.0996	122	62	0.02843	0.02851	0.3374	0.04263	0.07071	0.04263	0.000437	1449.25	0.000327	1100.47	0.288	0.026	0		2491	2437.78	1.3994	1.3864	319.24	1.3848	2439.97	1.3970	1.3838	319.50	1.3807	0.9762	1	0.00503	0.00762	0.39595	1	0.99579	0.9892	0	0
450358	Houston Methodist Hospital	26420	26420	26420	26420	48201	7	lurban	lurban	N	1.0021				N		1	0.2514	0.3455	914	617	0.12836	0.10241	0.1471	0	0.03024	0		0	0.001013	613.99	0.178	0.014	0		13682	13534.42	2.4214	2.4117	4340.37	2.2367	13548.41	2.4348	2.4254	4342.67	2.2357	1.0014	1	0.21422	0.18943	0.41253	1	1.00304	0.9952	0	0
450369	Childress Regional Medical Center	45	45	45	45	48075	7	rural	rural	N	0.8275				N		1	0	0	39	5	0	0	0.6281	0.03	0	0.03	0.000074	2506.51		0	0.585	0.033	16	6090.58	250	247.43	1.2077	1.2043			247.53	1.2013	1.1980			0.8784	1	0.02665	0.01667	0.39515	1.25	1.00958	0.9992	0	0
450370	Columbus Community Hospital	45	45	26420	45	48089	7	rural	rural	W	0.9912				N		1	0	0	40	10	0	0	0.3063	0.03	0	0.03	0.000061	1116.8	0.000048	743.37	0.516	0.018	16	5776.58	390	385.20	1.1559	1.1506			385.40	1.1604	1.1552			0.994	1	0.00427	0	0.55253	1.21008	0.99915	1.0000	0	0
450372	Baylor Scott & White Medical Center- Waxahachie	19124	19124	19124	19124	48139	7	lurban	lurban	N	0.9655				N		1	0	0	96	67	0	0	0.1802	0.01116	0	0.01116	0.000479	1555.94	0.000288	1053.26	0.264	0.031	0		2780	2722.13	1.3925	1.3827			2725.22	1.3901	1.3807			0.9762	1	0.01115	0.02428	0.36791	1	1.00309	0.9910	0	0
450379	Dallas Medical Center	19124	19124	19124	19124	48113	7	lurban	lurban	N	0.9655				N		1	0	0	119	37	0	0	0.2898	0.03281	0.06044	0.03281	0.00013	1372.67	0.000107	1050.52	0.189	0.029	0		752	718.31	2.1551	2.0961			719.17	2.1648	2.1041			0.9762	1	0.12806	0.3657	0.22168	1	1.00624	0.9980	0	0
450388	Methodist Hospital	41700	41700	41700	41700	48029	7	lurban	lurban	N	0.842				N		1	0.0059	0.0077	1493	1114	0.00322	0.00218	0.3334	0.0418	0.06984	0.0418	0.003676	1460.45	0.003458	1382.22	0.126	0.013	0		20891	20651.02	1.9210	1.9086	10437.65	1.9225	20666.50	1.9242	1.9120	10444.37	1.9250	0.8889	1	0.0422	0.08014	0.26896	1	0.99223	0.9931	0	0
450389	Ut Health East Texas Athens Hospital	45	45	19124	19124	48213	7	rural	lurban	L	0.9655	LUGAR			N		1	0	0	127	48	0	0	0.2925	0.03337	0.06102	0.03337	0.000426	2117.01	0.000327	1487.56	0.132	0.018	0		1599	1571.18	1.2364	1.2295			1572.82	1.2319	1.2251			0.9762	1	0.00495	0.0154	0.36681	1	0.99304	1.0000	0	0
450395	Memorial Medical Center Livingston	45	45	45	45	48373	7	rural	rural	N	0.8275				N		1	0	0	66	15	0	0	0.3571	0.03	0	0.03	0.000248	3339.27	0.000161	2049.98	0.232	0.032	0		614	602.01	1.3602	1.3542			602.73	1.3605	1.3547			0.8784	1	0.00178	0.01472	0.35791	1.15992	1.00508	0.9979	0	0
450399	Brownfield Regional Medical Center	45	45	45	45	48445	7	rural	rural	N	0.8275				N		1	0	0	26	5	0	0	0.3903	0.03	0	0.03	0.000071	3068.04		0	0.628	0.04	16	7305.33	182	175.68	0.9784	0.9752			175.92	0.9745	0.9712			0.8784	1	0.01492	0.01665	0.28465	1.24606	1	0.9975	0	0
450400	Parkview Regional Hospital	45	45	47380	45	48293	7	rural	rural	W	0.9162				N		1	0	0	49	3	0	0	0.0839	0	0	0		0		0	0.293	0.056	14	5268.97	198	189.87	1.3472	1.3325			190.33	1.3363	1.3223			0.9418	1	0.05162	0.33698	0.59107	1.25	1	0.9985	0	0
450403	Medical City Mckinney	19124	19124	19124	19124	48085	7	lurban	lurban	N	0.9655				N		1	0	0	156	111	0	0	0.2284	0.02015	0.04734	0.02015	0.000579	1495.23	0.000435	1171.68	0.086	0.008	0		3269	3211.43	1.6475	1.6372			3214.12	1.6510	1.6406			0.9762	1	0.0239	0.03366	0.32397	1	0.99849	0.9801	0	0
450411	Eastland Memorial Hospital	45	45	45	45	48133	7	rural	rural	N	0.8275				N		1	0	0	34	6	0	0	0.1281	0	0	0		0		0	0.511	0.057	16	4023.21	232	225.30	1.1450	1.1364			225.55	1.1447	1.1361			0.8784	1	0	0	0.55194	1.25	1	1.0000	0	0
450419	Texas Health Harris Methodist Hospital Azle	23104	23104	23104	23104	48439	7	lurban	lurban	N	0.9707				N		1	0	0	31	14	0	0	0.1171	0	0	0		0		0	0.279	0.018	0		505	490.61	1.2193	1.2107			491.10	1.2172	1.2090			0.9798	1	0	0	0.363	1.16977	1.00067	0.9959	0	0
450422	Baylor Scott And White Medical Center Uptown	19124	19124	19124	19124	48113	7	lurban	lurban	N	0.9655				N		1	0	0	24	6	0	0	0.0197	0	0	0		0		0	0.368	0.062	0		279	271.00	2.2603	2.2656			274.06	2.2474	2.2503			0.9762	1	0.03549	0.12927	0.28997	1	1	1.0000	0	0
450424	Houston Methodist San Jacinto Hospital	26420	26420	26420	26420	48201	7	lurban	lurban	N	1.0021				N		1	0.0703	0.1381	190	132	0.03766	0.03974	0.261	0.02687	0.05427	0.02687	0.000801	2031.03	0.000597	1453.04	0.165	0.013	0		3169	3090.61	1.8275	1.7996	1885.56	1.7006	3098.22	1.7967	1.7724	1889.97	1.6831	1.0014	1	0.02842	0.03209	0.3507	1	0.99657	0.9955	0	0
450431	St David's Medical Center	12420	12420	12420	12420	48453	7	lurban	lurban	N	0.9293				N		1	0	0	484	326	0	0	0.3709	0.04954	0.078	0.04954	0.001005	990.04	0.000965	977.52	0.121	0.011	0		8543	8387.46	2.1871	2.1799			8402.08	2.1972	2.1903			0.951	1	0.03244	0.04936	0.30484	1	1.00659	0.9981	0	0
450447	Navarro Regional Hospital	45	45	45	45	48349	7	rural	rural	N	0.9249				Y	0.0442	1	0	0	49	22	0	0	0.3925	0.05399	0	0.05399	0.000123	1107.2	0.000106	882.56	0.13	0.015	7		835	804.67	1.5166	1.4883			805.96	1.5158	1.4883			0.9479	1	0.00146	0.00391	0.39391	1.0928	1.00169	0.9988	0	0
450451	Glen Rose Medical Center	23104	23104	23104	23104	48425	7	lurban	lurban	N	0.9707				N		1	0	0	16	4	0	0	0.0181	0	0	0		0		0	0.552	0.09	0		134	130.73	1.1090	1.1032			130.99	1.1021	1.0970			0.9798	1	0.00152	0.01545	0.53315	1.25	1	0.9985	0	0
450460	Tyler County Hospital	45	45	45	45	48457	7	rural	rural	N	0.8275				N		1	0	0	25	3	0	0	0.1132	0	0	0		0		0	0.721	0.061	16	5425.96	187	176.46	1.0150	0.9997			177.01	1.0069	0.9909			0.8784	1	0	0	0.68297	1.25	1	0.9951	0	0
450462	Texas Health Presbyterian Hospital  Dallas	19124	19124	19124	19124	48113	7	lurban	lurban	N	0.9655				N		1	0.0629	0.094	535	340	0.03377	0.02688	0.2632	0.02732	0.05474	0.02732	0.001454	1640.98	0.001241	1443.93	0.225	0.018	0		7432	7306.84	1.9709	1.9573	2413.49	2.0698	7315.90	1.9696	1.9565	2415.45	2.0740	0.9762	1	0.03616	0.04235	0.28118	1	0.99534	0.9996	0	0
450465	Matagorda Regional Medical Center	45	45	26420	45	48321	7	rural	rural	W	0.9912				N		1	0	0	46	20	0	0	0.3079	0.03	0	0.03	0.000198	2459.39	0.000145	1628.69	0.417	0.027	16	6201.55	595	574.17	1.3762	1.3651			575.16	1.3710	1.3602			0.994	1	0.0036	0.00297	0.41291	1.13333	0.99785	0.9993	0	0
450469	Wilson N Jones Regional Medical Center	43300	43300	19124	43300	48181	7	ourban	ourban	W	0.9655				N		1	0	0	216	54	0	0	0.181	0.01129	0.03733	0.01129	0.000259	1118.18	0.000182	726.39	0.22	0.031	0		1924	1886.61	1.6738	1.6569			1887.86	1.6751	1.6572			0.9762	1	0.03348	0.10116	0.50848	1	0.99202	0.9908	0	0
450475	Ut Health East Texas Henderson Hospital	30980	30980	30980	30980	48401	7	ourban	ourban	N	0.8275				N		1	0	0	41	11	0	0	0.4689	0.03	0	0.03	0.000113	2041.76	0.000097	1667.76	0.246	0.013	0		443	433.60	1.0284	1.0249			434.41	1.0289	1.0257			0.8784	1	0.00257	0.00183	0.31667	1.17909	1.00835	0.9919	0	0
450484	Woodland Heights Medical Center	45	45	30980	45	48005	7	rural	rural	W	0.8275				N		1	0	0	137	53	0	0	0.2876	0.03236	0	0.03236	0.000119	497.73	0.00011	485.37	0.101	0.011	7		2177	2147.43	1.6594	1.6496			2149.18	1.6616	1.6524			0.8784	1	0.01335	0.03336	0.43683	1	1	0.9953	0	0
450489	Medical Arts Hospital	45	45	45	45	48115	7	rural	rural	N	0.8275				N		1	0	0	22	3	0	0	0.3803	0.03	0	0.03	0.000101	8290.06	0.000069	6086.61	0.702	0.134	16	7277.88	132	129.36	1.0061	0.9979			129.49	1.0014	0.9932			0.8784	1	0	0	0.30471	1.25	1	1.0000	0	1
450497	Central Hospital Of Bowie Lp	45	45	45	45	48337	7	rural	rural	N	0.8275				N		1	0		33	0	0	0.52699	0	0	0	0		0		0	0.32	0.033	14	4711.39	8	7.60	0.8395	0.8382			7.67	0.8363	0.8348			0.8784	1	3.07906	3.87736		1	1	1.0000	0	1
450498	Stephens Memorial Hospital	45	45	45	45	48429	7	rural	rural	N	0.8275				N		1	0	0	25	2	0	0	0.112	0	0	0		0		0	0.615	0.047	16	5067.47	159	151.86	0.9897	0.9809			152.07	0.9898	0.9814			0.8784	1	0	0	0.67582	1.25	1	1.0000	0	0
450508	Memorial Hospital	45	45	45	45	48347	7	rural	rural	N	0.8275				N		1	0	0	104	48	0	0	0.3551	0.04628	0	0.04628	0.000387	2268.44	0.000313	1653.9	0.214	0.047	7		1240	1214.66	1.5106	1.4930			1215.73	1.5057	1.4856			0.8784	1	0.00966	0.07764	0.36962	1	0.99159	0.9953	0	0
450518	The Medical Center Of Southeast Texas	13140	13140	13140	13140	48245	7	ourban	ourban	N	0.8512				N		1	0	0	185	92	0	0	0.349	0.04502	0.07323	0.04502	0.000186	661.03	0.000207	723.4	0.134	0.018	0		2106	2079.78	1.6517	1.6423			2081.36	1.6546	1.6450			0.8955	1	0.00744	0.02938	0.32235	1	0.99915	0.9925	0	0
450537	Methodist Richardson Medical Center	19124	19124	19124	19124	48113	7	lurban	lurban	N	0.9655				N		1	0	0	169	103	0	0	0.0911	0	0.01862	0		0		0	0.242	0.028	0		3340	3269.92	1.7755	1.7653			3274.08	1.7761	1.7665			0.9762	1	0.06626	0.12832	0.25436	1	1.00285	0.9984	0	0
450539	Covenant Hospital Plainview	45	45	45	45	48189	7	rural	rural	N	0.8295				Y	0.004	1	0	0	49	20	0	0	0.3749	0.03	0	0.03	0.000219	2840.91	0.000149	1975.61	0.187	0.007	16	5036.66	625	604.42	1.5654	1.5530			605.26	1.5604	1.5482			0.8798	1	0.00213	0.00025	0.26667	1.14417	1.00105	1.0000	0	0
450558	Abilene Regional Medical Center	10180	10180	10180	10180	48441	7	ourban	ourban	N	0.8587				N		1	0	0	184	67	0	0	0.2297	0.02041	0.04761	0.02041	0.000146	592.42	0.000142	578.27	0.11	0.012	0		2034	2001.05	1.8482	1.8378			2003.08	1.8511	1.8406			0.9009	1	0.01751	0.03863	0.36815	1	0.99294	0.9994	0	0
450563	Baylor Scott & White Medical Center  Grapevine	23104	23104	23104	23104	48439	7	lurban	lurban	N	0.9707				N		1	0	0	288	165	0	0	0.0451	0	0.00917	0		0		0	0.24	0.018	0		3990	3916.56	1.5131	1.5027			3922.22	1.5141	1.5043			0.9798	1	0.01586	0.01466	0.29012	1	1.00145	0.9923	0	0
450565	Palo Pinto General Hospital	45	45	45	45	48363	7	rural	rural	N	0.8642				Y	0.055	1	0	0	40	16	0	0	0.3832	0.05207	0	0.05207	0.000044	664.75	0.000103	1358.93	0.384	0.03	14	5560.7	472	458.52	1.1994	1.1895			459.03	1.1915	1.1820			0.9049	1	0.13465	0.14794	0.42939	1.17697	0.99038	0.9926	0	0
450571	Shannon Medical Center	41660	41660	41660	41660	48451	7	ourban	ourban	N	0.8347				N		1	0	0	256	154	0	0	0.2369	0.0219	0.04914	0.0219	0.00072	1137.33	0.000576	914.9	0.212	0.013	0		5253	5201.61	1.6348	1.6303			5204.93	1.6366	1.6322			0.8836	1	0.02136	0.01356	0.4553	1	0.99899	0.9977	0	0
450573	Christus Jasper Memorial Hospital	45	45	13140	45	48241	7	rural	rural	W	0.837				N		1	0	0	40	7	0	0	0.4727	0.03	0	0.03	0.000211	4386.05	0.000139	2423.96	0.348	0.037	0		287	278.20	1.0640	1.0548			278.59	1.0588	1.0493			0.8853	1	0.00069	0.00687	0.34461	1.20682	0.9982	1.0000	0	0
450578	Hemphill County Hospital	45	45	45	45	48211	7	rural	rural	N	0.8275				N		1	0	0	11	1	0	0	0.0485	0	0	0		0		0	0.268	0.018	16	14340.58	51	50.17	0.8650	0.8522			50.25	0.8606	0.8480			0.8784	1	0	0	0.66061	1.25	1	0.9940	1	0
450584	Wilbarger General Hospital	45	45	45	45	48487	7	rural	rural	N	0.8275				N		1	0	0	28	4	0	0	0.1091	0	0	0		0		0	0.549	0.038	16	6242.06	390	376.15	1.1349	1.1210			376.45	1.1369	1.1229			0.8784	1	0	0	0.56301	1.25	1	1.0000	0	0
450586	Seymour Hospital	45	45	45	45	48023	7	rural	rural	N	0.8275				N		1	0	0	27	3	0	0	0.2182	0.01804	0	0.01804	0.000037	1765.17	0.000022	1068.54	0.795	0.091	16	5263.76	185	178.04	1.1200	1.1083			178.39	1.1163	1.1039			0.8784	1	0	0	0.6288	1.25	1	1.0000	0	0
450587	Brownwood Regional Medical Center	45	45	45	45	48049	7	rural	rural	N	0.8275				N		1	0	0	83	30	0	0	0.3138	0.03	0	0.03		0		0	0.18	0.016	16	5705.47	1105	1065.63	1.6509	1.6268			1067.63	1.6528	1.6284			0.8784	1	0.01704	0.02094	0.44935	1.06811	0.99861	0.9940	0	1
450596	Lake Granbury Medical Center	23104	23104	23104	23104	48221	7	lurban	lurban	N	0.9707				N		1	0	0	43	24	0	0	0.1653	0.00874	0	0.00874	0.000262	1824.89	0.000139	984.2	0.109	0.013	0		1269	1231.14	1.5764	1.5614			1234.35	1.5686	1.5552			0.9798	1	0.00769	0.02333	0.39632	1.06576	1.00716	0.9994	0	0
450597	Cuero Regional Hospital	45	45	45	45	48123	7	rural	rural	N	0.8275				N		1	0	0	49	8	0	0	0.2485	0.02429	0	0.02429	0.000055	1083.68	0.000046	933.67	0.459	0.026	0		489	468.95	1.2469	1.2357			469.62	1.2449	1.2338			0.8784	1	0.00047	0	0.48311	1.22909	1.00086	0.9999	0	0
450604	Hill Country Memorial Hospital Inc	45	45	41700	45	48171	7	rural	rural	W	0.842				N		1	0	0	57	21	0	0	0.1635	0.00844	0	0.00844	0.000146	1077.56	0.000106	744.33	0.303	0.022	14	5046.97	1116	1085.88	1.7543	1.7407			1088.21	1.7582	1.7451			0.8889	1	0.00618	0.00525	0.46427	1.11818	1.01674	1.0000	0	0
450610	Memorial Hermann Memorial City Medical Center	26420	26420	26420	26420	48201	7	lurban	lurban	N	1.0021				N		1	0	0	444	232	0	0	0.2246	0.01936	0.04653	0.01936	0.001241	2093.22	0.000883	1454.53	0.232	0.064	0		4784	4692.31	1.9133	1.8982			4700.48	1.9129	1.8982			1.0014	1	0.00816	0.10192	0.23592	1	1.00285	0.9930	0	0
450617	Hca Houston Healthcare Clear Lake	26420	26420	26420	26420	48201	7	lurban	lurban	N	1.0021				N		1	0	0	566	371	0	0	0.2578	0.02621	0.05359	0.02621	0.001601	1637.01	0.001152	1134.81	0.102	0.01	0		7848	7762.66	1.6570	1.6471			7768.60	1.6492	1.6398			1.0014	1	0.0237	0.04339	0.30974	1	0.99529	0.9896	0	0
450634	Medical City Denton	19124	19124	19124	19124	48121	7	lurban	lurban	N	0.9655				N		1	0	0	184	119	0	0	0.1219	0	0.02499	0		0		0	0.103	0.01	0		3615	3558.35	1.7139	1.6997			3562.85	1.7151	1.7010			0.9762	1	0.03951	0.06097	0.41663	1	0.99778	0.9766	0	0
450638	Hca Houston Healthcare Northwest	26420	26420	26420	26420	48201	7	lurban	lurban	N	1.0021				N		1	0.005	0.0091	299	185	0.00273	0.00257	0.4696	0.06989	0.09976	0.06989	0.001171	3444	0.000959	2615.76	0.122	0.007	0		2506	2474.93	1.7041	1.6861	1696.91	1.7211	2476.46	1.7096	1.6922	1697.65	1.7260	1.0014	1	0.0246	0.01449	0.18515	1	0.9933	0.9918	0	0
450639	Texas Health Heb	23104	23104	23104	23104	48439	7	lurban	lurban	N	0.9707				N		1	0	0	167	130	0	0	0.1942	0.01343	0.04011	0.01343	0.00068	1855.75	0.000507	1332.45	0.234	0.017	0		2848	2779.56	1.5777	1.5646			2783.04	1.5808	1.5681			0.9798	1	0.02182	0.01817	0.26151	1	0.99413	0.9970	0	0
450641	Nocona General Hospital	45	45	45	45	48337	7	rural	rural	N	0.8275				N		1	0	0	33	6	0	0	0.079	0	0	0		0		0	0.757	0.024	14	5960.74	230	222.17	1.2336	1.2203			222.24	1.2413	1.2280			0.8784	1	0.00838	0.00122	0.59466	1.25	1	0.9978	0	0
450643	Doctors Hospital Of Laredo	29700	29700	41700	45	48479	7	ourban	rural	S	0.842		YES	YES	N		1	0	0	171	103	0	0	0.5541	0.08732	0	0.08732	0.000285	1195.27	0.000336	1372.91	0.112	0.01	7		1959	1940.35	1.8741	1.8698			1941.14	1.8719	1.8674			0.8889	1	0.0178	0.03159	0.34438	1	0.99778	0.9970	0	0
450644	Hca Houston Healthcare West	26420	26420	26420	26420	48201	7	lurban	lurban	N	1.0021				N		1	0.0469	0.0616	212	156	0.02529	0.01754	0.5383	0.08406	0.11517	0.08406	0.00084	2658.97	0.000696	2160.12	0.115	0.013	0		2623	2578.65	1.7945	1.7732	1001.24	2.0557	2580.32	1.8007	1.7793	1001.67	2.0603	1.0014	1	0.01975	0.04782	0.2349	1	0.9974	0.9951	0	0
450647	Medical City Dallas	19124	19124	19124	19124	48113	7	lurban	lurban	N	0.9655				N		1	0.0013	0.0023	656	426	0.00071	0.00065	0.3168	0.03838	0.06625	0.03838	0.001004	1529.56	0.000994	1563.98	0.086	0.014	0		5723	5653.63	2.0811	2.0739	2200.91	1.9157	5658.94	2.1011	2.0939	2203.06	1.9310	0.9762	1	0.1263	0.36037	0.20907	1	0.99633	0.9860	0	0
450651	Medical City Plano	19124	19124	19124	19124	48085	7	lurban	lurban	N	0.9655				N		1	0	0	417	299	0	0	0.194	0.0134	0.04007	0.0134	0.001178	1692.34	0.000952	1504.53	0.096	0.012	0		6289	6177.08	1.9778	1.9579			6183.81	1.9891	1.9695			0.9762	1	0.06155	0.15655	0.28519	1	0.99462	0.9966	0	0
450653	Scenic Mountain Medical Center	45	45	33260	45	48227	7	rural	rural	W	0.9788				N		1	0	0	75	21	0	0	0.1944	0.01347	0	0.01347	0.000204	2031.7	0.000135	1355.64	0.175	0.02	16	6135.81	813	792.98	1.2418	1.2300			794.28	1.2384	1.2271			0.9854	1	0.00276	0.00688	0.41211	1.10515	0.99308	0.9844	0	0
450654	Starr County Memorial Hospital	45	45	45	45	48427	7	rural	rural	N	0.8275				N		1	0	0	48	11	0	0	0.6171	0.03	0	0.03		0		0	0.491	0.035	16	6636.15	513	492.97	1.1667	1.1558			493.70	1.1670	1.1556			0.8784	1	0	0	0.5201	1.1972	1.00086	0.9964	0	0
450656	Nacogdoches Medical Center	45	45	45	45	48347	7	rural	rural	N	0.8275				N		1	0	0	155	38	0	0	0.1997	0.01433	0	0.01433	0.000152	742.74	0.000107	535.07	0.129	0.012	7		1766	1720.26	1.6308	1.5997			1722.18	1.6320	1.6006			0.8784	1	0.02531	0.04394	0.45905	1	1.00005	0.9966	0	0
450658	Freestone Medical Center	45	45	45	45	48161	7	rural	rural	N	0.8275				N		1	0	0	37	3	0	0	0.14	0	0	0		0		0	0.268	0.023	14	5405.08	244	240.10	0.9242	0.9212			240.31	0.9199	0.9170			0.8784	1	0	0	0.58841	1.25	1	0.9926	1	0
450659	Park Plaza Hospital	26420	26420	26420	26420	48201	7	lurban	lurban	N	1.0021				N		1	0	0.0166	133	53	0	0.0047	0.3848	0.0524	0.08104	0.0524	0.00008	596.93	0.000126	873.95	0.115	0.017	0		1032	1009.78	1.7306	1.6857			1010.52	1.7359	1.6917			1.0014	1	0.02836	0.07415	0.31942	1	0.99458	1.0000	0	0
450661	Odessa Regional Medical Center	36220	36220	36220	36220	48135	7	ourban	ourban	N	0.9157				Y	0.0095	1	0	0	192	81	0	0	0.5279	0.08192	0.11282	0.08192	0.00017	1288.66	0.000246	1939.34	0.136	0.017	0		1083	1069.19	1.7552	1.7486			1070.03	1.7568	1.7507			0.9415	1	0.01632	0.04277	0.14286	1	1.00197	0.9882	0	0
450662	Valley Regional Medical Center	15180	15180	15180	15180	48061	7	ourban	ourban	N	0.9018				N		1	0	0	214	142	0	0	0.6045	0.09772	0.13022	0.09772	0.00053	1679.16	0.000535	1695.57	0.085	0.007	0		2695	2637.41	1.8372	1.8234			2639.81	1.8194	1.8054			0.9317	1	0.04677	0.05653	0.38202	1	1.00024	0.9838	0	0
450668	Sierra Medical Center	21340	21340	21340	21340	48141	7	ourban	ourban	N	0.8275				N		1	0	0	280	111	0	0	0.3212	0.03929	0.0672	0.03929	0.000262	835.31	0.000232	666	0.098	0.007	0		2330	2288.71	1.6912	1.6793			2292.49	1.6956	1.6847			0.8784	1	0.02161	0.01911	0.30983	1	0.99977	0.9937	0	0
450669	Medical Center Of Lewisville	19124	19124	19124	19124	48121	7	lurban	lurban	N	0.9655				N		1	0	0	158	75	0	0	0.3043	0.0358	0.06356	0.0358	0.000489	2552.67	0.000395	2081.09	0.108	0.011	0		1605	1568.41	1.5453	1.5356			1570.64	1.5442	1.5342			0.9762	1	0.0135	0.02779	0.22298	1	0.99849	0.9863	0	0
450670	Hca Houston Healthcare Tomball	26420	26420	26420	26420	48201	7	lurban	lurban	N	1.0021				N		1	0	0	279	111	0	0	0.1983	0.0141	0.04097	0.0141	0.000948	2146.89	0.000286	836.32	0.128	0.013	0		2787	2742.93	1.6888	1.6735			2744.80	1.6861	1.6704			1.0014	1	0.00648	0.01267	0.32992	1	0.99718	0.9959	0	0
450672	Plaza Medical Center Of Fort Worth	23104	23104	23104	23104	48439	7	lurban	lurban	N	0.9707				N		1	0.233	0.4006	199	143	0.11951	0.11969	0.1917	0.01303	0.03958	0.01303	0.000364	829.93	0.000297	663.85	0.114	0.013	0		3388	3331.49	2.1458	2.1290	1584.99	2.1597	3335.85	2.1540	2.1375	1586.76	2.1640	0.9798	1	0.06375	0.14494	0.39983	1	1.00019	0.9921	0	0
450674	"Womans Hospital Of Texas,the"	26420	26420	26420	26420	48201	7	lurban	lurban	N	1.0021				N		1	0	0	257	131	0	0	0.5854	0.09378	0.12586	0.09378	0.000122	9953.36	0.000427	32433.82	0.141	0.021	0		91	91.00	1.1979	1.1979			91.00	1.2239	1.2239			1.0014	1	0	0	0.00341	1	1.00111	1.0000	0	0
450675	Medical City Arlington	23104	23104	23104	23104	48439	7	lurban	lurban	N	0.9707				N		1	0	0	300	216	0	0	0.4017	0.05589	0.08474	0.05589	0.000717	1710.34	0.001138	2829.03	0.081	0.008	0		3579	3515.17	1.7094	1.6891			3519.56	1.7115	1.6908			0.9798	1	0.01512	0.02897	0.23174	1	0.99266	0.9868	0	0
450677	Texas Health Huguley Hospital Fort Worth South	23104	23104	23104	23104	48439	7	lurban	lurban	N	0.9707				N		1	0	0	270	116	0	0	0.254	0.02543	0.05278	0.02543	0.000613	1806.66	0.000402	1139.25	0.179	0.013	0		2830	2768.45	1.6714	1.6618			2771.09	1.6724	1.6628			0.9798	1	0.00986	0.00906	0.29984	1	1.00643	0.9953	0	0
450678	City Hospital At  White Rock	19124	19124	19124	19124	48113	7	lurban	lurban	N	0.9655				N		1	0	0	187	82	0	0	0.3905	0.05358	0.08229	0.05358	0.000437	1971.63	0.000319	1317.5	0.139	0.009	0		1676	1634.93	1.6239	1.5937			1636.90	1.6303	1.5998			0.9762	1	0.00821	0.00545	0.27306	1	1.0014	0.9945	0	0
450684	Memorial Hermann Northeast Hospital	26420	26420	26420	26420	48201	7	lurban	lurban	N	1.0021				N		1	0	0	255	152	0	0	0.3157	0.03815	0.06602	0.03815	0.000916	2670.58	0.000692	1996.33	0.235	0.026	0		2693	2641.07	1.7550	1.7408			2643.78	1.7579	1.7439			1.0014	1	0.00656	0.01452	0.25191	1	0.99432	0.9852	0	0
450686	University Medical Center	31180	31180	31180	31180	48303	7	ourban	ourban	N	0.8433				N		1	0.329	0.5114	429	318	0.16482	0.15525	0.3786	0.05112	0.07968	0.05112	0.002245	3629	0.001501	2397.16	0.204	0.011	0		5061	5006.36	2.1683	2.1565	1712.63	1.9457	5009.57	2.1807	2.1688	1713.80	1.9415	0.8898	1	0.08234	0.04339	0.24242	1	0.996	0.9967	0	0
450688	Dallas Regional Medical Center	19124	19124	19124	19124	48113	7	lurban	lurban	N	0.9655				N		1	0	0	202	60	0	0	0.4259	0.06088	0.09007	0.06088	0.000414	2253.31	0.000205	1250.07	0.106	0.009	0		1730	1700.77	1.8987	1.8852			1702.55	1.8636	1.8525			0.9762	1	0.00103	0.00179	0.2789	1	0.99998	0.9916	0	0
450690	University Of Texas Health Science Center At Tyler	46340	46340	46340	46340	48423	7	ourban	ourban	N	0.8348				N		1	0.1567	0.6877	104	17	0.08198	0.21418	0.092823512	0.0875	0.1189	0.0875	0.000196	2857.5	0.000123	1521.86	0.398	0.037	0		463	451.07	1.3638	1.3481	112.94	1.3473	451.97	1.3517	1.3385	113.03	1.3216	0.8837	1	0.15284	0.22634	0.39981	1	1.0013	1.0000	0	0
450694	El Campo Memorial Hospital	45	45	45	45	48481	7	rural	rural	N	0.8275				N		1	0	0	26	4	0	0	0.1866	0.0122	0	0.0122	0.000093	2624.13		0	0.487	0.072	16	5438.96	316	303.11	1.1576	1.1353			303.83	1.1581	1.1364			0.8784	1	0	0	0.60284	1.25	1	0.9998	0	1
450697	Southwest General Hospital	41700	41700	41700	41700	48029	7	lurban	lurban	N	0.842				N		1	0	0	231	110	0	0	0.628	0.10256	0.13561	0.10256	0.000312	2097.07	0.00039	2354.76	0.154	0.018	0		1192	1175.17	1.9646	1.9445			1175.79	1.9657	1.9458			0.8889	1	0.01797	0.04102	0.14686	1	0.99251	0.9984	0	0
450698	Lamb Healthcare Center	45	45	45	45	48279	7	rural	rural	N	0.8275				N		1	0	0	42	3	0	0	0.3156	0.03	0	0.03	0.000049	5226.32		0	0.268	0.125	16	9814.29	76	75.16	0.9608	0.9519			75.19	0.9585	0.9495			0.8784	1	0	0	0.30742	1.25	1	1.0000	0	1
450702	Longview Regional Medical Center	30980	30980	30980	30980	48183	7	ourban	ourban	N	0.8275				N		1	0	0	215	99	0	0	0.3102	0.03702	0.06483	0.03702	0.000209	501.42	0.00018	443.96	0.092	0.011	0		3409	3349.37	1.9216	1.9072			3352.68	1.9203	1.9058			0.8784	1	0.02385	0.05889	0.34672	1	1.00081	0.9937	0	0
450709	Houston Methodist St John Hospital	26420	26420	26420	26420	48201	7	lurban	lurban	N	1.0021				N		1	0	0	178	56	0	0	0.1497	0	0.03078	0		0	0.000191	1048.89	0.189	0.012	0		1560	1527.63	1.5883	1.5691			1528.92	1.5879	1.5684			1.0014	1	0.03118	0.01527	0.29638	1	0.99771	0.9952	0	0
450711	Rio Grande Regional Hospital	32580	32580	15180	45	48215	7	ourban	rural	S	0.9018		YES	YES	N		1	0	0	320	175	0	0	0.647	0.10648	0	0.10648	0.000806	1854.56	0.000771	1751.38	0.106	0.009	7		3788	3749.41	1.6326	1.6232			3751.10	1.6354	1.6260			0.9317	1	0.01259	0.0197	0.25636	1	1.00501	0.9976	0	0
450713	St David's South Austin Medical Center	12420	12420	12420	12420	48453	7	lurban	lurban	N	0.9293				N		1	0	0	287	228	0	0	0.1878	0.01239	0.03876	0.01239	0.000939	1244.43	0.00068	913.82	0.117	0.013	0		6141	6010.01	1.8079	1.7946			6019.25	1.8161	1.8024			0.951	1	0.02555	0.057	0.36968	1	0.99605	0.9855	0	0
450716	Hca Houston Healthcare Cypress Fairbanks	26420	26420	26420	26420	48201	7	lurban	lurban	N	1.0021				N		1	0	0	181	89	0	0	0.5763	0.0919	0.12378	0.0919		0	0.000465	3907.05	0.126	0.016	0		928	911.68	1.5680	1.5570			912.62	1.5723	1.5612			1.0014	1	0.01892	0.04353	0.09617	1	0.99384	0.9997	0	0
450718	Round Rock Medical Center	12420	12420	12420	12420	48491	7	lurban	lurban	N	0.9293				N		1	0	0	145	102	0	0	0.1839	0.01176	0.03794	0.01176	0.000458	1291.44	0.000329	973.32	0.12	0.012	0		3071	2999.19	1.8636	1.8545			3003.32	1.8694	1.8599			0.951	1	0.04133	0.0707	0.33272	1	0.99662	0.9896	0	0
450723	Methodist Charlton Medical Center	19124	19124	19124	19124	48113	7	lurban	lurban	N	0.9655				N		1	0.0436	0.0652	281	159	0.02354	0.01857	0.3243	0.03992	0.06788	0.03992	0.001151	2562.09	0.000947	2083.95	0.211	0.012	0		4097	3987.34	1.7360	1.7174	2143.39	1.6212	3992.53	1.7383	1.7192	2145.20	1.6193	0.9762	1	0.01937	0.01085	0.29676	1	0.99446	0.9998	0	0
450730	Baylor Scott And White Medical Center Carrollton	19124	19124	19124	19124	48121	7	lurban	lurban	N	0.9655				N		1	0	0	118	66	0	0	0.1957	0.01368	0.04042	0.01368	0.00055	2722.63	0.000393	1935.27	0.288	0.03	0		1613	1581.96	1.4658	1.4554			1583.90	1.4649	1.4556			0.9762	1	0.03847	0.07117	0.2871	1	0.99543	0.9966	0	0
450742	Baylor Scott And White Medical Center Lake Pointe	19124	19124	19124	19124	48397	7	lurban	lurban	N	0.9655				N		1	0	0	112	79	0	0	0.3136	0.03772	0.06556	0.03772	0.00038	1623.62	0.000294	1288.12	0.169	0.018	0		1932	1885.25	1.6352	1.6078			1887.01	1.6399	1.6120			0.9762	1	0.01759	0.03916	0.2713	1	1.00211	0.9874	0	0
450743	Texas Health Presbyterian Hospital Denton	19124	19124	19124	19124	48121	7	lurban	lurban	N	0.9655				N		1	0	0	208	129	0	0	0.2264	0.01973	0.04691	0.01973	0.000598	1611.95	0.00047	1298.11	0.218	0.016	0		3035	2998.78	1.6507	1.6395			3001.14	1.6466	1.6351			0.9762	1	0.02722	0.02149	0.30117	1	0.9991	0.9936	0	0
450746	Knox County Hospital	45	45	45	45	48275	7	rural	rural	N	0.8275				N		1	0	0	28	1	0	0	0.0423	0	0	0		0		0	0.268	0.062	16	5564.18	28	27.58	0.9990	0.9936			27.60	0.9915	0.9848			0.8784	1	0	0	0.73222	1.25	1	0.9941	1	1
450747	Palestine Regional Medical Center	45	45	46340	45	48001	7	rural	rural	W	0.8348				N		1	0	0	116	50	0	0	0.2737	0.02949	0	0.02949	0.000142	1023.84	0.000162	1070.39	0.139	0.009	17	4678.28	1207	1169.40	1.3518	1.3395			1170.93	1.3515	1.3391			0.8837	1	0.00396	0.00328	0.24392	1.00811	1.00036	0.9959	0	0
450755	Covenant Hospital Levelland	45	45	45	45	48219	7	rural	rural	N	0.8275				N		1	0	0	48	5	0	0	0.5756	0.03	0	0.03	0.00009	4484.25	0.00006	2775.8	0.444	0.027	0		165	156.08	1.1619	1.1506			156.41	1.1603	1.1495			0.8784	1	0	0	0.23645	1.23614	1.00617	1.0000	0	0
450766	Ut Southwestern University Hospital-Zale Lipshy	19124	19124	19124	19124	48113	7	lurban	lurban	N	0.9655				N		1	0.2664	0.3956	92	66	0.13551	0.11811	0.0942	0	0	0		0		0	0.391	0.018	0		1604	1572.95	2.5207	2.5055	428.07	2.4943	1575.83	2.5354	2.5188	428.50	2.4999	0.9762	1	0.15053	0.03969	0.37437	1	0.9946	0.9975	0	0
450771	Texas Health Presbyterian Hospital Plano	19124	19124	19124	19124	48085	7	lurban	lurban	N	0.9655				N		1	0	0	338	201	0	0	0.1874	0.01233	0.03868	0.01233	0.000748	1584.3	0.000551	1194.27	0.234	0.021	0		3945	3883.96	1.7592	1.7484			3891.87	1.7550	1.7448			0.9762	1	0.0377	0.05026	0.21706	1	0.99645	0.9867	0	0
450774	Tops Surgical Specialty Hospital	26420	26420	26420	26420	48201	7	lurban	lurban	N	1.0021				N		1	0	0	16	4	0	0	0.0482	0	0	0		0		0	0.211	0.026	0		168	166.35	2.0244	2.0194			166.53	2.0108	2.0061			1.0014	1	0	0	0.2832	1	1	1.0000	0	0
450775	Hca Houston Healthcare Kingwood	26420	26420	26420	26420	48201	7	lurban	lurban	N	1.0021				N		1	0.0208	0.0338	341	237	0.0113	0.00958	0.2937	0.03361	0.06128	0.03361	0.000806	1490.91	0.000659	1231.16	0.087	0.01	0		4584	4514.98	1.7020	1.6922	2846.31	1.7254	4518.36	1.7045	1.6953	2848.90	1.7329	1.0014	1	0.02032	0.04848	0.27603	1	0.99808	0.9883	0	0
450779	Texas Health Harris Methodist Hospital Southwest F	23104	23104	23104	23104	48439	7	lurban	lurban	N	0.9707				N		1	0	0	199	142	0	0	0.2283	0.02012	0.04732	0.02012	0.000528	1118.59	0.000399	853.29	0.226	0.023	0		3696	3612.87	1.6202	1.6025			3628.47	1.6156	1.5995			0.9798	1	0.0179	0.0288	0.26883	1	1.00166	1.0000	0	0
450780	Methodist Ambulatory Surgery Hospital Nw	41700	41700	41700	41700	48029	7	lurban	lurban	N	0.842				N		1	0	0	23	3	0	0	0.0496	0	0	0		0		0	0.215	0.032	0		197	196.18	2.1113	2.1080			196.21	2.1042	2.1011			0.8889	1	0.00691	0.01521	0.38592	1	1	1.0000	0	0
450788	"Corpus Christi Medical Center,the"	18580	18580	18580	18580	48355	7	ourban	ourban	N	0.918				N		1	0.0484	0.0809	384	225	0.02609	0.02309	0.3776	0.05092	0.07946	0.05092	0.00082	1587.65	0.00081	1668.88	0.091	0.008	0		4481	4384.18	1.6793	1.6690	3162.00	1.9129	4396.00	1.6787	1.6696	3171.84	1.9097	0.9431	1	0.00474	0.00759	0.21293	1	0.99688	0.9897	0	0
450797	Us Pain & Spine Hospital	26420	26420	26420	26420	48201	7	lurban	lurban	N	1.0021				N		1	0	0	7	1	0	0	0.3246	0.03	0	0.03	0.000001	161.67	0.000001	158.94	0.079	0.009	0		38	36.27	3.0460	3.0330			36.24	3.0639	3.0571			1.0014	1	0.33766	0.6528	0.16038	1	1	1.0000	0	0
450801	Christus St Michael Health System	45500	45500	45500	45	48037	7	ourban	rural	S	0.8457		YES		N		1	0.0145	0.036	354	151	0.00789	0.01021	0.292	0.03326	0	0.03326	0.000984	1489.8	0.000736	1100.15	0.185	0.009	7		5704	5573.05	1.7299	1.7226	1306.59	1.6864	5582.03	1.7292	1.7221	1307.73	1.6866	0.8916	1	0.02193	0.0084	0.41921	1	0.99984	0.9953	0	0
450803	United Memorial Medical Center	26420	26420	26420	26420	48201	7	lurban	lurban	N	1.0021				N		1	0	0	108	17	0	0	0.5749	0.09161	0.12346	0.09161	0.000017	523.76	0.000078	2390.04	0.745	0.036	0		239	238.03	1.6738	1.6727			238.08	1.6751	1.6739			1.0014	1	3.43313	1.82408	0.4066	1	1	1.0000	0	0
450804	Texas Orthopedic Hospital	26420	26420	26420	26420	48201	7	lurban	lurban	N	1.0021				N		1	0	0	49	23	0	0	0.0525	0	0	0		0		0	0.106	0.009	0		1239	1232.77	2.4403	2.4381			1234.23	2.4249	2.4226			1.0014	1	0.00508	0.00686	0.32399	1	1	1.0000	0	0
450808	Northwest Hills Surgical Hospital	12420	12420	12420	12420	48453	7	lurban	lurban	N	0.9293				N		1	0	0	8	2	0	0	0.02311431	0	0	0		0		0	0.272	0.029	0		143	139.90	4.1460	4.1484			140.14	4.0578	4.0598			0.951	1	0.22047	0.38827	0.30664	1	1	1.0000	0	0
450809	North Austin Medical Center	12420	12420	12420	12420	48453	7	lurban	lurban	N	0.9293				N		1	0	0.0039	381	260	0	0.0011	0.2943	0.03374	0.06141	0.03374	0.000664	1167.15	0.000604	1079.22	0.128	0.016	0		4593	4510.64	1.7229	1.7107			4518.43	1.7208	1.7088			0.951	1	0.0413	0.09649	0.22195	1	1.00079	0.9934	0	0
450820	Houston Methodist Sugarland Hospital	26420	26420	26420	26420	48157	7	lurban	lurban	N	1.0021				N		1	0	0	318	198	0	0	0.2132	0.01701	0.04412	0.01701	0.000538	815.26	0.000439	689.44	0.187	0.021	0		5496	5403.00	1.8574	1.8426			5406.65	1.8615	1.8462			1.0014	1	0.04756	0.09321	0.34088	1	1.0061	0.9918	0	0
450822	Medical City Las Colinas	19124	19124	19124	19124	48113	7	lurban	lurban	N	0.9655				N		1	0	0	90	46	0	0	0.2664	0.02798	0	0.02798	0.000292	3373.23	0.000199	2245.48	0.097	0.012	0		677	661.74	1.4004	1.3888			662.63	1.4017	1.3899			0.9762	1	0.00337	0.01718	0.14946	1	1.00524	0.9924	0	0
450825	Cornerstone Regional Hospital	32580	32580	32580	32580	48215	7	ourban	ourban	N	0.8433				N		1	0	0	14	4	0	0	0.2524	0.0251	0	0.0251	0.000003	122.46	0.000003	123.12	0.147	0.018	0		170	169.69	2.1711	2.1677			169.71	2.1573	2.1543			0.8898	1	0	0	0.32059	1	1	1.0000	0	0
450827	Kell West Regional Hospital	48660	48660	48660	48660	48485	7	ourban	ourban	N	0.9212				N		1	0	0	41	10	0	0	0.04	0	0	0		0		0	0.538	0.036	0		650	645.40	2.2139	2.2145			645.54	2.2103	2.2105			0.9453	1	0.00078	0.00023	0.55194	1	1.00275	1.0000	0	0
450828	Christus Spohn Hospital Alice	45	45	18580	45	48249	7	rural	rural	W	0.8851				N		1	0	0	72	24	0	0	0.3702	0.03	0	0.03	0.000398	4333.41	0.000259	2639.89	0.171	0.006	16	5764	700	681.53	1.2628	1.2515			682.53	1.2652	1.2544			0.9198	1	0.00489	0.00151	0.31801	1.08568	1.00233	0.9988	0	0
450831	Surgery Specialty Hospitals Of America Se Houston	26420	26420	26420	26420	48201	7	lurban	lurban	N	1.0021				N		1	0	0	37	0	0	0	0.401	0.03	0	0.03	0	5.67		0	0.191	0.013	0		39	37.43	2.8260	2.8132			37.56	2.8276	2.8119			1.0014	1	0	0	0.18667	1	1	1.0000	0	0
450833	Ennis Regional Medical Center	19124	19124	19124	19124	48139	7	lurban	lurban	N	0.9655				N		1	0	0	50	6	0	0	0.128	0	0	0		0		0	0.209	0.018	0		273	265.88	1.3348	1.3268			266.09	1.3293	1.3208			0.9762	1	0.00279	0.00443	0.56744	1.23871	1	1.0000	0	0
450834	"Physicians Centre,the"	17780	17780	17780	17780	48041	7	ourban	ourban	N	0.8753				N		1	0	0	16	1	0	0	0.004	0	0	0		0		0	0.378	0.065	0		90	89.13	2.4378	2.4361			89.17	2.3981	2.3967			0.9128	1	0.00711	0.03565	0.39852	1	1	0.9700	0	0
450840	Texas Health Presbyterian Hospital Allen	19124	19124	19124	19124	48085	7	lurban	lurban	N	0.9655				N		1	0	0	56	30	0	0	0.2378	0.02208	0	0.02208	0.000356	3361.27	0.000244	2367.19	0.278	0.027	0		890	858.26	1.5709	1.5603			859.75	1.5699	1.5582			0.9762	1	0.00377	0.01121	0.23223	1	0.99614	0.9956	0	0
450844	Houston Methodist Willowbrook Hospital	26420	26420	26420	26420	48201	7	lurban	lurban	N	1.0021				N		1	0	0	312	200	0	0	0.2888	0.0326	0.06023	0.0326	0.000599	1133.45	0.000528	1035.46	0.172	0.018	0		4402	4325.70	1.7482	1.7354			4328.76	1.7491	1.7366			1.0014	1	0.03672	0.06096	0.25419	1	1.00368	0.9923	0	0
450845	El Paso Specialty Hospital	21340	21340	21340	21340	48141	7	ourban	ourban	N	0.8275				N		1	0	0	31	5	0	0	0.100603922	0	0	0		0		0	0.277	0.065	0		134	132.48	2.0699	2.0662			132.79	2.0659	2.0627			0.8784	1	0.06727	0.48146	0.27739	1	1	0.9700	0	0
450847	Memorial Hermann Katy Hospital	26420	26420	26420	26420	48201	7	lurban	lurban	N	1.0021				N		1	0	0	207	99	0	0	0.1915	0.01299	0.03954	0.01299	0.00052	1844.01	0.000405	1469.08	0.242	0.031	0		2403	2313.33	1.7410	1.7173			2316.78	1.7452	1.7214			1.0014	1	0.01112	0.03017	0.2294	1	0.99804	0.9997	0	0
450848	Memorial Hermann Sugar Land Hospital	26420	26420	26420	26420	48201	7	lurban	lurban	N	1.0021				N		1	0	0	94	57	0	0	0.3266	0.03	0	0.03	0.000319	1887.93	0.000236	1540.27	0.23	0.029	0		1521	1478.75	1.7251	1.7057			1479.96	1.7253	1.7055			1.0014	1	0.00637	0.02003	0.18755	1	1.00247	0.9963	0	0
450851	Baylor Scott And White Heart And Vascular Hospital	19124	19124	19124	19124	48113	7	lurban	lurban	N	0.9655				N		1	0.0761	0.1804	54	23	0.0407	0.05223	0.0742	0	0	0		0		0	0.253	0.014	0		1283	1262.19	2.9891	2.9726	204.50	2.3414	1263.21	2.9994	2.9842	204.78	2.3427	0.9762	1	0.01386	0.00361	0.48854	1	1.00655	1.0000	0	0
450853	Baylor Medical Center At Frisco	19124	19124	19124	19124	48085	7	lurban	lurban	N	0.9655				N		1	0	0	68	34	0	0	0.0203	0	0	0		0		0	0.34	0.039	0		625	605.57	2.1829	2.1792			612.61	2.1703	2.1643			0.9762	1	0.06057	0.11646	0.0833	1	0.99921	0.9700	0	0
450855	Harlingen Medical Center	15180	15180	15180	15180	48061	7	ourban	ourban	N	0.9018				N		1	0	0	112	54	0	0	0.3994	0.05541	0.08424	0.05541	0.000283	1398.84	0.000177	862.31	0.171	0.032	0		1654	1625.36	1.8555	1.8200			1626.58	1.8558	1.8192			0.9317	1	0.01012	0.05952	0.33324	1	1.00524	1.0000	0	0
450856	South Texas Spine And Surgical Hospital	41700	41700	41700	41700	48029	7	lurban	lurban	N	0.842				N		1	0	0	30	8	0	0	0.011069394	0	0	0		0		0	0.259	0.036	0		491	487.53	2.7752	2.7764			488.64	2.7510	2.7494			0.8889	1	0.00679	0.02033	0.37076	1	1	0.9714	0	0
450860	Sugar Land Surgical Hospital Llp	26420	26420	26420	26420	48201	7	lurban	lurban	N	1.0021				N		1	0	0	6	1	0	0	0.0519	0	0	0		0		0	0.352	0.049	0		115	114.43	2.0692	2.0655			114.54	2.0543	2.0509			1.0014	1	0	0	0.20227	1	1	0.9700	0	0
450862	St Luke's The Woodlands Hospital	26420	26420	26420	26420	48201	7	lurban	lurban	N	1.0021				N		1	0	0	216	116	0	0	0.1499	0	0.03082	0		0	0.000283	774.85	0.202	0.018	0		2828	2773.09	1.8531	1.8413			2775.46	1.8557	1.8433			1.0014	1	0.02875	0.03368	0.27935	1	0.99775	0.9930	0	0
450864	Baylor Scott & White Texas Spine & Joint Hospital	46340	46340	46340	46340	48423	7	ourban	ourban	N	0.8348				N		1	0	0	18	15	0	0	0.014749149	0	0	0		0		0	0.158	0.025	0		987	978.58	2.8390	2.8350			979.52	2.8032	2.7983			0.8837	1	0	0	0.5054	1	1	1.0000	0	0
450865	Seton Southwest Hospital	12420	12420	12420	12420	48453	7	lurban	lurban	N	0.9293				N		1	0	0	33	4	0	0	0.1459	0	0	0		0	0.000081	23789.45	0.257	0.039	0		53	50.40	2.0241	1.9747			50.65	2.0199	1.9753			0.951	1	0.27399	0.89526	0.055	1	1	1.0000	0	0
450867	Seton Northwest Hospital	12420	12420	12420	12420	48453	7	lurban	lurban	N	0.9293				N		1	0	0	106	42	0	0	0.2929	0.03345	0.06111	0.03345	0.000345	3164.4	0.000266	2321.25	0.161	0.012	0		848	826.85	1.4169	1.3953			827.74	1.4141	1.3936			0.951	1	0.02237	0.02589	0.1939	1	0.99811	0.9950	0	0
450869	Doctors Hospital At Renaissance	32580	32580	32580	32580	48215	7	ourban	ourban	N	0.8433				N		1	0.0592	0	449	364	0.03181	0	0.8661	0.15167	0.19171	0.15167	0.0005	843.96	0.00135	2071.12	0.199	0.002	0		4316	4245.43	2.1666	2.1469	2380.11	2.1563	4249.17	2.1728	2.1542	2381.46	2.1681	0.8898	1	0.01915	0.00047	0.19692	1	0.99832	0.9969	0	0
450871	Arise Austin Medical Center	12420	12420	12420	12420	48453	7	lurban	lurban	N	0.9293				N		1	0	0	23	6	0	0	0.0249	0	0	0		0		0	0.289	0.083	0		246	238.13	2.5583	2.5290			238.81	2.5397	2.5076			0.951	1	0.04538	0.51308	0.34727	1	1	1.0000	0	0
450872	Usmd Hospital At Arlington L P	23104	23104	23104	23104	48439	7	lurban	lurban	N	0.9707				N		1	0	0	34	16	0	0	0.015218672	0	0	0		0		0	0.303	0.016	0		362	357.26	1.9413	1.9257			358.09	1.9448	1.9308			0.9798	1	0.08479	0.02913	0.28077	1	1.00168	1.0000	0	1
450874	Baylor Surgical Hospital At Las Colinas	19124	19124	19124	19124	48113	7	lurban	lurban	N	0.9655				N		1	0	0	20	4	0	0	0.0205	0	0	0		0		0	0.317	0.033	0		169	164.45	2.9780	2.9805			165.40	2.9376	2.9365			0.9762	1	0.07582	0.13982	0.23584	1	1	1.0000	0	0
450875	Quail Creek Surgical Hospital	11100	11100	11100	11100	48375	7	ourban	ourban	N	0.8444				N		1	0	0	32	12	0	0	0.019	0	0	0		0		0	0.289	0.036	0		815	807.87	2.2362	2.2350			809.44	2.2163	2.2149			0.8906	1	0.00176	0.00455	0.36876	1	1	1.0000	0	1
450876	Lubbock Heart Hospital Lp	31180	31180	31180	31180	48303	7	ourban	ourban	N	0.8433				N		1	0	0	73	31	0	0	0.0448	0	0	0		0		0	0.305	0.047	0		1426	1401.73	2.0156	2.0060			1403.01	2.0098	2.0005			0.8898	1	0.04093	0.13481	0.59447	1	1.0093	0.9819	0	0
450877	Foundation Surgical Hospital Of El Paso	21340	21340	21340	21340	48141	7	ourban	ourban	N	0.8275				N		1	0	0	40	5	0	0	0.1403	0	0	0		0		0	0.152	0.039	0		146	143.60	2.5685	2.5759			144.01	2.5636	2.5689			0.8784	1	0.14155	1.09251	0.26479	1	1	1.0000	0	0
450880	Baylor Scott And White Surgical Hospital Fortworth	23104	23104	23104	23104	48439	7	lurban	lurban	N	0.9707				N		1	0	0	30	11	0	0	0.0362	0	0	0		0		0	0.317	0.043	0		502	496.80	2.7749	2.7710			497.79	2.7413	2.7370			0.9798	1	0.08098	0.21055	0.28014	1	1	1.0000	0	0
450883	Baylor Medical Center At Trophy Club	19124	19124	19124	19124	48121	7	lurban	lurban	N	0.9655				N		1	0	0	22	6	0	0	0.0268	0	0	0		0		0	0.319	0.031	0		233	231.23	2.6527	2.6558			231.46	2.6281	2.6307			0.9762	1	0.13908	0.20899	0.20225	1	1	0.9814	0	0
450885	Baylor Scott &  White Medical Center - Centennial	19124	19124	19124	19124	48085	7	lurban	lurban	N	0.9655				N		1	0	0	118	38	0	0	0.1671	0.00903	0.03442	0.00903	0.000218	1942.09	0.000155	1363.72	0.184	0.013	0		972	949.30	1.7961	1.7820			950.24	1.7988	1.7837			0.9762	1	0.02062	0.01855	0.23247	1	0.99614	0.9970	0	0
450888	Texas Health Harris Methodist Hospital Southlake	23104	23104	23104	23104	48439	7	lurban	lurban	N	0.9707				N		1	0	0	16	7	0	0	0.0004	0	0	0		0		0	0.313	0.038	0		242	232.00	2.4823	2.4836			235.02	2.4640	2.4577			0.9798	1	0.05863	0.12373	0.33416	1	1	0.9776	0	0
450889	Texas Institute For Surgery At Presbyterian Hospit	19124	19124	19124	19124	48113	7	lurban	lurban	N	0.9655				N		1	0	0	9	2	0	0	0.0034	0	0	0		0		0	0.396	0.047	0		189	183.93	2.1920	2.1878			185.68	2.1765	2.1720			0.9762	1	0.18659	0.34797	0.34905	1	1	1.0000	1	1
450890	Baylor Regional Medical Center At Plano	19124	19124	19124	19124	48085	7	lurban	lurban	N	0.9655				N		1	0	0	122	94	0	0	0.0388	0	0.00789	0		0		0	0.304	0.02	0		3595	3527.76	1.7949	1.7863			3533.18	1.7953	1.7870			0.9762	1	0.06613	0.03943	0.49404	1	0.99991	0.9989	0	0
450891	Texas Health Center For Diagnostics & Surgery Plan	19124	19124	19124	19124	48085	7	lurban	lurban	N	0.9655				N		1	0	0	18	3	0	0	0.0128	0	0	0		0		0	0.298	0.025	0		110	107.28	2.7814	2.7438			107.95	2.7513	2.7107			0.9762	1	0.03779	0.03976	0.13256	1	1	1.0000	0	1
450893	The Heart Hospital Baylor Denton	19124	19124	19124	19124	48121	7	lurban	lurban	N	0.9655				N		1	0	0	22	6	0	0	0.044	0	0	0		0		0	0.304	0.032	0		309	303.46	2.8769	2.8694			303.77	2.8662	2.8577			0.9762	1	0.07381	0.16231	0.47318	1	1	0.9903	0	0
450894	Pine Creek Medical Center Llp	19124	19124	19124	19124	48113	7	lurban	lurban	N	0.9655				N		1	0	0	15	9	0	0	0.0533	0	0	0		0		0	0.177	0.021	0		123	121.66	2.2379	2.2344			122.15	2.2418	2.2381			0.9762	1	0.00248	0.0158	0.19847	1	1	0.9700	0	1
460001	Utah Valley Hospital	39340	39340	41620	39340	49049	8	ourban	ourban	W	0.9644				N		1	0.0534	0.0905	315	198	0.02875	0.02587	0.3098	0.03693	0.06474	0.03693	0.000677	1490.49	0.000655	1430.44	0.312	0.02	0		3728	3632.31	2.1842	2.1720	1498.16	2.0764	3638.15	2.1854	2.1725	1499.95	2.0723	0.9755	1	0.04407	0.02481	0.21033	1	0.99659	0.9960	0	0
460003	Salt Lake Regional Medical Center	41620	41620	41620	41620	49035	8	lurban	lurban	N	0.9892				N		1	0.0787	0.2981	119	25	0.04206	0.08776	0.2618	0.02703	0.05444	0.02703	0.000122	1552.33	0.000094	1044.77	0.285	0.033	0		566	556.20	2.2187	2.2118	240.19	2.1674	557.37	2.2162	2.2096	240.48	2.1861	0.9926	1	0.03007	0.07493	0.21209	1	1.00147	1.0000	0	0
460004	Mckay Dee Hospital	36260	36260	41620	36260	49057	8	ourban	ourban	W	0.9644				N		1	0.05	0.1305	249	143	0.02694	0.03751	0.2587	0.02639	0.05378	0.02639	0.000759	1781.94	0.000675	1588.67	0.29	0.019	0		3568	3410.81	2.0926	2.0822	1482.06	1.9332	3418.77	2.0925	2.0810	1486.22	1.9347	0.9755	1	0.02539	0.01345	0.21587	1	1.0019	1.0000	0	0
460005	Ogden Regional Medical Center	36260	36260	41620	36260	49057	8	ourban	ourban	W	0.9644				N		1	0	0	164	80	0	0	0.2395	0.02243	0.04969	0.02243	0.000192	982.88	0.000171	881.32	0.174	0.022	0		1500	1443.38	1.9067	1.8767			1446.89	1.9069	1.8763			0.9755	1	0.01665	0.04686	0.20784	1	0.99327	0.9998	0	0
460006	Lds Hospital	41620	41620	41620	41620	49035	8	lurban	lurban	N	0.9892				N		1	0.0074	0.0174	204	88	0.00404	0.00492	0.2179	0.01798	0.04511	0.01798	0.000613	4138.7	0.00046	3129.46	0.297	0.017	0		1208	1168.57	1.9349	1.9113	684.27	1.9438	1172.62	1.9468	1.9247	687.76	1.9395	0.9926	1	0.12815	0.07561	0.14792	1	1.00143	1.0000	0	0
460007	Cedar City Hospital	46	46	46	46	49021	8	rural	rural	N	0.8789				N		1	0	0	48	17	0	0	0.2663	0.02796	0	0.02796		0		0	0.433	0.034	16	6396.1	672	649.63	1.5880	1.5706			652.04	1.5872	1.5709			0.9154	1	0.02245	0.02333	0.30815	1.07894	1.01219	0.9998	0	0
460009	University Of Utah Hospitals And Clinics	41620	41620	41620	41620	49035	8	lurban	lurban	N	0.9892				N		1	0.5439	0.8007	512	387	0.25962	0.25352	0.3008	0.03508	0.06281	0.03508	0.002713	3565.5	0.001766	2482.11	0.384	0.019	0		6745	6591.23	2.4311	2.4122	1919.53	2.2905	6604.19	2.4456	2.4262	1925.35	2.2978	0.9926	1	0.12996	0.04642	0.21526	1	0.99818	0.9990	0	0
460010	Intermountain Medical Center	41620	41620	41620	41620	49035	8	lurban	lurban	N	0.9892				N		1	0.1389	0.2375	448	309	0.07302	0.06932	0.19	0.01275	0.03922	0.01275	0.001525	2176.76	0.001122	1610.25	0.275	0.019	0		5655	5498.12	2.2595	2.2544	2686.29	2.0925	5504.90	2.2620	2.2559	2690.59	2.0940	0.9926	1	0.06059	0.04442	0.20859	1	0.99356	1.0000	0	0
460011	Castleview Hospital	46	46	46	46	49007	8	rural	rural	N	0.8789				N		1	0	0	49	12	0	0	0.2028	0.01487	0	0.01487	0.000051	536.46	0.000048	542.73	0.277	0.038	16	5198.03	810	771.00	1.4399	1.4247			772.26	1.4407	1.4257			0.9154	1	0.00448	0.0155	0.46332	1.16538	1.00408	0.9994	0	0
460013	Mountain View Hospital	39340	39340	41620	39340	49049	8	ourban	ourban	W	0.9644				N		1	0	0	114	29	0	0	0.1949	0.01355	0.04026	0.01355	0.000123	1246.71	0.000099	1030.93	0.223	0.025	0		807	775.92	1.7594	1.7550			777.14	1.7529	1.7470			0.9755	1	0.00755	0.01604	0.25876	1.03189	1.00008	0.9991	0	0
460014	Mountain West Medical Center	41620	41620	41620	41620	49045	8	lurban	lurban	N	0.9892				N		1	0	0	36	11	0	0	0.2723	0.0292	0	0.0292	0.000115	2241.77	0.000086	1600.62	0.289	0.021	0		405	390.16	1.2538	1.2394			391.25	1.2524	1.2378			0.9926	1	0.00054	0.00053	0.24449	1.16106	1.00659	0.9998	0	0
460015	Logan Regional Hospital	30860	30860	36260	30860	49005	8	ourban	ourban	W	0.9032				N		1	0	0	121	43	0	0	0.2711	0.02895	0.05643	0.02895	0.000194	1695.03	0.000255	2241.32	0.403	0.029	0		924	875.06	1.8429	1.8326			876.74	1.8319	1.8194			0.9327	1	0.01077	0.00942	0.15904	1	1.00588	0.9998	0	0
460017	Brigham City Community Hospital	36260	36260	41620	36260	49003	8	ourban	ourban	W	0.9644				N		1	0	0	40	7	0	0	0.2212	0.01866	0	0.01866	0.000054	1644.98	0.000041	1270.55	0.221	0.025	0		259	247.89	1.2924	1.2904			248.46	1.2898	1.2879			0.9755	1	0	0	0.25904	1.20742	1.00863	0.9990	0	1
460019	Uintah Basin Medical Center	46	46	46	46	49013	8	rural	rural	N	0.8789				N		1	0	0	49	12	0	0	0.3004	0.03	0	0.03	0.000112	2776.92	0.000204	5164.41	0.41	0.038	16	6794.41	318	302.88	1.5785	1.5653			303.61	1.5788	1.5665			0.9154	1	0.00061	0.00247	0.18721	1.16667	1.00991	0.9983	0	0
460021	Dixie Regional Medical Center	41100	41100	41100	41100	49053	8	ourban	ourban	N	0.9458				N		1	0	0	216	145	0	0	0.1857	0.01205	0.03832	0.01205		0		0	0.344	0.021	17	6785.61	6258	6101.63	2.0051	1.9928			6117.61	2.0009	1.9886			0.9626	1	0.04834	0.02493	0.4361	1	1.00017	1.0000	0	0
460023	American Fork Hospital	39340	39340	41620	39340	49049	8	ourban	ourban	W	0.9644				N		1	0	0	91	42	0	0	0.172	0.00983	0	0.00983	0.000152	1661.97	0.000136	1404	0.324	0.027	0		688	647.45	1.6401	1.6076			649.27	1.6354	1.6052			0.9755	1	0.00486	0.00646	0.11678	1	0.99707	0.9997	0	0
460026	Sevier Valley Hospital	46	46	46	46	49041	8	rural	rural	N	0.8792				N		1	0	0	24	6	0	0	0.2545	0.02553	0	0.02553	0.000054	1199.34	0.00004	898.61	0.379	0.029	16	5802.23	354	347.23	1.4508	1.4486			347.93	1.4504	1.4488			0.9156	1	0.00387	0.00407	0.48431	1.22364	1.00238	0.9999	0	0
460030	Ashley Regional Medical Center	46	46	46	46	49047	8	rural	rural	N	0.8789				N		1	0	0	39	8	0	0	0.2643	0.02755	0	0.02755		0		0	0.249	0.018	16	6567.61	365	347.39	1.3410	1.3086			348.05	1.3407	1.3089			0.9154	1	0.00504	0.00372	0.25476	1.19023	1.01882	1.0000	0	0
460039	Bear River Valley Hospital	36260	36260	41620	36260	49003	8	ourban	ourban	W	0.9644				N		1	0	0	16	2	0	0	0.2356	0.02163	0	0.02163	0.000051	4297.89	0.00003	2669.28	0.61	0.102	0		92	88.36	1.3597	1.3557			88.58	1.3519	1.3469			0.9755	1	0	0	0.27128	1.25	1	1.0000	0	0
460041	Davis Hospital And Medical Center	36260	36260	41620	36260	49011	8	ourban	ourban	W	0.9644				N		1	0	0	170	43	0	0	0.2178	0.01796	0.04509	0.01796	0.000146	1039.37	0.000122	856.02	0.286	0.03	0		1140	1097.59	1.7555	1.7394			1099.64	1.7510	1.7340			0.9755	1	0.01394	0.0256	0.2189	1	0.99102	0.9872	0	0
460042	Lakeview Hospital	36260	36260	41620	36260	49011	8	ourban	ourban	W	0.9644				N		1	0	0	83	31	0	0	0.148190284	0	0	0		0		0	0.188	0.021	0		1184	1138.04	1.9202	1.8926			1141.00	1.9158	1.8880			0.9755	1	0.00731	0.01632	0.29063	1	1.00574	0.9997	0	0
460043	Orem Community Hospital	39340	39340	41620	39340	49049	8	ourban	ourban	W	0.9644				N		1	0	0	18	6	0	0	0.3401	0.03	0	0.03	0.000043	90430.5	0.000047	97547.24	0.345	0.02	0		4	4.00	1.7712	1.7712			4.00	1.7559	1.7559			0.9755	1	0	0	0.00069	1	1	1.0000	0	0
460044	Alta View Hospital	41620	41620	41620	41620	49035	8	lurban	lurban	N	0.9892				N		1	0	0	66	21	0	0	0.1381	0	0	0		0		0	0.378	0.03	0		480	456.16	1.6761	1.6568			457.49	1.6724	1.6539			0.9926	1	0.00135	0.00127	0.1536	1	1.00456	0.9928	0	0
460047	St Mark's Hospital	41620	41620	41620	41620	49035	8	lurban	lurban	N	0.9892				N		1	0.0634	0.0996	233	138	0.03403	0.02851	0.2066	0.01565	0.04272	0.01565	0.00044	1058.17	0.00037	893.66	0.163	0.016	0		3385	3306.92	1.9579	1.9491	1593.21	1.9386	3311.98	1.9596	1.9505	1596.17	1.9345	0.9926	1	0.01064	0.01881	0.23197	1	0.99259	0.9812	0	0
460049	The Orthopedic Specialty Hospital	41620	41620	41620	41620	49035	8	lurban	lurban	N	0.9892				N		1	0	0	40	11	0	0	0.0447	0	0	0		0		0	0.305	0.02	0		459	456.69	2.5106	2.5090			457.53	2.4828	2.4808			0.9926	1	0	0	0.27316	1	1	1.0000	0	0
460051	Jordan Valley Medical Center	41620	41620	41620	41620	49035	8	lurban	lurban	N	0.9892				N		1	0	0	278	83	0	0	0.2492	0.02444	0.05176	0.02444	0.000397	2009.11	0.000329	1716.39	0.264	0.06	0		1594	1536.56	1.7854	1.7714			1539.96	1.7793	1.7662			0.9926	1	0.01192	0.08398	0.14774	1	0.99806	0.9927	0	0
460052	Timpanogos Regional Hospital	39340	39340	41620	39340	49049	8	ourban	ourban	W	0.9644				N		1	0	0	117	40	0	0	0.2427	0.02309	0.05037	0.02309	0.000108	1394.59	0.0001	1370.17	0.237	0.026	0		586	565.75	2.0427	2.0415			566.85	2.0418	2.0402			0.9755	1	0.09053	0.1698	0.13144	1	0.99799	0.9851	0	0
460054	Cache Valley  Hospital	30860	30860	30860	30860	49005	8	ourban	ourban	N	0.8996				N		1	0	0	23	4	0	0	0.1287	0	0	0		0		0	0.276	0.064	0		246	238.35	2.2243	2.2299			240.29	2.2023	2.2060			0.9301	1	0.11785	0.68287	0.40784	1	1	0.9925	0	0
460057	Park City Hospital	46	46	41620	46	49043	8	rural	rural	W	0.9644				N		1	0	0	37	11	0	0	0.0824	0	0	0		0		0	0.378	0.049	0		385	374.62	1.7606	1.7554			376.46	1.7494	1.7451			0.9755	1	0.00071	0.00447	0.22242	1.14621	1.00816	0.9992	0	0
460058	Riverton Hospital	41620	41620	41620	41620	49035	8	lurban	lurban	N	0.9892				N		1	0	0	88	36	0	0	0.156	0.00723	0	0.00723	0.000159	2897.76	0.000126	2580.82	0.329	0.053	0		494	475.44	1.4829	1.4612			476.59	1.4821	1.4608			0.9926	1	0.00163	0.01434	0.07309	1	1.00365	1.0000	0	0
460060	Lone Peak Hospital	41620	41620	41620	41620	49035	8	lurban	lurban	N	0.9892				N		1	0.0014	0.0035	30	11	0.00077	0.00099	0.1287	0	0	0		0		0	0.233	0.057	0		289	277.09	1.7017	1.6884	178.21	1.4741	278.44	1.6955	1.6828	179.00	1.4684	0.9926	1	0.00278	0.04063	0.13818	1	1.01186	0.9982	0	0
470001	Central Vermont Medical Center	47	47	30	47	50023	1	rural	rural	W	1.0305				N		1	0	0	62	39	0	0	0.2702	0.02877	0	0.02877		0		0	0.529	0.029	17	9553.67	2113	2042.47	1.3943	1.3805			2045.84	1.3910	1.3776			1.0208	1	0.03871	0.0192	0.59238	1	0.99763	0.9936	0	0
470003	University Of Vermont Medical Center	15540	15540	15540	15540	50007	1	ourban	ourban	N	0.9917				N		1	0.5635	0.8461	410	281	0.26787	0.26969	0.3193	0.03889	0.06679	0.03889	0.0004	423.74	0.000528	571.91	0.412	0.024	0		7929	7796.71	1.9491	1.9433	821.04	2.0830	7805.92	1.9499	1.9441	821.95	2.0852	0.9943	1	0.12259	0.0627	0.40239	1	0.99884	1.0000	0	0
470005	Rutland Regional Medical Center	47	47	47	47	50021	1	rural	rural	N	0.9567				N		1	0	0	123	80	0	0	0.2915	0.03316	0	0.03316		0		0	0.483	0.037	17	8672.46	3667	3586.40	1.4103	1.3999			3595.67	1.4106	1.4017			0.9701	1	0.12386	0.11954	0.56442	1	1.00785	0.9997	0	0
470011	Brattleboro Memorial Hospital	47	47	47	47	50025	1	rural	rural	N	0.9961				Y	0.0394	1	0	0	47	14	0	0	0.2558	0.0258	0	0.0258	0.000061	612.87	0.00006	673.87	0.621	0.044	14	8823.66	959	936.09	1.2983	1.2936			937.54	1.2923	1.2873			0.9973	1	0.00691	0.00568	0.45139	1.16576	1.0046	1.0000	0	0
470012	Southwestern Vermont Medical Center	47	47	38340	47	50003	1	rural	rural	W	1.066				N		1	0.0169	0	78	30	0.00919	0	0.2684	0.0284	0	0.0284		0		0	0.525	0.03	17	7380.49	1726	1680.30	1.3028	1.2947	260.93	1.3031	1683.43	1.3009	1.2930	261.17	1.2997	1.0447	1	0.0076	0.00248	0.51976	1.03583	1.00809	0.9922	0	0
470024	Northwestern Medical Center Inc	15540	15540	15540	47	50011	1	ourban	rural	S	0.9917		YES		N		1	0	0	53	21	0	0	0.3243	0.03	0	0.03		0		0	0.734	0.05	16	8860.63	1209	1155.20	1.3405	1.3298			1158.22	1.3373	1.3273			0.9943	1	0.03988	0.02582	0.51926	1.09235	1.01013	0.9937	0	0
490001	Norton Community Hospital	49	49	49	49	51720	3	rural	rural	N	0.8031				N		1	0.3028	0.674	69	23	0.15265	0.20949	0.3445	0.03	0	0.03	0.000063	507.96	0.000073	536.91	0.173	0.022	0		927	879.50	1.5127	1.4945	344.55	1.5112	881.80	1.5086	1.4902	345.00	1.5095	0.8606	1	0.00419	0.01287	0.38106	1	1.01596	0.9929	0	0
490002	Russell County Hospital	49	49	49	49	51167	3	rural	rural	N	0.8031				N		1	0	0	49	10	0	0	0.2153	0.01744	0	0.01744	0.000036	537.34	0.000033	447.54	0.22	0.034	14	5181.31	445	425.02	1.1592	1.1524			425.71	1.1577	1.1506			0.8606	1	0.0005	0.00456	0.54987	1.19068	1.00307	0.9768	0	0
490004	Sentara Rmh Medical Center	25500	25500	16820	49	51660	3	ourban	rural	S	0.9192		YES	YES	N		1	0	0	238	138	0	0	0.1551	0.00708	0	0.00708		0		0	0.334	0.042	17	7153.12	6538	6391.45	1.6465	1.6374			6397.67	1.6434	1.6339			0.9439	1	0.02826	0.06456	0.45761	1	1.00332	0.9917	0	0
490005	Winchester Medical Center	49020	49020	47894	49	51840	3	ourban	rural	S	1.0079		YES	YES	N		1	0.0198	0.0304	389	259	0.01076	0.00862	0.1858	0.01207	0	0.01207		0		0	0.325	0.024	16	6774.9	9367	9239.01	1.8407	1.8342	1459.48	1.8788	9247.83	1.8409	1.8348	1460.68	1.8827	1.0054	1	0.03656	0.02953	0.46793	1	0.99844	0.9934	0	0
490007	Sentara Norfolk General Hospital	47260	47260	47260	47260	51710	3	lurban	lurban	N	0.8814				N		1	0.2025	0.2566	472	378	0.10468	0.0751	0.3133	0.03766	0.0655	0.03766	0.00176	1815.35	0.00145	1504.33	0.237	0.015	0		8031	7955.10	2.4688	2.4604	1387.07	2.1263	7962.04	2.4821	2.4746	1387.54	2.1410	0.9172	1	0.09529	0.05846	0.31393	1	1.00147	0.9999	0	0
490009	University Of Virginia Medical Center	16820	16820	16820	16820	51540	3	ourban	ourban	N	0.9371				N		1	0.9409	1.1994	569	443	0.41594	0.4028	0.3868	0.05282	0.08148	0.05282	0.002338	1949.33	0.002026	1762.7	0.25	0.02	0		10164	10024.28	2.2442	2.2354	1345.43	2.3812	10039.95	2.2537	2.2452	1347.21	2.4003	0.9565	1	0.1883	0.19066	0.3335	1	0.99972	0.9991	0	0
490011	Bon Secours Depaul Medical Center	47260	47260	47260	47260	51710	3	lurban	lurban	N	0.8814				N		1	0.096	0.1494	106	69	0.05106	0.04306	0.2531	0.02524	0.05259	0.02524	0.000249	1041.68	0.000196	812.25	0.264	0.024	0		1960	1915.69	1.8322	1.8195	456.39	1.8532	1918.40	1.8404	1.8274	456.91	1.8487	0.9172	1	0.12002	0.15338	0.32302	1	1.0011	0.9973	0	0
490013	Sentara Halifax Regional Hospital	49	49	31340	49	51083	3	rural	rural	W	0.8494				N		1	0	0	192	40	0	0	0.2321	0.02091	0	0.02091	0.000062	251.24	0.000081	327.54	0.389	0.046	17	5254.14	2030	2003.83	1.4642	1.4547			2005.56	1.4592	1.4496			0.8942	1	0.03855	0.08611	0.57046	1	1.0088	0.9924	0	0
490017	Bon Secours Maryview Medical Center	47260	47260	47260	47260	51740	3	lurban	lurban	N	0.8814				N		1	0.0731	0.1031	212	140	0.03913	0.02952	0.3069	0.03634	0.06412	0.03634	0.000411	881.03	0.000401	869.16	0.271	0.019	0		3901	3803.58	1.7442	1.7315	1065.19	1.6702	3813.29	1.7471	1.7351	1066.91	1.6752	0.9172	1	0.02941	0.02123	0.38186	1	1.00145	0.9968	0	0
490018	Augusta Health	44420	44420	16820	49	51015	3	ourban	rural	S	0.9192		YES	YES	N		1	0	0	195	98	0	0	0.1878	0.01239	0	0.01239		0		0	0.264	0.02	17	6499	5018	4872.85	1.5483	1.5400			4880.88	1.5463	1.5383			0.9439	1	0.03514	0.03065	0.43806	1	1.00159	0.9989	0	0
490019	Novant Health Uva Health System Culpeper Med Cente	47894	47894	47894	47894	51047	3	lurban	lurban	N	1.0079				N		1	0	0	70	31	0	0	0.2483	0.02425	0	0.02425	0.000248	1348.62	0.000165	889.72	0.362	0.024	0		1480	1445.21	1.4521	1.4471			1446.83	1.4487	1.4436			1.0054	1	0.01781	0.01334	0.49486	1	1.00155	0.9823	0	0
490020	John Randolph Medical Center	40060	40060	40060	40060	51670	3	lurban	lurban	N	0.9039				N		1	0	0	107	38	0	0	0.1775	0.01072	0.0366	0.01072	0.000248	1306.45	0.000174	900.05	0.121	0.013	0		1574	1540.16	1.3478	1.3384			1541.64	1.3497	1.3407			0.9331	1	0.06954	0.13	0.51359	1	0.98405	0.9863	0	0
490021	"Centra  Health, Inc"	31340	31340	16820	49	51680	3	ourban	rural	S	0.9192		YES	YES	N		1	0.0294	0.0598	459	309	0.01594	0.01702	0.244	0.02336	0	0.02336	0.000686	475.49		0	0.303	0.02	17	6171.78	12205	12024.44	1.8314	1.8178	1722.36	1.7969	12037.84	1.8331	1.8200	1724.10	1.7992	0.9439	1	0.07062	0.04613	0.48345	1	1.00441	0.9983	0	0
490022	"Mary Washington Hospital, Inc"	47894	47894	47894	47894	51630	3	lurban	lurban	N	1.0079				N		1	0	0	411	256	0	0	0.1894	0.01265	0.0391	0.01265	0.000556	533.52	0.000935	901.45	0.277	0.036	0		8814	8677.30	1.7376	1.7269			8689.61	1.7384	1.7277			1.0054	1	0.02217	0.05752	0.40439	1	1.00046	0.9978	0	0
490023	Fauquier Hospital	47894	47894	47894	47894	51061	3	lurban	lurban	N	1.0079				N		1	0	0	97	50	0	0	0.1488	0	0	0		0		0	0.27	0.023	0		2111	2055.18	1.4030	1.3941			2058.70	1.4005	1.3916			1.0054	1	0.0378	0.04191	0.46681	1	0.99877	0.9903	0	0
490024	Carilion Roanoke Memorial Hospital	40220	40220	40220	40220	51770	3	ourban	ourban	N	0.8903				N		1	0.1718	0.2654	634	457	0.08953	0.07777	0.3155	0.03811	0.06597	0.03811	0.001545	1006.58	0.00138	951.48	0.249	0.015	0		13448	13193.15	1.9916	1.9806	3194.88	1.9994	13223.07	1.9937	1.9834	3200.97	2.0018	0.9235	1	0.06168	0.03045	0.34851	1	0.99891	0.9954	0	0
490032	Medical College Of Virginia Hospitals	40060	40060	40060	40060	51760	3	lurban	lurban	N	0.9039				N		1	0.5587	0.7857	684	584	0.26586	0.24823	0.3857	0.05259	0.08124	0.05259	0.004976	4808.99	0.001185	1214.32	0.22	0.021	0		9120	9013.57	2.3285	2.3161	1612.56	2.1512	9023.06	2.3438	2.3322	1613.71	2.1710	0.9331	1	0.22117	0.32801	0.26266	1	0.99908	1.0000	0	0
490033	Warren Memorial Hospital	47894	47894	47894	47894	51187	3	lurban	lurban	N	1.0079				N		1	0.1935	0.4159	46	16	0.10026	0.12453	0.2666	0.02802	0	0.02802	0.000168	1728.3	0.000129	1305.26	0.475	0.049	0		834	801.56	1.2201	1.2134	107.78	1.2685	803.00	1.2162	1.2093	108.02	1.2696	1.0054	1	0.01975	0.02959	0.44567	1.1275	0.99621	0.9996	0	0
490037	Riverside Shore Memorial Hospital	49	49	41540	49	51131	3	rural	rural	W	0.9219				N		1	0	0	135	24	0	0	0.2684	0.0284	0	0.0284	0.000166	1176.85	0.00012	792.69	0.317	0.066	16	5722.63	1184	1125.69	1.3724	1.3560			1127.80	1.3720	1.3555			0.9458	1	0.01043	0.04848	0.47941	1.09061	1.00712	1.0000	0	0
490038	Smyth County Community Hospital	49	49	49	49	51173	3	rural	rural	N	0.8031				N		1	0	0	30	10	0	0	0.1523	0.00662	0	0.00662	0.000055	691.06		0	0.168	0.023	14	5996.69	635	605.88	1.4561	1.4401			606.76	1.4506	1.4338			0.8606	1	0.00029	0.00168	0.58789	1.19659	1.0037	0.9969	0	0
490040	Inova Alexandria Hospital	47894	47894	47894	47894	51510	3	lurban	lurban	N	1.0079				N		1	0	0	334	184	0	0	0.2341	0.02132	0.04855	0.02132	0.000747	1183.63	0.000704	1089.53	0.351	0.03	0		4964	4866.01	1.6797	1.6624			4873.13	1.6832	1.6661			1.0054	1	0.02455	0.02918	0.3743	1	1.00318	0.9921	0	0
490041	Mary Immaculate Hospital	47260	47260	47260	47260	51700	3	lurban	lurban	N	0.8814				N		1	0	0	115	62	0	0	0.2409	0.02272	0.04999	0.02272	0.000137	431.97	0.000134	409.74	0.246	0.014	0		2587	2486.71	1.8923	1.8789			2515.22	1.8826	1.8713			0.9172	1	0.01333	0.0031	0.34475	1	1.00491	0.9969	0	0
490042	Carilion New River Valley Medical Center	13980	13980	40220	13980	51750	3	ourban	ourban	W	0.8659				N		1	0	0	110	57	0	0	0.2276	0.01998	0.04717	0.01998	0.000349	1140.73	0.000256	886.75	0.279	0.021	7		2628	2558.28	1.5611	1.5489			2561.00	1.5582	1.5460			0.9061	1	0.01593	0.01475	0.39847	1	1.00832	0.9915	0	0
490043	Inova Loudoun Hospital	47894	47894	47894	47894	51107	3	lurban	lurban	N	1.0079				N		1	0.0024	0.0023	157	113	0.00131	0.00065	0.1552	0.0071	0.03193	0.0071	0.00054	1133.08	0.000402	858.7	0.357	0.039	0		3875	3770.98	1.4985	1.4929	298.37	1.4486	3777.44	1.4998	1.4942	298.62	1.4529	1.0054	1	0.01602	0.03102	0.3907	1	1.002	0.9834	0	0
490044	Sentara Obici Hospital	47260	47260	47260	47260	51800	3	lurban	lurban	N	0.8814				N		1	0.016	0.0121	158	89	0.00871	0.00342	0.2481	0.02421	0.05152	0.02421	0.000569	1238.56	0.000408	936.85	0.266	0.021	0		4001	3901.84	1.5200	1.5114	763.56	1.5545	3907.25	1.5175	1.5088	764.59	1.5530	0.9172	1	0.01533	0.01643	0.4129	1	1.01058	0.9976	0	0
490045	Novant Health Uva  Prince William Medical Center	47894	47894	47894	47894	51153	3	lurban	lurban	N	1.0079				N		1	0	0	98	59	0	0	0.2757	0.0299	0	0.0299	0.000402	1880.16	0.00037	1751	0.366	0.032	0		1932	1864.10	1.7633	1.7481			1868.85	1.7680	1.7531			1.0054	1	0.04179	0.05758	0.27408	1	0.99754	0.9893	0	0
490046	Sentara Leigh Hospital	47260	47260	47260	47260	51710	3	lurban	lurban	N	0.8814				N		1	0.0385	0.0562	250	170	0.02081	0.01599	0.1794	0.01103	0.037	0.01103	0.000692	846.41	0.000488	641.5	0.238	0.024	0		7106	6994.41	1.6612	1.6518	1334.11	1.5544	7004.75	1.6590	1.6501	1336.17	1.5480	0.9172	1	0.02275	0.03729	0.41884	1	1.00953	0.9955	0	0
490048	Lewisgale Medical Center	40220	40220	40220	40220	51775	3	ourban	ourban	N	0.8903				N		1	0.0217	0	328	215	0.01179	0	0.2144	0.01726	0.04437	0.01726	0.00036	425.82	0.000328	385.76	0.147	0.012	0		6975	6876.86	1.6117	1.6045	13.91	1.3864	6885.73	1.6158	1.6089	13.95	1.3794	0.9235	1	0.04541	0.05198	0.47375	1	0.99974	0.9914	0	0
490050	Virginia Hospital Center	47894	47894	47894	47894	51013	3	lurban	lurban	N	1.0079				N		1	0.1058	0.1597	290	203	0.05612	0.0461	0.1429	0	0.02936	0		0	0.000435	514.66	0.329	0.023	0		7672	7505.84	1.8318	1.8163	225.61	1.7127	7522.96	1.8307	1.8159	225.91	1.7193	1.0054	1	0.03531	0.02351	0.34341	1	1.00238	0.9975	0	0
490052	Riverside Regional Medical Center	47260	47260	47260	47260	51700	3	lurban	lurban	N	0.8814				N		1	0.1239	0.2667	392	258	0.0654	0.07817	0.2977	0.03444	0.06214	0.03444	0.000952	1155.07	0.000751	923.72	0.268	0.034	0		6830	6686.90	1.7708	1.7556	1418.53	1.7615	6694.53	1.7774	1.7620	1420.76	1.7695	0.9172	1	0.02115	0.05211	0.33286	1	0.9923	0.9888	0	0
490053	Johnston Memorial Hospital	28700	28700	28700	28700	51191	3	ourban	ourban	N	0.8031				N		1	0.2235	0.0731	116	83	0.11492	0.02084	0.2573	0.02611	0.05348	0.02611	0.000165	404.42	0.000154	348.48	0.143	0.025	0		2972	2881.52	1.5518	1.5317	958.63	1.6250	2887.25	1.5447	1.5256	959.74	1.6144	0.8606	1	0.00563	0.03198	0.46322	1	1.00079	0.9813	0	0
490057	Sentara Virginia Beach General Hospital	47260	47260	47260	47260	51810	3	lurban	lurban	N	0.8814				N		1	0.0089	0.0116	225	169	0.00485	0.00328	0.0993	0	0.02031	0		0		0	0.224	0.015	0		6071	5992.88	1.7256	1.7197	982.20	1.7313	5997.74	1.7242	1.7182	982.88	1.7373	0.9172	1	0.05125	0.03273	0.49472	1	0.99827	0.9914	0	0
490059	Bon Secours St Marys Hospital	40060	40060	40060	40060	51760	3	lurban	lurban	N	0.9039				N		1	0.0336	0.0396	378	240	0.01819	0.01124	0.2013	0.01459	0.04161	0.01459	0.000533	665.26	0.000506	641.11	0.213	0.013	0		6831	6707.22	2.0806	2.0770	1580.32	2.0406	6720.59	2.0808	2.0774	1582.99	2.0493	0.9331	1	0.14199	0.08523	0.32776	1	0.99955	0.9998	0	0
490060	Clinch Valley Medical Center	49	49	49	49	51185	3	rural	rural	N	0.8031				N		1	0	0	151	35	0	0	0.3021	0.03	0	0.03	0.00013	793.08	0.000123	700	0.144	0.016	0		1294	1269.77	1.2632	1.2510			1271.13	1.2570	1.2454			0.8606	1	0	0	0.42833	1.01303	1.01608	0.9967	0	0
490063	Inova Fairfax Hospital	47894	47894	47894	47894	51610	3	lurban	lurban	N	1.0079				N		1	0.143	0.2125	825	648	0.07509	0.0618	0.3079	0.03654	0.06433	0.03654	0.002139	1433.65	0.002049	1395.16	0.362	0.039	0		12105	11869.51	2.2327	2.2245	1038.50	2.1138	11884.83	2.2393	2.2308	1039.57	2.1156	1.0054	1	0.08058	0.14997	0.2771	1	1.001	0.9953	0	0
490066	Sentara Williamsburg Regional Medical Center	47260	47260	40060	47260	51830	3	lurban	lurban	W	0.9039				N		1	0	0	139	70	0	0	0.1178	0	0.02414	0		0		0	0.249	0.028	0		3733	3677.54	1.5310	1.5248			3681.61	1.5316	1.5259			0.9331	1	0.02164	0.04021	0.49484	1	1.01534	1.0000	0	0
490067	Southside Regional Medical Center	40060	40060	40060	40060	51730	3	lurban	lurban	N	0.9039				N		1	0	0	300	165	0	0	0.2431	0.02318	0.05046	0.02318	0.000455	758.57	0.000401	657.9	0.094	0.011	0		4779	4701.05	1.5743	1.5630			4705.92	1.5741	1.5630			0.9331	1	0.00977	0.02347	0.43167	1	0.995	0.9796	0	0
490069	Bon Secours Memorial Regional Medical Center	40060	40060	40060	40060	51760	3	lurban	lurban	N	0.9039				N		1	0	0	224	160	0	0	0.1595	0.00779	0.03283	0.00779	0.000362	506.94	0.000305	426.5	0.21	0.018	0		6087	5970.61	1.7959	1.7864			5983.02	1.7939	1.7848			0.9331	1	0.07253	0.08084	0.43667	1	0.99856	0.9978	0	0
490075	Sovah Health Danville	49	49	40220	49	51590	3	rural	rural	W	0.8659				N		1	0.152	0.5184	215	87	0.07962	0.15753	0.283	0.03141	0	0.03141	0.00048	618.1	0.00043	929.28	0.153	0.018	7		6596	6418.77	1.5560	1.5446	1436.28	1.5180	6426.69	1.5518	1.5402	1438.52	1.5153	0.9061	1	0.00216	0.00557	0.49791	1	1.00074	0.9898	0	0
490077	Martha Jefferson Hospital	16820	16820	16820	16820	51540	3	ourban	ourban	N	0.9371				N		1	0	0	150	89	0	0	0.0936	0	0.01913	0		0		0	0.37	0.036	0		4823	4712.08	1.5450	1.5385			4723.51	1.5441	1.5382			0.9565	1	0.02818	0.04161	0.46152	1	1.0052	1.0000	0	0
490084	Riverside Tappahannock Hospital	49	49	40060	49	51057	3	rural	rural	W	0.9039				N		1	0	0	67	15	0	0	0.1259	0	0	0		0		0	0.322	0.023	16	6327.59	906	869.23	1.4872	1.4676			871.83	1.4830	1.4637			0.9331	1	0.00238	0.00167	0.57151	1.15803	1.00294	1.0000	0	0
490088	Bedford Memorial Hospital	31340	31340	31340	31340	51019	3	ourban	ourban	N	0.8616				N		1	0	0	34	13	0	0	0.1445	0	0	0		0		0	0.455	0.043	0		968	934.91	1.1653	1.1543			936.07	1.1650	1.1540			0.903	1	0.00467	0.00736	0.60485	1.17727	1.01148	0.9913	0	0
490089	Carilion Franklin Memorial Hospital	40220	40220	40220	40220	51067	3	ourban	ourban	N	0.8903				N		1	0	0	37	12	0	0	0.1275	0	0	0		0	0.000106	1432.07	0.315	0.022	0		724	705.69	1.2025	1.1921			706.47	1.1996	1.1889			0.9235	1	0.00004	0	0.49234	1.1822	1.00844	1.0000	0	0
490090	"Southside Community Hospital, Inc"	49	49	40060	49	51147	3	rural	rural	W	0.9039				N		1	0	0	86	33	0	0	0.2721	0.02916	0	0.02916		0		0	0.342	0.036	16	5996.62	1932	1851.63	1.3829	1.3678			1855.56	1.3822	1.3682			0.9331	1	0.01796	0.03401	0.46118	1	1.00531	0.9987	0	0
490092	Southampton Memorial Hospital	49	49	49	49	51620	3	rural	rural	N	0.8031				N		1	0	0	63	16	0	0	0.2452	0.02361	0	0.02361		0		0	0.199	0.015	16	6514.1	542	527.02	1.2647	1.2615			527.77	1.2660	1.2627			0.8606	1	0.01016	0.00898	0.44356	1.15712	1.01565	0.9887	0	0
490093	Sentara Careplex Hospital	47260	47260	47260	47260	51650	3	lurban	lurban	N	0.8814				N		1	0	0	218	108	0	0	0.1464	0	0.03009	0		0	0.000529	1212.69	0.28	0.027	0		3699	3635.30	1.6955	1.6857			3640.97	1.6958	1.6859			0.9172	1	0.043	0.06152	0.44908	1	0.99906	0.9956	0	0
490094	Bon Secours Richmond Community Hospital	40060	40060	40060	40060	51760	3	lurban	lurban	N	0.9039				N		1	0	0	101	29	0	0	0.5005	0.07627	0.10667	0.07627	0.000137	2569.54	0.000129	2163.04	0.491	0.032	0		380	376.40	1.1341	1.1324			376.41	1.1532	1.1515			0.9331	1	0.06417	0.05365	0.30847	1	1	0.9989	0	0
490097	Southern Virginia Regional Medical Center	49	49	49	49	51595	3	rural	rural	N	0.8612				N		1	0	0	70	11	0	0	0.2253	0.01951	0	0.01951	0.00004	657.85	0.000047	639.07	0.12	0.021	14	4178.74	426	412.37	1.2502	1.2395			412.86	1.2442	1.2333			0.9027	1	0.00049	0.0127	0.5356	1.20091	1.01135	0.9957	0	0
490098	Community Memorial Hospital	49	49	49	49	51117	3	rural	rural	N	0.8031				N		1	0	0	68	35	0	0	0.2069	0.01571	0	0.01571	0.000193	1081.53		0	0.373	0.023	16	5760.31	1551	1518.89	1.3934	1.3898			1520.91	1.3923	1.3887			0.8606	1	0.05215	0.03545	0.59888	1	1.00697	0.9899	0	0
490101	Inova Fair Oaks Hospital	47894	47894	47894	47894	51600	3	lurban	lurban	N	1.0079				N		1	0	0	182	98	0	0	0.1946	0.0135	0.04019	0.0135	0.00045	1115.53	0.000354	864.34	0.362	0.031	0		3207	3128.55	1.6954	1.6866			3134.13	1.6935	1.6851			1.0054	1	0.01286	0.01546	0.27239	1	1.00731	0.9986	0	0
490107	Reston Hospital Center	47894	47894	47894	47894	51059	3	lurban	lurban	N	1.0079				N		1	0	0	199	135	0	0	0.1625	0.00828	0.03345	0.00828	0.000385	799.24	0.000282	599.07	0.194	0.021	0		3969	3887.41	1.8112	1.8119			3892.26	1.8066	1.8070			1.0054	1	0.0235	0.04473	0.32683	1	0.99211	0.9700	0	0
490110	Lewisgale Hospital Montgomery	13980	13980	13980	13980	51121	3	ourban	ourban	N	0.8522				Y	0.0108	1	0.4059	0.774	88	41	0.19973	0.24411	0.1847	0.01189	0	0.01189	0.000161	688.21	0.000116	504.62	0.185	0.019	0		1961	1908.86	1.5206	1.5141	309.74	1.6028	1912.31	1.5210	1.5150	310.34	1.6059	0.8963	1	0.01374	0.02462	0.50022	1	0.99529	0.9774	0	0
490111	Wythe County Community Hospital	49	49	49	49	51197	3	rural	rural	N	0.8031				N		1	0	0	92	15	0	0	0.2413	0.02281	0	0.02281		0		0	0.178	0.014	16	6393.67	809	770.19	1.4220	1.4092			771.73	1.4206	1.4077			0.8606	1	0	0	0.47665	1.13538	0.99825	0.9967	0	0
490112	Cjw Medical Center	40060	40060	40060	40060	51760	3	lurban	lurban	N	0.9039				N		1	0	0.0196	612	393	0	0.00555	0.2114	0.01664	0.04374	0.01664	0.001123	856.04	0.000903	706.44	0.082	0.007	0		11094	10970.52	1.7715	1.7691			10981.20	1.7719	1.7692			0.9331	1	0.04404	0.05614	0.39481	1	0.99481	0.9880	0	0
490113	Sentara Northern Virginia Medical Center	47894	47894	47894	47894	51153	3	lurban	lurban	N	1.0079				N		1	0	0	181	104	0	0	0.2422	0.02299	0.05027	0.02299	0.000747	1759.38	0.000629	1549.76	0.275	0.052	0		3703	3625.71	1.6040	1.5918			3629.68	1.6019	1.5900			1.0054	1	0.04614	0.19647	0.34877	1	0.99415	0.9951	0	0
490114	Lonesome Pine Hospital	49	49	49	49	51195	3	rural	rural	N	0.8031				N		1	0.1421	0.6408	91	20	0.07464	0.19822	0.3727	0.03	0	0.03	0.000205	1999.85	0.000157	1438.05	0.358	0.028	0		719	688.78	1.3266	1.3068	208.79	1.3230	690.40	1.3241	1.3047	209.17	1.3190	0.8606	1	0	0	0.41102	1	1.01375	0.9854	0	0
490115	Twin County Regional Hospital	49	49	49	49	51640	3	rural	rural	N	0.8031				N		1	0	0	141	24	0	0	0.2772	0.03	0	0.03		0		0	0.246	0.025	16	6266.52	1315	1261.78	1.2503	1.2376			1264.67	1.2509	1.2381			0.8606	1	0.00305	0.0059	0.51594	1.10182	1.01086	0.9998	0	0
490116	Lewisgale Hospital Pulaski	13980	13980	13980	49	51155	3	ourban	rural	S	0.8436		YES		N		1	0	0	92	17	0	0	0.1745	0.01023	0	0.01023	0.000135	1113.14	0.000096	732.92	0.267	0.03	14	6339.98	905	874.75	1.3410	1.3223			876.13	1.3424	1.3236			0.8901	1	0.04087	0.08274	0.63332	1.16561	0.99972	0.9827	0	0
490117	Carilion Tazewell Community Hospital	49	49	49	49	51185	3	rural	rural	N	0.8031				N		1	0	0	56	6	0	0	0.2454	0.02365	0	0.02365	0.000048	1446.1	0.000032	907.35	0.296	0.031	14	5644.99	246	231.78	1.2047	1.1971			232.61	1.1985	1.1902			0.8606	1	0	0	0.49362	1.24258	1	0.9772	0	0
490118	Henrico Doctors' Hospital	40060	40060	40060	40060	51760	3	lurban	lurban	N	0.9039				N		1	0	0	707	267	0	0	0.2117	0.0167	0.0438	0.0167	0.00063	729.54	0.000547	636.15	0.092	0.01	0		7152	7049.64	1.8026	1.7973			7057.88	1.8025	1.7976			0.9331	1	0.05027	0.09817	0.35535	1	0.99989	0.9966	0	0
490119	Sentara Princess Anne Hospital	47260	47260	47260	47260	51810	3	lurban	lurban	N	0.8814				N		1	0.012	0.0235	160	131	0.00654	0.00665	0.1589	0.0077	0.0327	0.0077	0.000549	1063.41	0.000393	800.63	0.246	0.018	0		4440	4359.94	1.5952	1.5842	827.63	1.5168	4364.51	1.5963	1.5856	828.17	1.5124	0.9172	1	0.02683	0.02268	0.35498	1	1.00861	0.9989	0	0
490120	Chesapeake General Hospital	47260	47260	47260	47260	51550	3	lurban	lurban	N	0.8814				N		1	0	0	310	175	0	0	0.2145	0.01728	0.04439	0.01728	0.000617	927.98	0.000505	747.83	0.367	0.036	0		5605	5517.86	1.6704	1.6625			5523.08	1.6684	1.6604			0.9172	1	0.01715	0.02857	0.39638	1	1.0006	0.9916	0	0
490122	Inova Mount Vernon Hospital	47894	47894	47894	47894	51510	3	lurban	lurban	N	1.0079				N		1	0	0	140	64	0	0	0.1119	0	0.02292	0		0		0	0.403	0.035	0		2894	2809.05	1.7172	1.7052			2828.54	1.7123	1.7020			1.0054	1	0.02638	0.03107	0.59792	1	1.00894	0.9962	0	0
490126	Lewisgale Hospital Alleghany	49	49	40220	49	51005	3	rural	rural	W	0.8659				N		1	0	0	95	22	0	0	0.0985	0	0	0		0		0	0.201	0.025	16	6002.6	931	900.62	1.3626	1.3521			901.69	1.3590	1.3494			0.9061	1	0.01923	0.03848	0.67027	1.15568	1.0056	0.9956	0	0
490127	Buchanan General Hospital	49	49	49	49	51027	3	rural	rural	N	0.8031				N		1	0	0	49	15	0	0	0.2174	0.01788	0	0.01788		0		0	0.269	0.031	16	6334.72	474	467.00	1.1412	1.1352			467.26	1.1370	1.1310			0.8606	1	0.02057	0.04158	0.45687	1.20303	1.01318	0.9821	0	0
490130	Riverside Walter Reed Hospital	47260	47260	47260	47260	51073	3	lurban	lurban	N	0.8814				N		1	0	0	67	28	0	0	0.0861	0	0	0		0		0	0.22	0.027	0		1535	1492.64	1.4522	1.4384			1495.93	1.4500	1.4367			0.9172	1	0.00174	0.00395	0.63358	1.08455	1.00373	0.9986	0	0
490136	Bon Secours St Francis Medical Center	40060	40060	40060	40060	51041	3	lurban	lurban	N	0.9039				N		1	0.1589	0.2153	130	90	0.08309	0.06264	0.1839	0.01176	0.03794	0.01176	0.000315	790.96	0.000248	627.03	0.228	0.029	0		3312	3237.63	1.6938	1.6834	704.78	1.8685	3241.61	1.6908	1.6804	705.60	1.8658	0.9331	1	0.03099	0.0813	0.33701	1	0.99872	1.0000	0	0
490140	"Stafford Hospital, Llc"	47894	47894	47894	47894	51179	3	lurban	lurban	N	1.0079				N		1	0	0	90	37	0	0	0.1585	0.00763	0	0.00763	0.000217	1325.07	0.00016	995.45	0.345	0.063	0		1328	1306.43	1.3277	1.3226			1307.61	1.3260	1.3210			1.0054	1	0.02013	0.07671	0.32544	1	1.01015	0.9972	0	0
490141	Spotsylvania Regional Medical Center	47894	47894	47894	47894	51177	3	lurban	lurban	N	1.0079				N		1	0	0	105	56	0	0	0.2081	0.01596	0.04304	0.01596	0.00036	1566.95	0.000252	1164.34	0.213	0.031	0		2002	1966.11	1.5682	1.5600			1967.43	1.5650	1.5561			1.0054	1	0.01749	0.05891	0.38034	1	0.99927	0.9927	0	0
490143	Riverside Doctors' Hospital Of Williamsburg	47260	47260	47260	47260	51095	3	lurban	lurban	N	0.8814				N		1	0	0	40	13	0	0	0.072158259	0	0	0		0		0	0.398	0.107	0		815	781.15	1.4528	1.4385			783.46	1.4538	1.4403			0.9172	1	0.01805	0.12748	0.54484	1	1.01261	0.9931	0	0
490144	Novant Health Uva Health Haymarket Medical Center	47894	47894	47894	47894	51153	3	lurban	lurban	N	1.0079				N		1	0	0	53	17	0	0	0.1625	0.00828	0	0.00828	0.0001	1204.28		0	0.395	0.074	0		739	701.31	1.5036	1.4828			702.80	1.5057	1.4843			1.0054	1	0.04221	0.16028	0.26779	1	1.0001	0.9892	0	0
490145	Stonesprings Hospital Center	47894	47894	47894	47894	51107	3	lurban	lurban	N	1.0079				N		1	0		124	10	0	0.52699	0.2093	0.01621	0.04329	0.01621		0		0	0.372	0.024	0		367	352.02	1.5430	1.5148			352.42	1.5431	1.5145			1.0054	1	0.12792	0.0414	0.36839	1	1.00731	1.0000	0	0
500001	Northwest Hospital	42644	42644	42644	42644	53033	9	lurban	lurban	N	1.159				N		1	0.1485	0.1062	168	114	0.07786	0.03042	0.2529	0.0252	0.05255	0.0252	0.000209	481.02	0.000233	524.79	0.284	0.024	0		3582	3528.32	1.7737	1.7655	948.04	1.7192	3531.66	1.7692	1.7609	948.89	1.7181	1.1063	1	0.0533	0.0603	0.38681	1	1.00567	0.9925	0	0
500002	Providence St Mary Medical Center	47460	47460	47460	47460	53071	9	ourban	ourban	N	1.0587				N		1	0	0	74	44	0	0	0.3028	0.03	0	0.03		0	0.000085	317.74	0.315	0.021	17	6676.95	2946	2888.23	1.8724	1.8644			2891.16	1.8627	1.8541			1.0398	1	0.01717	0.01062	0.47842	1	1.01072	0.9992	0	0
500003	Skagit Valley Hospital	34580	34580	42644	34580	53057	9	ourban	ourban	W	1.145				N		1	0.2144	0.2112	137	83	0.1105	0.06141	0.3192	0.03887	0.06677	0.03887	0.000126	382.67	0.000163	528.97	0.243	0.02	7		2893	2858.20	1.4954	1.4872	898.80	1.6196	2859.91	1.4951	1.4866	899.21	1.6192	1.0972	1	0.02792	0.02988	0.38634	1	0.99811	0.9992	0	0
500005	Virginia Mason Medical Center	42644	42644	42644	42644	53033	9	lurban	lurban	N	1.159				N		1	0.4493	0.4183	188	149	0.21893	0.12529	0.186	0.0121	0.03838	0.0121	0.000287	447.73	0.000248	413.25	0.366	0.032	0		5554	5529.69	2.1539	2.1499	969.89	2.0897	5531.03	2.1623	2.1584	970.41	2.0905	1.1063	1	0.15048	0.18961	0.47114	1	1.00702	0.9965	0	0
500007	Island Hospital	34580	34580	42644	50	53057	9	ourban	rural	S	1.145		YES	YES	N		1	0	0	42	24	0	0	0.1782	0.01083	0	0.01083	0.000026	166.13	0.000037	232.95	0.414	0.02	14	6203.97	1164	1148.21	2.0334	2.0340			1149.13	2.0170	2.0164			1.0972	1	0.00426	0.00015	0.47745	1.05652	1.00219	0.9990	0	0
500008	University Of Washington Medical Ctr	42644	42644	42644	42644	53033	9	lurban	lurban	N	1.159				N		1	0.6009	0.8308	408	315	0.28343	0.26422	0.3614	0.04758	0.07593	0.04758	0.000384	621.39	0.0006	1029.43	0.317	0.017	0		5076	5049.52	2.6030	2.6007	918.80	2.9321	5054.00	2.6196	2.6192	919.09	2.9592	1.1063	1	0.13289	0.05216	0.28119	1	0.99759	0.9986	0	0
500011	Highline Medical Center	42644	42644	42644	42644	53033	9	lurban	lurban	N	1.159				N		1	0	0	129	84	0	0	0.3947	0.05444	0.08321	0.05444	0.000261	1107.01	0.000259	1050.1	0.21	0.029	0		1794	1759.67	1.6838	1.6795			1761.31	1.6879	1.6835			1.1063	1	0.07243	0.18155	0.30224	1	0.9982	0.9937	0	0
500012	Yakima Regional Medical And Cardiac Center	49420	49420	49420	49420	53077	9	ourban	ourban	N	1.0101				N		1	0.0297	0.1861	124	40	0.0161	0.05392	0.3906	0.0536	0.08231	0.0536	0.000057	299.44	0.000081	381.85	0.21	0.019	0		1416	1398.73	1.9254	1.9202	173.07	1.8650	1400.34	1.9198	1.9143	173.08	1.8537	1.0069	1	0.12373	0.14486	0.49231	1	1.00695	0.9975	0	0
500014	Providence Regional Medical Center Everett	42644	42644	42644	42644	53061	9	lurban	lurban	N	1.159				N		1	0.0057	0	436	374	0.00311	0	0.3208	0.0392	0.06712	0.0392	0.000385	488.65	0.000641	856.15	0.258	0.026	0		6360	6251.10	1.7486	1.7388	375.21	1.8486	6260.29	1.7457	1.7360	375.80	1.8400	1.1063	1	0.05841	0.08963	0.23563	1	1.00456	0.9954	0	0
500015	Multicare Auburn Medical Center	42644	42644	42644	42644	53033	9	lurban	lurban	N	1.159				N		1	0	0	73	63	0	0	0.4697	0.03	0	0.03	0.000231	1149.83	0.000206	985.31	0.221	0.02	0		1658	1635.21	1.5849	1.5745			1635.88	1.5873	1.5773			1.1063	1	0.03281	0.04588	0.29107	1	1.0032	1.0000	0	0
500016	Central Washington Hospital	48300	48300	42644	50	53007	9	ourban	rural	S	1.145		YES	YES	N		1	0	0	176	123	0	0	0.3153	0.03807	0	0.03807	0.000136	240.69	0.000182	321.11	0.357	0.02	17	6429.97	4637	4583.54	1.9265	1.9200			4586.10	1.9237	1.9174			1.0972	1	0.04979	0.02511	0.47481	1	1.00645	1.0000	0	0
500019	Providence Centralia Hospital	50	50	45104	50	53041	9	rural	rural	W	1.1708				N		1	0.006	0	91	46	0.00327	0	0.3668	0.03	0	0.03		0		0	0.221	0.019	16	7617.65	1826	1783.10	1.4059	1.3956	513.67	1.3626	1784.70	1.4036	1.3935	514.16	1.3619	1.114	1	0.02069	0.02331	0.40148	1	1.00396	0.9918	0	0
500021	St Clare Hospital	45104	45104	45104	45104	53053	9	ourban	ourban	N	1.1708				N		1	0	0	106	83	0	0	0.3626	0.04782	0.07619	0.04782	0.000142	538.14	0.000176	638.96	0.176	0.01	0		2022	2001.92	1.5611	1.5602			2002.48	1.5618	1.5609			1.114	1	0.03956	0.02369	0.37036	1	1.00219	1.0000	0	0
500024	Providence St Peter Hospital	36500	36500	45104	36500	53067	9	ourban	ourban	W	1.1708				N		1	0.0712	0.0825	299	225	0.03813	0.02355	0.2589	0.02644	0.05383	0.02644	0.000232	293.41	0.000389	511.16	0.204	0.012	0		6650	6597.62	1.9798	1.9750	2435.34	1.8777	6600.57	1.9735	1.9689	2436.86	1.8728	1.114	1	0.0432	0.02256	0.37955	1	0.99496	0.9983	0	0
500025	Swedish Medical Center / Cherry Hill	42644	42644	42644	42644	53033	9	lurban	lurban	N	1.159				N		1	0.1607	0.2623	170	130	0.08399	0.07683	0.2446	0.02349	0.05078	0.02349	0.000246	646.75	0.000212	528.53	0.197	0.018	0		2791	2751.97	3.0096	2.9993	1646.39	2.7757	2753.88	3.0261	3.0155	1647.12	2.7875	1.1063	1	0.14045	0.1829	0.36132	1	0.99856	0.9997	0	0
500026	Swedish Edmonds Hospital	42644	42644	42644	42644	53061	9	lurban	lurban	N	1.159				N		1	0	0	174	115	0	0	0.322	0.03945	0.06738	0.03945	0.000197	550.77	0.000229	656.77	0.241	0.025	0		2893	2838.69	1.5381	1.5295			2841.65	1.5378	1.5292			1.1063	1	0.05308	0.07952	0.32607	1	0.99974	0.9932	0	0
500027	Swedish Medical Center	42644	42644	42644	42644	53033	9	lurban	lurban	N	1.159				N		1	0.1198	0.2108	677	464	0.0633	0.06129	0.3964	0.0548	0.08358	0.0548	0.000423	463.42	0.000776	825.09	0.217	0.024	0		6758	6670.72	1.9335	1.9279	3754.40	1.7713	6677.05	1.9315	1.9259	3758.19	1.7711	1.1063	1	0.08677	0.15347	0.19835	1	1.00017	0.9985	0	0
500030	St Joseph Hospital	13380	13380	13380	50	53073	9	ourban	rural	S	1.209		YES		N		1	0	0	207	160	0	0	0.2988	0.03	0	0.03		0		0	0.247	0.02	16	7874.17	5629	5551.57	1.7595	1.7549			5556.42	1.7583	1.7537			1.1388	1	0.03745	0.04252	0.38106	1	0.99972	1.0000	0	0
500031	Grays Harbor Community Hospital	50	50	36500	50	53027	9	rural	rural	W	1.117				N		1	0	0	105	43	0	0	0.554	0.03	0	0.03	0.000188	942.79		0	0.266	0.018	16	6824.66	1635	1587.04	1.4558	1.4415			1589.33	1.4583	1.4454			1.0787	1	0.01379	0.0098	0.40017	1	0.99948	0.9996	0	0
500033	Samaritan Hospital	50	50	50	50	53025	9	rural	rural	N	1.0101				N		1	0	0	48	22	0	0	0.4678	0.03	0	0.03		0		0	0.379	0.029	16	6938.48	939	924.69	1.4892	1.4757			925.49	1.4881	1.4746			1.0069	1	0.01666	0.01536	0.33392	1.06818	1.01136	0.9973	0	0
500036	Yakima Valley Memorial Hospital	49420	49420	49420	49420	53077	9	ourban	ourban	N	1.0101				N		1	0.0192	0.0336	208	107	0.01044	0.00953	0.4634	0.06861	0.09838	0.06861	0.000168	338.33	0.000282	565.01	0.382	0.019	0		4205	4128.63	1.6956	1.6854	663.15	1.6831	4132.22	1.6910	1.6806	663.91	1.6855	1.0069	1	0.04954	0.01508	0.35084	1	1.00821	0.9918	0	0
500037	Toppenish Community Hospital	49420	49420	49420	49420	53077	9	ourban	ourban	N	1.0101				N		1	0	0	36	7	0	0	0.7767	0.03	0	0.03	0.000026	1091.73	0.00004	1384.74	0.301	0.042	0		165	161.53	1.2577	1.2462			161.65	1.2488	1.2379			1.0069	1	0.01205	0.03732	0.19511	1.20038	1.01314	1.0000	0	0
500039	Harrison Memorial Hospital	14740	14740	45104	50	53035	9	ourban	rural	S	1.1708		YES	YES	N		1	0	0	254	152	0	0	0.2714	0.02901	0	0.02901	0.000208	303.91	0.000266	392.55	0.234	0.018	7		5754	5693.32	1.8978	1.8947			5696.35	1.9007	1.8978			1.114	1	0.14388	0.13284	0.46229	1	0.99818	0.9991	0	0
500041	Peachealth St John Medical Center	31020	31020	31020	50	53015	9	ourban	rural	S	1.1597		YES		N		1	0	0	166	82	0	0	0.4065	0.05688	0	0.05688	0.000232	754.82	0.000211	684.78	0.301	0.014	17	6203.97	2547	2498.86	1.5171	1.5056			2500.48	1.5179	1.5065			1.1068	1	0.03076	0.01053	0.36856	1	0.99906	0.9878	0	0
500044	Multicare Deaconess Hospital	44060	44060	44060	44060	53063	9	ourban	ourban	N	1.086				N		1	0.0227	0.0556	281	160	0.01233	0.01581	0.4185	0.05935	0.08844	0.05935	0.000061	142.71	0.000253	564.08	0.17	0.009	0		3258	3218.90	2.0387	2.0348	1065.22	2.0235	3223.30	2.0412	2.0377	1067.43	2.0293	1.0581	1	0.05309	0.02404	0.33405	1	0.99406	0.9978	0	0
500050	Peacehealth Southwest Medical Center	38900	38900	38900	38900	53011	9	lurban	lurban	N	1.1708				N		1	0.046	0.0736	395	229	0.02481	0.02099	0.3389	0.04294	0.07104	0.04294	0.000442	648.49	0.000582	861.84	0.285	0.021	0		5612	5548.14	1.8627	1.8528	3078.45	1.8472	5551.60	1.8639	1.8541	3080.41	1.8467	1.114	1	0.03005	0.02355	0.31108	1	1.00091	0.9987	0	0
500051	Overlake Hospital Medical Center	42644	42644	42644	42644	53033	9	lurban	lurban	N	1.159				N		1	0	0	286	174	0	0	0.1571	0.0074	0.03232	0.0074	0.000298	595.75	0.000199	400.59	0.257	0.021	0		4210	4153.13	1.6744	1.6686			4156.51	1.6767	1.6708			1.1063	1	0.03448	0.03497	0.24954	1	1.01048	1.0000	0	0
500052	Kaiser Permanente Central Hospital	42644	42644	42644	42644	53033	9	lurban	lurban	N	1.159				N		1	0		24	1	0	0.52699	0.5195	0.03	0	0.03	0	132.94		0	0.292	0.099	0		11	10.54	1.1987	1.1807			10.54	1.1928	1.1757			1.1063	1	0	0		1	1	1.0000	0	1
500053	Trios	28420	28420	28420	28420	53005	9	ourban	ourban	N	1.0172				N		1	0.1859	0.0901	111	53	0.09652	0.02575	0.3604	0.04737	0.07571	0.04737	0.000138	475.38	0.000165	577.48	0.336	0.065	0		2447	2411.72	1.5346	1.5276	54.91	1.6150	2413.50	1.5324	1.5255	54.94	1.6133	1.0117	1	0.01934	0.10578	0.40387	1	1.00226	0.9935	0	0
500054	Prov Sacred Hrt Med Ctr & Childs Hosp.	44060	44060	44060	44060	53063	9	ourban	ourban	N	1.086				N		1	0.0918	0.145	593	410	0.04888	0.04177	0.4228	0.06024	0.08939	0.06024	0.000431	398.26	0.000674	638.19	0.278	0.014	0		8730	8596.20	2.3506	2.3426	2112.82	2.3140	8608.64	2.3556	2.3475	2116.94	2.3211	1.0581	1	0.07115	0.02358	0.28837	1	0.99176	1.0000	0	0
500058	Kadlec Regional Medical Center	28420	28420	28420	28420	53005	9	ourban	ourban	N	1.0172				N		1	0.0581	0	205	170	0.03123	0	0.3856	0.05257	0.08121	0.05257	0.000287	386.81	0.000411	596.52	0.274	0.02	0		6644	6583.83	1.8245	1.8086	195.22	1.9169	6586.76	1.8268	1.8109	195.23	1.9238	1.0117	1	0.04102	0.03217	0.35819	1	1.00219	0.9960	0	0
500060	Cascade Valley Hospital	42644	42644	42644	42644	53061	9	lurban	lurban	N	1.159				N		1	0	0	48	14	0	0	0.2939	0.03	0	0.03	0.000046	1037.98	0.000036	749.64	0.466	0.005	0		338	333.28	1.3671	1.3514			333.48	1.3637	1.3487			1.1063	1	0.16432	0.00894	0.4553	1.22144	0.99906	0.9958	0	0
500064	Harborview Medical Center	42644	42644	42644	42644	53033	9	lurban	lurban	N	1.159				N		1	0.5426	0.666002837	332	313	0.25908	0.20677	0.5446	0.08536	0.11659	0.08536	0.001104	2462.08	0.001123	2514.48	0.325	0.017	0		3729	3704.73	2.4921	2.4856	1036.26	2.3015	3705.65	2.5089	2.5021	1036.48	2.3211	1.1063	1	0.24357	0.09302	0.25276	1	0.9909	0.9990	0	0
500072	Olympic Medical Center	50	50	14740	50	53009	9	rural	rural	W	1.042				N		1	0	0	78	39	0	0	0.2616	0.02699	0	0.02699		0		0	0.473	0.03	17	6901.87	2277	2213.46	1.6067	1.5961			2217.66	1.6071	1.5973			1.0286	1	0.01361	0.0081	0.61499	1	1.00795	0.9999	0	0
500077	Providence Holy Family Hospital	44060	44060	44060	44060	53063	9	ourban	ourban	N	1.086				N		1	0	0	187	95	0	0	0.3613	0.04756	0.07591	0.04756	0.000133	363.01	0.000229	606.51	0.3	0.017	0		2867	2805.78	1.7259	1.7161			2810.72	1.7253	1.7158			1.0581	1	0.01864	0.00759	0.35917	1	0.9946	0.9955	0	0
500079	Multicare Good Samaritan Hospital	45104	45104	45104	45104	53053	9	ourban	ourban	N	1.1708				N		1	0.0018	0.0024	258	209	0.00098	0.00068	0.2767	0.03011	0.05763	0.03011	0.000547	787.62	0.000545	811.88	0.189	0.018	0		5976	5927.60	1.5303	1.5246	1981.09	1.5042	5930.09	1.5300	1.5243	1981.88	1.5039	1.114	1	0.02517	0.03504	0.36405	1	1.00325	0.9987	0	0
500084	Evergreenhealth Monroe	42644	42644	42644	42644	53061	9	lurban	lurban	N	1.159				N		1	0	0	27	11	0	0	0.2741	0.02957	0	0.02957	0.000058	1334.29	0.000046	1083.01	0.473	0.042	0		329	322.35	1.4349	1.4316			322.64	1.4355	1.4320			1.1063	1	0.01219	0.02065	0.33608	1.19864	1.00326	0.9982	0	0
500088	Valley Medical Center	42644	42644	45104	42644	53033	9	lurban	lurban	W	1.1708				N		1	0.0687	0.1103	288	194	0.03682	0.03162	0.4153	0.05869	0.08774	0.05869	0.000264	447.25	0.000385	683.29	0.246	0.021	0		4997	4933.24	1.7075	1.6995	1632.51	1.7720	4936.29	1.7038	1.6958	1633.48	1.7740	1.114	1	0.02287	0.02558	0.30327	1	1.00102	0.9922	0	0
500108	St Joseph Medical Center	45104	45104	45104	45104	53053	9	ourban	ourban	N	1.1708				N		1	0	0	333	280	0	0	0.3956	0.05463	0.08341	0.05463	0.00045	780.39	0.000539	902.88	0.209	0.01	0		4607	4570.34	2.2204	2.2135			4572.35	2.2293	2.2224			1.114	1	0.14291	0.05553	0.25394	1	0.99699	0.9993	0	0
500119	Multicare Valley Hospital	44060	44060	44060	44060	53063	9	ourban	ourban	N	1.086				N		1	0.0008	0.0042	123	55	0.00044	0.00119	0.2568	0.026	0.05338	0.026	0.000031	128.54	0.000093	390.01	0.181	0.008	0		2046	2002.77	1.5234	1.5099	770.15	1.4473	2009.32	1.5227	1.5103	772.31	1.4490	1.0581	1	0.01197	0.00166	0.39041	1	0.9946	0.9923	0	0
500124	Evergreenhealth Medical Center	42644	42644	42644	42644	53033	9	lurban	lurban	N	1.159				N		1	0	0	304	170	0	0	0.2284	0.02015	0.04734	0.02015	0.000308	652.8	0.000272	567.53	0.244	0.019	0		3762	3712.36	1.6891	1.6829			3717.99	1.6896	1.6834			1.1063	1	0.04498	0.04104	0.27709	1	1.00143	0.9991	0	0
500129	Tacoma General Allenmore Hospital	45104	45104	45104	45104	53053	9	ourban	ourban	N	1.1708				N		1	0.0375	0.0776	341	268	0.02028	0.02214	0.4908	0.07427	0.10449	0.07427	0.001012	1521.12	0.001058	1636.56	0.191	0.016	0		5781	5711.26	1.9548	1.9412	1971.37	1.9071	5715.29	1.9600	1.9464	1972.55	1.9111	1.114	1	0.02882	0.03111	0.26952	1	1.00209	0.9996	0	0
500139	Capital Medical Center	36500	36500	45104	36500	53067	9	ourban	ourban	W	1.1708				N		1	0	0	110	37	0	0	0.2876	0.03236	0.05997	0.03236	0.000036	170.86	0.00005	246.75	0.196	0.014	0		1839	1821.53	1.9803	1.9744			1821.96	1.9648	1.9584			1.114	1	0.00285	0.00146	0.40869	1	1.00894	0.9991	0	0
500141	St Francis Community Hospital	42644	42644	42644	42644	53033	9	lurban	lurban	N	1.159				N		1	0.0502	0.0646	124	90	0.02705	0.0184	0.3628	0.04787	0.07623	0.04787	0.000186	637.72	0.000204	695.04	0.19	0.015	0		2314	2278.11	1.6590	1.6538	945.22	1.6944	2279.39	1.6617	1.6563	945.80	1.6968	1.1063	1	0.04782	0.04472	0.33876	1	0.99697	0.9994	0	0
500148	Confluence Health- Wenatchee Valley Hosp & Clinics	48300	48300	50	50	53007	9	ourban	rural	S	1.0101		YES		N		1	0	0	11	1	0	0	0.3207	0.03	0	0.03	0.000085	7605.7	0.000042	7325.38	0.594	0.04	0		160	159.91	1.9384	1.9388			159.91	1.9298	1.9303			1.0069	1	0.06544	0.06707	0.28169	1	1	1.0000	0	0
500150	Legacy Salmon Creek Medical Center	38900	38900	38900	38900	53011	9	lurban	lurban	N	1.1708				N		1	0	0	167	142	0	0	0.3497	0.04516	0.07338	0.04516	0.000197	583.83	0.000266	782.07	0.301	0.026	0		2772	2736.83	1.6604	1.6535			2738.62	1.6573	1.6508			1.114	1	0.04392	0.05087	0.2194	1	1.01188	0.9998	0	0
500151	St Anthony Hospital	45104	45104	45104	45104	53053	9	ourban	ourban	N	1.1708				N		1	0	0	80	65	0	0	0.1919	0.01306	0	0.01306	0.000069	222.05	0.000068	221.04	0.178	0.02	0		2470	2448.20	1.5705	1.5670			2449.12	1.5696	1.5662			1.114	1	0.03833	0.06875	0.51222	1	1.00311	0.9996	0	0
500152	Swedish Issaquah	42644	42644	42644	42644	53033	9	lurban	lurban	N	1.159				N		1	0.0009	0.0007	125	52	0.00049	0.0002	0.1869	0.01225	0.03857	0.01225	0.000103	440.33	0.000089	386.22	0.258	0.067	0		1761	1728.98	1.5808	1.5740	568.04	1.5635	1730.84	1.5786	1.5720	568.87	1.5559	1.1063	1	0.05644	0.32637	0.28071	1	1.00368	0.9940	0	0
500154	Multicare Covington Medical Center	42644	42644	42644	42644	53033	9	lurban	lurban	N	1.159				N		1	0		1	0	0	0.52699	0	0	0	0		0		0	0.281	0.023	0		66	63.98	1.1309	1.1267			64.16	1.1282	1.1242			1.1063	1	0	0		1	1	1.0000	0	0
510001	West Virginia University Hospitals	34060	34060	38300	34060	54061	3	ourban	ourban	W	0.8367				N		1	0.4811	0.7834	455	400	0.23278	0.24742	0.4288	0.06148	0.09071	0.06148	0.000499	462.1	0.000833	848.34	0.283	0.027	7		9417	9284.42	2.1856	2.1731	2443.41	2.2326	9292.77	2.1899	2.1772	2445.81	2.2408	0.8851	1	0.12785	0.18333	0.30177	1	0.99301	0.9957	0	0
510002	Greenbrier Valley Medical Center	51	51	40220	51	54025	3	rural	rural	W	0.8659				N		1	0.1398	0.265	98	33	0.07347	0.07765	0.3379	0.04273	0	0.04273	0.000029	171.4	0.000061	327.86	0.311	0.028	17	5482.32	1303	1263.41	1.4062	1.3850	190.85	1.5469	1265.12	1.4081	1.3870	190.94	1.5501	0.9061	1	0.00252	0.00446	0.49551	1	0.99614	0.9943	0	0
510006	United Hospital Center	51	51	34060	51	54033	3	rural	rural	W	0.8367				N		1	0.0941	0.1285	232	145	0.05008	0.03693	0.4109	0.05779	0	0.05779	0.00029	506.02	0.000331	577.73	0.301	0.046	22	5970.07	4808	4723.95	1.5868	1.5798	1489.57	1.7120	4729.26	1.5838	1.5768	1491.26	1.7070	0.8851	1	0.01042	0.04139	0.40003	1	1.00837	0.9960	0	0
510007	St Mary's Medical Center	26580	26580	26580	26580	54011	3	ourban	ourban	N	0.8425				N		1	0.079	0.1158	354	225	0.04222	0.03322	0.3045	0.03584	0.0636	0.03584	0.000271	335.63	0.000375	462.88	0.333	0.013	0		6653	6575.86	1.9021	1.8877	1983.52	1.8858	6580.28	1.9035	1.8896	1984.32	1.8902	0.8893	1	0.08594	0.01543	0.45534	1	1.00245	0.9936	0	0
510008	Berkeley Medical Center	25180	25180	47894	25180	54003	3	ourban	ourban	W	1.0079				N		1	0.015	0.0295	156	91	0.00816	0.00836	0.3509	0.04541	0.07364	0.04541	0.000262	747.82	0.000246	722.19	0.412	0.032	0		2962	2917.51	1.5128	1.5051	655.25	1.5227	2919.79	1.5105	1.5030	655.53	1.5191	1.0054	1	0.01708	0.0162	0.39039	1	1.00318	0.9993	0	0
510012	Pleasant Valley Hospital	51	51	51	51	54053	3	rural	rural	N	0.788				N		1	0	0	94	16	0	0	0.3777	0.05094	0	0.05094	0.000099	959.24	0.000075	721.2	0.335	0.02	14	4879.43	806	780.41	1.1141	1.1003			781.96	1.1099	1.0958			0.8495	1	0.00514	0.00355	0.456	1	0.99955	0.9991	0	0
510013	Reynolds Memorial Hospital	48540	48540	48540	48540	54051	3	ourban	ourban	N	0.788				N		1	0	0	70	22	0	0	0.2146	0.0173	0	0.0173	0.000034	403.54	0.00004	460.48	0.511	0.027	0		665	650.40	1.3416	1.3325			651.46	1.3398	1.3317			0.8495	1	0.01016	0.00401	0.40889	1	0.99833	0.9994	0	1
510022	Charleston Area Medical Center	16620	16620	26580	16620	54039	3	ourban	ourban	W	0.8425				N		1	0.1713	0.2741	812	481	0.08928	0.08042	0.3834	0.05211	0.08073	0.05211	0.000596	367.37	0.001019	633.66	0.267	0.011	0		13902	13746.37	1.9013	1.8953	3921.88	1.7751	13753.68	1.9033	1.8975	3924.02	1.7777	0.8893	1	0.04452	0.0096	0.40092	1	0.99569	0.9981	0	0
510023	Weirton Medical Center	48260	48260	38300	51	54029	3	ourban	rural	S	0.8367		YES	YES	N		1	0	0	127	60	0	0	0.2181	0.01802	0	0.01802	0.000094	314.1	0.000103	360.49	0.283	0.014	7		2656	2574.70	1.5489	1.5216			2578.37	1.5468	1.5199			0.8851	1	0.0086	0.00218	0.40096	1	0.9955	0.9962	0	0
510024	Monongalia County General Hospital	34060	34060	21	51	54061	3	ourban	rural	S	0.8857		YES	YES	N		1	0	0	189	92	0	0	0.2181	0.01802	0	0.01802	0.000249	663.38	0.000185	495.82	0.335	0.033	7		3039	3002.18	1.7664	1.7607			3004.00	1.7612	1.7557			0.9202	1	0.05757	0.09813	0.42058	1	1.00579	0.9872	0	0
510029	Thomas Memorial Hospital	16620	16620	16620	16620	54039	3	ourban	ourban	N	0.8338				N		1	0	0	178	88	0	0	0.3828	0.05199	0.0806	0.05199	0.000155	482.34	0.000198	571.92	0.318	0.034	0		2612	2569.39	1.6082	1.6024			2571.58	1.6054	1.5996			0.883	1	0.02214	0.042	0.39897	1	1.00332	0.9830	0	0
510030	Davis Medical Center	51	51	51	51	54083	3	rural	rural	N	0.788				N		1	0	0	90	26	0	0	0.3404	0.03	0	0.03	0.000202	1338.31		0	0.463	0.037	16	5672.27	1293	1247.45	1.4281	1.4196			1249.39	1.4266	1.4182			0.8495	1	0.00704	0.00899	0.4709	1.06955	1.01043	0.9896	0	1
510031	St Francis Hospital	16620	16620	16620	16620	54039	3	ourban	ourban	N	0.8338				N		1	0	0	113	18	0	0	0.6633	0.10984	0.14376	0.10984	0.000046	1038.42	0.00006	637.52	0.302	0.043	0		130	125.06	1.7161	1.6829			125.14	1.7338	1.7005			0.883	1	0.02403	0.07671	0.44958	1	1.01148	0.9985	0	0
510038	Stonewall Jackson Memorial Hospital	51	51	51	51	54041	3	rural	rural	N	0.788				N		1	0	0	70	18	0	0	0.2844	0.0317	0	0.0317	0.000029	370.68	0.000045	523.56	0.623	0.066	14	5266.74	605	592.01	1.3306	1.3271			592.53	1.3284	1.3248			0.8495	1	0.00645	0.02012	0.41128	1.15538	1.01314	0.9716	0	0
510039	Ohio Valley Medical Center	48540	48540	48540	48540	54069	3	ourban	ourban	N	0.788				N		1	0.1854	0.4585	119	46	0.09627	0.13813	0.3275	0.04058	0.06857	0.04058	0.000097	644.81	0.000094	602.96	0.332	0.024	0		1179	1152.09	1.5404	1.5339	402.41	1.5221	1154.54	1.5405	1.5342	402.98	1.5202	0.8495	1	0.01893	0.0151	0.30679	1	0.9987	0.9881	0	0
510046	Princeton Community Hospital	51	51	13980	51	54055	3	rural	rural	W	0.8178				N		1	0	0	162	70	0	0	0.3384	0.04283	0	0.04283	0.000099	347.35	0.000114	385.86	0.365	0.018	15	7325.52	2263	2220.76	1.5627	1.5531			2224.00	1.5561	1.5467			0.8713	1	0.01538	0.00544	0.4305	1	0.99621	0.9862	0	0
510047	Fairmont Regional Medical Center	51	51	38300	51	54049	3	rural	rural	W	0.8367				N		1	0	0	89	37	0	0	0.3086	0.03	0	0.03	0.000136	820.08	0.000085	467.37	0.356	0.018	0		1240	1206.49	1.3927	1.3862			1208.00	1.3904	1.3839			0.8851	1	0.00838	0.00183	0.53276	1	1.00275	0.9879	0	0
510048	Logan Regional Medical Center	51	51	51	51	54045	3	rural	rural	N	0.788				N		1	0	0	132	52	0	0	0.3759	0.03	0	0.03		0		0	0.243	0.015	16	7071.34	2125	2097.16	1.3279	1.3190			2098.55	1.3260	1.3172			0.8495	1	0.02847	0.01542	0.51702	1	1.01717	0.9952	0	0
510050	Wheeling Hospital	48540	48540	38300	48540	54069	3	ourban	ourban	W	0.8367				N		1	0.1005	0.2108	223	115	0.05339	0.06129	0.256	0.02584	0.05321	0.02584	0.000337	791.09	0.000289	711.78	0.382	0.021	0		3678	3636.39	1.6952	1.6876	1133.51	1.5987	3638.60	1.6920	1.6842	1134.32	1.6039	0.8851	1	0.03971	0.01523	0.31149	1	0.99446	0.9700	0	0
510055	Cabell Huntington Hospital Inc	26580	26580	26580	26580	54011	3	ourban	ourban	N	0.8425				N		1	0.2121	0.405	288	213	0.10937	0.12108	0.599	0.09658	0.12896	0.09658	0.000317	695.71	0.000647	1437.7	0.274	0.018	0		3861	3802.87	1.8521	1.8460	1024.51	2.0045	3807.77	1.8609	1.8550	1026.38	2.0037	0.8893	1	0.09791	0.06454	0.23582	1	1.00242	0.9993	0	0
510058	Camden Clark Medical Center	37620	37620	36	51	54107	3	ourban	rural	S	0.8279		YES	YES	N		1	0.081	0.0744	226	114	0.04326	0.02122	0.3153	0.03807	0	0.03807	0.000161	277.62	0.00023	399.8	0.337	0.037	7		4968	4888.95	1.5392	1.5352	964.82	1.5864	4893.20	1.5366	1.5325	965.69	1.5910	0.8787	1	0.04365	0.09154	0.46438	1	0.99925	0.9914	0	0
510062	Beckley Arh Hospital	13220	13220	13220	13220	54081	3	ourban	ourban	N	0.8089				N		1	0	0	100	54	0	0	0.3533	0.04591	0.07416	0.04591	0.000106	426.15	0.000117	468.62	0.378	0.011	0		2034	1987.23	1.6199	1.6071			1989.36	1.6179	1.6056			0.8648	1	0.02809	0.00239	0.55272	1	1.00809	0.9970	0	0
510070	Raleigh General Hospital	13220	13220	16620	13220	54081	3	ourban	ourban	W	0.8338				N		1	0	0	300	120	0	0	0.3767	0.05073	0.07927	0.05073	0.000113	209.12	0.000239	430.56	0.217	0.013	7		4542	4483.41	1.6604	1.6481			4485.72	1.6574	1.6451			0.883	1	0.02113	0.00983	0.47891	1	0.99811	0.9874	0	0
510071	Bluefield Regional Medical Center	51	51	13980	51	54055	3	rural	rural	W	0.8178				N		1	0.2582	0.6086	84	37	0.1316	0.18738	0.4504	0.06593	0	0.06593	0.000063	372.01	0.000089	488.65	0.363	0.035	15	6927.56	1202	1174.72	1.5108	1.4985	281.67	1.8075	1176.69	1.5099	1.4983	281.73	1.8113	0.8713	1	0.02823	0.04481	0.48109	1	1.00553	0.9859	0	0
510072	Wetzel County Hospital	51	51	51	51	54103	3	rural	rural	N	0.788				N		1	0	0	48	4	0	0	0.1549	0.00705	0	0.00705	0.000018	899.22	0.000014	636.01	0.437	0.024	16	4794.33	144	138.11	1.1867	1.1745			138.30	1.1754	1.1631			0.8495	1	0	0	0.50949	1.25	1	0.9990	0	0
510077	Williamson Memorial Hospital	51	51	51	51	54059	3	rural	rural	N	0.805				Y	0.034	1	0	0	76	9	0	0	0.4318	0.03	0	0.03	0.000047	1088.68	0.000056	1049.24	0.351	0.048	0		236	232.41	1.1041	1.0940			232.66	1.0949	1.0853			0.862	1	0	0	0.5034	1	1.01944	0.9924	0	0
510082	Summersville Regional Medical Center	51	51	51	51	54067	3	rural	rural	N	0.788				N		1	0	0	49	20	0	0	0.2698	0.02868	0	0.02868		0		0	0.45	0.022	16	5438.07	647	631.31	1.2614	1.2549			632.35	1.2587	1.2528			0.8495	1	0.01228	0.00182	0.4404	1.13758	0.99827	0.9938	0	1
510086	Welch Community Hospital	51	51	51	51	54047	3	rural	rural	N	0.788				N		1	0	0	49	10	0	0	0.3833	0.03	0	0.03		0		0	0.9	0.022	16	10740.51	202	200.29	0.9677	0.9678			200.33	0.9675	0.9676			0.8495	1	0.18341	0.01803	0.29319	1.23076	1	1.0000	0	0
510091	Charleston Surgical Hospital	16620	16620	16620	16620	54039	3	ourban	ourban	N	0.8338				N		1	0	0	35	1	0	0	0.058823529	0	0	0		0	0.000001	96.4	0.624	0.026	0		102	101.82	2.0092	2.0093			101.90	1.9903	1.9903			0.883	1	0	0	0.30353	1	1	0.9700	1	1
520002	Ascension St Michaels Hospital	52	52	52	52	55097	4	rural	rural	N	0.8946				N		1	0	0	84	37	0	0	0.2323	0.02095	0	0.02095	0.000123	750.49	0.0001	586.36	0.425	0.041	7		1319	1280.01	1.5023	1.4817			1282.17	1.5031	1.4830			0.9266	1	0.00369	0.00783	0.34845	1	1.02195	0.9993	0	1
520004	Mayo Clinic Hlth System  Franciscan Med Ctr	29100	29100	40340	52	55063	4	ourban	rural	S	1.0341		YES	YES	N		1	0.1105	0.1737	142	65	0.05854	0.05024	0.2491	0.02441	0	0.02441	0.000134	437.99	0.000135	432.36	0.398	0.024	7		2540	2518.05	1.6227	1.6189	427.85	1.5527	2518.86	1.6185	1.6148	428.07	1.5524	1.0232	1	0.0531	0.03266	0.42089	1	1.00411	0.9801	0	0
520008	Waukesha Memorial Hospital	33340	33340	33340	33340	55133	4	lurban	lurban	N	0.9607				N		1	0.0664	0.1055	242	135	0.03561	0.03022	0.1242	0	0.02547	0		0		0	0.297	0.049	0		4199	4100.59	1.6802	1.6706	2086.99	1.5833	4106.63	1.6808	1.6713	2090.11	1.5836	0.9729	1	0.09547	0.33539	0.32417	1	0.99872	0.9998	0	0
520009	Ascension Ne Wisconsin - St Elizabeth Campus	11540	11540	11540	11540	55087	4	ourban	ourban	N	0.9339				N		1	0.0248	0.0427	190	96	0.01346	0.01212	0.3427	0.04372	0.07186	0.04372	0.000134	508.39	0.000173	1083.66	0.347	0.039	0		1547	1524.98	1.8332	1.8256	1487.49	1.9008	1525.74	1.8370	1.8292	1488.25	1.8993	0.9542	1	0.03018	0.06709	0.14769	1	1.00204	0.9953	0	0
520011	Marshfield Medical Center - Rice Lake	52	52	20740	52	55005	4	rural	rural	W	0.9799				N		1	0	0	40	17	0	0	0.2757	0.0299	0	0.0299	0.000059	603.85		0	0.533	0.036	16	6019.9	796	775.31	1.3632	1.3559			776.63	1.3560	1.3485			0.9862	1	0.01023	0.00823	0.37065	1.11318	1.01427	0.9996	0	0
520013	Sacred Heart Hospital	20740	20740	33460	52	55035	4	ourban	rural	S	1.0933		YES	YES	N		1	0.0362	0.0615	177	105	0.01958	0.01751	0.2815	0.0311	0	0.0311	0.000154	371.17	0.000186	440.43	0.265	0.03	7		3460	3428.38	1.8177	1.8072	752.70	1.8602	3430.65	1.8228	1.8127	752.92	1.8678	1.063	1	0.02449	0.05255	0.41135	1	1.0006	0.9945	0	0
520017	St Josephs Hospital	20740	20740	20740	20740	55017	4	ourban	ourban	N	0.9799				N		1	0	0	102	33	0	0	0.5339	0.08315	0.11418	0.08315	0.000073	934.63	0.000081	1004.29	0.365	0.038	0		650	637.84	1.2812	1.2713			638.23	1.2812	1.2716			0.9862	1	0.00206	0.0047	0.17934	1	1.0201	0.9963	0	0
520019	Ascension St Marys Hospital	52	52	52	52	55085	4	rural	rural	N	0.8946				N		1	0	0	59	23	0	0	0.2035	0.01501	0	0.01501		0		0	0.396	0.031	16	6712.17	963	938.48	1.4335	1.4233			939.81	1.4326	1.4225			0.9266	1	0.026	0.025	0.39372	1.09364	1.01785	0.9984	0	1
520021	Froedtert South - Kenosha Medical Center	29404	29404	29404	29404	55059	4	ourban	ourban	N	1.0396				N		1	0	0	229	90	0	0	0.2121	0.01678	0.04389	0.01678	0.000218	631.51	0.000205	575.97	0.349	0.039	0		3005	2985.11	1.4988	1.4899			2987.41	1.5016	1.4928			1.027	1	0.1004	0.18292	0.39825	1	0.99014	0.9905	0	0
520027	Ascension Columbia St Mary's Hospital Ozaukee	33340	33340	33340	33340	55089	4	lurban	lurban	N	0.9607				N		1	0	0	120	58	0	0	0.1486	0	0.03055	0		0	0.000068	278.2	0.298	0.03	0		1963	1926.57	1.5460	1.5392			1927.96	1.5465	1.5397			0.9729	1	0.03564	0.05988	0.40549	1	1.00069	0.9995	0	0
520028	The Monroe Clinic	31540	31540	31540	31540	55045	4	ourban	ourban	N	1.0565				N		1	0.0661	0.0409	95	22	0.03545	0.01161	0.2075	0.01583	0	0.01583	0.000095	697.54	0.00008	573.65	0.341	0.018	0		1134	1107.62	1.5433	1.5278	259.96	1.4961	1108.65	1.5418	1.5265	260.28	1.4965	1.0384	1	0.00877	0.00125	0.44227	1.09242	1.0137	0.9950	0	0
520030	Aspirus Wausau Hospital	48140	48140	52	52	55073	4	ourban	rural	S	0.8946		YES		N		1	0.0602	0.1021	227	127	0.03234	0.02923	0.1872	0.0123	0	0.0123	0.000128	240.27	0.00015	290.38	0.288	0.018	0		4452	4379.76	1.8908	1.8752	2273.48	1.8465	4383.10	1.8947	1.8788	2275.63	1.8494	0.9266	1	0.02606	0.01443	0.41081	1	1.0029	0.9986	0	0
520033	Aspirus Riverview Hospital & Clinics Inc	52	52	52	52	55141	4	rural	rural	N	0.8946				N		1	0	0	45	23	0	0	0.2119	0.01674	0	0.01674	0.000074	668.57	0.000065	594.69	0.406	0.027	14	6660.38	947	916.66	1.6082	1.5999			917.80	1.6052	1.5970			0.9266	1	0.00477	0.00285	0.30361	1.06409	1.00868	0.9906	0	0
520034	Aurora Medical Ctr Manitowoc County	52	52	52	52	55071	4	rural	rural	N	0.8946				N		1	0	0	69	15	0	0	0.1823	0.0115	0	0.0115	0.000028	336.01	0.000026	316.55	0.344	0.022	14	8050.22	668	637.40	1.5069	1.4941			638.81	1.5071	1.4948			0.9266	1	0.0015	0.00078	0.31904	1	1.0157	0.9994	0	0
520035	Aurora Sheboygan Memorial Medical Ctr	43100	43100	33340	52	55117	4	ourban	rural	S	0.9607		YES	YES	N		1	0	0	134	51	0	0	0.3478	0.04477	0	0.04477	0.000074	497.38	0.000095	610.24	0.291	0.02	7		1143	1113.48	1.6161	1.6054			1114.61	1.6155	1.6048			0.9729	1	0.00372	0.00282	0.22977	1	1.01434	1.0000	0	0
520037	Marshfield Medical Center	52	52	52	52	55141	4	rural	rural	N	0.8946				N		1	0.2376	0.2243	286	172	0.12173	0.06534	0.2331	0.02111	0	0.02111	0.00009	216.29		0	0.572	0.039	16	7404.9	3738	3707.30	1.9221	1.9182	2177.29	1.8542	3709.53	1.9262	1.9227	2178.16	1.8592	0.9266	1	0.50721	0.42082	0.29245	1	0.99901	0.9907	0	0
520038	Aurora Medical Ctr Washington County	33340	33340	31540	52	55131	4	ourban	rural	S	1.0436		YES	YES	N		1	0	0	53	13	0	0	0.0643	0	0	0		0		0	0.296	0.02	0		640	625.45	1.3850	1.3789			626.69	1.3853	1.3802			1.0297	1	0.00061	0.00013	0.46388	1	1.01299	0.9981	0	0
520041	Divine Savior Healthcare	31540	31540	31540	31540	55021	4	ourban	ourban	N	1.0565				N		1	0	0	43	14	0	0	0.1905	0.01283	0	0.01283	0.000077	807.67	0.000057	571.87	0.454	0.03	0		751	725.47	1.3866	1.3712			726.18	1.3906	1.3751			1.0384	1	0.02499	0.01755	0.52921	1.16091	1.00005	0.9909	0	0
520044	St Nicholas Hospital	43100	43100	43100	43100	55117	4	ourban	ourban	N	0.9416				Y	0.0048	1	0	0	53	22	0	0	0.1759	0.01046	0	0.01046	0.000042	547.73	0.000041	468.06	0.274	0.036	0		575	555.68	1.4510	1.4218			556.81	1.4481	1.4211			0.9596	1	0.00701	0.01472	0.29612	1	1.00384	0.9982	0	0
520045	Thedacare Regional Medical Center - Neenah Inc	36780	36780	36780	36780	55139	4	ourban	ourban	N	0.9161				Y	0.0053	1	0	0	139	75	0	0	0.2428	0.02312	0.0504	0.02312	0.000127	733.64	0.000104	596.44	0.48	0.036	0		1415	1381.48	1.9036	1.9007			1383.57	1.9123	1.9097			0.9418	1	0.05432	0.04766	0.19702	1	0.99801	1.0000	0	0
520048	Ascension Ne Wisconsin Mercy Campus	36780	36780	36780	36780	55139	4	ourban	ourban	N	0.9161				Y	0.0053	1	0	0	104	39	0	0	0.2213	0.01868	0.04583	0.01868		0	0.000064	547.77	0.367	0.037	0		544	522.67	1.7637	1.7493			524.29	1.7629	1.7483			0.9418	1	0.01312	0.02362	0.24044	1	1.01506	0.9998	0	0
520049	Bellin Memorial Hospital	24580	24580	24580	24580	55009	4	ourban	ourban	N	0.93				N		1	0	0	161	72	0	0	0.2026	0.01482	0.04188	0.01482	0.000216	818.85	0.000192	697.25	0.347	0.031	0		2058	2024.68	2.1301	2.1273			2027.04	2.1204	2.1170			0.9515	1	0.01765	0.02489	0.2865	1	1.00209	1.0000	0	0
520051	Ascension Columbia St Mary's Hospital Milwaukee	33340	33340	29404	52	55079	4	ourban	rural	S	1.0396		YES	YES	N		1	0.1799	0.2682	263	155	0.09355	0.07862	0.5365	0.08369	0	0.08369	0.000391	1282.98	0.000474	1480.31	0.317	0.036	7		2533	2506.70	1.8061	1.8016	1218.56	1.8477	2508.02	1.8178	1.8133	1219.26	1.8570	1.027	1	0.11607	0.23868	0.21796	1	0.99337	0.9991	0	0
520057	Ssm Health St Clare Hospital - Baraboo	52	52	31540	52	55111	4	rural	rural	W	1.0436				N		1	0.0988	0.191	43	16	0.05251	0.05538	0.1872	0.0123	0	0.0123	0.000119	953.2	0.000079	661.42	0.37	0.017	0		1103	1079.51	1.2524	1.2472	84.07	1.3008	1080.58	1.2508	1.2455	84.25	1.2947	1.0297	1	0.0051	0.00186	0.50827	1.12742	1.02176	0.9989	0	0
520059	Aurora Medical Center Burlington	39540	39540	29404	39540	55101	4	ourban	ourban	W	1.0396				N		1	0	0	41	19	0	0	0.0905	0	0	0		0		0	0.289	0.033	0		972	945.41	1.4649	1.4589			947.23	1.4712	1.4659			1.027	1	0.01293	0.02778	0.46614	1	1.00261	0.9996	0	0
520062	Oconomowoc Memorial Hospital	33340	33340	33340	33340	55133	4	lurban	lurban	N	0.9607				N		1	0	0	58	22	0	0	0.0984	0	0	0		0		0	0.34	0.069	0		1169	1131.63	1.5699	1.5619			1134.79	1.5658	1.5581			0.9729	1	0.05434	0.23923	0.34798	1	1.0028	0.9969	0	0
520063	St Josephs Community Hospital Of West Bend	33340	33340	33340	33340	55131	4	lurban	lurban	N	0.9607				N		1	0	0	70	35	0	0	0.1307	0	0	0		0		0	0.385	0.031	0		1378	1347.32	1.4085	1.4028			1348.64	1.4033	1.3988			0.9729	1	0.13296	0.1348	0.36876	1	1.01271	1.0000	0	0
520066	Mercy Health System Corp	27500	27500	27500	27500	55105	4	ourban	ourban	N	0.9459				Y	0.0394	1	0.0987	0.2331	182	80	0.05246	0.06799	0.29	0.03285	0.06048	0.03285	0.000116	377.84	0.000146	473.39	0.229	0.023	0		2532	2505.47	1.6856	1.6777	770.86	1.6887	2507.23	1.6906	1.6832	771.24	1.6890	0.9626	1	0.03348	0.0519	0.38442	1	1.00581	0.9956	0	0
520070	Mayo Clinic Health System In Eau Claire	20740	20740	33460	52	55035	4	ourban	rural	S	1.0933		YES	YES	N		1	0.0427	0.0609	190	121	0.02306	0.01733	0.2529	0.0252	0	0.0252	0.000174	301.44	0.000174	310.89	0.379	0.033	7		4956	4914.81	1.9648	1.9503	500.56	1.9652	4917.03	1.9655	1.9506	500.79	1.9668	1.063	1	0.05158	0.06364	0.5017	1	1.00688	1.0000	0	0
520071	Fort Memorial Hospital	52	52	33340	33340	55055	4	rural	lurban	L	0.9607	LUGAR			N		1	0	0	72	14	0	0	0.2124	0.01685	0	0.01685	0.000033	330.74	0.000044	414.31	0.434	0.04	0		771	732.98	1.5621	1.5453			734.62	1.5613	1.5439			0.9729	1	0.024	0.03361	0.44296	1.13818	1.00887	1.0000	0	0
520075	St Vincent Hospital	24580	24580	11540	24580	55009	4	ourban	ourban	W	0.9339				N		1	0	0	223	128	0	0	0.3036	0.03566	0.06341	0.03566	0.000162	552.54	0.000193	659.84	0.265	0.035	0		2391	2360.39	2.0652	2.0530			2362.24	2.0641	2.0524			0.9542	1	0.03371	0.07861	0.23087	1	1.00344	1.0000	0	0
520076	Beaver Dam Community Hospital	52	52	52	52	55027	4	rural	rural	N	0.905				N		1	0	0	125	10	0	0	0.2134	0.01705	0	0.01705	0.000083	1216.76	0.000061	851.02	0.331	0.037	7		615	597.70	1.2777	1.2636			598.64	1.2734	1.2593			0.9339	1	0.00056	0.00262	0.3814	1.17962	1.00953	1.0000	0	0
520078	Ascension St Francis Hospital	33340	33340	33340	33340	55079	4	lurban	lurban	N	0.9607				N		1	0.0004	0.0009	155	89	0.00022	0.00025	0.4543	0.06674	0.09636	0.06674	0.000206	1023.72	0.000262	1129.9	0.334	0.034	0		1434	1423.12	1.6254	1.6188	1001.84	1.7485	1423.72	1.6268	1.6223	1002.36	1.7532	0.9729	1	0.09136	0.14681	0.28909	1	0.99967	0.9990	0	0
520083	Ssm Health St Mary's Hospital - Madison	31540	31540	31540	31540	55025	4	ourban	ourban	N	1.0565				N		1	0.1072	0.165	350	237	0.05684	0.04766	0.2193	0.01827	0.04541	0.01827	0.000232	234.73	0.000345	346.4	0.271	0.013	0		8201	8093.01	2.0220	2.0129	967.98	1.8965	8099.36	2.0277	2.0188	969.06	1.9036	1.0384	1	0.04415	0.01588	0.42983	1	1.00375	0.9974	0	0
520087	Gundersen Lutheran Medical Center	29100	29100	40340	52	55063	4	ourban	rural	S	1.0341		YES	YES	N		1	0.1878	0.3098	250	169	0.09745	0.09136	0.2834	0.03149	0	0.03149	0.000258	498.44	0.000302	597.08	0.375	0.036	7		4329	4291.77	1.9839	1.9775	1931.75	1.8288	4293.12	1.9878	1.9816	1932.63	1.8281	1.0232	1	0.05719	0.08201	0.29496	1	1.00529	0.9998	0	0
520088	St Agnes Hospital	22540	22540	33340	52	55039	4	ourban	rural	S	0.9607		YES	YES	N		1	0	0	115	57	0	0	0.1778	0.01077	0	0.01077		0		0	0.285	0.047	16	6379.59	1613	1569.49	1.7919	1.7856			1571.68	1.7918	1.7851			0.9729	1	0.05619	0.18765	0.30397	1	1.00837	0.9993	0	0
520089	Unitypoint Health - Meriter	31540	31540	31540	31540	55025	4	ourban	ourban	N	1.0565				N		1	0.1218	0.216	272	180	0.06433	0.06285	0.2843	0.03167	0.05926	0.03167	0.00017	365.18	0.000267	567.9	0.28	0.018	0		3923	3843.76	1.6691	1.6560	807.95	1.6157	3848.22	1.6645	1.6516	808.84	1.6158	1.0384	1	0.03744	0.02132	0.24842	1	1.00998	0.9965	0	0
520091	Howard Young Medical Ctr	52	52	52	52	55085	4	rural	rural	N	0.8946				N		1	0	0	99	24	0	0	0.2072	0.01577	0	0.01577		0		0	0.36	0.045	16	7097.32	1015	994.81	1.3837	1.3757			995.55	1.3796	1.3714			0.9266	1	0.01063	0.02424	0.45425	1.10538	1.01349	0.9971	0	1
520095	Sauk Prairie Hospital	52	52	31540	52	55111	4	rural	rural	W	1.0436				N		1	0	0	36	11	0	0	0.0656	0	0	0		0		0	0.512	0.064	0		794	775.51	1.7397	1.7387			777.25	1.7278	1.7271			1.0297	1	0.01276	0.02414	0.42798	1.17379	1.02007	1.0000	0	0
520096	Ascension All Saints Hospital	39540	39540	16974	52	55101	4	ourban	rural	S	1.0197		YES	YES	N		1	0.0211	0	265	138	0.01146	0	0.3892	0.05331	0	0.05331	0.000465	1137.23	0.000488	1142.14	0.326	0.025	7		3227	3180.17	1.5940	1.5841	1303.74	1.6497	3182.68	1.5966	1.5868	1305.21	1.6427	1.0134	1	0.02592	0.02654	0.27577	1	0.99358	0.9980	0	0
520097	St Marys Hospital Medical Ctr	24580	24580	24580	24580	55009	4	ourban	ourban	N	0.93				N		1	0	0	83	33	0	0	0.2023	0.01476	0	0.01476	0.00008	676.15	0.000076	639.6	0.251	0.027	0		947	931.73	1.5481	1.5365			933.07	1.5456	1.5344			0.9515	1	0.01565	0.02754	0.27719	1	1.00399	0.9960	0	0
520098	University Of Wi  Hospitals & Clinics Authority	31540	31540	31540	31540	55025	4	ourban	ourban	N	1.0565				N		1	0.508	0.7441	591	449	0.24436	0.23366	0.2552	0.02567	0.05304	0.02567	0.000766	606.14	0.000767	643.05	0.291	0.021	0		10503	10356.50	2.1811	2.1735	2081.30	2.3090	10365.99	2.1876	2.1798	2083.55	2.3150	1.0384	1	0.11356	0.08977	0.34528	1	1.00482	0.9982	0	0
520100	Beloit Memorial Hospital	27500	27500	31540	52	55105	4	ourban	rural	S	1.0436		YES	YES	N		1	0	0	103	47	0	0	0.2452	0.02361	0	0.02361	0.000158	728.55	0.000141	635.93	0.259	0.021	0		1777	1753.98	1.4930	1.4804			1755.74	1.4908	1.4787			1.0297	1	0.04735	0.05098	0.47172	1	0.99145	0.9892	0	0
520102	Aurora Lakeland Medical Center	52	52	29404	33340	55127	4	rural	lurban	L	1.0396	LUGAR			N		1	0	0	64	20	0	0	0.2185	0.0181	0	0.0181	0.000068	605.5	0.000063	537.76	0.287	0.027	14	6943.72	935	903.14	1.3678	1.3571			904.87	1.3711	1.3607			1.027	1	0.00631	0.01006	0.38829	1	1.00882	1.0000	0	0
520103	Community Memorial Hospital	33340	33340	33340	33340	55133	4	lurban	lurban	N	0.9607				N		1	0.0323	0	169	68	0.01749	0	0.1666	0.00895	0.03431	0.00895	0.000098	292.68		0	0.323	0.028	0		2863	2794.12	1.6999	1.6888	652.97	1.8806	2798.51	1.7005	1.6895	653.76	1.8791	0.9729	1	0.08033	0.09589	0.3707	1	1.00804	0.9937	0	0
520107	Holy Family Memorial	52	52	11540	52	55071	4	rural	rural	W	0.9339				N		1	0	0	60	23	0	0	0.1621	0.00822	0	0.00822	0.00006	558.55	0.000057	509.25	0.304	0.02	14	6353.03	850	832.36	1.6199	1.6173			833.70	1.6181	1.6158			0.9542	1	0.01685	0.01124	0.39597	1	1.0051	0.9983	0	0
520109	Mile Bluff Medical Center	52	52	52	52	55057	4	rural	rural	N	0.8946				N		1	0	0	40	9	0	0	0.2607	0.02681	0	0.02681	0.000084	1361.46		0	0.368	0.034	16	6347.1	415	403.41	1.2750	1.2625			403.78	1.2726	1.2606			0.9266	1	0.01077	0.01738	0.52965	1.19977	1.01072	0.9984	0	0
520113	Bay Area Medical Center	52	52	52	52	55075	4	rural	rural	N	0.8986				Y	0.004	1	0	0	99	27	0	0	0.1814	0.01135	0	0.01135		0		0	0.273	0.056	16	6359.22	1122	1064.35	1.4606	1.4319			1066.80	1.4496	1.4216			0.9294	1	0.00723	0.03448	0.46673	1	1.00598	0.9979	0	0
520116	Watertown Regional Medical Center	52	52	33340	52	55055	4	rural	rural	S	0.9607	LUGAR	YES	YES	N		1	0	0	95	16	0	0	0.2004	0.01444	0	0.01444	0.000036	352.21	0.000052	524.46	0.31	0.029	14	7525.32	842	821.02	1.3820	1.3719			821.92	1.3793	1.3691			0.9729	1	0.00429	0.00683	0.47091	1	1.00595	0.9946	0	0
520136	Ascension Se Wisconsin Hospital - St Joseph Campus	33340	33340	33340	33340	55079	4	lurban	lurban	N	0.9607				N		1	0.2027	0.3635	296	141	0.10478	0.10803	0.5518	0.08685	0.11822	0.08685	0.000451	1026.7	0.000556	1519.98	0.296	0.042	0		2767	2721.40	1.6893	1.6795	1644.65	1.6575	2725.16	1.6901	1.6802	1647.17	1.6526	0.9729	1	0.02414	0.07628	0.21583	1	0.99811	0.9991	0	0
520138	Aurora St Lukes Medical Center	33340	33340	29404	52	55079	4	ourban	rural	S	1.0396		YES	YES	N		1	0.1496	0.2057	888	628	0.07842	0.05977	0.3698	0.04931	0	0.04931	0.000707	460.93	0.001095	678.78	0.204	0.011	7		11904	11774.43	1.9601	1.9496	5676.00	2.0886	11783.19	1.9691	1.9586	5681.65	2.1033	1.027	1	0.07611	0.03921	0.32921	1	1.00034	0.9996	0	0
520139	Aurora West Allis Medical Center	33340	33340	33340	33340	55079	4	lurban	lurban	N	0.9607				N		1	0.0041	0.007	237	139	0.00224	0.00198	0.3149	0.03799	0.06584	0.03799	0.00014	410.05	0.000235	628.63	0.204	0.014	0		2545	2501.04	1.4978	1.4908	1303.46	1.5459	2503.50	1.4965	1.4900	1304.96	1.5432	0.9729	1	0.01943	0.01144	0.22381	1	0.99771	0.9984	0	0
520160	Thedacare Regional Medical Center - Appleton Inc	11540	11540	11540	11540	55087	4	ourban	ourban	N	0.9339				N		1	0.0805	0.1373	147	86	0.043	0.03951	0.1359	0	0.0279	0		0		0	0.459	0.024	0		2051	2001.03	2.0501	2.0431	1781.33	1.9941	2004.74	2.0497	2.0430	1788.06	1.9959	0.9542	1	0.03882	0.00994	0.27787	1	0.99996	0.9986	0	0
520177	Froedtert Memorial Lutheran Hospital	33340	33340	29404	52	55079	4	ourban	rural	S	1.0396		YES	YES	N		1	0.5216	0.6348	519	420	0.25017	0.19619	0.3116	0.03731	0	0.03731	0.000549	581.17	0.000708	775.81	0.238	0.024	7		8166	8035.75	2.1068	2.0944	4552.09	2.0840	8041.25	2.1218	2.1092	4555.60	2.0978	1.027	1	0.11039	0.17665	0.28393	1	1	0.9993	0	0
520189	Aurora Medical Ctr Kenosha	29404	29404	29404	29404	55059	4	ourban	ourban	N	1.0396				N		1	0	0	73	46	0	0	0.1936	0.01334	0	0.01334	0.0001	432.36	0.000088	391.66	0.259	0.019	0		1885	1844.17	1.4838	1.4707			1846.31	1.4820	1.4692			1.027	1	0.01104	0.00874	0.3913	1	1.00738	0.9827	0	0
520193	Aurora Baycare Medical Ctr	24580	24580	11540	52	55009	4	ourban	rural	S	0.9339		YES	YES	N		1	0	0	161	95	0	0	0.2834	0.03149	0	0.03149	0.000168	596.44	0.00017	628.66	0.272	0.033	7		2372	2313.31	2.0114	1.9788			2316.82	2.0141	1.9846			0.9542	1	0.02645	0.07345	0.24653	1	1.00375	0.9986	0	0
520194	Orthopaedic Hospital Of Wisconsin	33340	33340	33340	33340	55079	4	lurban	lurban	N	0.9607				N		1	0	0	30	8	0	0	0.0574	0	0	0		0		0	0.293	0.017	0		432	429.79	2.3594	2.3471			429.87	2.3364	2.3243			0.9729	1	0	0	0.3032	1	1	1.0000	0	1
520195	Columbia Center	33340	33340	33340	33340	55079	4	lurban	lurban	N	0.9607				N		1	0		17	4	0	0.52699	0.8205	0.03	0	0.03	0.000002	17458		0	0.296	0.028	0		1	1.00	0.6140	0.6140			1.00	0.6267	0.6267			0.9729	1	0	0	0.00176	1	1	1.0000	1	1
520196	Oakleaf Surgical Hospital	20740	20740	20740	20740	55035	4	ourban	ourban	N	0.9799				N		1	0	0	13	4	0	0	0.0635	0	0	0		0		0	0.51	0.065	0		353	351.56	2.3585	2.3574			351.93	2.3342	2.3329			0.9862	1	0.11075	0.25256	0.4304	1	1	1.0000	0	0
520198	Aurora Medical Ctr Oshkosh	36780	36780	36780	36780	55139	4	ourban	ourban	N	0.9161				Y	0.0053	1	0	0	61	28	0	0	0.2123	0.01682	0	0.01682	0.000066	585.01	0.000055	472.04	0.323	0.025	0		884	855.51	1.6631	1.6482			856.93	1.6628	1.6481			0.9418	1	0.02815	0.02821	0.28863	1	1.00482	0.9816	0	0
520202	Ascension St Clares Hospital	48140	48140	48140	48140	55073	4	ourban	ourban	N	0.8964				N		1	0	0	99	58	0	0	0.1926	0.01317	0	0.01317	0.000057	221.72	0.000077	290.07	0.333	0.039	0		1960	1933.37	1.8011	1.7929			1934.33	1.8031	1.7952			0.9278	1	0.01019	0.03047	0.39611	1	1.00482	0.9875	0	0
520204	Wheaton Franciscan Healthcare Franklin	33340	33340	33340	33340	55079	4	lurban	lurban	N	0.9607				N		1	0	0	44	36	0	0	0.1055	0	0	0		0		0	0.292	0.055	0		733	721.20	1.6485	1.6394			722.33	1.6478	1.6389			0.9729	1	0.00919	0.06176	0.35871	1	0.99998	0.9984	0	0
520205	Midwest Orthopedic Specialty Hospital	33340	33340	33340	33340	55079	4	lurban	lurban	N	0.9607				N		1	0.0196	0.0429	16	9	0.01065	0.01218	0.039	0	0	0		0		0	0.272	0.027	0		461	450.20	2.2401	2.2352	365.86	2.1095	453.92	2.2250	2.2186	368.64	2.0960	0.9729	1	0	0	0.32629	1	1	1.0000	0	0
520206	Aurora Medical Center Summit	33340	33340	33340	33340	55133	4	lurban	lurban	N	0.9607				N		1	0	0	77	32	0	0	0.1379	0	0	0		0		0	0.301	0.037	0		1262	1237.40	1.7222	1.7053			1239.43	1.7268	1.7097			0.9729	1	0.02206	0.04619	0.29541	1	0.99849	1.0000	0	0
520207	Aurora Medical Center	33340	33340	33340	33340	55089	4	lurban	lurban	N	0.9607				N		1	0	0	127	72	0	0	0.1077	0	0.02205	0		0		0	0.236	0.027	0		2363	2323.20	1.7426	1.7312			2326.88	1.7449	1.7334			0.9729	1	0.02114	0.04354	0.32554	1	1.00517	0.9986	0	0
520208	Ssm Health St Mary's Hospital - Janesville	27500	27500	31540	52	55105	4	ourban	rural	S	1.0436		YES	YES	N		1	0	0	50	23	0	0	0.2175	0.0179	0	0.0179	0.000165	990.41	0.000089	518.29	0.272	0.061	0		1362	1331.98	1.4273	1.4123			1332.97	1.4288	1.4139			1.0297	1	0.01567	0.07917	0.52961	1	1.00095	0.9939	0	0
530002	Campbell County Memorial Hospital	53	53	53	53	56005	8	rural	rural	N	1				N		1	0	0	66	18	0	0	0.2011	0.01455	0	0.01455		0		0	0.413	0.045	16	9542.75	658	637.57	1.6473	1.6262			638.21	1.6401	1.6196			1	1	0.066	0.11753	0.32957	1.11636	1.00847	0.9937	0	0
530006	Sheridan Memorial Hospital	53	53	53	53	56033	8	rural	rural	N	1				N		1	0	0	69	19	0	0	0.1049	0	0	0		0		0	0.505	0.038	16	9489.92	1063	1034.78	1.6119	1.6076			1035.68	1.6111	1.6065			1	1	0.06257	0.05531	0.48374	1.10773	1.01498	1.0000	0	0
530008	Sagewest Health Care	53	53	53	53	56013	8	rural	rural	N	1				N		1	0	0	133	17	0	0	0.3494	0.03	0	0.03		0		0	0.216	0.025	16	7449.05	859	839.07	1.2907	1.2823			839.67	1.2891	1.2808			1	1	0.01465	0.02728	0.33398	1.09856	1.02003	0.9968	0	0
530011	Memorial Hospital Sweetwater County	53	53	53	53	56037	8	rural	rural	N	1				N		1	0	0	58	17	0	0	0.1844	0.01184	0	0.01184		0		0	0.558	0.088	16	9037.05	537	518.31	1.3433	1.3290			518.80	1.3419	1.3279			1	1	0.04226	0.13838	0.35941	1.13977	1.01058	0.9993	0	0
530012	Wyoming Medical Center	16220	16220	16220	16220	56025	8	ourban	ourban	N	1				N		1	0.0617	0.1214	163	87	0.03313	0.03485	0.1544	0.00697	0.03176	0.00697		0		0	0.276	0.025	16	7916.87	4120	4064.23	1.8360	1.8289	9.97	1.4539	4067.49	1.8394	1.8321	10.00	1.4673	1	1	0.0339	0.04352	0.4622	1	1.00022	0.9888	0	0
530014	Cheyenne Regional Medical Center	16940	16940	53	53	56021	8	ourban	rural	S	1		YES		N		1	0.0366	0.0783	170	95	0.0198	0.02234	0.1745	0.01023	0	0.01023		0		0	0.31	0.037	16	9400.68	3724	3670.22	1.6270	1.6239	41.81	1.4834	3672.95	1.6243	1.6213	41.81	1.4986	1	1	0.06788	0.14212	0.48614	1	0.99306	0.9874	0	0
530015	St Johns Medical Center	53	53	53	53	56039	8	rural	rural	N	1				N		1	0	0	48	12	0	0	0.065463322	0	0	0		0		0	0.571	0.046	16	9994.9	646	633.03	1.6393	1.6377			633.59	1.6328	1.6314			1	1	0.15863	0.15629	0.30596	1.14288	1.01996	0.9718	0	0
530025	Ivinson Memorial Hospital	53	53	53	53	56001	8	rural	rural	N	1				N		1	0	0	66	14	0	0	0.1668	0.00898	0	0.00898		0		0	0.395	0.044	16	9699.37	682	672.71	1.5000	1.4947			672.58	1.4999	1.4938			1	1	0.0127	0.02648	0.4072	1.17053	1.00712	0.9997	0	0
530032	Evanston Regional Hospital	53	53	53	53	56041	8	rural	rural	N	1				N		1	0	0	32	3	0	0	0.2882	0.03	0	0.03	0.000061	2208.5	0.000046	1753.72	0.298	0.03	16	6145	237	229.74	1.3637	1.3530			229.98	1.3613	1.3510			1	1	0.00435	0.01137	0.32814	1.24	0.99858	0.9964	0	0
530033	Mountain View Regional Hospital	16220	16220	16220	16220	56025	8	ourban	ourban	N	1				N		1	0	0	23	6	0	0	0.0471	0	0	0		0		0	0.336	0.073	0		144	143.12	2.4689	2.4617			143.12	2.4637	2.4556			1	1	0.24168	1.26395	0.50762	1	1	0.9846	0	0
670004	St Marks Medical Center	45	45	45	45	48149	7	rural	rural	N	0.8275				N		1	0	0	44	11	0	0	0.1522	0.00661	0	0.00661	0.000053	729.93	0.000042	522.32	0.41	0.057	0		527	506.29	1.4781	1.4649			506.94	1.4760	1.4628			0.8784	1	0.00181	0.00606	0.52497	1.18932	0.99223	0.9774	0	0
670005	Memorial Hermann Surgical Hospital Kingwood	26420	26420	26420	26420	48201	7	lurban	lurban	N	1.0021				N		1	0	0	10	1	0	0	0	0	0	0		0		0	0.353	0.057	0		114	113.82	2.0820	2.0821			113.90	2.0657	2.0658			1.0014	1	0	0	0.34791	1	1	0.9700	0	0
670006	The Hospital At Westlake Medical Center	12420	12420	12420	12420	48453	7	lurban	lurban	N	0.9293				N		1	0	0	23	6	0	0	0.01	0	0	0		0		0	0.392	0.056	0		302	290.83	2.1482	2.1295			293.45	2.1312	2.1140			0.951	1	0.05691	0.16136	0.42929	1	1.00579	0.9700	0	0
670008	Houston Physicians' Hospital	26420	26420	26420	26420	48201	7	lurban	lurban	N	1.0021				N		1	0	0	21	3	0	0	0.0063	0	0	0		0		0	0.158	0.006	0		237	235.13	2.2765	2.2742			235.70	2.2562	2.2535			1.0014	1	0.08024	0.00831	0.3618	1	1	0.9700	0	0
670023	Methodist Mansfield Medical Center	23104	23104	23104	23104	48439	7	lurban	lurban	N	0.9707				N		1	0	0	222	114	0	0	0.0694	0	0.01415	0		0		0	0.21	0.025	0		2843	2785.55	1.5781	1.5676			2788.68	1.5815	1.5710			0.9798	1	0.02164	0.0467	0.25459	1	0.99683	0.9909	0	0
670024	North Cypress Medical Center	26420	26420	26420	26420	48201	7	lurban	lurban	N	1.0021				N		1	0	0	139	112	0	0	0.1248	0	0.02559	0		0		0	0.117	0.016	0		3370	3296.46	1.6954	1.6807			3300.86	1.6955	1.6810			1.0014	1	0.01628	0.04781	0.43879	1	0.99664	0.9979	0	0
670025	The Heart Hospital Baylor Plano	19124	19124	19124	19124	48085	7	lurban	lurban	N	0.9655				N		1	0	0	116	77	0	0	0.0395	0	0.00803	0		0		0	0.266	0.024	0		2621	2599.15	3.6330	3.6291			2601.58	3.6516	3.6478			0.9762	1	0.0993	0.12902	0.49884	1	1.00655	1.0000	0	0
670031	St Luke's Patients Medical Center	26420	26420	26420	26420	48201	7	lurban	lurban	N	1.0021				N		1	0	0	61	52	0	0	0.101512686	0	0	0		0		0	0.198	0.032	0		1079	1051.25	1.7227	1.6953			1052.73	1.7242	1.6973			1.0014	1	0.01827	0.06794	0.33225	1	1.0056	0.9997	0	0
670034	Scott & White Hospital-Round Rock	12420	12420	12420	12420	48491	7	lurban	lurban	N	0.9293				N		1	0	0	180	85	0	0	0.0432	0	0.00879	0		0		0	0.243	0.038	0		4762	4656.07	1.8640	1.8507			4662.28	1.8610	1.8472			0.951	1	0.02764	0.10839	0.51175	1	1.00595	0.9965	0	0
670041	Seton Medical Center Williamson	12420	12420	12420	12420	48491	7	lurban	lurban	N	0.9293				N		1	0	0	143	88	0	0	0.128	0	0.02626	0		0		0	0.135	0.009	0		2318	2284.56	1.7987	1.7772			2286.45	1.8013	1.7817			0.951	1	0.07216	0.05189	0.3376	1	1.00114	0.9969	0	0
670043	Cedar Park Regional Medical Center	12420	12420	12420	12420	48491	7	lurban	lurban	N	0.9293				N		1	0	0	93	44	0	0	0.1509	0.0064	0	0.0064	0.000187	1132.78	0.000148	969.58	0.129	0.021	0		1405	1378.55	1.6196	1.6115			1382.54	1.6221	1.6150			0.951	1	0.01318	0.059	0.27403	1	0.99721	0.9721	0	0
670044	Texas Health Presbyterian Hospital Rockwall	19124	19124	19124	19124	48397	7	lurban	lurban	N	0.9655				N		1	0	0	50	40	0	0	0.0351	0	0	0		0		0	0.267	0.033	0		1182	1135.95	1.5454	1.5299			1139.26	1.5442	1.5291			0.9762	1	0.00938	0.0205	0.33988	1	0.99474	0.9968	0	0
670046	Usmd Hospital  At Fort Worth Lp	23104	23104	23104	23104	48439	7	lurban	lurban	N	0.9707				N		1	0	0	8	2	0	0	0.048692115	0	0	0		0		0	0.427	0.051	0		45	44.91	2.9785	2.9805			44.95	2.9228	2.9238			0.9798	1	0.99318	1.65737	0.22043	1	1	0.9700	0	1
670047	Sierra Providence East Medical Center	21340	21340	21340	21340	48141	7	ourban	ourban	N	0.8275				N		1	0	0	182	123	0	0	0.4602	0.06795	0.09767	0.06795	0.000379	1461.36	0.00036	1372.67	0.094	0.012	0		2143	2106.51	1.6658	1.6505			2108.63	1.6668	1.6520			0.8784	1	0.02646	0.07536	0.20131	1	0.99808	0.9964	0	0
670049	North Central Surgical Center Llp	19124	19124	19124	19124	48113	7	lurban	lurban	N	0.9655				N		1	0	0	24	9	0	0	0.0044	0	0	0		0		0	0.344	0.031	0		551	544.33	2.5522	2.5529			546.38	2.5202	2.5193			0.9762	1	0.00653	0.00973	0.38478	1	1	1.0000	0	0
670053	St Luke's Sugar Land Hospital	26420	26420	26420	26420	48157	7	lurban	lurban	N	1.0021				N		1	0	0	100	49	0	0	0.3785	0.0511	0.07966	0.0511	0.000302	2665.05	0.000215	1868.26	0.2	0.048	0		953	931.90	1.7270	1.7083			932.83	1.7265	1.7078			1.0014	1	0.02257	0.14258	0.22964	1	0.99749	0.9989	0	0
670054	Foundation Surgical Hospital Of San Antonio	41700	41700	41700	41700	48029	7	lurban	lurban	N	0.842				N		1	0	0	20	7	0	0	0.0349	0	0	0		0		0	0.202	0.018	0		220	216.56	2.4746	2.4739			217.43	2.4693	2.4672			0.8889	1	0.13303	0.19825	0.2905	1	1	1.0000	0	0
670055	Methodist Stone Oak Hospital	41700	41700	41700	41700	48029	7	lurban	lurban	N	0.842				N		1	0	0	140	125	0	0	0.169	0.00934	0.03481	0.00934	0.000236	478.62	0.000197	431.33	0.13	0.018	0		4508	4427.08	1.8329	1.8206			4435.69	1.8325	1.8201			0.8889	1	0.01957	0.0556	0.32742	1	1.00271	0.9970	0	0
670056	Seton Medical Center Hays	12420	12420	12420	12420	48209	7	lurban	lurban	N	0.9293				N		1	0	0	112	77	0	0	0.2478	0.02415	0.05146	0.02415	0.000281	1189.4	0.000228	950.86	0.136	0.013	0		1973	1929.87	1.7736	1.7487			1932.20	1.7588	1.7359			0.951	1	0.03717	0.05896	0.29692	1	0.99825	0.9976	0	0
670058	Memorial Hermann First Colony Hospital	26420	26420	26420	26420	48157	7	lurban	lurban	N	1.0021				N		1	0	0	7	0	0	0	0.042424242	0	0	0		0	0.000004	5509.49	0.32	0.051	0		9	8.77	0.9861	0.9922			8.77	0.9815	0.9874			1.0014	1	0	0	0.16364	1	1	1.0000	0	1
670059	St Lukes Lakeside Hospital	26420	26420	26420	26420	48339	7	lurban	lurban	N	1.0021				N		1	0	0	30	5	0	0	0.0216	0	0	0		0		0	0.315	0.021	0		221	216.71	2.3157	2.3236			217.92	2.2974	2.3035			1.0014	1	0.09404	0.05637	0.34944	1	1	1.0000	0	0
670060	Baylor Scott And White Medical Center Sunnyvale	19124	19124	19124	19124	48113	7	lurban	lurban	N	0.9655				N		1	0	0	70	47	0	0	0.1519	0.00656	0	0.00656	0.000338	1851.74	0.000276	1518.04	0.16	0.021	0		1554	1517.68	1.5176	1.4967			1520.24	1.5109	1.4929			0.9762	1	0.00114	0.0028	0.2819	1	1.0023	1.0000	0	1
670061	South Texas Surgical Hospital	18580	18580	18580	18580	48355	7	ourban	ourban	N	0.918				N		1	0	0	33	7	0	0	0.0649	0	0	0		0		0	0.256	0.041	0		200	198.66	2.0399	2.0343			198.77	2.0289	2.0240			0.9431	1	0	0	0.25965	1	1	0.9838	0	0
670062	Baylor Scott And White Emergency Hospital Aubrey	19124	19124	19124	19124	48121	7	lurban	lurban	N	0.9655				N		1	0	0	32	0	0	0	0.0274	0	0	0		0		0	0.38	0.018	0		149	144.11	0.9080	0.9031			144.50	0.9042	0.8994			0.9762	1	0	0	1	1	1	1.0000	0	1
670067	Baylor Scott And White Orthopedic And Spine Hospi	23104	23104	23104	23104	48439	7	lurban	lurban	N	0.9707				N		1	0	0	24	9	0	0	0.0119	0	0	0		0		0	0.21	0.032	0		498	486.99	2.4044	2.4069			491.28	2.3804	2.3800			0.9798	1	0.00786	0.03115	0.27099	1	1	0.9832	0	0
670068	Texas Health Presbyterian Hospital Flower Mound	19124	19124	19124	19124	48121	7	lurban	lurban	N	0.9655				N		1	0	0	103	56	0	0	0.1721	0.00984	0.03546	0.00984	0.000152	797.08	0.000121	682.16	0.235	0.03	0		1713	1676.43	1.6382	1.6314			1679.29	1.6331	1.6263			0.9762	1	0.01248	0.029	0.22852	1	1.00162	0.9831	0	0
670069	Methodist Mckinney Hospital	19124	19124	19124	19124	48085	7	lurban	lurban	N	0.9655				N		1	0	0	20	8	0	0	0.0293	0	0	0		0		0	0.411	0.033	0		380	377.21	2.4463	2.4469			378.09	2.4173	2.4171			0.9762	1	0.00932	0.00861	0.26956	1	1	0.9700	1	1
670071	Texas Health Heart & Vascular Hospital Arlington	23104	23104	23104	23104	48439	7	lurban	lurban	N	0.9707				N		1	0	0	48	16	0	0	0.0504	0	0	0		0		0	0.234	0.025	0		376	369.43	2.5210	2.5098			369.50	2.5265	2.5171			0.9798	1	0.12897	0.23919	0.35791	1	0.99906	0.9957	0	0
670073	Methodist Hospital For Surgery	19124	19124	19124	19124	48113	7	lurban	lurban	N	0.9655				N		1	0	0	32	18	0	0	0.0173	0	0	0		0		0	0.38	0.051	0		584	578.72	2.9568	2.9594			579.93	2.9235	2.9244			0.9762	1	0.06691	0.13894	0.22344	1	1	1.0000	1	1
670075	St Luke's Hospital At The Vintage	26420	26420	26420	26420	48201	7	lurban	lurban	N	1.0021				N		1	0	0	86	40	0	0	0.3112	0.03	0	0.03	0.000234	2873.41	0.000185	2218.05	0.211	0.044	0		689	671.81	1.7279	1.7070			672.94	1.7119	1.6910			1.0014	1	0.0178	0.11331	0.17164	1	1.0019	0.9963	0	0
670076	Baylor Scott And White Surgical Hospital At Sherma	43300	43300	19124	43300	48181	7	ourban	ourban	W	0.9655				N		1	0	0	12	3	0	0	0.0196	0	0	0		0		0	0.273	0.049	0		210	208.86	2.0469	2.0467			209.32	2.0342	2.0342			0.9762	1	0.0013	0.01435	0.46188	1	1	0.9700	0	0
670077	Houston Methodist West Hospital	26420	26420	26420	26420	48201	7	lurban	lurban	N	1.0021				N		1	0	0	192	102	0	0	0.2511	0.02483	0.05216	0.02483	0.000597	1645.77	0.000409	1170.53	0.184	0.028	0		3160	3076.75	1.7332	1.7056			3081.19	1.7377	1.7099			1.0014	1	0.03783	0.13005	0.2452	1	0.99953	0.9987	0	0
670078	Baptist Emergency Hospital	41700	41700	41700	41700	48029	7	lurban	lurban	N	0.842				N		1	0	0	43	1	0	0	0.043	0	0	0		0		0	0.193	0.091	0		247	241.70	0.8980	0.8973			242.03	0.8930	0.8924			0.8889	1	0	0.00997	0.67975	1	1	1.0000	0	1
670080	Seton Medical Center Harker Heights	28660	28660	28660	28660	48027	7	ourban	ourban	N	0.986				N		1	0	0	66	27	0	0	0.3499	0.03	0	0.03	0.000203	1260.11	0.00017	1062.33	0.233	0.033	0		1316	1256.08	1.5447	1.5273			1260.15	1.5429	1.5272			0.9904	1	0.00823	0.03103	0.35551	1	1.01207	0.9998	0	0
670082	Baylor Scott And White  Medical Center  Mckinney	19124	19124	19124	19124	48085	7	lurban	lurban	N	0.9655				N		1	0	0	143	81	0	0	0.1548	0.00703	0.03184	0.00703	0.000394	1307.34	0.000295	1074.9	0.272	0.021	0		2623	2568.23	1.4415	1.4328			2571.94	1.4441	1.4358			0.9762	1	0.02107	0.01993	0.29087	1	1.00178	0.9965	0	0
670083	Texas General Hospital	19124	19124	19124	19124	48113	7	lurban	lurban	N	0.9655				N		1	0	0	41	5	0	0	0.381	0.03	0	0.03		0	0.000193	27484.37	0.36	0.02	0		6	5.91	1.0244	1.0260			5.94	1.0237	1.0250			0.9762	1	8.03794	5.12054	0.10337	1	1	1.0000	0	1
670085	Texas Health Harris Methodist Hospital Alliance	23104	23104	23104	23104	48439	7	lurban	lurban	N	0.9707				N		1	0	0	98	56	0	0	0.213	0.01697	0	0.01697	0.000279	1859.47	0.000187	1436.75	0.228	0.022	0		1347	1318.56	1.3765	1.3642			1320.80	1.3762	1.3647			0.9798	1	0.00601	0.00963	0.21923	1	1.00219	0.9905	0	0
670087	Baylor Scott & White Emergency Medical Center At C	12420	12420	12420	12420	48491	7	lurban	lurban	N	0.9293				N		1	0	0	8	0	0	0	0.029411765	0	0	0		0		0	0.19	0.018	0		11	10.32	0.8982	0.8898			10.34	0.8910	0.8833			0.951	1	0	0	0.52941	1	1	1.0000	0	0
670088	Baylor Scott & White Medical Center- College Stati	17780	17780	17780	17780	48041	7	ourban	ourban	N	0.8753				N		1	0	0	119	56	0	0	0.2168	0.01775	0.04488	0.01775	0.000265	949.31	0.000154	626.98	0.246	0.047	0		2619	2552.60	1.8511	1.8421			2555.80	1.8546	1.8453			0.9128	1	0.01666	0.08128	0.36305	1	1.0056	0.9959	0	0
670090	Crescent Medical Center Lancaster	19124	19124	19124	19124	48113	7	lurban	lurban	N	0.9655				N		1	0	0	92	4	0	0	0.2682	0.02835	0	0.02835	0.000047	3185.42		0	0.238	0.059	0		157	156.05	1.7691	1.7600			156.12	1.7613	1.7529			0.9762	1	0.55036	2.74027	0.27247	1	1	1.0000	0	0
670093	"Aspire Behavioral Health Of Conroe, Llc"	26420	26420	26420	26420	48339	7	lurban	lurban	N	1.0021				N		1	0	0	6	0	0	0	0	0	0	0		0	0	35.19	0.19	0.018	0		20	19.61	0.8388	0.8386			19.63	0.8414	0.8414			1.0014	1	0	0	0.625	1	1	1.0000	1	0
670094	Little River Healthcare Cameron Hospital	45	45	12420	12420	48331	7	rural	lurban	L	0.9048	LUGAR			N		1	0	0	10	1	0	0	0.0185	0	0	0		0		0	1.081	0.018	0		17	17.00	1.0479	1.0479			17.00	1.0460	1.0460			0.9338	1	0.03269	0	0.40164	1	1	1.0000	0	1
670095	Memorial Hermann First Colony Hospital	26420	26420	26420	26420	48201	7	lurban	lurban	N	1.0021				N		1	0	0	8	0	0	0	0	0	0	0		0	0.000003	4951.2	0.433	0.018	0		15	15.00	0.8326	0.8326			15.00	0.8492	0.8492			1.0014	1	0	0	0.64706	1	1	1.0000	0	1
670096	"Bay Area Regional Medical Center, Llc"	26420	26420	26420	26420	48201	7	lurban	lurban	N	1.0021				N		1	0	0	133	56	0	0	0.087693522	0	0.01792	0		0		0	0.247	0.087	0		1227	1201.72	1.6165	1.6056			1203.70	1.6135	1.6030			1.0014	1	0.10922	1.06266	0.35438	1	1	0.9924	0	0
670097	Baylor Emergency Medical Center	19124	19124	19124	19124	48397	7	lurban	lurban	N	0.9655				N		1	0	0	8	0	0	0	0	0	0	0		0		0	0.355	0.018	0		27	25.47	0.8971	0.8803			25.50	0.8954	0.8757			0.9762	1	0	0	0.73077	1	1	1.0000	0	1
670098	Resolute Health Hospital	41700	41700	41700	41700	48091	7	lurban	lurban	N	0.8517				Y	0.0134	1	0	0	112	37	0	0	0.1475	0	0.03032	0		0		0	0.164	0.059	0		1281	1255.34	1.5278	1.5222			1257.16	1.5215	1.5158			0.8959	1	0.04071	0.44068	0.33029	1	1.00645	0.9850	0	0
670102	"Ad Hospital East, Llc"	26420	26420	26420	26420	48201	7	lurban	lurban	N	1.0021				N		1	0	0	4	1	0	0	0.0337	0	0	0		0	0	0	0.141	0.032	0		56	53.09	1.5833	1.5797			53.24	1.5918	1.5889			1.0014	1	0.10145	0.50672	0.12308	1	1	1.0000	1	0
670103	Medical City Alliance	23104	23104	23104	23104	48439	7	lurban	lurban	N	0.9707				N		1	0	0	55	27	0	0	0.2863	0.03	0	0.03	0.000187	3245.37	0.000181	5539.82	0.144	0.028	0		675	657.07	1.5333	1.5178			658.33	1.5350	1.5194			0.9798	1	0.02255	0.14503	0.12447	1	0.99707	0.9944	0	0
670106	Hca Houston Healthcare Pearland	26420	26420	26420	26420	48039	7	lurban	lurban	N	1.0021				N		1	0	0	30	17	0	0	0.302	0.03	0	0.03	0.000204	3700.93	0.000198	5301.76	0.125	0.03	0		560	539.79	1.6610	1.6422			540.69	1.6627	1.6434			1.0014	1	0.06474	0.39399	0.22564	1	1.00446	1.0000	0	0
670107	Baylor Scott And White Emergency Hospital Burleson	23104	23104	23104	23104	48251	7	lurban	lurban	N	0.9707				N		1	0	0	16	0	0	0	0.1229	0	0	0		0		0	0.395	0.018	0		71	69.59	0.8915	0.8801			69.69	0.8869	0.8759			0.9798	1	0	0	1	1	1	1.0000	0	1
670108	Baylor Scott & White Medical Center - Marble Falls	45	45	12420	45	48053	7	rural	rural	W	0.9048				N		1	0	0	46	19	0	0	0.1963	0.01377	0	0.01377	0.000127	989.88	0.000123	1473.66	0.342	0.087	0		1119	1072.44	1.4003	1.3794			1074.90	1.3964	1.3764			0.9338	1	0.02454	0.17372	0.49386	1.10152	1.00944	0.9995	0	0
670109	Altus Baytown Hospital	26420	26420	26420	26420	48201	7	lurban	lurban	N	1.0021				N		1	0		14	2	0	0.52699	0	0	0	0		0		0	0.087	0.002	0		38	36.97	1.0705	1.0579			36.99	1.0716	1.0574			1.0014	1	0	0	0.14155	1	1	1.0000	1	1
670110	First Texas Hospital Carrollton Llc	19124	19124	19124	19124	48113	7	lurban	lurban	N	0.9655				N		1	0		18	6	0	0.52699	0.1457	0	0	0		0		0	0.433	0.018	0		111	107.90	1.4606	1.4238			108.03	1.4681	1.4308			0.9762	1	0.19299	0.01805	0.1722	1	1	1.0000	0	0
670112	Cumberland Surgical Hospital	41700	41700	41700	41700	48029	7	lurban	lurban	N	0.842				N		1	0		26	1	0	0.52699	0.022230081	0	0	0		0		0	0.419	0.018	0		19	18.55	2.1138	2.0934			18.57	2.0970	2.0770			0.8889	1	1.17205	0.12952	0.35366	1	1	0.9815	1	0
670115	Cleveland Emergency Hospital	26420	26420	26420	26420	48291	7	lurban	lurban	N	1.0021				N		1	0		4	2	0	0.52699	0.0385	0	0	0		0		0	0.128	0.036	0		21	20.78	1.0325	1.0347			20.82	1.0355	1.0378			1.0014	1	0.22881	1.24177	0.08075	1	1	1.0000	1	1
670116	Wise Health System	23104	23104	23104	23104	48439	7	lurban	lurban	N	0.9707				N		1	0		12	3	0	0.52699	0.0555	0	0	0		0		0	0.436	0.094	0		72	69.77	2.8729	2.8501			69.58	2.8864	2.8617			0.9798	1	1.79894	5.47785	0.17079	1	1	1.0000	0	1
670117	Texas General Hospital- Vzrmc Lp	45	45	19124	19124	48467	7	rural	lurban	L	0.9655	LUGAR			N		1	0		1	0	0	0.52699	0.0741	0	0	0		0		0	0.184	0.018	0		12	11.91	0.8428	0.8428			11.94	0.8394	0.8394			0.9762	1	1.12367	1.24743		1	1	1.0000	1	0
670118	First Texas Hospital	26420	26420	26420	26420	48201	7	lurban	lurban	N	1.0021				N		1	0		16	4	0	0.52699	0.1516	0.00651	0	0.00651		0		0	0.334	0.018	0		39	37.87	1.1456	1.1335			37.87	1.1506	1.1388			1.0014	1	0	0	0.00974	1	1	1.0000	0	0
670119	Providence Hospital Of North Houston Llc	26420	26420	26420	26420	48201	7	lurban	lurban	N	1.0021				N		1	0		15	1	0	0.52699	0.0896	0	0	0		0		0	0.142	0.02	0		80	79.22	1.8249	1.8176			79.23	1.8197	1.8115			1.0014	1	0.14522	0.27665	0.18182	1	1	1.0000	1	0
670120	The Hospitals Of Providence Transmountain Campus	21340	21340	21340	21340	48141	7	ourban	ourban	N	0.8275				N		1	0		106	34	0	0.52699	0.268280818	0.02837	0.05583	0.02837		0		0	0.142	0.024	0		1159	1136.76	1.5035	1.4956			1138.02	1.5022	1.4942			0.8784	1	0.11897	0.3296	0.31187	1	0.99498	1.0000	0	0
670121	Saint Camillus Medical Center	23104	23104	23104	23104	48439	7	lurban	lurban	N	0.9707				N		1	0		23	2	0	0.52699	0	0	0	0		0		0	0.25	0.068	0		10	10.00	3.4945	3.4945			10.00	3.4970	3.4970			0.9798	1	0.24076	1.2152	0.01768	1	1	1.0000	0	0
670122	Houston Methodist The Woodlands Hospital	26420	26420	26420	26420	48339	7	lurban	lurban	N	1.0021				N		1	0		139	45	0	0.52699	0.0632	0	0.01288	0		0		0	0.206	0.055	0		1932	1885.87	1.7958	1.7792			1889.37	1.7949	1.7784			1.0014	1	0.07095	0.46338	0.20874	1	0.99953	1.0000	0	0
670124	The Hospitals Of Providence Horizon City Campus	21340	21340	21340	21340	48141	7	ourban	ourban	N	0.8275				N		1	0		16	0	0	0.52699	0	0	0	0		0		0	0.19	0.018	0		14	13.44	0.9520	0.9464			13.45	0.9565	0.9514			0.8784	1	0	0		1	1	1.0000	0	0
